date,value
1965-01-05,788.9810908456036
1965-01-06,793.0731213492938
1965-01-07,799.6832883338744
1965-01-08,807.4761265370944
1965-01-12,808.9624999550957
1965-01-13,804.8105566725432
1965-01-14,809.8894386153432
1965-01-18,798.8572980145588
1965-01-19,798.17526974581
1965-01-20,797.4176030232032
1965-01-21,798.5703951980197
1965-01-22,793.3046778853274
1965-01-25,785.8485393550402
1965-01-26,784.9556150614495
1965-01-27,791.5041138620339
1965-01-28,784.7351410885111
1965-01-29,781.7897618765776
1965-02-01,782.2987666656246
1965-02-02,779.8867807835591
1965-02-03,785.8866027176318
1965-02-04,794.5907051735795
1965-02-05,796.0034236514651
1965-02-08,793.2267052885761
1965-02-09,788.8165534380915
1965-02-10,787.0393499319661
1965-02-12,793.0791055632167
1965-02-15,787.9158197191896
1965-02-16,786.5031348117286
1965-02-17,780.3963817574929
1965-02-18,783.2847782238083
1965-02-19,780.8793676509853
1965-02-22,773.1265769222019
1965-02-23,772.5048556613178
1965-02-24,769.824258181143
1965-02-25,768.4688918913513
1965-02-26,766.3232990725338
1965-03-01,762.3128931075635
1965-03-02,759.9756002200139
1965-03-03,763.4652240698474
1965-03-04,766.912070179329
1965-03-05,764.9219510970347
1965-03-08,753.2729968963367
1965-03-09,745.484651392994
1965-03-10,742.4132575686309
1965-03-11,737.0497247502263
1965-03-12,744.3057662811998
1965-03-15,752.4510610107063
1965-03-16,747.9980574762875
1965-03-17,744.7150344282215
1965-03-18,749.2288798919664
1965-03-19,745.0639838373536
1965-03-23,740.0861719741906
1965-03-24,733.4265490805965
1965-03-25,733.586032417894
1965-03-26,737.3475209087233
1965-03-29,753.9985572513783
1965-03-30,723.0710723074136
1965-03-31,718.7552347710512
1965-04-01,715.6053524107031
1965-04-02,716.3770634772923
1965-04-05,713.9047638915783
1965-04-06,733.060249141827
1965-04-07,736.7574925911579
1965-04-08,751.6052756807821
1965-04-09,750.1354803327994
1965-04-12,739.1194952312381
1965-04-13,730.628965171037
1965-04-14,726.2103176919599
1965-04-15,738.7559906075911
1965-04-16,730.3046855965754
1965-04-19,722.7660841276906
1965-04-20,719.7548325149742
1965-04-21,712.7010183171325
1965-04-22,728.5601270594716
1965-04-23,721.5434308444377
1965-04-26,728.6417493819047
1965-04-27,732.5200581052849
1965-04-28,746.0322707598278
1965-04-30,749.7371264873321
1965-05-06,741.5193461513164
1965-05-07,741.1068846899926
1965-05-10,741.1724040480141
1965-05-11,742.1944629261736
1965-05-12,738.069703821748
1965-05-13,739.9335520427235
1965-05-14,734.0901568586357
1965-05-17,733.2990134981084
1965-05-18,732.328771605398
1965-05-19,728.3509810958614
1965-05-20,728.7777750750805
1965-05-21,729.8562152392349
1965-05-24,724.2144685572802
1965-05-25,718.7364944356976
1965-05-26,714.2981137991892
1965-05-27,703.7915679923161
1965-05-28,691.4714323247937
1965-05-31,701.2597124758933
1965-06-01,699.001588773498
1965-06-02,716.0371603111222
1965-06-03,723.8973341253928
1965-06-04,717.1367708849609
1965-06-07,713.4332137900601
1965-06-08,710.3107978362166
1965-06-09,705.2851076997388
1965-06-10,698.399958087675
1965-06-11,700.307981847449
1965-06-14,692.2143758460986
1965-06-15,685.1620847915384
1965-06-16,681.2032148673691
1965-06-17,676.8002179819965
1965-06-18,692.717652139355
1965-06-21,689.8994824886688
1965-06-22,708.2765778401421
1965-06-23,700.1665959264421
1965-06-24,699.9794825195492
1965-06-25,703.907013832902
1965-06-28,688.5424127578897
1965-06-29,685.6684279777909
1965-06-30,680.9177735917401
1965-07-01,683.9322332824888
1965-07-02,684.9045573771378
1965-07-05,674.2315427998855
1965-07-06,673.0230786835507
1965-07-07,667.0755505906496
1965-07-08,667.8071532403162
1965-07-09,664.4032289849913
1965-07-12,656.5203051788703
1965-07-13,660.6927655034209
1965-07-14,664.924772208944
1965-07-15,659.6120357811706
1965-07-16,668.3008859978478
1965-07-19,668.1449521271928
1965-07-21,673.5410897913321
1965-07-22,667.4783741496036
1965-07-23,662.3153366397486
1965-07-26,666.6307551580371
1965-07-27,678.1871111997144
1965-07-28,687.4332563923754
1965-07-29,699.9656823538909
1965-07-30,707.7105244779402
1965-08-02,722.9421766744736
1965-08-03,717.3439960713407
1965-08-04,732.7321302637499
1965-08-05,744.7565834146826
1965-08-06,739.8437590457753
1965-08-09,743.0270960062696
1965-08-10,731.8271109495572
1965-08-11,724.9252409079717
1965-08-12,730.3949113081592
1965-08-13,741.0954308965536
1965-08-16,748.8006492167615
1965-08-17,744.6962152575215
1965-08-18,748.2404955428175
1965-08-19,755.8934931037237
1965-08-20,754.2269571488321
1965-08-23,757.6845846494493
1965-08-24,765.8746628435956
1965-08-25,776.1072192036039
1965-08-26,775.9194542752764
1965-08-27,786.8055834440372
1965-08-30,806.7449310718657
1965-08-31,813.4433936072454
1965-09-01,809.8090591751738
1965-09-02,803.7168282241647
1965-09-03,814.347057065432
1965-09-06,801.2572442261019
1965-09-07,804.1414126646312
1965-09-08,817.3012420280481
1965-09-09,828.5783628006944
1965-09-10,826.2005636528858
1965-09-13,811.4772716851201
1965-09-14,811.516387752637
1965-09-16,807.036445667055
1965-09-17,822.4270291022154
1965-09-20,826.0733048741494
1965-09-21,814.2131179899221
1965-09-22,813.6678915029884
1965-09-24,808.1373337862154
1965-09-27,801.8049529693334
1965-09-28,813.9747235320121
1965-09-29,803.6869200261749
1965-09-30,795.9967334390228
1965-10-01,787.2885516183264
1965-10-04,783.7826329763144
1965-10-05,775.7453661725384
1965-10-06,782.4170597631239
1965-10-07,786.1938899824946
1965-10-08,780.2622073066464
1965-10-12,803.6464961545568
1965-10-13,819.8148705828208
1965-10-14,810.3414025963576
1965-10-15,817.2298634171913
1965-10-18,814.1144545686891
1965-10-19,817.2116024386784
1965-10-20,810.4819772872394
1965-10-21,810.2985439999491
1965-10-22,809.5604646396147
1965-10-25,797.9570918695132
1965-10-26,805.8903256765358
1965-10-27,814.3293818685089
1965-10-28,816.4185967675875
1965-10-29,816.7845748631939
1965-11-01,828.2615788116736
1965-11-02,826.2060864090801
1965-11-04,829.0115569484226
1965-11-05,825.3605899568081
1965-11-08,839.5875315853144
1965-11-09,847.0200048839504
1965-11-10,850.819207654107
1965-11-11,853.5603077907039
1965-11-12,865.6451052081422
1965-11-15,853.4571775900006
1965-11-16,863.8712162492174
1965-11-17,860.0771084458345
1965-11-18,877.7055693480755
1965-11-19,870.5529738141897
1965-11-22,880.1532903601188
1965-11-24,887.3725959990799
1965-11-25,868.6383682764751
1965-11-26,875.6091223381254
1965-11-29,891.439277158445
1965-11-30,900.3712714841524
1965-12-01,903.5093438733122
1965-12-02,924.2872104424046
1965-12-03,903.1429878318223
1965-12-06,863.097630572813
1965-12-07,885.6126336225547
1965-12-08,891.3569239762525
1965-12-09,873.3472017969876
1965-12-10,876.7138555516676
1965-12-13,880.2461217007226
1965-12-14,885.5338447780733
1965-12-15,895.5551769912686
1965-12-16,902.8395611573327
1965-12-17,900.5353559774954
1965-12-20,899.1245079760366
1965-12-21,897.6932293155884
1965-12-22,903.6748053895875
1965-12-24,914.0536591959253
1965-12-27,929.6879422748491
1965-12-28,933.2045222104375
1965-12-29,933.3913959289594
1965-12-30,933.5783070688457
1966-01-04,941.8751173419317
1966-01-05,932.0206686645646
1966-01-06,945.4399127485771
1966-01-07,941.4142847994453
1966-01-11,929.6814480628977
1966-01-12,935.1707058111825
1966-01-13,933.9098093327851
1966-01-14,934.0202038121403
1966-01-17,937.5016680470249
1966-01-18,933.0203204654529
1966-01-19,933.572688727037
1966-01-20,938.3961865284016
1966-01-21,947.6915332691469
1966-01-24,958.6814721979096
1966-01-25,954.6949773491481
1966-01-26,962.7244292909795
1966-01-27,961.3208971594408
1966-01-28,968.8394696029515
1966-01-31,972.0509302227629
1966-02-01,982.0809063112673
1966-02-02,987.0358072175246
1966-02-03,980.8132171139679
1966-02-04,983.9238346121945
1966-02-07,991.9395481984142
1966-02-08,995.4707365805516
1966-02-09,996.8648403457015
1966-02-10,986.0883311036491
1966-02-14,969.8429555913895
1966-02-15,962.646735053013
1966-02-16,970.5154365914574
1966-02-17,955.7078195704779
1966-02-18,967.5821180064266
1966-02-21,971.8696471472647
1966-02-22,971.8283892740016
1966-02-23,982.0153092952287
1966-02-24,989.061787845329
1966-02-25,989.9198188820268
1966-02-28,1000.5151331799261
1966-03-01,1009.5546934624731
1966-03-02,1005.7229227638185
1966-03-03,1008.0726879213082
1966-03-04,1013.0340871979525
1966-03-07,1019.0672461960393
1966-03-08,1027.2760452502903
1966-03-09,1025.457750691493
1966-03-10,1017.1697775330011
1966-03-11,1005.586462932734
1966-03-14,1020.9958637273506
1966-03-15,1024.9024733551403
1966-03-16,1038.0931405814367
1966-03-17,1032.4277609631267
1966-03-18,1037.650560471386
1966-03-22,1044.2004940484273
1966-03-23,1040.6704114298423
1966-03-24,1047.003772544565
1966-03-25,1032.8194544301703
1966-03-28,1043.958425208459
1966-03-29,1052.822485287951
1966-03-30,1051.4169774263312
1966-03-31,1056.4054676278035
1966-04-01,1059.595207008026
1966-04-04,1049.9048729759756
1966-04-05,1049.5915627138693
1966-04-06,1044.1995172851073
1966-04-07,1028.2651448738745
1966-04-08,1033.5151752363463
1966-04-11,1026.3064618325016
1966-04-12,1036.2937675969454
1966-04-13,1039.3172567364888
1966-04-14,1027.6348197500597
1966-04-15,1026.0460594070885
1966-04-18,1023.8082549710123
1966-04-19,1008.3172201950925
1966-04-20,994.4113045798828
1966-04-21,1005.2357266850914
1966-04-22,1005.6408161868102
1966-04-25,1023.9670275963515
1966-04-26,1019.3896564096198
1966-04-27,1042.4125778347573
1966-04-28,1040.3615964892467
1966-05-02,1048.5300457210092
1966-05-06,1059.4885741432379
1966-05-09,1053.9219925059645
1966-05-10,1051.080679633484
1966-05-11,1055.9400359103643
1966-05-12,1061.1499550517224
1966-05-13,1053.5737811805454
1966-05-16,1045.109041231997
1966-05-17,1046.348283934622
1966-05-18,1050.1042399453606
1966-05-19,1044.8884060920375
1966-05-20,1042.3622576580988
1966-05-23,1048.2145819598697
1966-05-24,1057.1116081143227
1966-05-25,1053.887677543413
1966-05-26,1056.8232946990968
1966-05-27,1041.649651736571
1966-05-30,1016.70991707487
1966-05-31,1017.9453390704593
1966-06-01,1002.491489233041
1966-06-02,1010.6518655425457
1966-06-03,1021.0489929423736
1966-06-06,1025.7647837316738
1966-06-07,1020.8654738293384
1966-06-08,1017.6469005367939
1966-06-09,1014.6490821933314
1966-06-10,1020.2360479807056
1966-06-13,1028.1895183635997
1966-06-14,1039.5888897388706
1966-06-15,1041.6064160745434
1966-06-16,1031.432303500424
1966-06-17,1024.2807735118163
1966-06-20,1021.4751056676204
1966-06-21,1026.9298108122705
1966-06-22,1021.2364147395186
1966-06-23,1014.8322040413852
1966-06-24,1021.2808030876066
1966-06-27,1026.6386081123158
1966-06-28,1019.5224542268433
1966-06-29,1022.6942160169601
1966-06-30,1009.6576305293822
1966-07-01,1019.5029339615625
1966-07-04,1035.5956526577804
1966-07-05,1031.0147939773708
1966-07-06,1022.5924251551456
1966-07-07,1031.0354090930443
1966-07-08,1019.1876183619927
1966-07-11,1001.4028081542433
1966-07-12,982.2777244195678
1966-07-13,977.0096297737679
1966-07-14,978.5820147085973
1966-07-15,991.8935395024389
1966-07-18,971.4298872820989
1966-07-19,989.1543054155424
1966-07-21,997.3416405775858
1966-07-22,999.6243920256403
1966-07-25,996.845766220862
1966-07-26,995.1911284436684
1966-07-27,1007.4542755488075
1966-07-28,1007.6726499622079
1966-07-29,1016.6878775254756
1966-08-01,1014.7848409015451
1966-08-02,1013.7494970781797
1966-08-03,1011.7567235826767
1966-08-04,1004.0202451700976
1966-08-05,1004.7539205749619
1966-08-08,1001.7053137780762
1966-08-09,1010.4537264575846
1966-08-10,1009.9797582168476
1966-08-11,1008.1328881650516
1966-08-12,1010.247726326526
1966-08-15,1017.6386780021048
1966-08-16,1018.1312086739822
1966-08-17,1016.1551415203644
1966-08-18,1010.9810166928906
1966-08-19,997.7354135417157
1966-08-22,996.0802392771932
1966-08-23,1000.2782349996825
1966-08-24,987.5936791818348
1966-08-25,991.6348785581879
1966-08-26,993.7229819467744
1966-08-29,992.3171452834142
1966-08-30,1000.4705230641971
1966-08-31,997.1026215697632
1966-09-01,1004.0060073393911
1966-09-02,1002.9145814559544
1966-09-05,993.4551053828429
1966-09-06,991.3104548933345
1966-09-07,983.2771749336737
1966-09-08,989.3795191835402
1966-09-09,980.2161795816382
1966-09-12,984.6682570359078
1966-09-13,983.6801281427689
1966-09-14,977.4805479125356
1966-09-16,971.4901224888184
1966-09-19,981.0682919902813
1966-09-20,993.8965492079159
1966-09-21,992.1367057497145
1966-09-22,999.154482681409
1966-09-26,1003.6382118678138
1966-09-27,1006.2155739149904
1966-09-28,1003.4236522183046
1966-09-29,1002.1495342023856
1966-09-30,1002.3600068688038
1966-10-03,1005.7536517959493
1966-10-04,999.179641126566
1966-10-05,1000.9440621711752
1966-10-06,993.4414962382018
1966-10-07,989.9162949522922
1966-10-11,988.2945261587353
1966-10-12,984.7255110133865
1966-10-13,990.6361228676179
1966-10-14,992.9972574568224
1966-10-17,982.7468230861456
1966-10-18,982.9532207715304
1966-10-19,983.5301113701455
1966-10-20,979.2965443431915
1966-10-21,974.8826819850261
1966-10-24,970.6385613154692
1966-10-25,974.1248610110175
1966-10-26,969.9610463554949
1966-10-27,967.3412471540355
1966-10-28,982.6270185254028
1966-10-31,990.3796772671419
1966-11-01,984.3321620852306
1966-11-02,984.538892725444
1966-11-04,989.3257546302804
1966-11-07,994.004587547327
1966-11-08,993.1951247398817
1966-11-09,983.1985812169457
1966-11-10,981.0786574189908
1966-11-11,976.5413952595516
1966-11-14,974.350255124967
1966-11-15,976.6486300006034
1966-11-16,974.4702124514456
1966-11-17,982.929209586779
1966-11-18,983.135645577199
1966-11-21,986.5749875230182
1966-11-22,982.4455522093449
1966-11-24,976.6110718444049
1966-11-25,969.4773926467029
1966-11-28,960.1538093406092
1966-11-29,960.6797533300951
1966-11-30,959.4804522474295
1966-12-01,960.965938184526
1966-12-02,951.6877675274371
1966-12-05,942.2191805819785
1966-12-06,942.4170666024968
1966-12-07,950.2770750387842
1966-12-08,953.8834314460556
1966-12-09,963.2627208961081
1966-12-12,961.9786503209988
1966-12-13,959.1451004121462
1966-12-14,958.7586808407301
1966-12-15,954.1868410903965
1966-12-16,952.4083856229876
1966-12-19,964.8854815596611
1966-12-20,972.0586447267397
1966-12-21,972.2627976678806
1966-12-22,981.940241033064
1966-12-26,1004.0476717281573
1966-12-27,1001.0094303209636
1966-12-28,1006.2017804520208
1966-12-29,1006.4131041761345
1966-12-30,1006.6244722827144
1967-01-04,999.3308578375095
1967-01-05,984.6636360551827
1967-01-06,980.6308500909909
1967-01-09,987.7854108424946
1967-01-11,983.0232988047815
1967-01-12,982.540835648081
1967-01-13,984.2373332536915
1967-01-17,1004.4599180494233
1967-01-18,999.995792166346
1967-01-19,1002.6053921494105
1967-01-20,1001.3477701428664
1967-01-23,1002.4095503888074
1967-01-24,1004.7983641249341
1967-01-25,1003.2972663477825
1967-01-26,1003.4564192163496
1967-01-27,993.2256600486181
1967-01-30,1013.0960027717742
1967-01-31,1017.1567822595428
1967-02-01,1017.6866694648752
1967-02-02,1023.8287208964216
1967-02-03,1029.743200102108
1967-02-06,1030.8109180597542
1967-02-07,1032.1362892915226
1967-02-08,1035.988129008572
1967-02-09,1006.8380383465231
1967-02-10,1006.9977528871285
1967-02-13,1016.7092678642613
1967-02-14,1013.0269286235242
1967-02-15,1021.9973030339077
1967-02-16,1028.2191677082333
1967-02-17,1022.767425050967
1967-02-20,1028.4060905796357
1967-02-21,1025.9211324343162
1967-02-22,1030.2866142116068
1967-02-23,1033.2313867827188
1967-02-24,1035.291623310317
1967-02-27,1035.4558514380913
1967-02-28,1042.5035466233107
1967-03-01,1050.6555900261376
1967-03-02,1048.2898475561822
1967-03-03,1036.196750225286
1967-03-06,1037.9941602407794
1967-03-07,1033.2939424893373
1967-03-08,1025.1228812119896
1967-03-09,1028.5530421995038
1967-03-10,1025.3783245484506
1967-03-13,1020.107352551771
1967-03-14,1020.2691720013504
1967-03-15,1024.8463128450492
1967-03-16,1019.7124693166804
1967-03-17,1025.2973116113426
1967-03-20,1025.893306875167
1967-03-22,1022.7354517817089
1967-03-23,1017.6258212119443
1967-03-24,1018.5984518218933
1967-03-27,1014.3538328296839
1967-03-28,1005.9036596343764
1967-03-29,1018.985311009501
1967-03-30,1019.1469524698284
1967-03-31,1018.6857439741865
1967-04-03,1007.3260282715954
1967-04-04,998.6299080910217
1967-04-05,1004.389775026973
1967-04-06,1000.1302976051489
1967-04-07,998.572907088936
1967-04-10,1003.57890558959
1967-04-11,1001.0407094051252
1967-04-12,993.6595637917574
1967-04-13,995.7094445320165
1967-04-14,995.8673937457461
1967-04-17,1003.8282900812168
1967-04-18,1007.0516894001337
1967-04-19,1008.6140244252773
1967-04-20,1009.0335369461718
1967-04-21,1014.0130099220089
1967-04-24,1008.0136418903678
1967-04-25,1009.7804655722462
1967-04-26,1013.0709548048998
1967-04-27,1009.5814092637453
1967-04-28,1009.0465141754032
1967-05-01,1009.2065790461402
1967-05-02,1017.4430634911743
1967-05-08,1023.7505176291305
1967-05-09,1019.8032019970487
1967-05-10,1026.9772010302975
1967-05-11,1037.6109663957711
1967-05-12,1037.817688966753
1967-05-15,1040.9559269335691
1967-05-16,1038.7516072600406
1967-05-17,1041.0892935102463
1967-05-18,1041.2544413214225
1967-05-19,1041.5673039512308
1967-05-22,1037.5325244074563
1967-05-23,1045.3315107554292
1967-05-24,1041.2537298074542
1967-05-25,1042.8195711151427
1967-05-26,1038.1769223663835
1967-05-29,1049.6561319203151
1967-05-30,1053.1675480082176
1967-05-31,1060.6382319311374
1967-06-01,1058.5805917244813
1967-06-02,1058.7485141772113
1967-06-05,1048.9880467690962
1967-06-06,1045.1726780792253
1967-06-07,1041.0106110225836
1967-06-08,1050.819739040114
1967-06-09,1049.0193001541684
1967-06-12,1049.1927647618545
1967-06-13,1043.1806817457311
1967-06-14,1044.2772793748068
1967-06-15,1040.8376692162092
1967-06-16,1043.2819966601328
1967-06-19,1043.4474922994234
1967-06-20,1038.1283991741773
1967-06-21,1043.0513813749847
1967-06-22,1040.9856490982795
1967-06-23,1040.9671603100226
1967-06-26,1052.0236398289185
1967-06-27,1053.0241462234728
1967-06-28,1050.032969768706
1967-06-29,1056.0364974930196
1967-06-30,1056.0343996409508
1967-07-03,1056.3856268964112
1967-07-04,1056.5532011622574
1967-07-05,1053.072220149411
1967-07-06,1051.4429183372094
1967-07-07,1044.8335574593705
1967-07-10,1048.416194193662
1967-07-11,1044.103741784577
1967-07-12,1045.748358354455
1967-07-13,1049.382359146429
1967-07-14,1048.253333792925
1967-07-17,1048.9365301865282
1967-07-18,1048.8833666857458
1967-07-19,1049.0497508693766
1967-07-21,1058.3040859772834
1967-07-24,1058.5711577686275
1967-07-25,1055.2883895455798
1967-07-26,1054.584135173739
1967-07-27,1053.5960991383836
1967-07-28,1051.742887862747
1967-07-31,1046.733912049429
1967-08-01,1036.5467725469732
1967-08-02,1025.5691334125488
1967-08-03,1025.7318192634636
1967-08-04,1026.4053219177233
1967-08-07,1014.2215468119713
1967-08-08,1018.6760669979685
1967-08-09,1015.6293563824154
1967-08-10,1014.803678686103
1967-08-11,1004.3143013987104
1967-08-14,972.4961560644601
1967-08-15,982.7927991171504
1967-08-16,961.9788098546908
1967-08-17,966.8845267188667
1967-08-18,967.0379034409626
1967-08-21,939.2181728199707
1967-08-22,952.7091250830255
1967-08-23,950.5283975410241
1967-08-24,960.5412735067043
1967-08-25,954.4853113347721
1967-08-28,949.6436366826294
1967-08-29,950.9964629959429
1967-08-30,951.1473193972903
1967-08-31,955.4540188536553
1967-09-01,962.6230821827606
1967-09-04,962.7757829126609
1967-09-05,976.3343228234173
1967-09-06,971.405124094497
1967-09-07,964.209695411613
1967-09-08,952.6669836701985
1967-09-11,948.6720178165319
1967-09-12,947.4330671783907
1967-09-13,950.5122108651989
1967-09-14,951.2546135040924
1967-09-18,958.14899514239
1967-09-19,957.1602708945171
1967-09-20,957.3121050596252
1967-09-21,955.0890044616449
1967-09-22,963.1438993815949
1967-09-25,956.2410433637885
1967-09-26,953.3959675408696
1967-09-27,940.437700774866
1967-09-28,942.1499528420968
1967-09-29,945.0906353811721
1967-10-02,936.9370056180804
1967-10-03,950.024933362053
1967-10-04,963.1597966432904
1967-10-05,963.3125825121109
1967-10-06,973.7746496262853
1967-10-09,986.3764879723086
1967-10-11,977.1923507438263
1967-10-12,975.789213707014
1967-10-13,974.1424838727555
1967-10-16,981.6828932619728
1967-10-17,976.8400068253678
1967-10-18,981.4221528082858
1967-10-19,983.6881313132917
1967-10-20,986.391130821392
1967-10-23,986.5476018726595
1967-10-24,991.520678573742
1967-10-25,989.4804369101847
1967-10-26,990.9332266699532
1967-10-27,985.3049383035839
1967-10-30,992.278821990119
1967-10-31,985.5889702485495
1967-11-01,987.1922850109205
1967-11-02,977.7051945724721
1967-11-06,980.9488150335804
1967-11-07,975.2417816989692
1967-11-08,975.3964841309504
1967-11-09,975.9168508641433
1967-11-10,964.1974242847955
1967-11-13,962.4499854955976
1967-11-14,969.7179033900874
1967-11-15,964.462728900592
1967-11-16,968.1171044116737
1967-11-17,964.3166407193976
1967-11-20,913.8987569063914
1967-11-21,908.2364493417996
1967-11-22,920.7005892297616
1967-11-24,920.8466398019921
1967-11-27,911.405041983761
1967-11-28,916.3765251337269
1967-11-29,923.6413259759094
1967-11-30,917.7450586656546
1967-12-01,923.3594404378144
1967-12-04,930.7293729360462
1967-12-05,919.6698804984495
1967-12-06,916.415021300609
1967-12-07,918.300623538718
1967-12-08,906.6513149866964
1967-12-11,906.7951369250294
1967-12-12,908.823892947874
1967-12-13,909.6515942721844
1967-12-14,905.5067383808765
1967-12-15,905.7439530910211
1967-12-18,906.7514636151293
1967-12-19,917.5658087840042
1967-12-20,921.4559412325661
1967-12-21,921.7965884326503
1967-12-22,930.0250808209996
1967-12-25,929.6035062387126
1967-12-26,929.7509690790995
1967-12-27,921.9708710484525
1967-12-28,925.1300337410131
1967-12-29,925.2767869552458
1968-01-04,913.0343085346374
1968-01-05,924.8095970301216
1968-01-08,925.7984333605635
1968-01-09,942.1247868712545
1968-01-11,950.1880134869514
1968-01-12,948.6052623073232
1968-01-16,949.1368152509122
1968-01-17,949.3003408288774
1968-01-18,955.24741614022
1968-01-19,948.0098425500861
1968-01-22,943.6588890468015
1968-01-23,944.5872677985369
1968-01-24,942.5100820573209
1968-01-25,943.2361610967401
1968-01-26,949.1448516784128
1968-01-29,944.5588236015212
1968-01-30,944.7649847618007
1968-01-31,948.9267489545109
1968-02-01,949.0902383404205
1968-02-02,953.5291120522869
1968-02-05,955.4804946686502
1968-02-06,961.9988307776482
1968-02-07,963.9089076035756
1968-02-08,962.0842394919324
1968-02-09,963.4880583080386
1968-02-13,968.6217454624267
1968-02-14,970.5920762794475
1968-02-15,966.5143014503584
1968-02-16,966.6808209733787
1968-02-19,974.6664103560062
1968-02-20,972.3918343969216
1968-02-21,973.3060382600718
1968-02-22,980.2599818312663
1968-02-23,977.9851069183187
1968-02-26,972.6197271992313
1968-02-27,980.1138519032543
1968-02-28,975.5885692634039
1968-02-29,979.464728625558
1968-03-01,983.7849086571026
1968-03-04,983.9544037111316
1968-03-05,966.9678785750003
1968-03-06,959.9818843170945
1968-03-07,963.7714003646809
1968-03-08,959.8768765681311
1968-03-11,963.8710727303337
1968-03-12,965.0616548833764
1968-03-13,970.3008274980413
1968-03-14,958.0670592709926
1968-03-15,974.6121187663651
1968-03-18,998.3834476631235
1968-03-19,998.5554578809202
1968-03-20,998.7274977341391
1968-03-22,982.631992798973
1968-03-25,987.2254056257262
1968-03-26,993.1958894857248
1968-03-27,986.0879385487378
1968-03-28,997.2001749298084
1968-03-29,991.1317099190952
1968-04-01,995.8250799424115
1968-04-02,1005.7646323963762
1968-04-03,1004.4225066590019
1968-04-04,1004.5955573386127
1968-04-05,1015.4307668846329
1968-04-08,1025.0815523004605
1968-04-09,1023.6178308305625
1968-04-10,1022.4233608780427
1968-04-11,1023.5914221619538
1968-04-12,1032.1195196726637
1968-04-15,1053.1986454564465
1968-04-16,1046.2949973468133
1968-04-17,1047.3072336597347
1968-04-18,1049.108153901943
1968-04-19,1049.288903415036
1968-04-22,1051.7915665856701
1968-04-23,1055.1350051627946
1968-04-24,1059.3413199804008
1968-04-25,1059.049049713368
1968-04-26,1050.879905905507
1968-04-30,1064.0910327504469
1968-05-01,1070.626127033655
1968-05-02,1070.85440035561
1968-05-07,1082.2551765971227
1968-05-08,1082.4416369687103
1968-05-09,1081.1725980664523
1968-05-10,1077.9424899750943
1968-05-13,1075.20149348885
1968-05-14,1073.0961868770185
1968-05-15,1075.8721321702917
1968-05-16,1080.771895086377
1968-05-17,1087.9211657476067
1968-05-20,1098.7637336433081
1968-05-21,1081.5650351062075
1968-05-22,1074.000820434107
1968-05-23,1074.1858586731412
1968-05-24,1069.9813814099618
1968-05-27,1070.1071241514278
1968-05-28,1074.3819693580776
1968-05-29,1064.8302539060646
1968-05-30,1066.927753347243
1968-05-31,1072.546337999406
1968-06-03,1097.834015193454
1968-06-04,1107.509824934425
1968-06-05,1114.4298386972753
1968-06-06,1108.6401249499636
1968-06-07,1108.8311311508348
1968-06-10,1117.891319748374
1968-06-11,1124.5974258465842
1968-06-12,1115.6839887223937
1968-06-13,1118.9173046107217
1968-06-14,1119.7199480687698
1968-06-17,1125.7694884210196
1968-06-18,1113.6086732995107
1968-06-19,1088.8442757436155
1968-06-20,1091.575691222959
1968-06-21,1090.1754811039796
1968-06-24,1090.363306054784
1968-06-25,1104.6524895030009
1968-06-26,1116.9602374985977
1968-06-27,1124.2168184665438
1968-06-28,1126.912847113418
1968-07-01,1140.150734008795
1968-07-02,1135.973914265725
1968-07-03,1140.3889419707948
1968-07-04,1134.4947706780072
1968-07-05,1139.6033686558546
1968-07-08,1143.9770453661924
1968-07-09,1144.1741397202588
1968-07-10,1142.241351169189
1968-07-11,1146.1900554400609
1968-07-12,1153.406124449652
1968-07-15,1166.1992268260813
1968-07-16,1153.6266037048026
1968-07-17,1151.9223158037585
1968-07-18,1152.327281686129
1968-07-19,1155.4257266762086
1968-07-22,1161.4772376524359
1968-07-23,1164.6298882312071
1968-07-24,1164.830540837374
1968-07-25,1159.3234002947138
1968-07-26,1168.9466210955125
1968-07-29,1176.0026563673257
1968-07-30,1169.4750720527466
1968-07-31,1184.4323437781545
1968-08-01,1183.6091512258483
1968-08-02,1184.0052608156138
1968-08-05,1186.2274732481712
1968-08-06,1181.8992722549258
1968-08-07,1196.4943201937176
1968-08-08,1196.7004626824485
1968-08-09,1200.5759713591028
1968-08-12,1204.4527799265582
1968-08-13,1207.1912805809857
1968-08-14,1206.5036860125167
1968-08-15,1197.77607900907
1968-08-16,1193.7620403483336
1968-08-19,1202.061931015613
1968-08-20,1212.2979081372846
1968-08-21,1215.6922947763658
1968-08-22,1221.1920540645963
1968-08-23,1221.4024516945678
1968-08-26,1227.1792558242344
1968-08-27,1235.3005240169305
1968-08-28,1240.2363782345103
1968-08-29,1254.4732966126091
1968-08-30,1254.8971271889914
1968-09-02,1274.1709574069828
1968-09-03,1278.7457842986287
1968-09-04,1265.371088524318
1968-09-05,1282.4893634054467
1968-09-06,1289.4061846894588
1968-09-09,1289.6283348454692
1968-09-10,1302.3039293789489
1968-09-11,1311.7455731148839
1968-09-12,1312.045839488162
1968-09-13,1310.9271376440547
1968-09-17,1331.7297033670723
1968-09-18,1335.2219768370298
1968-09-19,1333.4746379532294
1968-09-20,1339.4962390760631
1968-09-24,1340.7383362909
1968-09-25,1342.925400862015
1968-09-26,1354.0322906333934
1968-09-27,1359.0644809053886
1968-09-30,1359.298632400896
1968-10-01,1365.8143716569123
1968-10-02,1378.2353887889021
1968-10-03,1347.2923076962031
1968-10-04,1342.7810199040978
1968-10-07,1363.4192844974248
1968-10-08,1361.441838163276
1968-10-09,1361.6763992506499
1968-10-11,1278.3037246230715
1968-10-14,1302.0677633680311
1968-10-15,1272.9672384940973
1968-10-16,1267.788798931185
1968-10-17,1286.0898692914832
1968-10-18,1299.139340779881
1968-10-21,1303.0181668645903
1968-10-22,1288.1647874569105
1968-10-23,1298.1096024239978
1968-10-24,1305.5575655637049
1968-10-25,1305.7824984206393
1968-10-28,1310.6213487813689
1968-10-29,1320.8753439262043
1968-10-30,1316.315781275446
1968-10-31,1303.6649538623476
1968-11-01,1301.3718693978174
1968-11-05,1277.6028839196913
1968-11-06,1274.7588010217326
1968-11-07,1255.4543402296626
1968-11-08,1247.073177994274
1968-11-11,1247.2880346502584
1968-11-12,1240.8395338573152
1968-11-13,1255.541916861218
1968-11-14,1268.1022260530121
1968-11-15,1269.8395832685858
1968-11-18,1275.9930450040454
1968-11-19,1281.6620412016846
1968-11-20,1280.2807640085637
1968-11-21,1270.0560083597752
1968-11-22,1267.908383879946
1968-11-25,1249.7832512183377
1968-11-26,1249.9985747894002
1968-11-27,1265.2969787526806
1968-11-28,1270.9332002052377
1968-11-29,1286.7275364040997
1968-12-02,1306.8304614788242
1968-12-03,1301.8070265517515
1968-12-04,1294.2171289650826
1968-12-05,1288.9121949443745
1968-12-06,1288.8866400798966
1968-12-09,1268.76767162304
1968-12-10,1283.9876399670065
1968-12-11,1284.20885656882
1968-12-12,1295.2853374682772
1968-12-13,1285.4247833156774
1968-12-16,1293.4036477773845
1968-12-17,1285.544740421079
1968-12-18,1271.7635581097345
1968-12-19,1274.3944721699481
1968-12-20,1279.3558223799641
1968-12-24,1278.9900558938873
1968-12-25,1278.9923780194322
1968-12-26,1279.2127339939009
1968-12-27,1277.703497481399
1968-12-30,1277.923631396275
1969-01-06,1320.3194093525674
1969-01-07,1325.6445947321704
1969-01-08,1323.8602770314105
1969-01-09,1319.6067348275344
1969-01-13,1330.3993863209257
1969-01-14,1333.5538735001808
1969-01-16,1341.9203281746834
1969-01-17,1340.3253539190955
1969-01-20,1340.55276109041
1969-01-21,1359.0653344938908
1969-01-22,1371.6161467213346
1969-01-23,1379.8527239971183
1969-01-24,1376.265175685288
1969-01-27,1382.1454992096817
1969-01-28,1372.826240552907
1969-01-29,1381.4681892733613
1969-01-30,1377.440768332115
1969-01-31,1380.7978120967541
1969-02-03,1379.3569957636419
1969-02-04,1379.5910252638091
1969-02-05,1384.1350369346137
1969-02-06,1389.61666813338
1969-02-07,1393.8165419466316
1969-02-10,1397.9045953367877
1969-02-12,1399.1463189118165
1969-02-13,1392.3504059752283
1969-02-14,1379.7947236396674
1969-02-17,1378.6156569229581
1969-02-18,1382.3112578297494
1969-02-19,1375.4170943324852
1969-02-20,1375.6504553667185
1969-02-21,1342.6176964891133
1969-02-24,1335.6374604544092
1969-02-25,1340.365077909692
1969-02-26,1345.2229174308316
1969-02-27,1334.100138567134
1969-02-28,1330.973638813643
1969-03-03,1339.533940606633
1969-03-04,1324.1115158982857
1969-03-05,1335.9750727160151
1969-03-06,1338.2012272250236
1969-03-07,1338.4282740050032
1969-03-10,1355.6490306451828
1969-03-11,1348.0513873841148
1969-03-12,1353.0245090611825
1969-03-13,1366.7922855927634
1969-03-14,1361.3153068334607
1969-03-17,1369.9328589738564
1969-03-18,1363.7718924476787
1969-03-19,1359.1562347349557
1969-03-20,1352.8471686748294
1969-03-24,1377.7678005755515
1969-03-25,1378.0015604438854
1969-03-26,1391.230272658965
1969-03-27,1381.5818089564136
1969-03-28,1385.0280673654606
1969-03-31,1398.135542564924
1969-04-01,1388.0578179964928
1969-04-02,1412.3680429868425
1969-04-03,1401.8485694005137
1969-04-04,1419.6792946437777
1969-04-07,1422.9452679840933
1969-04-08,1422.3276533712692
1969-04-09,1422.568973515956
1969-04-10,1439.5786621790876
1969-04-11,1440.1879803136674
1969-04-14,1445.5748375405983
1969-04-15,1437.4126299874354
1969-04-16,1424.4382399576948
1969-04-17,1445.953055209937
1969-04-18,1431.7651880846001
1969-04-21,1430.1960443705168
1969-04-22,1439.3330545774343
1969-04-23,1429.767478569413
1969-04-24,1430.0100609968722
1969-04-25,1444.6066127707777
1969-04-28,1448.61612244005
1969-04-30,1451.8418256196107
1969-05-01,1457.1192429524583
1969-05-02,1453.478129329382
1969-05-06,1467.9841709961756
1969-05-07,1467.5849924744614
1969-05-08,1462.608788183966
1969-05-09,1464.1005090922547
1969-05-12,1479.5412951502092
1969-05-13,1479.7923224845715
1969-05-14,1479.760971325403
1969-05-15,1478.9584852678327
1969-05-16,1479.072023435663
1969-05-19,1481.4459832125092
1969-05-20,1472.882816648358
1969-05-21,1474.6987723333964
1969-05-22,1474.3682639625517
1969-05-23,1476.6206592456924
1969-05-26,1482.351592460838
1969-05-27,1482.603096606118
1969-05-28,1498.2996546728245
1969-05-29,1498.5538646564335
1969-05-30,1522.4884277422466
1969-06-02,1535.8128331970229
1969-06-03,1530.6104012619194
1969-06-04,1531.8649624250295
1969-06-05,1531.504860542671
1969-06-06,1538.0573079704843
1969-06-09,1553.569848092634
1969-06-10,1554.2086576567472
1969-06-11,1543.022116644645
1969-06-12,1475.3902660590331
1969-06-13,1475.64058910635
1969-06-16,1498.6345241910794
1969-06-17,1485.8825887639964
1969-06-18,1444.8173808898262
1969-06-19,1462.3819903479068
1969-06-20,1444.2955399842986
1969-06-23,1432.123795465033
1969-06-24,1477.2943165458805
1969-06-25,1469.4356459404644
1969-06-26,1487.14183605905
1969-06-27,1499.2591389651766
1969-06-30,1499.5135117403108
1969-07-01,1512.1667198055063
1969-07-02,1528.3024955168507
1969-07-03,1534.436910982387
1969-07-04,1530.7107713284897
1969-07-07,1523.5414974773569
1969-07-08,1527.226923372994
1969-07-09,1520.9768029533845
1969-07-10,1483.902145952188
1969-07-11,1498.0532153000547
1969-07-14,1469.45827749537
1969-07-15,1469.7075940879963
1969-07-16,1476.3717206442946
1969-07-17,1460.7902466303858
1969-07-18,1466.5163660952112
1969-07-22,1478.716341086988
1969-07-23,1453.1905831344616
1969-07-24,1462.7902883966797
1969-07-25,1453.976320219436
1969-07-28,1443.8885843204155
1969-07-29,1421.3355262431317
1969-07-30,1421.5766780579252
1969-07-31,1437.3735330409543
1969-08-01,1448.267104542656
1969-08-04,1447.5339868587166
1969-08-05,1448.2112152987822
1969-08-06,1440.0455051720348
1969-08-07,1434.5989637356247
1969-08-08,1422.2092772112514
1969-08-11,1448.0372400533784
1969-08-12,1466.5600984794535
1969-08-13,1474.509907780907
1969-08-14,1474.7600814616653
1969-08-15,1463.6015175733078
1969-08-18,1464.4211396253527
1969-08-19,1465.3800292127191
1969-08-20,1459.9368208947058
1969-08-21,1460.887458903769
1969-08-22,1446.0703983458143
1969-08-25,1452.9918103611233
1969-08-26,1461.1520262592178
1969-08-27,1461.0675220667158
1969-08-28,1476.0194991097746
1969-08-29,1476.2699289163256
1969-09-01,1509.2175328241342
1969-09-02,1519.7376654638138
1969-09-03,1526.083814870749
1969-09-04,1525.406448463903
1969-09-05,1535.8958216904794
1969-09-08,1535.5836556260956
1969-09-09,1520.7563167148473
1969-09-10,1539.6277190237768
1969-09-11,1539.4320730486404
1969-09-12,1539.4686182291318
1969-09-16,1539.7298131716698
1969-09-17,1562.5297103167497
1969-09-18,1546.1727586469685
1969-09-19,1550.4421564669663
1969-09-22,1563.433705500622
1969-09-24,1560.1480466767205
1969-09-25,1560.9477645731597
1969-09-26,1542.5677116249487
1969-09-29,1548.2903814837578
1969-09-30,1564.2174078606206
1969-10-01,1580.506712574204
1969-10-02,1580.7748702716603
1969-10-03,1574.165514975642
1969-10-06,1582.8018927302699
1969-10-07,1579.2578825333014
1969-10-08,1570.8973423416285
1969-10-09,1579.5685272374685
1969-10-13,1606.872595089468
1969-10-14,1602.894898846773
1969-10-15,1611.9176966477992
1969-10-16,1631.265793530412
1969-10-17,1630.6408188149353
1969-10-20,1630.9174825480748
1969-10-21,1632.6717257414823
1969-10-22,1641.411521070515
1969-10-23,1628.1768846912853
1969-10-24,1650.2706522476187
1969-10-27,1647.5779959154306
1969-10-28,1663.1753810488242
1969-10-29,1673.8113958959868
1969-10-30,1670.2488926599528
1969-10-31,1658.9602342259884
1969-11-04,1662.100120516995
1969-11-05,1662.3821218129808
1969-11-06,1653.3300732086384
1969-11-07,1638.4849562029015
1969-11-10,1650.9839793099002
1969-11-11,1640.5532505701472
1969-11-12,1651.458409894849
1969-11-13,1674.641496694095
1969-11-14,1675.814667736094
1969-11-17,1691.3493466272241
1969-11-18,1691.6363105121468
1969-11-19,1725.001697539182
1969-11-20,1718.2076946105208
1969-11-21,1714.2059337013982
1969-11-25,1741.4788196689287
1969-11-26,1718.9964268183846
1969-11-27,1727.4807016041532
1969-11-28,1727.7737957388742
1969-12-01,1758.9034043521922
1969-12-02,1760.1707478659775
1969-12-03,1760.4693883786201
1969-12-04,1697.5945209909744
1969-12-05,1696.6003028809262
1969-12-08,1719.431032753526
1969-12-09,1715.0774016843593
1969-12-10,1735.8225167835315
1969-12-11,1740.7015064036216
1969-12-12,1763.3280797327047
1969-12-15,1770.1303974524164
1969-12-16,1770.0628730471951
1969-12-17,1775.9371843750398
1969-12-18,1776.2384999103685
1969-12-19,1784.5903311747522
1969-12-22,1768.7816137183875
1969-12-24,1791.6510153026247
1969-12-25,1820.9372300352143
1969-12-26,1840.030212136643
1969-12-29,1840.3424020571363
1969-12-30,1840.654644945535
1970-01-05,1883.8772368697016
1970-01-06,1886.7680071424047
1970-01-07,1878.186393698309
1970-01-08,1791.1539881620356
1970-01-09,1791.390144474348
1970-01-12,1823.4471085536682
1970-01-13,1802.8553395990618
1970-01-14,1795.598717433419
1970-01-16,1794.5091174762467
1970-01-19,1812.744534168876
1970-01-20,1813.4232122838612
1970-01-21,1825.7695345627048
1970-01-22,1823.8272114060173
1970-01-23,1815.7584772162575
1970-01-26,1819.697392696456
1970-01-27,1819.937312339672
1970-01-28,1826.5098368088113
1970-01-29,1829.760241685044
1970-01-30,1804.71958082843
1970-02-02,1815.9770388296854
1970-02-03,1805.3920239051656
1970-02-04,1818.704520573278
1970-02-05,1813.8097794253474
1970-02-06,1811.0212108412402
1970-02-09,1813.9891269542845
1970-02-10,1814.110379884045
1970-02-12,1814.3495629025197
1970-02-13,1808.608917547524
1970-02-16,1805.1331486180866
1970-02-17,1805.9850475032329
1970-02-18,1820.8007262236597
1970-02-19,1829.8340732596296
1970-02-20,1828.9573788998146
1970-02-23,1859.5069309323
1970-02-24,1870.7697764376665
1970-02-25,1877.0970172138434
1970-02-26,1878.8334556111568
1970-02-27,1879.081172101899
1970-03-02,1890.9039404118196
1970-03-03,1888.694410908456
1970-03-04,1909.506675344981
1970-03-05,1910.2630347153959
1970-03-06,1933.2908506244028
1970-03-09,1935.8401400925238
1970-03-10,1947.9635247119757
1970-03-11,1938.6851096233886
1970-03-12,1919.2133411281354
1970-03-13,1929.9112896932913
1970-03-16,1930.1657405871154
1970-03-17,1948.159154315856
1970-03-18,1960.8696576232503
1970-03-19,1965.7455209081008
1970-03-20,1966.5651474594106
1970-03-23,1969.9824918286856
1970-03-24,1961.5327019562246
1970-03-25,1959.3116753422455
1970-03-26,1978.391654250094
1970-03-27,1963.2646437073652
1970-03-30,1983.1794905397196
1970-03-31,1983.4409646275062
1970-04-01,1992.5373487918635
1970-04-02,1993.9224825318113
1970-04-03,1976.2025775957845
1970-04-06,2003.626554163742
1970-04-07,1995.7310485795228
1970-04-08,2000.3592171190876
1970-04-09,1989.0763774170357
1970-04-10,1988.460563128134
1970-04-13,1984.1502791368746
1970-04-14,1979.5620260624453
1970-04-15,1979.8230232023668
1970-04-16,1980.574616706073
1970-04-17,1955.9511800883063
1970-04-20,1955.7815694749788
1970-04-21,1955.2239528732398
1970-04-22,1929.1620359152412
1970-04-23,1913.0000501298382
1970-04-24,1918.9470223980675
1970-04-27,1890.0499110596381
1970-04-28,1834.344074841889
1970-04-30,1675.240432283952
1970-05-01,1675.4613058689927
1970-05-06,1736.7630899395006
1970-05-07,1751.4342192174577
1970-05-08,1736.547370205583
1970-05-11,1695.9682041737335
1970-05-12,1704.406742678277
1970-05-13,1662.8530033714924
1970-05-14,1624.9764246767877
1970-05-15,1601.3845929193794
1970-05-18,1624.7544203044702
1970-05-19,1624.9686375157476
1970-05-20,1574.298212196569
1970-05-21,1573.3548687665605
1970-05-22,1579.1268152683913
1970-05-25,1534.8687257229412
1970-05-26,1545.5122595969876
1970-05-27,1532.3432713795944
1970-05-28,1595.6534434408857
1970-05-29,1609.3672259948835
1970-06-01,1654.2816812177762
1970-06-02,1654.499791477388
1970-06-03,1676.061637366826
1970-06-04,1695.8491316041852
1970-06-05,1688.1004383135084
1970-06-08,1677.002979203346
1970-06-09,1663.1119271086638
1970-06-10,1677.3576677192652
1970-06-11,1613.9102896165462
1970-06-12,1629.656494873182
1970-06-15,1648.8513709007973
1970-06-16,1634.406364628265
1970-06-17,1634.6218544088435
1970-06-18,1656.8407561791919
1970-06-19,1681.8909373337622
1970-06-22,1710.8163167831074
1970-06-23,1697.1975926597604
1970-06-24,1704.2528621863098
1970-06-25,1706.8505490750297
1970-06-26,1701.04667469412
1970-06-29,1698.029254517957
1970-06-30,1703.2719089503503
1970-07-01,1712.0055003690984
1970-07-02,1712.2312212776849
1970-07-03,1701.6663717151223
1970-07-06,1687.8626563745227
1970-07-07,1687.4556089118423
1970-07-08,1691.385252642013
1970-07-09,1683.3078022648506
1970-07-10,1676.448143590054
1970-07-13,1682.8822837701084
1970-07-14,1683.790251876569
1970-07-15,1665.7589202110341
1970-07-16,1649.8373200528245
1970-07-17,1650.054844341632
1970-07-21,1715.0618311754372
1970-07-22,1701.9180731392808
1970-07-23,1696.897726448741
1970-07-24,1699.3011057123917
1970-07-27,1700.882592640042
1970-07-28,1707.903136116
1970-07-29,1703.2320106197863
1970-07-30,1709.9032161449047
1970-07-31,1725.0367890462237
1970-08-03,1725.2642280768137
1970-08-04,1729.5274414011465
1970-08-05,1734.207377081077
1970-08-06,1716.8100914675815
1970-08-07,1713.3270108877537
1970-08-10,1712.1854754709111
1970-08-11,1698.1291067301415
1970-08-12,1697.8011954046212
1970-08-13,1714.0388050149618
1970-08-14,1708.9046855463266
1970-08-17,1712.7224313725544
1970-08-18,1712.9482468055553
1970-08-19,1725.4589184811389
1970-08-20,1730.0406230739868
1970-08-21,1732.5502831137248
1970-08-24,1735.8770334775882
1970-08-25,1724.1189748042787
1970-08-26,1724.4905842683243
1970-08-27,1732.8394237183695
1970-08-28,1728.5340287971408
1970-08-31,1708.2282536263153
1970-09-01,1707.115435762159
1970-09-02,1707.340511935769
1970-09-03,1714.3861420726614
1970-09-04,1719.3494233169147
1970-09-07,1724.0495615183531
1970-09-08,1736.0149583551279
1970-09-09,1745.7142547494716
1970-09-10,1736.7053725686412
1970-09-11,1730.3490991119138
1970-09-14,1739.5137804808526
1970-09-15,1739.7431282434293
1970-09-16,1717.1034697839182
1970-09-17,1714.8421431997592
1970-09-18,1715.068238108077
1970-09-21,1667.2824506200611
1970-09-22,1677.433569133745
1970-09-24,1681.380340357331
1970-09-25,1658.3294380790821
1970-09-28,1623.0964467111812
1970-09-29,1659.104065048903
1970-09-30,1659.3228111200588
1970-10-01,1656.496361956083
1970-10-02,1659.8810455298835
1970-10-05,1660.0998940427307
1970-10-06,1683.4440777141413
1970-10-07,1674.662142733782
1970-10-08,1672.2860010905713
1970-10-09,1673.6243173584767
1970-10-12,1682.803933063736
1970-10-13,1684.6505637455316
1970-10-14,1686.1920611446308
1970-10-15,1704.3393771973567
1970-10-16,1701.1926636531723
1970-10-19,1716.5624667433513
1970-10-20,1716.7887884692773
1970-10-21,1695.9331462074615
1970-10-22,1696.4142293809914
1970-10-23,1692.2255372946975
1970-10-26,1686.9888030284646
1970-10-27,1687.444820119958
1970-10-28,1695.1423301048028
1970-10-29,1705.669512431679
1970-10-30,1703.4288827302826
1970-11-02,1723.8956334151403
1970-11-04,1727.6688955895142
1970-11-05,1727.8966816525642
1970-11-06,1722.3768603130002
1970-11-09,1731.7869332691375
1970-11-10,1727.7819452972076
1970-11-11,1711.7355918587189
1970-11-12,1701.8308522407024
1970-11-13,1702.9426420209468
1970-11-16,1692.969466859035
1970-11-17,1674.8039013864072
1970-11-18,1684.8860404852328
1970-11-19,1674.842017270506
1970-11-20,1675.0628383261603
1970-11-24,1663.06928239824
1970-11-25,1660.7855018618882
1970-11-26,1648.2619371579128
1970-11-27,1625.0420249374502
1970-11-30,1607.7608366865284
1970-12-01,1637.7819724784242
1970-12-02,1629.7164990953759
1970-12-03,1610.2149603423627
1970-12-04,1607.9785262666135
1970-12-07,1591.9283065762538
1970-12-08,1587.1506256439804
1970-12-09,1589.2840594575475
1970-12-10,1595.4609363486022
1970-12-11,1632.070356367612
1970-12-14,1630.457653895478
1970-12-15,1615.4652356136578
1970-12-16,1596.5047747459753
1970-12-17,1596.205521081798
1970-12-18,1600.2840766178804
1970-12-21,1609.7213296410523
1970-12-22,1602.4462921725903
1970-12-24,1609.3362863437499
1970-12-25,1605.216871916339
1970-12-28,1609.0967274310751
1970-12-29,1609.3088802397206
1970-12-30,1609.521061019844
1971-01-05,1611.6014173801655
1971-01-06,1605.5805320910713
1971-01-07,1621.3711141600202
1971-01-08,1653.9819528199255
1971-01-12,1695.8657002303225
1971-01-13,1693.5734604363915
1971-01-14,1697.5962219212556
1971-01-18,1700.663298430282
1971-01-19,1715.3684273215758
1971-01-20,1705.1535599857273
1971-01-21,1713.6007808565944
1971-01-22,1714.8299252154766
1971-01-25,1707.9860698268037
1971-01-26,1711.6167354192826
1971-01-27,1703.6343615889853
1971-01-28,1706.526764293638
1971-01-29,1705.5716565758673
1971-02-01,1709.0333569267038
1971-02-02,1716.3046176198459
1971-02-03,1729.676925093087
1971-02-04,1732.8427517186399
1971-02-05,1726.4312453450768
1971-02-08,1729.174916541687
1971-02-09,1724.8658172631685
1971-02-10,1738.6140270484827
1971-02-12,1747.4562791313435
1971-02-15,1761.3167715739032
1971-02-16,1766.9531606792277
1971-02-17,1761.8329490666833
1971-02-18,1791.510522803106
1971-02-19,1800.292648977626
1971-02-22,1814.120812251028
1971-02-23,1793.407731064375
1971-02-24,1777.514174353181
1971-02-25,1803.9177927793169
1971-02-26,1816.9966985465269
1971-03-01,1836.4774129170276
1971-03-02,1829.039911691922
1971-03-03,1847.1838239019505
1971-03-04,1852.8811114076536
1971-03-05,1837.7784886450067
1971-03-08,1851.8335027087246
1971-03-09,1850.2748720392938
1971-03-10,1878.5780600968626
1971-03-11,1881.691927505236
1971-03-12,1887.7405275701783
1971-03-15,1875.9233002270869
1971-03-16,1891.3480612705162
1971-03-17,1889.4427571125966
1971-03-18,1891.4754058015144
1971-03-19,1909.966571433171
1971-03-23,1912.9732722321453
1971-03-24,1928.5600603403966
1971-03-25,1935.4943073467837
1971-03-26,1950.2641019276332
1971-03-29,1962.4669714861116
1971-03-30,1960.0221262161508
1971-03-31,1961.8948231020229
1971-04-01,1970.9282185801521
1971-04-02,1972.5741625261542
1971-04-05,1938.2872862814572
1971-04-06,1964.0649238980927
1971-04-07,1974.345027985828
1971-04-08,1972.168697465856
1971-04-09,1962.2292433915022
1971-04-12,1990.1814515915726
1971-04-13,1984.8594848876003
1971-04-14,1992.5252178636533
1971-04-15,2009.00615920355
1971-04-16,2014.7883131248461
1971-04-19,1995.3110505294605
1971-04-20,1942.189284609931
1971-04-21,1989.1258624421075
1971-04-22,1977.3355719844806
1971-04-23,1990.9720557047121
1971-04-26,1994.1866057439306
1971-04-27,2001.8216273535065
1971-04-28,2006.0290384296602
1971-04-30,2020.5770100705602
1971-05-06,2031.8948058524097
1971-05-07,2001.9855542199514
1971-05-10,1957.5474546888156
1971-05-11,1967.7637600519422
1971-05-12,1991.7124415913806
1971-05-13,1989.3020901271743
1971-05-14,1979.0737111829794
1971-05-17,1981.3242366685756
1971-05-18,1959.9528917084272
1971-05-19,1939.4775535787103
1971-05-20,1958.2601883964826
1971-05-21,1955.8185281737515
1971-05-24,1966.9650904399437
1971-05-25,1972.3896538748884
1971-05-26,1975.9617381358585
1971-05-27,1985.5647196593675
1971-05-28,1996.1222016008685
1971-05-31,2015.7670577186525
1971-06-01,2015.7271348429215
1971-06-02,2032.4000295621743
1971-06-03,2031.0159580782358
1971-06-04,2044.8215466853794
1971-06-07,2057.9658087959688
1971-06-08,2056.80628514329
1971-06-09,2060.886957839831
1971-06-10,2073.4060066520437
1971-06-11,2077.7529271708418
1971-06-14,2080.252045693156
1971-06-15,2089.2773289138127
1971-06-16,2100.17933119596
1971-06-17,2121.820487605986
1971-06-18,2124.951627283889
1971-06-21,2127.779425157918
1971-06-22,2127.244194955418
1971-06-23,2138.9725830793163
1971-06-24,2126.115543909181
1971-06-25,2139.4102115933183
1971-06-28,2162.8541545728754
1971-06-29,2160.413754478698
1971-06-30,2170.755344459767
1971-07-01,2182.3342753196935
1971-07-02,2179.450781543273
1971-07-05,2165.9444926892415
1971-07-06,2117.5912675624886
1971-07-07,2172.055781522901
1971-07-08,2173.6587759494996
1971-07-09,2191.113220601115
1971-07-12,2213.532458425002
1971-07-13,2205.1208125397725
1971-07-14,2213.2482757105486
1971-07-15,2196.1128295157455
1971-07-16,2201.9162809481454
1971-07-19,2220.146942260848
1971-07-21,2179.6352372935835
1971-07-22,2201.282310054212
1971-07-23,2203.5096640533156
1971-07-26,2205.844728959912
1971-07-27,2209.5747275247795
1971-07-28,2212.5548376035595
1971-07-29,2214.4958174362214
1971-07-30,2196.92448699345
1971-08-02,2179.9590552055483
1971-08-03,2180.0634021421724
1971-08-04,2171.8029634101813
1971-08-05,2175.4737445370456
1971-08-06,2187.6201925391183
1971-08-09,2229.0049995943946
1971-08-10,2222.5887512202394
1971-08-11,2230.556911526436
1971-08-12,2235.3867411846954
1971-08-13,2254.616172308373
1971-08-16,2091.806958853697
1971-08-17,2017.9624266229648
1971-08-18,1925.1790893562504
1971-08-19,1811.2164794071566
1971-08-20,1888.9758566244927
1971-08-23,1789.8922097369436
1971-08-24,1789.3313204390622
1971-08-25,1848.3861044339696
1971-08-26,1888.721642614893
1971-08-27,1876.4375585676119
1971-08-30,1907.086170675951
1971-08-31,1901.672764253297
1971-09-01,1944.1151867755843
1971-09-02,1947.9052800738748
1971-09-03,1943.6130456229664
1971-09-06,1959.4561126774165
1971-09-07,1939.9624122843172
1971-09-08,1926.793596744216
1971-09-09,1940.0386135057227
1971-09-10,1924.222465064216
1971-09-13,1948.817940240779
1971-09-14,1960.2723433974252
1971-09-16,1946.1936109111239
1971-09-17,1950.5691584717902
1971-09-20,1971.3499487809188
1971-09-21,1968.248453570333
1971-09-22,1958.4517616650455
1971-09-24,1961.2962287445444
1971-09-27,1951.595349639269
1971-09-28,1986.3820963083724
1971-09-29,2008.8941859643642
1971-09-30,2015.71480498788
1971-10-01,2016.866949311985
1971-10-04,2003.3056679394667
1971-10-05,1999.5817609586484
1971-10-06,1994.9761689865397
1971-10-07,1995.00450325813
1971-10-08,1971.0149584500236
1971-10-12,1954.7628967637636
1971-10-13,1921.8611182323045
1971-10-14,1916.4441063952663
1971-10-15,1874.3763395175677
1971-10-18,1874.828837636085
1971-10-19,1852.757422676159
1971-10-20,1852.1093304478077
1971-10-21,1863.3374444736444
1971-10-22,1879.451273736497
1971-10-25,1874.854874122335
1971-10-26,1861.1299994589815
1971-10-27,1855.1071126011886
1971-10-28,1875.272976014329
1971-10-29,1896.4846913773526
1971-11-01,1897.2235545358317
1971-11-02,1877.4060661943336
1971-11-04,1855.8846752636105
1971-11-05,1860.574069457523
1971-11-08,1862.5992030529912
1971-11-09,1876.1290153448558
1971-11-10,1901.393128770671
1971-11-11,1915.0318496673685
1971-11-12,1923.2573425982
1971-11-15,1941.286525273012
1971-11-16,1939.381327143665
1971-11-17,1977.3264132422157
1971-11-18,1994.4029370758667
1971-11-19,1983.7394397766964
1971-11-22,2008.4613081715609
1971-11-24,2005.8710978121135
1971-11-25,2017.8215483268286
1971-11-26,2013.9804652411885
1971-11-29,2045.1200998139996
1971-11-30,2038.6942384548518
1971-12-01,2049.8875523752695
1971-12-02,2070.8429503017446
1971-12-03,2038.5764491290379
1971-12-06,2067.351895522038
1971-12-07,2072.6252067269256
1971-12-08,2049.5171197088125
1971-12-09,2070.0436439965633
1971-12-10,2074.1162626525315
1971-12-13,2086.303759584628
1971-12-14,2081.6295216884187
1971-12-15,2082.085972870943
1971-12-16,2063.232042682011
1971-12-17,2073.660304963648
1971-12-20,2080.0778347981136
1971-12-21,2135.9135865280728
1971-12-22,2163.2262499598864
1971-12-24,2224.065478020026
1971-12-27,2253.4637947946626
1971-12-28,2270.7120576934853
1971-12-29,2271.018534801899
1971-12-30,2271.3250532754073
1972-01-04,2270.435893165045
1972-01-05,2283.7704551699094
1972-01-06,2306.703954736652
1972-01-07,2313.381084317028
1972-01-11,2319.6663622845567
1972-01-12,2344.9929342356595
1972-01-13,2356.5201560820974
1972-01-14,2365.779632340239
1972-01-17,2346.164346444168
1972-01-18,2351.2510849997025
1972-01-19,2364.604106365285
1972-01-20,2381.5907572636643
1972-01-21,2366.5530909680715
1972-01-24,2348.0229623216155
1972-01-25,2360.350854457674
1972-01-26,2376.1967261947157
1972-01-27,2381.6781278257868
1972-01-28,2401.6002046070344
1972-01-31,2396.9748898286657
1972-02-01,2393.791751914863
1972-02-02,2403.558935631859
1972-02-03,2417.4000351949944
1972-02-04,2398.9378330719865
1972-02-07,2421.246199130031
1972-02-08,2426.924036466465
1972-02-09,2411.2354851958944
1972-02-10,2412.4107101787413
1972-02-14,2428.599655772735
1972-02-15,2416.963378225704
1972-02-16,2427.577195582564
1972-02-17,2464.173698262221
1972-02-18,2464.852224783366
1972-02-21,2487.9447101096284
1972-02-22,2494.470330736411
1972-02-23,2489.9897519827805
1972-02-24,2502.303963719159
1972-02-25,2519.7948436476277
1972-02-28,2547.0071922897087
1972-02-29,2542.716205760288
1972-03-01,2534.073409549083
1972-03-02,2544.8109073519636
1972-03-03,2537.9924895187205
1972-03-06,2549.9963367859077
1972-03-07,2558.4502699400246
1972-03-08,2560.1442204694526
1972-03-09,2551.900718094929
1972-03-10,2550.0564431941125
1972-03-13,2507.2104156045025
1972-03-14,2524.586707224426
1972-03-15,2512.1286447134944
1972-03-16,2538.9492791287266
1972-03-17,2548.0002869560885
1972-03-20,2548.345597798958
1972-03-22,2572.222550417484
1972-03-23,2586.450737510269
1972-03-24,2591.8022550378055
1972-03-27,2616.8247731021825
1972-03-28,2621.338186006349
1972-03-29,2652.7835274746144
1972-03-30,2654.763078900698
1972-03-31,2690.0950426214686
1972-04-03,2690.4596104715274
1972-04-04,2690.824227728658
1972-04-05,2691.1888943995555
1972-04-06,2691.5536104909165
1972-04-07,2691.918376009439
1972-04-10,2692.2831909618203
1972-04-11,2692.6480553547613
1972-04-12,2693.0129691949614
1972-04-13,2693.3779324891225
1972-04-14,2693.742945243946
1972-04-17,2694.108007466135
1972-04-18,2694.473119162394
1972-04-19,2694.8382803394275
1972-04-20,2695.203491003941
1972-04-21,2695.5687511626415
1972-04-24,2695.9340608222365
1972-04-25,2696.299419989434
1972-04-26,2696.6648286709446
1972-04-27,2697.0302868734775
1972-04-28,2697.395794603744
1972-05-01,2838.047920831528
1972-05-02,2843.536593406088
1972-05-08,2846.7918898646362
1972-05-09,2830.3458115130625
1972-05-10,2843.8545305094353
1972-05-11,2878.192161255185
1972-05-12,2886.6966713445854
1972-05-15,2901.361862559624
1972-05-16,2894.545018872014
1972-05-17,2912.1471733501126
1972-05-18,2913.7706276224044
1972-05-19,2899.222646911763
1972-05-22,2921.7404538839187
1972-05-23,2940.3222522785636
1972-05-24,2948.3606049951286
1972-05-25,2973.658708186417
1972-05-26,2998.9975737368945
1972-05-29,3030.569884200341
1972-05-30,3049.925035667042
1972-05-31,3085.8399546635765
1972-06-01,3077.88216129091
1972-06-02,3112.460926651411
1972-06-05,3122.8482429610713
1972-06-06,3098.7534040206674
1972-06-07,3104.9471505596275
1972-06-08,3114.2165031195477
1972-06-09,3070.941500342751
1972-06-12,3101.5548477223992
1972-06-13,3098.933750903897
1972-06-14,3093.066345888383
1972-06-15,3118.3158457437075
1972-06-16,3128.24863747502
1972-06-19,3164.2450690890983
1972-06-20,3161.1289700628067
1972-06-21,3159.814354342716
1972-06-22,3135.497570787756
1972-06-23,3115.3836832743336
1972-06-26,2866.1440032653063
1972-06-27,3019.070420175263
1972-06-28,3072.5361299498654
1972-06-29,3123.582540134327
1972-06-30,3157.9537457211914
1972-07-03,3192.9557445735345
1972-07-04,3169.0846442469215
1972-07-05,3103.6252500438322
1972-07-06,3135.840995386283
1972-07-07,3146.987901342145
1972-07-10,3160.3777267600462
1972-07-11,3168.097893601416
1972-07-12,3158.542259801123
1972-07-13,3163.1880595876933
1972-07-14,3176.5529881550137
1972-07-17,3148.2948206611295
1972-07-18,3172.776892160438
1972-07-19,3206.1745479729066
1972-07-21,3246.1892819192963
1972-07-24,3253.5879622217685
1972-07-25,3272.894651253436
1972-07-26,3284.273754730993
1972-07-27,3299.7338129493414
1972-07-28,3339.3955992616216
1972-07-31,3339.848161812324
1972-08-01,3372.5957764885648
1972-08-02,3303.6141580836397
1972-08-03,3375.6187761963915
1972-08-04,3376.3065853320436
1972-08-07,3369.881649115896
1972-08-08,3365.624005298849
1972-08-09,3350.2525228908053
1972-08-10,3338.516033006497
1972-08-11,3357.5856890417076
1972-08-14,3381.872818566789
1972-08-15,3396.876830512499
1972-08-16,3425.500771186501
1972-08-17,3424.896435127999
1972-08-18,3432.1492059843927
1972-08-21,3432.2807382925685
1972-08-22,3429.881088006315
1972-08-23,3446.1264836225887
1972-08-24,3457.4746014232833
1972-08-25,3431.1472952923045
1972-08-28,3420.009417708427
1972-08-29,3437.0580589134784
1972-08-30,3446.057129459069
1972-08-31,3481.2183971712207
1972-09-01,3501.9032793131873
1972-09-04,3542.9381050583197
1972-09-05,3543.1786549138965
1972-09-06,3548.4037538525295
1972-09-07,3570.8306713696734
1972-09-08,3582.6660025580745
1972-09-11,3601.427695801406
1972-09-12,3565.144256138738
1972-09-13,3591.904947767595
1972-09-14,3578.53087184255
1972-09-18,3582.4793293042894
1972-09-19,3564.667912384574
1972-09-20,3582.970143723259
1972-09-21,3605.7032403520375
1972-09-22,3629.342489497151
1972-09-25,3649.908455142905
1972-09-26,3666.3533760643104
1972-09-27,3648.049055613954
1972-09-28,3683.3185512395166
1972-09-29,3708.5548334165496
1972-10-02,3771.7588615395553
1972-10-03,3746.2639219389052
1972-10-04,3799.082686000485
1972-10-05,3800.619889802855
1972-10-06,3740.8299123413417
1972-10-09,3798.7206541792007
1972-10-11,3817.2860311478507
1972-10-12,3849.570668049263
1972-10-13,3843.793018120535
1972-10-16,3810.707381805108
1972-10-17,3783.2434506952054
1972-10-18,3820.9308245923535
1972-10-19,3828.1985528037776
1972-10-20,3719.1833144718726
1972-10-23,3797.318668295654
1972-10-24,3805.815757936994
1972-10-25,3821.886116106292
1972-10-26,3819.6337083524336
1972-10-27,3833.7995507375335
1972-10-30,3892.0871247859495
1972-10-31,3906.223614729985
1972-11-01,3910.0070098241818
1972-11-02,3915.832067593926
1972-11-06,3912.883740223524
1972-11-07,3909.064881722411
1972-11-08,3924.3413368061742
1972-11-09,3932.2041900876893
1972-11-10,3911.748641812411
1972-11-13,3924.0583670047213
1972-11-14,3925.6586187314033
1972-11-15,3967.3660009643886
1972-11-16,3956.2400888304846
1972-11-17,3953.896688936009
1972-11-20,3958.8817142511225
1972-11-21,3982.8761511019743
1972-11-22,4026.059560809625
1972-11-24,4081.547380321728
1972-11-27,4091.384123930921
1972-11-28,4156.275349625622
1972-11-29,4210.741681524637
1972-11-30,4202.491070919796
1972-12-01,4127.544750234465
1972-12-04,4206.651945357681
1972-12-05,4214.915691335519
1972-12-06,4234.010590704528
1972-12-07,4179.255473828274
1972-12-08,4200.242700489771
1972-12-11,4198.220113087957
1972-12-12,4205.096920572631
1972-12-13,4208.319661568467
1972-12-14,4228.120418992569
1972-12-15,4243.578687523844
1972-12-18,4256.386710823244
1972-12-19,4254.758458987952
1972-12-20,4288.515935138741
1972-12-21,4294.147859999942
1972-12-22,4347.053399270662
1972-12-25,4352.56494438612
1972-12-26,4418.462112903388
1972-12-27,4494.960202981912
1972-12-28,4507.270423852581
1972-12-29,4507.8812594780975
1973-01-04,4529.852431007581
1973-01-05,4547.845429328154
1973-01-08,4595.010193280313
1973-01-09,4570.228554503188
1973-01-11,4541.354965703419
1973-01-12,4548.1483031252865
1973-01-16,4493.751855788394
1973-01-17,4517.554236755731
1973-01-18,4494.989628382026
1973-01-19,4531.73941049651
1973-01-22,4566.51152466995
1973-01-23,4564.437759102468
1973-01-24,4644.618856595464
1973-01-25,4618.588298731513
1973-01-26,4556.237242251558
1973-01-29,4636.984790978391
1973-01-30,4535.52819656164
1973-01-31,4478.051772455882
1973-02-01,4392.55073416343
1973-02-02,4179.933515628364
1973-02-05,4292.378922121647
1973-02-06,4242.093334481084
1973-02-07,4191.408758789377
1973-02-08,4253.080332913275
1973-02-09,4201.754009133109
1973-02-13,4332.426800092222
1973-02-14,4325.13158897389
1973-02-15,4437.147505072127
1973-02-16,4501.558253788737
1973-02-19,4580.448298475037
1973-02-20,4630.283755675886
1973-02-21,4599.696233963798
1973-02-22,4582.107547446111
1973-02-23,4527.626199445452
1973-02-26,4453.599633183982
1973-02-27,4510.93095268029
1973-02-28,4447.449410517837
1973-03-01,4464.023564576891
1973-03-02,4363.79459731182
1973-03-05,4144.872880299209
1973-03-06,4247.097997944149
1973-03-07,4301.23545465301
1973-03-08,4313.563370538418
1973-03-09,4333.8621273086255
1973-03-12,4348.254335256544
1973-03-13,4389.566031135429
1973-03-14,4429.606690922222
1973-03-15,4462.327200817936
1973-03-16,4429.556553687556
1973-03-19,4454.501317041425
1973-03-20,4461.390596818603
1973-03-22,4436.002848715596
1973-03-23,4400.5836970454175
1973-03-26,4406.052375970291
1973-03-27,4420.33342204234
1973-03-28,4450.996457521411
1973-03-29,4504.205626043012
1973-03-30,4553.578696370809
1973-04-02,4508.640452668021
1973-04-03,4492.514543368439
1973-04-04,4429.800604019601
1973-04-05,4363.037014894335
1973-04-06,4372.206127596936
1973-04-09,4342.587010333081
1973-04-10,4279.706942195058
1973-04-11,4271.884386519356
1973-04-12,4173.957478655306
1973-04-13,4123.776525252502
1973-04-16,3953.2832712889403
1973-04-17,4006.335258392943
1973-04-18,4124.837058677867
1973-04-19,4118.1984684701
1973-04-20,4055.2626433409255
1973-04-23,3916.5063965571344
1973-04-24,3865.1387337514298
1973-04-25,3812.2718464648246
1973-04-26,3921.2157261532157
1973-04-27,3983.3924849602918
1973-05-01,4004.9436248137645
1973-05-02,4011.609743656224
1973-05-07,4072.2763260176707
1973-05-08,4071.329042486788
1973-05-09,4043.3422083633695
1973-05-10,4066.608689397275
1973-05-11,4093.882138660761
1973-05-14,4158.4905468363295
1973-05-15,4100.669541016454
1973-05-16,4163.693460899037
1973-05-17,4135.446278922825
1973-05-18,4166.158308563887
1973-05-21,4072.8031854573105
1973-05-22,4079.9094018001197
1973-05-23,4055.0661445752594
1973-05-24,4009.3229614912675
1973-05-25,4039.216795792145
1973-05-28,4039.7227492816046
1973-05-29,4038.8931911492473
1973-05-30,4028.0920526473924
1973-05-31,3979.479646819387
1973-06-01,3970.5581106002537
1973-06-04,3930.5690945255997
1973-06-05,3967.6276118851033
1973-06-06,4018.0221839788474
1973-06-07,4039.213014433144
1973-06-08,4041.3789591233813
1973-06-11,4024.5328828657407
1973-06-12,3994.6115217135994
1973-06-13,4029.6675064195174
1973-06-14,4009.6694392711397
1973-06-15,4004.8501373464997
1973-06-18,3971.1487724152466
1973-06-19,3980.8715914377563
1973-06-20,4006.7007234555804
1973-06-21,4019.453596984923
1973-06-22,4082.62028840672
1973-06-25,4099.0556342455775
1973-06-26,4056.1523403640053
1973-06-27,4090.833227940103
1973-06-28,4095.009615170521
1973-06-29,4089.904525916434
1973-07-02,4102.208942350306
1973-07-03,4132.487594469261
1973-07-04,4178.023952227669
1973-07-05,4155.526729379144
1973-07-06,4160.92710620117
1973-07-09,4182.144711261418
1973-07-10,4195.164188714123
1973-07-11,4257.595476021115
1973-07-12,4300.846866588914
1973-07-13,4328.519976946285
1973-07-16,4348.027830320964
1973-07-17,4355.086131510528
1973-07-18,4346.3631595523375
1973-07-19,4370.598938769886
1973-07-23,4380.105045957056
1973-07-24,4386.572673621547
1973-07-25,4412.167639882518
1973-07-26,4459.6199451139955
1973-07-27,4489.484522047427
1973-07-30,4476.920401920639
1973-07-31,4418.349311548406
1973-08-01,4358.812107127439
1973-08-02,4401.494287793059
1973-08-03,4369.358910746201
1973-08-06,4336.525132823072
1973-08-07,4346.0020004803955
1973-08-08,4360.154548718783
1973-08-09,4361.250997835228
1973-08-10,4320.528642982376
1973-08-13,4305.297639596326
1973-08-14,4311.933773570054
1973-08-15,4309.534546936745
1973-08-16,4261.475387412792
1973-08-17,4242.039980367948
1973-08-20,4237.395846934207
1973-08-21,4277.781389680659
1973-08-22,4295.354441002017
1973-08-23,4270.621385368592
1973-08-24,4238.317182268492
1973-08-27,4240.132347417877
1973-08-28,4242.878537123971
1973-08-29,4277.051353610704
1973-08-30,4293.491610820113
1973-08-31,4287.636166132642
1973-09-03,4249.510558009423
1973-09-04,4203.859066432818
1973-09-05,4110.067989044801
1973-09-06,4092.0261076215156
1973-09-07,4104.62782511543
1973-09-10,4126.827126498025
1973-09-11,4031.325847431973
1973-09-12,4083.5093354587034
1973-09-13,4061.493149284711
1973-09-14,4082.2546598031513
1973-09-17,4064.74404683155
1973-09-18,4007.192801682415
1973-09-19,3970.8479441353766
1973-09-20,3908.415211671596
1973-09-21,3863.595131465623
1973-09-25,3933.732833723472
1973-09-26,3971.5504816782714
1973-09-27,4066.181920051624
1973-09-28,4061.941025190493
1973-10-01,4062.300654481594
1973-10-02,4053.157438214382
1973-10-03,4086.2153726014703
1973-10-04,4064.866929156014
1973-10-05,4015.157471950247
1973-10-08,3969.004183080115
1973-10-09,3955.042304371496
1973-10-11,3950.9030806835867
1973-10-12,3920.1476551966107
1973-10-15,3934.4154174257797
1973-10-16,3942.838546650024
1973-10-17,3947.8110514436717
1973-10-18,3977.3919357194363
1973-10-19,4009.6294810827803
1973-10-22,4007.5882812697378
1973-10-23,4048.50268883168
1973-10-24,4107.05374215031
1973-10-25,4112.281161993874
1973-10-26,4078.692900299778
1973-10-29,4080.640136434435
1973-10-30,4144.934837109131
1973-10-31,4142.490099491786
1973-11-01,4085.646976589707
1973-11-02,4113.470072229666
1973-11-05,4123.514935309323
1973-11-06,4070.675738585041
1973-11-07,4084.9777951302717
1973-11-08,4110.235479472887
1973-11-09,4100.315384135353
1973-11-12,3978.3547278247393
1973-11-13,3906.4339848595455
1973-11-14,3946.7968713289256
1973-11-15,3921.665865216117
1973-11-16,3871.9210019517845
1973-11-19,3927.6726611347594
1973-11-20,3920.0776806610975
1973-11-21,3858.3421746565573
1973-11-22,3789.7907015304427
1973-11-26,3859.166791087632
1973-11-27,3786.2683224347525
1973-11-28,3843.0484832349734
1973-11-29,3895.273229497443
1973-11-30,4099.077753529484
1973-12-03,3983.4655733079385
1973-12-04,3928.510404383697
1973-12-05,3916.7127579305497
1973-12-06,3829.728253115462
1973-12-07,3784.365811587053
1973-12-10,3680.0629514515826
1973-12-11,3654.605038289932
1973-12-12,3620.5968716736443
1973-12-13,3564.346936054322
1973-12-14,3568.9313779298236
1973-12-17,3572.385360362034
1973-12-18,3499.4172670690373
1973-12-19,3526.5767543675593
1973-12-20,3682.7588160570895
1973-12-21,3675.8783614221393
1973-12-25,3571.0841661895433
1973-12-26,3709.880046685766
1973-12-27,3793.898120850733
1973-12-28,3809.6161791572617
1974-01-04,3767.8083168686458
1974-01-07,3698.656336229319
1974-01-08,3710.874335685473
1974-01-09,3712.0869141257253
1974-01-11,3691.0439063265617
1974-01-14,3783.0537540516552
1974-01-16,3818.2047732927713
1974-01-17,3816.4963104290737
1974-01-18,3867.9695842415576
1974-01-21,3853.2072064746712
1974-01-22,3869.8983261219914
1974-01-23,3943.5314207974975
1974-01-24,3973.9392136483484
1974-01-25,3961.872494639043
1974-01-28,4017.8535389211543
1974-01-29,3999.854140122651
1974-01-30,3995.25351210643
1974-01-31,3941.7814399455388
1974-02-01,3977.5627434838207
1974-02-04,4032.7519453574087
1974-02-05,4035.87823673681
1974-02-06,4064.259068801723
1974-02-07,4122.028766937984
1974-02-08,4055.9306198106265
1974-02-12,4078.0532311225306
1974-02-13,4038.806705834061
1974-02-14,4011.3967121201135
1974-02-15,4035.5956995651054
1974-02-18,4031.1702948608845
1974-02-19,4010.6424436168545
1974-02-20,4008.2007889443175
1974-02-21,3974.5080058916315
1974-02-22,3955.8159374240854
1974-02-25,3949.563912231084
1974-02-26,3968.64409602693
1974-02-27,3963.838301073917
1974-02-28,3980.2256254507092
1974-03-01,4026.771552960258
1974-03-04,4090.9729090484743
1974-03-05,4079.289510153506
1974-03-06,4064.9060211236415
1974-03-07,4038.850271447775
1974-03-08,4018.0178055776814
1974-03-11,4007.3720020054748
1974-03-12,3980.488439134894
1974-03-13,3956.734684614319
1974-03-14,3964.548780078125
1974-03-15,3965.0383974360043
1974-03-18,3948.052914896162
1974-03-19,3925.2390775887347
1974-03-20,3912.821894801416
1974-03-22,3910.8294113349984
1974-03-25,3899.359369400959
1974-03-26,3933.4941660538652
1974-03-27,3962.3924155098885
1974-03-28,3971.7579874699077
1974-03-29,3968.3392479281365
1974-04-01,3968.811514064925
1974-04-02,3958.5936477817786
1974-04-03,3949.5644977982024
1974-04-04,3914.047271079324
1974-04-05,3932.569130839647
1974-04-08,3954.4982324346875
1974-04-09,3936.531248849599
1974-04-10,3951.9204216594567
1974-04-11,3967.365396757849
1974-04-12,4036.4250388225405
1974-04-15,4067.317339514886
1974-04-16,4032.196317970568
1974-04-17,4076.34580918314
1974-04-18,4092.153581154163
1974-04-19,4104.200438263074
1974-04-22,4099.835211954633
1974-04-23,4079.6057601308894
1974-04-24,4067.5051168999134
1974-04-25,4052.7333673985963
1974-04-26,4072.755998134016
1974-04-30,4113.937310682684
1974-05-01,4133.762731228338
1974-05-02,4170.068588879008
1974-05-07,4175.8270694135135
1974-05-08,4190.125046123809
1974-05-09,4179.6281882361955
1974-05-10,4179.271777155692
1974-05-13,4189.289530918481
1974-05-14,4172.244700129641
1974-05-15,4155.784685413688
1974-05-16,4166.141244673081
1974-05-17,4190.155592900879
1974-05-20,4169.702023765415
1974-05-21,4203.243850270182
1974-05-22,4234.251956332487
1974-05-23,4236.278428002826
1974-05-24,4196.885381626983
1974-05-27,4227.267517916809
1974-05-28,4232.636112055155
1974-05-29,4259.157075049939
1974-05-30,4259.492577593352
1974-05-31,4234.937961967432
1974-06-03,4254.368563942694
1974-06-04,4232.546751486076
1974-06-05,4263.626185213185
1974-06-06,4264.6574243204905
1974-06-07,4217.628152124092
1974-06-10,4138.83954825776
1974-06-11,4190.9358371127555
1974-06-12,4210.988964576766
1974-06-13,4186.225567417077
1974-06-14,4179.997672187711
1974-06-17,4181.147745074315
1974-06-18,4183.698768759394
1974-06-19,4202.724211650385
1974-06-20,4199.271435565117
1974-06-21,4165.239536329935
1974-06-24,4159.4619086724515
1974-06-25,4151.362731156989
1974-06-26,4170.758721938227
1974-06-27,4145.535126438949
1974-06-28,4109.851401705284
1974-07-01,4127.39120435201
1974-07-02,4107.498016908764
1974-07-03,4084.8334090711724
1974-07-04,4085.0212914721546
1974-07-05,4132.756356646654
1974-07-08,4075.695398166107
1974-07-09,4026.4516715200316
1974-07-10,4092.473314961158
1974-07-11,4089.1234339739663
1974-07-12,4045.855858790855
1974-07-15,4003.502158764698
1974-07-16,4044.1249788493615
1974-07-17,4041.8603281760493
1974-07-18,4016.050793104342
1974-07-19,4037.7593935275336
1974-07-22,4049.1365248209904
1974-07-23,4039.6829742029136
1974-07-24,4056.373231974541
1974-07-25,4070.9021366953225
1974-07-26,4064.6046658654386
1974-07-29,4023.059906195486
1974-07-30,3993.717123864367
1974-07-31,4018.505332358875
1974-08-01,4018.016845061322
1974-08-02,3932.9660263114242
1974-08-05,3814.116953438835
1974-08-06,3754.600611630521
1974-08-07,3838.020066331419
1974-08-08,3845.875558614289
1974-08-09,3835.196822673303
1974-08-12,3840.3322293227934
1974-08-13,3785.135916994566
1974-08-14,3741.828298350809
1974-08-15,3750.7537036375693
1974-08-16,3805.719517516142
1974-08-19,3794.468414646636
1974-08-20,3771.1530065746047
1974-08-21,3686.3626030243713
1974-08-22,3619.515926283808
1974-08-23,3672.9610962562724
1974-08-26,3578.6206243033103
1974-08-27,3598.718775286555
1974-08-28,3559.6085358558466
1974-08-29,3572.863052920855
1974-08-30,3646.6749628824473
1974-09-02,3704.9150938998832
1974-09-03,3669.287148575301
1974-09-04,3632.3001890676023
1974-09-05,3705.5035846905635
1974-09-06,3658.0886531115816
1974-09-09,3668.2470947508373
1974-09-10,3649.5201830749143
1974-09-11,3665.8122744774796
1974-09-12,3658.515034532948
1974-09-13,3618.8971587026663
1974-09-17,3556.51142257577
1974-09-18,3580.4339164176718
1974-09-19,3603.4274844595293
1974-09-20,3631.6722527059214
1974-09-24,3621.3276011867247
1974-09-25,3622.527792284498
1974-09-26,3605.5678335288612
1974-09-27,3554.686033349784
1974-09-30,3544.735754293066
1974-10-01,3458.9564726412214
1974-10-02,3414.199068318616
1974-10-03,3370.6554421109854
1974-10-04,3292.8763393904146
1974-10-07,3237.187794516441
1974-10-08,3184.506808151776
1974-10-09,3012.559059467156
1974-10-11,3154.7650564975156
1974-10-14,3234.6335223225633
1974-10-15,3296.651267622433
1974-10-16,3336.960847980947
1974-10-17,3323.094250607707
1974-10-18,3367.5533601701068
1974-10-21,3320.9675937057086
1974-10-22,3285.793669612812
1974-10-23,3305.2812397332714
1974-10-24,3259.67682296251
1974-10-25,3217.55217302465
1974-10-28,3058.9793438349507
1974-10-29,3158.1618570239552
1974-10-30,3126.715863286088
1974-10-31,3231.349260959457
1974-11-01,3189.3764473968517
1974-11-05,3199.2750018243914
1974-11-06,3217.3036312993295
1974-11-07,3248.5268795489274
1974-11-08,3281.427843886456
1974-11-11,3356.703776282727
1974-11-12,3393.7289702263015
1974-11-13,3396.523798403023
1974-11-14,3414.0815476092225
1974-11-15,3387.9454075299946
1974-11-18,3363.7214634149923
1974-11-19,3335.7953741995343
1974-11-20,3325.043632352802
1974-11-21,3298.40614960997
1974-11-22,3383.951942575811
1974-11-25,3441.113258350692
1974-11-26,3475.1494261823054
1974-11-27,3537.3502623185536
1974-11-28,3527.8875523293377
1974-11-29,3536.2147531851756
1974-12-02,3579.0213629641494
1974-12-03,3560.383416817469
1974-12-04,3519.7231787391875
1974-12-05,3517.01920058069
1974-12-06,3467.963248056655
1974-12-09,3576.773915023739
1974-12-10,3552.5249424853973
1974-12-11,3541.948377501615
1974-12-12,3532.2893958096092
1974-12-13,3501.777426394985
1974-12-16,3516.4898008005453
1974-12-17,3517.55999583209
1974-12-18,3530.040687260838
1974-12-19,3518.5738953336754
1974-12-20,3503.4814697944153
1974-12-24,3456.5813206557655
1974-12-25,3512.571396837264
1974-12-26,3507.329868880837
1974-12-27,3459.850893230165
1974-12-30,3460.1234327853053
1975-01-06,3352.817683227108
1975-01-07,3375.69025992685
1975-01-08,3315.9749413022378
1975-01-09,3295.1034221197274
1975-01-13,3300.194044554991
1975-01-14,3358.1973757292053
1975-01-16,3376.0729619926688
1975-01-17,3455.9713271422183
1975-01-20,3450.8439936654736
1975-01-21,3422.562372655397
1975-01-22,3399.72770102854
1975-01-23,3387.5963607555236
1975-01-24,3383.2730918087013
1975-01-27,3414.374146472372
1975-01-28,3469.693119068487
1975-01-29,3509.8674404086178
1975-01-30,3567.1303193369336
1975-01-31,3575.080580412922
1975-02-03,3612.521031017355
1975-02-04,3617.531601310008
1975-02-05,3648.630805681357
1975-02-06,3649.4978695825534
1975-02-07,3648.096306135408
1975-02-10,3698.9663672694937
1975-02-12,3701.140100955317
1975-02-13,3725.5270061228534
1975-02-14,3713.8971041766295
1975-02-17,3743.082134290582
1975-02-18,3694.0854735256275
1975-02-19,3666.0434338441537
1975-02-20,3704.2590309303423
1975-02-21,3713.3544666053403
1975-02-24,3784.104968578769
1975-02-25,3786.8586025863287
1975-02-26,3806.0625104759483
1975-02-27,3842.8711737675685
1975-02-28,3867.4965516812767
1975-03-03,3893.8007356659336
1975-03-04,3861.363024056451
1975-03-05,3854.1581263940557
1975-03-06,3857.1371879972903
1975-03-07,3876.2885305875125
1975-03-10,3921.1245840672905
1975-03-11,3913.1800694579388
1975-03-12,3938.120176225371
1975-03-13,3896.153635847331
1975-03-14,3859.6054668844595
1975-03-17,3871.51964311756
1975-03-18,3890.1594652651934
1975-03-19,3873.2451630638584
1975-03-20,3848.787795498824
1975-03-24,3830.932844544443
1975-03-25,3849.9927160119646
1975-03-26,3862.175567024818
1975-03-27,3916.9886470221345
1975-03-28,3982.6928448053864
1975-03-31,4066.8168448609526
1975-04-01,4061.767945117228
1975-04-02,4074.2399655374857
1975-04-03,4076.2108986404583
1975-04-04,4030.232616246463
1975-04-07,3986.8669249654167
1975-04-08,3996.723492375528
1975-04-09,4038.7030154485115
1975-04-10,4048.9838079234955
1975-04-11,4048.7392855746552
1975-04-14,4060.0396177358793
1975-04-15,4033.553035754329
1975-04-16,4014.042799193115
1975-04-17,4015.3923587700965
1975-04-18,4014.6264520010027
1975-04-21,3994.2914502811013
1975-04-22,3955.1621467355053
1975-04-23,3970.8570697212795
1975-04-24,3965.21739548976
1975-04-25,3989.8097942046675
1975-04-28,4065.1560506259625
1975-04-30,4074.942931464381
1975-05-01,4093.0283530427073
1975-05-02,4133.163994530833
1975-05-06,4133.889679834094
1975-05-07,4132.525048945832
1975-05-08,4138.514125105765
1975-05-09,4122.785526926713
1975-05-12,4150.1413527544555
1975-05-13,4105.658429237658
1975-05-14,4112.847309992304
1975-05-15,4139.591815370696
1975-05-16,4133.969604230901
1975-05-19,4103.785558191269
1975-05-20,4110.922685515328
1975-05-21,4098.499774779605
1975-05-22,4114.181514240693
1975-05-23,4071.0525965012894
1975-05-26,4056.637964644296
1975-05-27,4068.1424945771573
1975-05-28,4059.0410065177066
1975-05-29,4026.87783927472
1975-05-30,4012.9995903870317
1975-06-02,3986.780628924178
1975-06-03,4006.679907494158
1975-06-04,4067.8108161517844
1975-06-05,4086.546265272281
1975-06-06,4130.553898434215
1975-06-09,4089.3753390214956
1975-06-10,4077.9077052527155
1975-06-11,4091.4761663585678
1975-06-12,4076.7988769780377
1975-06-13,4072.544215371973
1975-06-16,4107.005913408024
1975-06-17,4111.075157783781
1975-06-18,4100.496089525761
1975-06-19,4099.797812387224
1975-06-20,4092.4975331210053
1975-06-23,4103.561072792948
1975-06-24,4125.332649469298
1975-06-25,4118.361256668271
1975-06-26,4090.838711065788
1975-06-27,4103.192111347839
1975-06-30,4134.998198369236
1975-07-01,4143.3437833117205
1975-07-02,4134.792022208967
1975-07-03,4098.716199793193
1975-07-04,4057.3580508553814
1975-07-07,4025.6941163553515
1975-07-08,4007.214458547694
1975-07-09,4028.8166714871277
1975-07-10,4024.8230242518894
1975-07-11,4042.5138628438203
1975-07-14,4043.1048317168643
1975-07-15,4047.5861500987126
1975-07-16,4050.926610293773
1975-07-17,4015.2182854981443
1975-07-18,3998.8333492544893
1975-07-22,3930.6249314705915
1975-07-23,3948.5378720021017
1975-07-24,3935.5041077742517
1975-07-25,3950.633755884385
1975-07-28,3921.786194311472
1975-07-29,3957.8035628453513
1975-07-30,3941.1455535872283
1975-07-31,3961.3918353326562
1975-08-01,3924.75296083936
1975-08-04,3936.5249361902356
1975-08-05,3895.0392610201634
1975-08-06,3876.8763186733045
1975-08-07,3856.139559929949
1975-08-08,3882.975580977192
1975-08-11,3879.5169157319283
1975-08-12,3858.72873505637
1975-08-13,3838.055354289527
1975-08-14,3848.711129367162
1975-08-15,3870.992137530132
1975-08-18,3879.5391515779806
1975-08-19,3867.335826159741
1975-08-20,3830.2757886931545
1975-08-21,3808.506969519548
1975-08-22,3786.166558163268
1975-08-25,3753.1988057678846
1975-08-26,3710.0138292916113
1975-08-27,3696.9078640468024
1975-08-28,3670.5171957181146
1975-08-29,3719.817649056853
1975-09-01,3706.809387014213
1975-09-02,3708.852883011759
1975-09-03,3675.7914049118995
1975-09-04,3619.4917713488962
1975-09-05,3563.3461558575955
1975-09-08,3641.5195579916394
1975-09-09,3618.329934147813
1975-09-10,3633.2557651929387
1975-09-11,3670.1619822009
1975-09-12,3693.3852608211964
1975-09-16,3697.336248172241
1975-09-17,3691.4470326826554
1975-09-18,3662.4240868335983
1975-09-19,3645.1647995597386
1975-09-22,3609.2511572320745
1975-09-24,3617.0494318119245
1975-09-25,3609.1583713958685
1975-09-26,3574.3870413054583
1975-09-29,3500.3654273758875
1975-09-30,3567.127793397991
1975-10-01,3552.5279581591726
1975-10-02,3572.130792665105
1975-10-03,3655.5097345094473
1975-10-06,3766.1847959528463
1975-10-07,3765.7579650243906
1975-10-08,3810.8281699231225
1975-10-09,3859.066519927403
1975-10-13,3840.1673389662196
1975-10-14,3871.0091891188163
1975-10-15,3890.823138475945
1975-10-16,3889.5258343078353
1975-10-17,3912.607284937792
1975-10-20,3941.7864803229727
1975-10-21,3915.871115093223
1975-10-22,3947.09650919361
1975-10-23,3949.7847792767284
1975-10-24,3963.4595811010217
1975-10-27,3983.7661530994446
1975-10-28,3972.4815219215834
1975-10-29,4009.9436918191036
1975-10-30,3975.2987400269535
1975-10-31,4003.0183570501817
1975-11-04,3991.84157495697
1975-11-05,3962.2536043301507
1975-11-06,3939.9651661455864
1975-11-07,3977.6945707271348
1975-11-10,4007.6271130947707
1975-11-11,3990.0028671796344
1975-11-12,3992.4676152960906
1975-11-13,3967.290066517413
1975-11-14,3971.2539439357815
1975-11-17,3970.0715965692784
1975-11-18,3976.246207812586
1975-11-19,3943.5064023921664
1975-11-20,3967.2604474659297
1975-11-21,3949.3697078599275
1975-11-25,3910.565599377738
1975-11-26,3962.835202258878
1975-11-27,3983.0255553462666
1975-11-28,3989.4446747952406
1975-12-01,3968.6167686863682
1975-12-02,3967.5712531081326
1975-12-03,3992.5436441102383
1975-12-04,3970.152188127842
1975-12-05,3973.1439723145477
1975-12-08,3934.336041330323
1975-12-09,3902.9332222371377
1975-12-10,3918.1556947693307
1975-12-11,3918.9298333998186
1975-12-12,3901.470888126337
1975-12-15,3897.0875523435666
1975-12-16,3885.5731435868947
1975-12-17,3853.6215320231363
1975-12-18,3858.0712021147774
1975-12-19,3894.1622313523426
1975-12-22,3908.1584289820676
1975-12-24,3930.029969740307
1975-12-25,3978.359005509792
1975-12-26,4008.106195919828
1975-12-29,4008.4927523996694
1975-12-30,4008.8793461604373
1976-01-05,4065.5640904783595
1976-01-06,4108.998627554807
1976-01-07,4127.284157204791
1976-01-08,4143.051535004679
1976-01-09,4141.83508042545
1976-01-12,4231.554179154128
1976-01-13,4239.038948374349
1976-01-14,4254.8774008622295
1976-01-16,4277.778260175844
1976-01-19,4259.403408061908
1976-01-20,4276.200019048432
1976-01-21,4267.692945557759
1976-01-22,4222.562049513536
1976-01-23,4236.280902082726
1976-01-26,4289.386963041472
1976-01-27,4309.041024645679
1976-01-28,4288.114759024659
1976-01-29,4278.734737331988
1976-01-30,4306.873795507583
1976-02-02,4319.682948569141
1976-02-03,4284.1160052774785
1976-02-04,4301.402658892682
1976-02-05,4287.22730995811
1976-02-06,4244.884039230266
1976-02-09,4181.648267744371
1976-02-10,4183.393828498768
1976-02-12,4199.772043562877
1976-02-13,4228.2319860234165
1976-02-16,4202.11010060866
1976-02-17,4203.459753996885
1976-02-18,4172.461157159889
1976-02-19,4131.141552118096
1976-02-20,4157.070918562438
1976-02-23,4164.057086424626
1976-02-24,4168.284037326313
1976-02-25,4218.491818563455
1976-02-26,4260.621186608905
1976-02-27,4288.203977497344
1976-03-01,4290.229443550047
1976-03-02,4283.369359808435
1976-03-03,4279.834629999121
1976-03-04,4272.619796355249
1976-03-05,4275.144982391097
1976-03-08,4256.907536638197
1976-03-09,4252.599527839779
1976-03-10,4271.5793860383665
1976-03-11,4275.412711630586
1976-03-12,4264.271091144649
1976-03-15,4272.545934981882
1976-03-16,4257.729865951229
1976-03-17,4250.720202744283
1976-03-18,4268.6618549570085
1976-03-19,4277.227565813722
1976-03-23,4292.252406309507
1976-03-24,4300.970309157714
1976-03-25,4289.525920571968
1976-03-26,4334.529901279779
1976-03-29,4238.324018707197
1976-03-30,4225.552414993732
1976-03-31,4266.729526719498
1976-04-01,4253.503459028375
1976-04-02,4246.95983542623
1976-04-05,4189.328329112454
1976-04-06,4160.073837204654
1976-04-07,4199.971962351686
1976-04-08,4179.89821956395
1976-04-09,4146.594322731824
1976-04-12,4108.741818570232
1976-04-13,4095.2781010723156
1976-04-14,4100.273158034833
1976-04-15,4142.027441137686
1976-04-16,4158.541218342198
1976-04-19,4161.071006136137
1976-04-20,4190.610484064436
1976-04-21,4216.102690961029
1976-04-22,4232.526804790194
1976-04-23,4251.714733011077
1976-04-26,4245.365272788125
1976-04-27,4291.188686203892
1976-04-28,4316.515059617887
1976-04-30,4331.039530753233
1976-05-06,4261.439037468253
1976-05-07,4292.62988003895
1976-05-10,4308.22573102725
1976-05-11,4303.775061728975
1976-05-12,4294.048077918122
1976-05-13,4325.09481755755
1976-05-14,4311.645532720678
1976-05-17,4309.650562353721
1976-05-18,4256.667975834101
1976-05-19,4270.557093778028
1976-05-20,4284.737773482605
1976-05-21,4265.646160634727
1976-05-24,4273.664421511181
1976-05-25,4254.661520377407
1976-05-26,4272.803173027242
1976-05-27,4256.954122457373
1976-05-28,4292.945648503865
1976-05-31,4340.382483337339
1976-06-01,4365.497513857186
1976-06-02,4384.989593232397
1976-06-03,4405.146663707899
1976-06-04,4395.879252485413
1976-06-07,4411.754298850237
1976-06-08,4380.471249211754
1976-06-09,4386.383070670298
1976-06-10,4371.3685117855175
1976-06-11,4370.987654225436
1976-06-14,4388.65702235029
1976-06-15,4417.631295503537
1976-06-16,4432.706179769407
1976-06-17,4418.080480918658
1976-06-18,4380.209008107111
1976-06-21,4420.674891110732
1976-06-22,4385.241431821427
1976-06-23,4387.799951102104
1976-06-24,4393.195339911097
1976-06-25,4409.378959845958
1976-06-28,4474.380582038261
1976-06-29,4502.07173932701
1976-06-30,4528.806674440214
1976-07-01,4541.740639101386
1976-07-02,4531.068274772248
1976-07-05,4524.772105319059
1976-07-06,4522.172184181024
1976-07-07,4533.093393722302
1976-07-08,4495.800564793977
1976-07-09,4519.39486177275
1976-07-12,4490.873871234642
1976-07-13,4460.7973865392505
1976-07-14,4434.097386075913
1976-07-15,4387.1183134982675
1976-07-16,4399.472513467281
1976-07-19,4381.188502195411
1976-07-21,4389.619068433535
1976-07-22,4397.631264438589
1976-07-23,4413.206052506066
1976-07-26,4362.768924854088
1976-07-27,4374.762658991887
1976-07-28,4373.950288430942
1976-07-29,4344.777310757315
1976-07-30,4340.707342266617
1976-08-02,4340.218543848105
1976-08-03,4350.607012259458
1976-08-04,4390.649063849073
1976-08-05,4404.074532365525
1976-08-06,4413.798099192959
1976-08-09,4408.5998498901445
1976-08-10,4422.180308052213
1976-08-11,4439.375694194296
1976-08-12,4427.467553319268
1976-08-13,4433.622178001529
1976-08-16,4420.822330089808
1976-08-17,4427.83810901041
1976-08-18,4430.792056639771
1976-08-19,4432.529484517596
1976-08-20,4416.831491599991
1976-08-23,4398.283721174341
1976-08-24,4399.306565220316
1976-08-25,4397.566278160754
1976-08-26,4386.037118859109
1976-08-27,4393.279586341947
1976-08-30,4400.448295787893
1976-08-31,4439.541452260764
1976-09-01,4484.928807756245
1976-09-02,4481.2649433895895
1976-09-03,4465.762789623424
1976-09-06,4442.2627015795015
1976-09-07,4406.544217839434
1976-09-08,4405.665531529028
1976-09-09,4384.609677805239
1976-09-10,4414.193384791612
1976-09-13,4435.220478099692
1976-09-14,4410.428979921381
1976-09-16,4418.451025098682
1976-09-17,4430.02904206231
1976-09-20,4433.860363680412
1976-09-21,4445.564085404227
1976-09-22,4451.499307767175
1976-09-24,4438.9131952765065
1976-09-27,4431.241828779756
1976-09-28,4487.696635063797
1976-09-29,4537.187730350102
1976-09-30,4534.132018817885
1976-10-01,4520.589952972865
1976-10-04,4539.519563128821
1976-10-05,4534.923171177373
1976-10-06,4530.983401969679
1976-10-07,4511.951450138578
1976-10-08,4488.098195114768
1976-10-12,4408.158082858119
1976-10-13,4419.131156397809
1976-10-14,4418.467012542962
1976-10-15,4418.864249990579
1976-10-18,4401.409224300186
1976-10-19,4365.110182097025
1976-10-20,4348.277140661101
1976-10-21,4358.9311357973265
1976-10-22,4341.370216002534
1976-10-25,4338.64901040558
1976-10-26,4341.887377865998
1976-10-27,4356.070646927189
1976-10-28,4363.824208424501
1976-10-29,4369.144214961079
1976-11-01,4368.850515446559
1976-11-02,4344.319398233986
1976-11-04,4303.981789745242
1976-11-05,4253.956661754873
1976-11-08,4260.416498164709
1976-11-09,4289.29829032997
1976-11-10,4327.359476039651
1976-11-11,4316.4373024934275
1976-11-12,4296.56333409661
1976-11-15,4285.438742482291
1976-11-16,4253.396547928955
1976-11-17,4249.5239331614885
1976-11-18,4198.8040153609745
1976-11-19,4191.376105151156
1976-11-22,4216.72481659518
1976-11-24,4269.867657652354
1976-11-25,4296.150855323471
1976-11-26,4305.588416044086
1976-11-29,4278.02754258453
1976-11-30,4245.431292283552
1976-12-01,4244.097998160456
1976-12-02,4236.678205806421
1976-12-03,4280.800665923588
1976-12-06,4321.727003947278
1976-12-07,4383.074736035634
1976-12-08,4446.582288631058
1976-12-09,4492.266540296772
1976-12-10,4492.368445928885
1976-12-13,4479.752526364025
1976-12-14,4460.882099447661
1976-12-15,4492.382596860924
1976-12-16,4493.767303333022
1976-12-17,4521.315399527625
1976-12-20,4546.490984370519
1976-12-21,4587.8585555845875
1976-12-22,4633.8376874347
1976-12-24,4623.271954559848
1976-12-27,4693.040230489382
1976-12-28,4709.65547135253
1976-12-29,4710.078887780283
1976-12-30,4710.502342274827
1977-01-04,4718.390454847317
1977-01-05,4704.303962351315
1977-01-06,4673.676463671003
1977-01-07,4682.9326886962945
1977-01-11,4661.409872952501
1977-01-12,4653.198189990976
1977-01-13,4681.850369951858
1977-01-14,4716.947509387941
1977-01-17,4706.131083614212
1977-01-18,4668.49897786543
1977-01-19,4712.944093494104
1977-01-20,4715.878974264511
1977-01-21,4734.7990588976045
1977-01-24,4774.987990131769
1977-01-25,4766.296820071057
1977-01-26,4793.520592480347
1977-01-27,4768.3491289131125
1977-01-28,4763.974228760625
1977-01-31,4690.086392478191
1977-02-01,4733.7579643040235
1977-02-02,4794.261885396175
1977-02-03,4770.6220992594235
1977-02-04,4788.622785583964
1977-02-07,4801.700730368295
1977-02-08,4809.561249604746
1977-02-09,4792.326555327582
1977-02-10,4779.250609957068
1977-02-14,4708.767388702207
1977-02-15,4717.398790816196
1977-02-16,4742.678547049491
1977-02-17,4783.058787171272
1977-02-18,4765.834051327418
1977-02-21,4766.174960535305
1977-02-22,4752.882073014864
1977-02-23,4754.225076308
1977-02-24,4767.178890775675
1977-02-25,4771.115761112083
1977-02-28,4771.457048130755
1977-03-01,4774.117381890751
1977-03-02,4802.371871284371
1977-03-03,4787.569799168818
1977-03-04,4787.193017830417
1977-03-07,4787.535454885953
1977-03-08,4766.697826069976
1977-03-09,4743.385988936144
1977-03-10,4745.240486134226
1977-03-11,4840.640276471021
1977-03-14,4840.986536711002
1977-03-15,4700.284581112831
1977-03-16,4733.2615957860935
1977-03-17,4735.068269394339
1977-03-18,4726.161114815773
1977-03-22,4726.499186142774
1977-03-23,4727.064436358034
1977-03-24,4717.216430290719
1977-03-25,4701.880258216207
1977-03-28,4702.216592687182
1977-03-29,4718.143647649541
1977-03-30,4727.713127041822
1977-03-31,4750.572883346976
1977-04-01,4747.717981973927
1977-04-04,4748.05759530479
1977-04-05,4712.654500001624
1977-04-06,4626.566606858131
1977-04-07,4639.973629117156
1977-04-08,4618.419300104613
1977-04-11,4618.749664453924
1977-04-12,4672.495441427204
1977-04-13,4713.0838503298655
1977-04-14,4753.829960718651
1977-04-15,4763.21028140839
1977-04-18,4763.551002933006
1977-04-19,4776.833085996007
1977-04-20,4815.754632170774
1977-04-21,4856.9112773456245
1977-04-22,4893.9173976028715
1977-04-25,4894.267468857036
1977-04-26,4843.2044448826655
1977-04-27,4834.059127031924
1977-04-28,4833.512682724895
1977-05-02,4840.588906500633
1977-05-06,4881.578170276677
1977-05-09,4881.9273588823535
1977-05-10,4865.517713413119
1977-05-11,4832.022463775035
1977-05-12,4823.859266973661
1977-05-13,4795.124269463198
1977-05-16,4795.467273856306
1977-05-17,4791.554505646516
1977-05-18,4783.889698301374
1977-05-19,4781.172723209464
1977-05-20,4773.4582463062425
1977-05-23,4773.799700887353
1977-05-24,4777.210291530172
1977-05-25,4774.007551787923
1977-05-26,4772.600585018559
1977-05-27,4741.797383496755
1977-05-30,4742.1365733159055
1977-05-31,4739.652494225862
1977-06-01,4803.777084444939
1977-06-02,4767.139698966251
1977-06-03,4746.241340924636
1977-06-06,4746.580848628545
1977-06-07,4765.84270062611
1977-06-08,4721.841248106661
1977-06-09,4712.098200326569
1977-06-10,4712.882012816535
1977-06-13,4713.219134264021
1977-06-14,4686.152179889419
1977-06-15,4674.3013957843
1977-06-16,4679.287530619927
1977-06-17,4728.734624643689
1977-06-20,4729.072880058762
1977-06-21,4732.960442788286
1977-06-22,4716.855151147391
1977-06-23,4696.835744336253
1977-06-24,4711.733454424387
1977-06-27,4712.070493713298
1977-06-28,4759.031394707967
1977-06-29,4766.283316852358
1977-06-30,4749.773106122955
1977-07-01,4731.128046544378
1977-07-04,4731.4664731654875
1977-07-05,4740.213244929519
1977-07-06,4706.773879176725
1977-07-07,4735.663138775948
1977-07-08,4748.354784751882
1977-07-11,4748.694443634462
1977-07-12,4838.395424104167
1977-07-13,4818.43129841233
1977-07-14,4815.527069091876
1977-07-15,4791.327643183697
1977-07-18,4791.670375996878
1977-07-19,4765.560362050601
1977-07-21,4730.097741283036
1977-07-22,4737.231257584052
1977-07-25,4737.570120779499
1977-07-26,4705.3194856974
1977-07-27,4686.762183980277
1977-07-28,4675.057032135145
1977-07-29,4623.345767954658
1977-08-01,4743.955764456252
1977-08-02,4739.727656373357
1977-08-03,4779.193147735718
1977-08-04,4824.72899175148
1977-08-05,4827.181833051162
1977-08-08,4827.527130582992
1977-08-09,4841.9420709152355
1977-08-10,4833.273964645949
1977-08-11,4858.566937088021
1977-08-12,4898.222643557204
1977-08-15,4898.5730227738295
1977-08-16,4963.828590469668
1977-08-17,4992.402076030561
1977-08-18,4977.9094479484365
1977-08-19,4982.312019034823
1977-08-22,4982.668413325007
1977-08-23,4930.31456942603
1977-08-24,4948.385107463528
1977-08-25,4916.890696194329
1977-08-26,4945.999422079564
1977-08-29,4946.353218860366
1977-08-30,4998.099864192134
1977-08-31,5006.813329086634
1977-09-01,4917.159613209775
1977-09-02,5003.3939851073965
1977-09-05,5003.75188743086
1977-09-06,5050.964052079768
1977-09-07,5035.199898489121
1977-09-08,5044.674387454702
1977-09-09,5017.346523388351
1977-09-12,5017.705423763514
1977-09-13,4972.034150967016
1977-09-14,4971.2143816363105
1977-09-16,4975.621976966114
1977-09-19,4975.977892704817
1977-09-20,4949.130291058476
1977-09-21,4967.0540370840245
1977-09-22,4960.144190237824
1977-09-26,4930.679130564695
1977-09-27,4933.393669721238
1977-09-28,4957.871347287766
1977-09-29,4994.03824629915
1977-09-30,5034.838790864757
1977-10-03,5035.198942495206
1977-10-04,5033.186629227556
1977-10-05,4996.079179443693
1977-10-06,5018.82150128894
1977-10-07,5010.512985180027
1977-10-11,5010.871396739156
1977-10-12,4916.1514311434175
1977-10-13,4964.66290061665
1977-10-14,4931.017418818249
1977-10-17,4931.370143907756
1977-10-18,4889.055987355495
1977-10-19,4891.817755310326
1977-10-20,4922.588438758368
1977-10-21,4930.091255561034
1977-10-24,4930.443914400315
1977-10-25,4915.573603084214
1977-10-26,4909.615477974087
1977-10-27,4904.202118450424
1977-10-28,4903.576121589533
1977-10-31,4903.9268837506625
1977-11-01,4937.61768186787
1977-11-02,4809.381132073249
1977-11-04,4813.307483313286
1977-11-07,4813.651788386393
1977-11-08,4813.478737158944
1977-11-09,4767.9777666783575
1977-11-10,4766.613005767823
1977-11-11,4734.910175736237
1977-11-14,4735.248872900268
1977-11-15,4788.4331421349225
1977-11-16,4746.066866437227
1977-11-17,4700.119231793868
1977-11-18,4636.248972754687
1977-11-21,4636.58061249452
1977-11-22,4629.923103683601
1977-11-24,4529.110971702459
1977-11-25,4408.15709855229
1977-11-28,4408.472422444924
1977-11-29,4624.793920601382
1977-11-30,4651.077285572587
1977-12-01,4697.88006749807
1977-12-02,4712.710104329993
1977-12-05,4713.047213480536
1977-12-06,4705.018639584633
1977-12-07,4688.354625766813
1977-12-08,4620.796682247156
1977-12-09,4647.4286961470125
1977-12-12,4647.7611355938025
1977-12-13,4615.118794709034
1977-12-14,4586.233468901041
1977-12-15,4615.779074839456
1977-12-16,4604.6575273354365
1977-12-19,4604.98690727887
1977-12-20,4714.280046132263
1977-12-21,4705.6402240176385
1977-12-22,4701.531351655594
1977-12-26,4684.948138442758
1977-12-27,4690.872083340957
1977-12-28,4670.319445315624
1977-12-29,4670.653522181402
1977-12-30,4670.987622944336
1978-01-04,4676.006398767189
1978-01-05,4746.704551330763
1978-01-06,4779.175736586124
1978-01-09,4798.786859685293
1978-01-11,4811.11738011968
1978-01-12,4800.6281918194545
1978-01-13,4834.582089126885
1978-01-17,4842.535064086581
1978-01-18,4866.106799166333
1978-01-19,4869.3533311875835
1978-01-20,4867.7078215634565
1978-01-23,4850.864132761954
1978-01-24,4831.624196007618
1978-01-25,4814.006399340947
1978-01-26,4828.057168010186
1978-01-27,4835.014211531205
1978-01-30,4882.580188471721
1978-01-31,4915.727475117496
1978-02-01,4941.830062668476
1978-02-02,4939.148919956525
1978-02-03,4933.380333960084
1978-02-06,4937.576359993129
1978-02-07,4936.270143531369
1978-02-08,4949.404384142679
1978-02-09,4953.092537728217
1978-02-10,4949.978241565049
1978-02-13,4963.548687500467
1978-02-14,4942.641774984674
1978-02-15,4931.798440166733
1978-02-16,4939.182149722869
1978-02-17,4895.573022651908
1978-02-20,4895.89957260388
1978-02-21,4872.66097417741
1978-02-22,4895.686406837475
1978-02-23,4914.161059738648
1978-02-24,4931.386203628195
1978-02-27,5028.312280764212
1978-02-28,5029.16771618902
1978-03-01,5017.8698737007335
1978-03-02,5021.392431904351
1978-03-03,5044.910082899648
1978-03-06,5006.631723204532
1978-03-07,5017.918203066661
1978-03-08,5000.315469372606
1978-03-09,4987.980375904477
1978-03-10,5021.331065659962
1978-03-13,5083.148414077891
1978-03-14,5077.369031193481
1978-03-15,5087.103374458658
1978-03-16,5105.473909065464
1978-03-17,5099.077365059481
1978-03-20,5079.234505941599
1978-03-22,5083.371076452359
1978-03-23,5077.068201970481
1978-03-24,5073.261657789549
1978-03-27,5126.240461568184
1978-03-28,5168.292274177941
1978-03-29,5207.621279255799
1978-03-30,5218.103222687158
1978-03-31,5253.631319331403
1978-04-03,5237.1720432026605
1978-04-04,5285.177183578206
1978-04-05,5331.982535803932
1978-04-06,5303.7372242724905
1978-04-07,5291.521334029279
1978-04-10,5272.2028804832335
1978-04-11,5258.072422278141
1978-04-12,5272.732400570558
1978-04-13,5274.560737230844
1978-04-14,5310.974591656322
1978-04-17,5350.954815523872
1978-04-18,5341.766868793021
1978-04-19,5362.5078899345945
1978-04-20,5355.838653804568
1978-04-21,5311.530030063647
1978-04-24,5323.941866418028
1978-04-25,5330.978366206015
1978-04-26,5349.543609341139
1978-04-27,5326.513682401465
1978-04-28,5344.09654389082
1978-05-01,5343.24586525078
1978-05-02,5351.492636769495
1978-05-08,5337.883501938388
1978-05-09,5303.089941423423
1978-05-10,5299.454310900522
1978-05-11,5302.84082486324
1978-05-12,5311.619173259465
1978-05-15,5313.451504569773
1978-05-16,5235.850579566813
1978-05-17,5256.772330241679
1978-05-18,5225.000888503056
1978-05-19,5222.749782948077
1978-05-22,5227.002815920157
1978-05-23,5236.2921065835035
1978-05-24,5273.208671922554
1978-05-25,5274.159868649453
1978-05-26,5258.531056416818
1978-05-29,5259.403933513448
1978-05-30,5258.3719475399
1978-05-31,5288.949545071424
1978-06-01,5295.5590732922765
1978-06-02,5300.079963387696
1978-06-05,5314.679380139252
1978-06-06,5309.733649400243
1978-06-07,5310.697560662126
1978-06-08,5324.874968527118
1978-06-09,5321.3119274584615
1978-06-12,5332.618801904825
1978-06-13,5315.249189843164
1978-06-14,5323.770111293756
1978-06-15,5318.126067108702
1978-06-16,5314.22247376102
1978-06-19,5300.844198065203
1978-06-20,5298.758792021384
1978-06-21,5303.022629010145
1978-06-22,5308.2455327066355
1978-06-23,5306.169585762782
1978-06-26,5306.436545736526
1978-06-27,5297.9124761913945
1978-06-28,5326.286458986159
1978-06-29,5357.888708842532
1978-06-30,5367.765168851327
1978-07-03,5387.327186545078
1978-07-04,5386.756351613778
1978-07-05,5400.995142333459
1978-07-06,5412.775475488568
1978-07-07,5440.99614549598
1978-07-10,5455.415403938767
1978-07-11,5452.795274183826
1978-07-12,5452.131924439421
1978-07-13,5449.5211130193475
1978-07-14,5454.739588763241
1978-07-17,5462.516747303161
1978-07-18,5462.202528841646
1978-07-19,5466.908880073089
1978-07-21,5441.70440342791
1978-07-24,5406.938594152432
1978-07-25,5392.215871627479
1978-07-26,5405.023270086557
1978-07-27,5405.209117007256
1978-07-28,5408.3913190908
1978-07-31,5431.364247537107
1978-08-01,5416.2792133394205
1978-08-02,5383.095351072518
1978-08-03,5389.176905426479
1978-08-04,5408.82761319684
1978-08-07,5391.088933026486
1978-08-08,5327.677706639306
1978-08-09,5316.935108433603
1978-08-10,5332.83193938401
1978-08-11,5338.824788183711
1978-08-14,5344.55641239414
1978-08-15,5331.162897954912
1978-08-16,5335.361371594294
1978-08-17,5327.691238911407
1978-08-18,5333.772823916115
1978-08-21,5351.376630374642
1978-08-22,5357.120722962565
1978-08-23,5359.274050401276
1978-08-24,5343.137556273561
1978-08-25,5349.989118006159
1978-08-28,5346.161132383502
1978-08-29,5367.5400884474775
1978-08-30,5396.690500088577
1978-08-31,5424.233001459085
1978-09-01,5438.3567556220805
1978-09-04,5475.725097356872
1978-09-05,5479.684009552187
1978-09-06,5476.02825741686
1978-09-07,5489.99406519485
1978-09-08,5450.59529269241
1978-09-11,5480.038925045348
1978-09-12,5501.605944495462
1978-09-13,5501.8078011665275
1978-09-14,5500.629318253508
1978-09-18,5512.716867435267
1978-09-19,5494.181007824437
1978-09-20,5464.610044368661
1978-09-21,5466.335326595546
1978-09-22,5479.969701905037
1978-09-25,5504.542423846999
1978-09-26,5535.885186797694
1978-09-27,5579.376484537397
1978-09-28,5595.248242210538
1978-09-29,5613.271145915333
1978-10-02,5621.911856264199
1978-10-03,5620.993262119549
1978-10-04,5629.460820164788
1978-10-05,5632.676527965784
1978-10-06,5634.774056183442
1978-10-09,5602.423818506872
1978-10-11,5601.503492958471
1978-10-12,5576.89185762497
1978-10-13,5573.391239101792
1978-10-16,5641.051970342926
1978-10-17,5680.90890521697
1978-10-18,5701.024971395486
1978-10-19,5715.634285967634
1978-10-20,5716.881949415149
1978-10-23,5704.41451685953
1978-10-24,5657.191568222758
1978-10-25,5680.486157448475
1978-10-26,5682.929226175178
1978-10-27,5732.322828868145
1978-10-30,5771.167831301362
1978-10-31,5748.288983456236
1978-11-01,5718.959464629172
1978-11-02,5742.179845648445
1978-11-06,5781.814776694218
1978-11-07,5789.759413953896
1978-11-08,5803.792906333982
1978-11-09,5794.74016973461
1978-11-10,5814.621359560125
1978-11-13,5819.988342924087
1978-11-14,5790.657738673848
1978-11-15,5749.444678097268
1978-11-16,5768.8312730453545
1978-11-17,5783.064849775737
1978-11-20,5795.2339329804145
1978-11-21,5804.743668036352
1978-11-22,5828.018617496431
1978-11-24,5834.860935727808
1978-11-27,5829.40069425688
1978-11-28,5796.484320336806
1978-11-29,5798.333520182155
1978-11-30,5818.856536160682
1978-12-01,5853.677897737109
1978-12-04,5906.574730570381
1978-12-05,5903.174676024696
1978-12-06,5901.852026264703
1978-12-07,5911.453679729639
1978-12-08,5926.051225795158
1978-12-11,5947.976904623218
1978-12-12,5931.065871860277
1978-12-13,5949.023878450586
1978-12-14,5936.423835814349
1978-12-15,5884.535394036007
1978-12-18,5834.279659208735
1978-12-19,5839.4117999248865
1978-12-20,5831.358884844077
1978-12-21,5732.675869898273
1978-12-22,5743.913090381526
1978-12-25,5748.259692534607
1978-12-26,5785.009325942238
1978-12-27,5837.609801305071
1978-12-28,5860.23193184084
1978-12-29,5860.622827543353
1979-01-04,5899.753637236163
1979-01-05,5930.100235455029
1979-01-08,5934.93037693429
1979-01-09,5939.390033261929
1979-01-10,5958.55064866816
1979-01-11,5974.548387063063
1979-01-12,5972.085232286355
1979-01-16,5976.880032484018
1979-01-17,5971.1532319946655
1979-01-18,5966.373680194835
1979-01-19,5966.293451193759
1979-01-22,5968.099275662024
1979-01-23,5986.419627358223
1979-01-24,6011.153536618609
1979-01-25,6018.102762527855
1979-01-26,6021.387587244243
1979-01-29,6052.608162555259
1979-01-30,6046.8926171647345
1979-01-31,6073.3474632015705
1979-02-01,6061.209666521506
1979-02-02,6049.148239145283
1979-02-05,6011.918879964888
1979-02-06,5959.783921063732
1979-02-07,5970.752420451349
1979-02-08,5965.880476121315
1979-02-09,5903.542865224394
1979-02-13,5891.213777122567
1979-02-14,5928.128810804326
1979-02-15,5968.482113711629
1979-02-16,5995.213324205335
1979-02-19,5991.710424240153
1979-02-20,5983.403476683093
1979-02-21,5965.419903575925
1979-02-22,5974.046853078049
1979-02-23,5950.042584496689
1979-02-26,5958.395824437603
1979-02-27,5935.4251457175405
1979-02-28,5943.200741048835
1979-03-01,5848.3017642227505
1979-03-02,5846.080014133553
1979-03-05,5886.838045725892
1979-03-06,5866.244739081949
1979-03-07,5890.513573139926
1979-03-08,5899.405331470335
1979-03-09,5916.32649412837
1979-03-12,5935.902956253988
1979-03-13,5932.059724882478
1979-03-14,5922.33114096983
1979-03-15,5899.684787301632
1979-03-16,5901.225515181613
1979-03-19,5905.586937561819
1979-03-20,5929.3613656295365
1979-03-22,5950.219648741413
1979-03-23,5955.612999319982
1979-03-26,5977.259209076734
1979-03-27,5984.878625938805
1979-03-28,5984.523726957356
1979-03-29,6012.034523206927
1979-03-30,6010.37833263402
1979-04-02,5966.654276177107
1979-04-03,5914.163756614613
1979-04-04,5918.538575535954
1979-04-05,5928.509632240177
1979-04-06,5929.827617382433
1979-04-09,5891.9374253956985
1979-04-10,5808.853480002052
1979-04-11,5924.046762614622
1979-04-12,5951.824601148975
1979-04-13,5995.9593463062965
1979-04-16,5990.771083875324
1979-04-17,5960.333274622688
1979-04-18,5941.080174674608
1979-04-19,5947.547849514843
1979-04-20,5985.2616410133905
1979-04-23,6002.824713704711
1979-04-24,6021.468830698233
1979-04-25,6060.674430355927
1979-04-26,6075.920478074026
1979-04-27,6104.902295954322
1979-05-01,6118.77881666642
1979-05-02,6159.049326841066
1979-05-04,6167.750223712603
1979-05-07,6136.182390813802
1979-05-08,6120.114991945815
1979-05-09,6132.30872016388
1979-05-10,6147.546300956105
1979-05-11,6157.7997516223295
1979-05-14,6180.5390210063515
1979-05-15,6192.640811211294
1979-05-16,6224.788864557722
1979-05-17,6171.88735594605
1979-05-18,6200.209197595998
1979-05-21,6191.972152517787
1979-05-22,6149.977307640796
1979-05-23,6120.83070556051
1979-05-24,6186.903767816364
1979-05-25,6200.395779897622
1979-05-28,6219.477883986424
1979-05-29,6180.713623462513
1979-05-30,6195.229595675259
1979-05-31,6141.705196846395
1979-06-01,6067.742849015771
1979-06-04,6089.494472345988
1979-06-05,6016.414046715811
1979-06-06,6067.551780933218
1979-06-07,6078.332107296919
1979-06-08,6069.157264479916
1979-06-11,5960.072984474137
1979-06-12,5991.840226570421
1979-06-13,6014.942709534384
1979-06-14,5995.864395869458
1979-06-15,6038.873489511642
1979-06-18,6082.742890924107
1979-06-19,6081.369472716636
1979-06-20,6095.783586253418
1979-06-21,6143.055962423064
1979-06-22,6142.501416622048
1979-06-25,6135.290198101856
1979-06-26,6136.387210970412
1979-06-27,6153.906636428683
1979-06-28,6146.399921916141
1979-06-29,6144.025778699757
1979-07-02,6179.675353884578
1979-07-03,6199.650229611308
1979-07-04,6206.849604225685
1979-07-05,6189.890407876783
1979-07-06,6178.142957041646
1979-07-09,6157.4513274466135
1979-07-10,6077.626038443811
1979-07-11,6107.854372151527
1979-07-12,6056.297000470272
1979-07-13,6011.867460199833
1979-07-16,6090.387751313871
1979-07-17,6083.786767362952
1979-07-18,6083.78861828646
1979-07-19,6083.160853780489
1979-07-20,6083.123695032952
1979-07-23,6083.982466895265
1979-07-24,6114.364890098333
1979-07-25,6153.512924883383
1979-07-26,6147.601696654716
1979-07-27,6168.363670666567
1979-07-30,6179.211957984513
1979-07-31,6217.447284525597
1979-08-01,6226.5863723635
1979-08-02,6233.756310206218
1979-08-03,6259.857867226223
1979-08-06,6296.13684844057
1979-08-07,6269.466473251175
1979-08-08,6307.208141091909
1979-08-09,6297.224076696801
1979-08-10,6300.381311586991
1979-08-13,6300.395480936956
1979-08-14,6301.346359055795
1979-08-15,6330.222332408825
1979-08-16,6349.720772687834
1979-08-17,6358.962324967457
1979-08-20,6355.55060190796
1979-08-21,6311.146610546009
1979-08-22,6323.846924473121
1979-08-23,6305.528193091149
1979-08-24,6293.723666974882
1979-08-27,6317.377686929788
1979-08-28,6344.879848063171
1979-08-29,6354.904219819106
1979-08-30,6347.220965205848
1979-08-31,6346.488404307364
1979-09-03,6316.941288816676
1979-09-04,6313.258373151596
1979-09-05,6323.45130512706
1979-09-06,6337.491896637506
1979-09-07,6323.521552961043
1979-09-10,6323.349781865524
1979-09-11,6339.700972183104
1979-09-12,6364.844715627666
1979-09-13,6361.419227030598
1979-09-14,6368.826714469756
1979-09-17,6352.544421178278
1979-09-18,6374.339335372316
1979-09-19,6397.143361534801
1979-09-20,6380.84004245544
1979-09-21,6405.571321006307
1979-09-25,6406.598268187392
1979-09-26,6394.003666197217
1979-09-27,6455.43138602905
1979-09-28,6484.338817921398
1979-10-01,6493.880559016645
1979-10-02,6461.907716122288
1979-10-03,6459.897096546146
1979-10-04,6450.63836015579
1979-10-05,6486.45644767623
1979-10-08,6414.619502250209
1979-10-09,6431.922106970216
1979-10-11,6316.8548895477325
1979-10-12,6360.485756357524
1979-10-15,6446.871774477709
1979-10-16,6437.164096953355
1979-10-17,6417.260183397235
1979-10-18,6349.943743403744
1979-10-19,6339.714843264956
1979-10-22,6265.8749041217225
1979-10-23,6295.2920373513225
1979-10-24,6151.963592991748
1979-10-25,6161.820692671031
1979-10-26,6135.073836221583
1979-10-29,6245.592390675333
1979-10-30,6331.186912758394
1979-10-31,6369.662256163103
1979-11-01,6370.035526712302
1979-11-02,6351.46833841607
1979-11-05,6350.09066979104
1979-11-06,6378.768466612495
1979-11-07,6296.365267224446
1979-11-08,6318.992194931174
1979-11-09,6332.0693107785755
1979-11-12,6343.664093329158
1979-11-13,6331.110234404659
1979-11-14,6343.705441102317
1979-11-15,6302.990707789342
1979-11-16,6317.742197220976
1979-11-19,6306.103916601134
1979-11-20,6295.334196003131
1979-11-21,6236.235621649941
1979-11-22,6261.295742422007
1979-11-26,6319.979566716128
1979-11-27,6340.436324080423
1979-11-28,6353.127913628063
1979-11-29,6373.875991372952
1979-11-30,6383.502938038641
1979-12-03,6408.976164019745
1979-12-04,6421.328139537681
1979-12-05,6441.501142389264
1979-12-06,6437.236081514394
1979-12-07,6396.411425135671
1979-12-10,6387.678468091048
1979-12-11,6379.973690762804
1979-12-12,6437.04239124578
1979-12-13,6429.883967216589
1979-12-14,6446.243397474467
1979-12-17,6428.2807920858895
1979-12-18,6415.911481912963
1979-12-19,6415.029615774382
1979-12-20,6463.958574232059
1979-12-21,6474.054542946384
1979-12-25,6484.835121497123
1979-12-26,6470.147429738192
1979-12-27,6468.148991985188
1979-12-28,6508.7928073872135
1980-01-04,6499.932215850501
1980-01-07,6492.853993584125
1980-01-08,6503.750564239246
1980-01-09,6532.407197698679
1980-01-10,6534.932670193138
1980-01-11,6556.606693327211
1980-01-14,6600.623716890179
1980-01-16,6594.758113857581
1980-01-17,6598.140390710476
1980-01-18,6591.570154439451
1980-01-21,6608.76259541994
1980-01-22,6627.2949803212405
1980-01-23,6637.183945716489
1980-01-24,6689.849154858635
1980-01-25,6710.8284070661975
1980-01-28,6707.137833886163
1980-01-29,6714.673249498295
1980-01-30,6720.771239031004
1980-01-31,6712.776208970179
1980-02-01,6722.554540523134
1980-02-04,6739.366558722508
1980-02-05,6710.886803934082
1980-02-06,6746.191748120786
1980-02-07,6741.896291294025
1980-02-08,6762.522768397335
1980-02-12,6774.827277679873
1980-02-13,6783.085124955091
1980-02-14,6787.304352731456
1980-02-15,6775.626700427762
1980-02-18,6705.434247216453
1980-02-19,6712.250197945227
1980-02-20,6755.225234094256
1980-02-21,6726.321491343569
1980-02-22,6733.358771614406
1980-02-25,6702.038083712544
1980-02-26,6690.638881575525
1980-02-27,6728.65036258551
1980-02-28,6695.9147782741575
1980-02-29,6717.041310401512
1980-03-03,6745.885677278696
1980-03-04,6731.079339958162
1980-03-05,6747.116867189188
1980-03-06,6689.941008188905
1980-03-07,6580.159143576159
1980-03-10,6463.302550822218
1980-03-11,6491.983195814938
1980-03-12,6565.647147812602
1980-03-13,6560.97782097237
1980-03-14,6550.426128626216
1980-03-17,6520.2513479215195
1980-03-18,6536.066165088853
1980-03-19,6542.939889786789
1980-03-20,6543.305792073847
1980-03-21,6530.763023068155
1980-03-24,6526.636177995857
1980-03-25,6491.231508193912
1980-03-26,6496.186577356339
1980-03-27,6442.02012402002
1980-03-28,6437.320884286437
1980-03-31,6517.466601076729
1980-04-01,6464.753316346982
1980-04-02,6524.9564609177305
1980-04-03,6576.237394242088
1980-04-04,6650.62198428141
1980-04-07,6699.141304509696
1980-04-08,6645.299750326737
1980-04-09,6671.229780054841
1980-04-10,6693.750761856837
1980-04-11,6715.459335022549
1980-04-14,6771.744105400351
1980-04-15,6769.745321460134
1980-04-16,6734.899752787431
1980-04-17,6763.5387985846
1980-04-18,6776.4627257408765
1980-04-21,6776.125125577566
1980-04-22,6764.902405477345
1980-04-23,6809.898605323765
1980-04-24,6796.80581474997
1980-04-25,6871.3246202241435
1980-04-28,6842.698727073034
1980-04-30,6833.029152216728
1980-05-01,6832.933544325793
1980-05-02,6850.804193431715
1980-05-06,6824.7389466404975
1980-05-07,6803.976286546256
1980-05-08,6727.561177513769
1980-05-09,6778.393884481134
1980-05-12,6725.5654016997305
1980-05-13,6737.890001940461
1980-05-14,6719.148453162753
1980-05-15,6718.298886119325
1980-05-16,6705.220568854889
1980-05-19,6607.3272278666755
1980-05-20,6680.3735223758395
1980-05-21,6795.17269588717
1980-05-22,6810.205250721732
1980-05-23,6813.574557242982
1980-05-26,6806.015599799334
1980-05-27,6800.996540807375
1980-05-28,6823.843690556786
1980-05-29,6816.603126753074
1980-05-30,6831.23359129288
1980-06-02,6838.591024377664
1980-06-03,6802.579703272212
1980-06-04,6772.513752880735
1980-06-05,6798.41715597573
1980-06-06,6792.079287367682
1980-06-09,6800.971539419232
1980-06-10,6761.678577277962
1980-06-11,6804.692677527315
1980-06-12,6793.8182940895695
1980-06-13,6801.266719554389
1980-06-16,6832.355839070326
1980-06-17,6778.7849767638745
1980-06-18,6805.539035343609
1980-06-19,6772.941523204832
1980-06-20,6795.230466623055
1980-06-23,6842.524597986434
1980-06-24,6788.530135346939
1980-06-25,6743.905401043182
1980-06-26,6783.463753917088
1980-06-27,6808.282990637942
1980-06-30,6854.224626741861
1980-07-01,6808.366398621977
1980-07-02,6803.858445034959
1980-07-03,6848.529572976864
1980-07-04,6831.20116700683
1980-07-07,6694.275149761582
1980-07-08,6741.602248402982
1980-07-09,6776.080591182958
1980-07-10,6780.980963851184
1980-07-11,6775.091810437922
1980-07-14,6766.886421196213
1980-07-15,6781.250105589913
1980-07-16,6804.369750474327
1980-07-17,6799.020126072453
1980-07-18,6808.754831021026
1980-07-21,6831.81060170444
1980-07-22,6825.812138662365
1980-07-23,6827.5619918189805
1980-07-24,6786.511383582337
1980-07-25,6801.381754788192
1980-07-28,6807.973865520806
1980-07-29,6803.031044415558
1980-07-30,6813.12033534853
1980-07-31,6812.032769982236
1980-08-01,6781.116794472755
1980-08-04,6746.631093567832
1980-08-05,6754.451531263337
1980-08-06,6733.967973608684
1980-08-07,6734.264547515756
1980-08-08,6766.246398937186
1980-08-11,6773.639733901025
1980-08-12,6797.143239179888
1980-08-13,6830.143058190184
1980-08-14,6820.210927737708
1980-08-15,6833.405758367129
1980-08-18,6832.748326604661
1980-08-19,6861.889305022809
1980-08-20,6876.478291918311
1980-08-21,6851.799935900747
1980-08-22,6884.646186681243
1980-08-25,6921.855238269182
1980-08-26,6905.303731142773
1980-08-27,6930.298966985215
1980-08-28,6879.856260075901
1980-08-29,6914.4930495321205
1980-09-01,6890.336853013748
1980-09-02,6916.586483312332
1980-09-03,6928.8460989754285
1980-09-04,6919.520869116108
1980-09-05,6946.046582140764
1980-09-08,6941.162924497074
1980-09-09,6941.110956756433
1980-09-10,6959.738353298868
1980-09-11,6982.820513118448
1980-09-12,7004.374011945618
1980-09-16,7024.899419259616
1980-09-17,7036.650180832303
1980-09-18,7041.377178966138
1980-09-19,7047.596174412577
1980-09-22,7052.844267665933
1980-09-24,6979.278477609066
1980-09-25,6996.905915445332
1980-09-26,7005.986641513685
1980-09-29,7068.678295435868
1980-09-30,7084.802079408715
1980-10-01,7131.875970130854
1980-10-02,7128.5898813364065
1980-10-03,7151.859629170624
1980-10-06,7166.018604835734
1980-10-07,7160.340672621371
1980-10-08,7126.108640656638
1980-10-09,7141.500397295773
1980-10-13,7171.908474484025
1980-10-14,7169.845449990024
1980-10-15,7186.745265545427
1980-10-16,7164.616569235934
1980-10-17,7182.529572397061
1980-10-20,7189.013130931359
1980-10-21,7179.425377462298
1980-10-22,7158.283465121517
1980-10-23,7145.68713992075
1980-10-24,7132.236984860928
1980-10-27,7104.694982559787
1980-10-28,7104.3406176140925
1980-10-29,7129.885446381762
1980-10-30,7141.560669508257
1980-10-31,7167.992886449233
1980-11-04,7167.01045618236
1980-11-05,7194.499461945679
1980-11-06,7206.822119605484
1980-11-07,7169.1754214013645
1980-11-10,7186.06053695788
1980-11-11,7154.10371562976
1980-11-12,7169.896932610874
1980-11-13,7174.8709962250905
1980-11-14,7180.437157467148
1980-11-17,7147.339541751984
1980-11-18,7123.9873610905
1980-11-19,7157.9489170258785
1980-11-20,7149.110329262048
1980-11-21,7140.651827632101
1980-11-25,7168.670972647965
1980-11-26,7210.076719834849
1980-11-27,7196.302504181566
1980-11-28,7147.989057612475
1980-12-01,7185.186218629928
1980-12-02,7168.297181742858
1980-12-03,7166.831517289845
1980-12-04,7175.532476185218
1980-12-05,7163.015999565129
1980-12-08,7151.903263196092
1980-12-09,7142.235184606022
1980-12-10,7126.321716049809
1980-12-11,7070.058717837308
1980-12-12,7061.709452989275
1980-12-15,7071.110315525772
1980-12-16,7065.571399738717
1980-12-17,7067.312424475494
1980-12-18,7093.25461233897
1980-12-19,7090.6183963897
1980-12-22,7081.242921651507
1980-12-23,7054.299617801526
1980-12-24,7073.20596435416
1980-12-25,7063.4261793824035
1980-12-26,7095.222991178341
1980-12-29,7095.619778916482
1980-12-30,7096.0165888442725
1981-01-05,7184.666035866713
1981-01-06,7171.662164840458
1981-01-07,7235.567151116861
1981-01-08,7257.465029216231
1981-01-09,7284.007940288456
1981-01-12,7288.202792124755
1981-01-13,7283.523284845543
1981-01-14,7281.918950663763
1981-01-16,7293.472610955828
1981-01-19,7334.340177056098
1981-01-20,7328.636745371165
1981-01-21,7354.551437831057
1981-01-22,7332.811820190274
1981-01-23,7307.339836716266
1981-01-26,7289.566935169055
1981-01-27,7325.802493177496
1981-01-28,7320.579595607699
1981-01-29,7256.3503841101865
1981-01-30,7295.889003550645
1981-02-02,7364.762935578398
1981-02-03,7334.262582448057
1981-02-04,7331.774434964034
1981-02-05,7322.173176123338
1981-02-06,7308.184452456237
1981-02-09,7284.2536573513
1981-02-10,7306.443407516095
1981-02-12,7306.830991109354
1981-02-13,7252.646319210811
1981-02-16,7211.10507334078
1981-02-17,7181.72690193167
1981-02-18,7203.373482636175
1981-02-19,7168.2136067227575
1981-02-20,7147.655573954368
1981-02-23,7142.48643098607
1981-02-24,7158.981676212862
1981-02-25,7169.901260247088
1981-02-26,7168.89103087226
1981-02-27,7195.781095145542
1981-03-02,7205.315200783797
1981-03-03,7187.147311871692
1981-03-04,7184.818438223122
1981-03-05,7144.590695449888
1981-03-06,7132.07649650065
1981-03-09,7119.943444192169
1981-03-10,7110.972020312729
1981-03-11,7096.740871704525
1981-03-12,7038.241977460881
1981-03-13,7008.560102204221
1981-03-16,7178.045354485073
1981-03-17,7174.495345767498
1981-03-18,7231.625760401916
1981-03-19,7252.333980615926
1981-03-20,7277.086034144588
1981-03-23,7350.710592868693
1981-03-24,7375.955016076749
1981-03-25,7384.218272544219
1981-03-26,7365.810531647321
1981-03-27,7361.977268189661
1981-03-30,7364.071212630161
1981-03-31,7394.364616489579
1981-04-01,7450.936518648857
1981-04-02,7478.576431244918
1981-04-03,7483.268906261405
1981-04-06,7510.4805855096465
1981-04-07,7521.629617653135
1981-04-08,7572.658213113714
1981-04-09,7556.257331840959
1981-04-10,7582.410306693475
1981-04-13,7602.675061109096
1981-04-14,7580.845871992892
1981-04-15,7527.135246199399
1981-04-16,7484.737849003691
1981-04-17,7505.414864849131
1981-04-20,7552.17787972409
1981-04-21,7565.3843114161655
1981-04-22,7602.014672657837
1981-04-23,7592.872026920479
1981-04-24,7604.1049880826
1981-04-27,7658.668567600844
1981-04-28,7695.2320248624865
1981-04-30,7746.536977937491
1981-05-01,7647.47485734657
1981-05-06,7536.559173244535
1981-05-07,7511.9822331760615
1981-05-08,7567.680502000736
1981-05-11,7624.606986004004
1981-05-12,7553.409266253058
1981-05-13,7463.369267498682
1981-05-14,7541.37628907806
1981-05-15,7561.40015955472
1981-05-18,7526.542623638881
1981-05-19,7337.209236651434
1981-05-20,7445.985871012719
1981-05-21,7563.795933013428
1981-05-22,7618.347645546721
1981-05-25,7638.746960180893
1981-05-26,7654.7637766224825
1981-05-27,7607.741477697869
1981-05-28,7580.731037362049
1981-05-29,7619.231924986628
1981-06-01,7670.471061369114
1981-06-02,7584.54808878325
1981-06-03,7560.8250943398125
1981-06-04,7493.201168437039
1981-06-05,7510.9551364430645
1981-06-08,7414.954291236111
1981-06-09,7456.129656090697
1981-06-10,7567.020028805881
1981-06-11,7653.181957709176
1981-06-12,7719.920086427741
1981-06-15,7798.102729753028
1981-06-16,7783.1776552224865
1981-06-17,7792.512081503006
1981-06-18,7799.754199240968
1981-06-19,7802.79977363018
1981-06-22,7757.0207480168965
1981-06-23,7794.447121422448
1981-06-24,7796.116688703342
1981-06-25,7782.641949474696
1981-06-26,7816.646397963578
1981-06-29,7944.316189102862
1981-06-30,7960.656765009234
1981-07-01,7988.960320083814
1981-07-02,7999.172770967242
1981-07-03,8020.670409054845
1981-07-06,8023.184005278344
1981-07-07,7921.5381589062945
1981-07-08,8013.0086410034155
1981-07-09,7991.997357250924
1981-07-10,8010.50428561361
1981-07-13,8021.987467363589
1981-07-14,7976.998110297516
1981-07-15,7952.142270839114
1981-07-16,7986.457035321035
1981-07-17,7976.302059097439
1981-07-20,7939.572908596985
1981-07-21,7855.574481301389
1981-07-22,7860.16628002231
1981-07-23,7816.293251309504
1981-07-24,7843.096681468523
1981-07-27,7918.191219908105
1981-07-28,7886.318373723825
1981-07-29,7926.0069170087645
1981-07-30,7934.363047546513
1981-07-31,7931.695993102017
1981-08-03,7919.707284581845
1981-08-04,7924.314906420083
1981-08-05,7994.165033578215
1981-08-06,8012.439280280769
1981-08-07,8076.58684221435
1981-08-10,8086.728758403029
1981-08-11,8094.469416001023
1981-08-12,8047.553005371775
1981-08-13,8062.905221856271
1981-08-14,8086.522121784848
1981-08-17,8130.327973680073
1981-08-18,8060.0719087787775
1981-08-19,8072.853276086946
1981-08-20,8084.926082760507
1981-08-21,8107.983083986927
1981-08-24,8029.6567753729005
1981-08-25,7928.390368657601
1981-08-26,7964.424769302604
1981-08-27,7908.189140317145
1981-08-28,7837.846360437295
1981-08-31,7928.784320649045
1981-09-01,7848.015839107337
1981-09-02,7790.096087718846
1981-09-03,7790.84604394185
1981-09-04,7775.198417126379
1981-09-07,7716.371295688825
1981-09-08,7707.222548769131
1981-09-09,7742.645890195119
1981-09-10,7696.5134461992
1981-09-11,7656.546813649646
1981-09-14,7656.354814364659
1981-09-16,7619.761504770458
1981-09-17,7653.6468803733005
1981-09-18,7663.536013463668
1981-09-21,7637.6174897208875
1981-09-22,7607.969160450734
1981-09-24,7477.497400918996
1981-09-25,7476.950061784858
1981-09-28,7146.386556031886
1981-09-29,7472.3610605261
1981-09-30,7572.148456298332
1981-10-01,7481.594494396312
1981-10-02,7493.428724072281
1981-10-05,7618.427525011977
1981-10-06,7625.232348808726
1981-10-07,7666.184145350069
1981-10-08,7642.8884725734415
1981-10-09,7636.944960948475
1981-10-12,7710.125222524731
1981-10-13,7705.871418858368
1981-10-14,7615.836096586021
1981-10-15,7472.3332503518295
1981-10-16,7349.719421717523
1981-10-19,7192.8382159524745
1981-10-20,7227.077195060158
1981-10-21,7373.952803406371
1981-10-22,7336.058231157262
1981-10-23,7383.15177356134
1981-10-26,7383.186983664718
1981-10-27,7402.714172636093
1981-10-28,7445.24404661051
1981-10-29,7553.7449217119465
1981-10-30,7575.756318163884
1981-11-02,7667.903457516546
1981-11-04,7701.427207193269
1981-11-05,7675.788350318828
1981-11-06,7666.095716008549
1981-11-09,7646.016322981088
1981-11-10,7658.5287333196
1981-11-11,7632.901629637098
1981-11-12,7635.830575688207
1981-11-13,7701.894847781961
1981-11-16,7809.605335515853
1981-11-17,7783.278877322977
1981-11-18,7802.774675620342
1981-11-19,7790.967176592747
1981-11-20,7783.45404577366
1981-11-24,7738.37064242906
1981-11-25,7787.784664161632
1981-11-26,7802.389821795783
1981-11-27,7691.413232801118
1981-11-30,7685.856532869769
1981-12-01,7658.205230071614
1981-12-02,7703.902099394248
1981-12-03,7764.2368506219
1981-12-04,7857.511034338795
1981-12-07,7932.343392747006
1981-12-08,7895.400032731209
1981-12-09,7886.379555582016
1981-12-10,7890.701245871351
1981-12-11,7874.834034791263
1981-12-14,7797.151741123281
1981-12-15,7824.828773167073
1981-12-16,7818.928929593638
1981-12-17,7827.414777817295
1981-12-18,7815.034656146176
1981-12-21,7814.441960697084
1981-12-22,7790.105786939382
1981-12-23,7828.696503309899
1981-12-24,7809.270420553091
1981-12-25,7812.316064240818
1981-12-28,7829.9170837008105
1981-12-29,7830.375084972788
1981-12-30,7830.833113034982
1982-01-04,7869.004901846482
1982-01-05,7869.968839272558
1982-01-06,7848.257838452049
1982-01-07,7842.205696230748
1982-01-08,7813.087327851218
1982-01-11,7826.8353448044845
1982-01-12,7782.93592462611
1982-01-13,7787.352557136326
1982-01-14,7819.786739240816
1982-01-18,7812.404422563367
1982-01-19,7830.94067749142
1982-01-20,7872.360108573803
1982-01-21,7893.503122204844
1982-01-22,7981.54466485431
1982-01-25,8066.586323667622
1982-01-26,8023.320390360646
1982-01-27,8088.2213990957125
1982-01-28,8065.524200617029
1982-01-29,8081.266539705285
1982-02-01,8072.517417694843
1982-02-02,7989.505828975657
1982-02-03,8023.588457386492
1982-02-04,7997.267349225008
1982-02-05,7964.225677506449
1982-02-08,7947.341075197292
1982-02-09,7957.294193428136
1982-02-10,7923.979196135828
1982-02-12,7852.12637610095
1982-02-15,7856.5518136974815
1982-02-16,7856.739514333267
1982-02-17,7806.612127989022
1982-02-18,7847.270121995512
1982-02-19,7877.903913216634
1982-02-22,7924.372383062829
1982-02-23,7880.090149428637
1982-02-24,7828.917521766345
1982-02-25,7743.996565976914
1982-02-26,7711.812111614582
1982-03-01,7486.391797081615
1982-03-02,7468.401931522096
1982-03-03,7637.441722898792
1982-03-04,7515.666833799409
1982-03-05,7445.301627908495
1982-03-08,7407.846454022283
1982-03-09,7354.442406554894
1982-03-10,7454.123916923941
1982-03-11,7418.195439679552
1982-03-12,7260.454972983318
1982-03-15,7236.411128066767
1982-03-16,7071.526453226678
1982-03-17,7043.859027109523
1982-03-18,7211.202574505672
1982-03-19,7224.482152025594
1982-03-23,7258.051018062227
1982-03-24,7357.164854997087
1982-03-25,7338.004972059795
1982-03-26,7367.740313839376
1982-03-29,7363.399590624071
1982-03-30,7358.372597525821
1982-03-31,7426.975608139405
1982-04-01,7461.357281005996
1982-04-02,7501.983601996483
1982-04-05,7514.069949449605
1982-04-06,7462.567379244925
1982-04-07,7398.473346459865
1982-04-08,7372.417845853519
1982-04-09,7377.5098785588125
1982-04-12,7451.221525661357
1982-04-13,7423.107562484555
1982-04-14,7350.45611282935
1982-04-15,7288.779760201181
1982-04-16,7298.239277235031
1982-04-19,7304.311356397271
1982-04-20,7430.593773331237
1982-04-21,7433.5107071621005
1982-04-22,7470.072405778825
1982-04-23,7509.48462204806
1982-04-26,7581.874202969851
1982-04-27,7595.57351230693
1982-04-28,7583.845065984539
1982-04-30,7569.360776958071
1982-05-04,7637.806532022416
1982-05-06,7700.390997929578
1982-05-07,7701.859796448672
1982-05-10,7749.2325581295545
1982-05-11,7722.562439548599
1982-05-12,7724.708542827422
1982-05-13,7790.144078612802
1982-05-14,7762.51852533433
1982-05-17,7807.623261614193
1982-05-18,7754.4479387850415
1982-05-19,7760.111695458468
1982-05-20,7718.93927624477
1982-05-21,7684.034337496953
1982-05-24,7654.9885653520105
1982-05-25,7614.551144912688
1982-05-26,7637.051210770985
1982-05-27,7590.784846259937
1982-05-28,7509.952419607245
1982-05-31,7510.960102632035
1982-06-01,7555.494407767271
1982-06-02,7531.566386148562
1982-06-03,7487.946784148734
1982-06-04,7486.943325398821
1982-06-07,7427.737379910065
1982-06-08,7425.745194394913
1982-06-09,7418.9938185477595
1982-06-10,7336.5911310612055
1982-06-11,7381.310050055915
1982-06-14,7430.076045394753
1982-06-15,7377.60699351541
1982-06-16,7328.138239304831
1982-06-17,7316.104625240536
1982-06-18,7313.910475920952
1982-06-21,7276.784200992619
1982-06-22,7315.021367139721
1982-06-23,7342.814982476645
1982-06-24,7341.134951609712
1982-06-25,7392.74640242723
1982-06-28,7394.958909769863
1982-06-29,7371.272576927752
1982-06-30,7405.750230982638
1982-07-01,7370.767997785592
1982-07-02,7274.158611555602
1982-07-05,7270.707491598337
1982-07-06,7207.935624345359
1982-07-07,7224.319667622017
1982-07-08,7149.563881546039
1982-07-09,7180.4273913761745
1982-07-12,7340.171526919393
1982-07-13,7384.063237805715
1982-07-14,7349.554888150419
1982-07-15,7393.914621989832
1982-07-16,7371.863958490202
1982-07-19,7435.893539620896
1982-07-20,7410.32897864312
1982-07-21,7408.763419376408
1982-07-22,7426.46416532003
1982-07-23,7419.843061580017
1982-07-26,7403.24307530368
1982-07-27,7397.606895315592
1982-07-28,7392.432241959312
1982-07-29,7344.838334571471
1982-07-30,7320.8084060922565
1982-08-02,7409.851549668632
1982-08-03,7415.542821259536
1982-08-04,7367.5169843603035
1982-08-05,7292.260941503143
1982-08-06,7267.603900168912
1982-08-09,7173.310559718825
1982-08-10,7124.49885959296
1982-08-11,7080.597428301049
1982-08-12,7075.884506860658
1982-08-13,7125.105317470415
1982-08-16,7137.592049800543
1982-08-17,7060.9914675107075
1982-08-18,7191.269187993112
1982-08-19,7167.992225317459
1982-08-20,7169.105705672496
1982-08-23,7257.003124201215
1982-08-24,7293.948363925986
1982-08-25,7333.068833579371
1982-08-26,7361.049309220121
1982-08-27,7394.117138861026
1982-08-30,7326.36273986779
1982-08-31,7331.447696934453
1982-09-01,7361.894534260599
1982-09-02,7334.89851106433
1982-09-03,7386.461507010967
1982-09-06,7431.916079841502
1982-09-07,7422.1736323570685
1982-09-08,7402.051933658652
1982-09-09,7335.0588328461145
1982-09-10,7315.93880447241
1982-09-13,7284.336430627736
1982-09-14,7307.793184123304
1982-09-16,7299.564226409278
1982-09-17,7273.835674680715
1982-09-20,7253.779589092636
1982-09-21,7251.777563348579
1982-09-22,7283.94414027114
1982-09-24,7279.151882724714
1982-09-27,7186.2959076086845
1982-09-28,7150.6609827751245
1982-09-29,7190.824238277598
1982-09-30,7120.801418889687
1982-10-01,7058.4058391613025
1982-10-04,7154.074651074984
1982-10-05,7144.0786465841975
1982-10-06,7188.014714969415
1982-10-07,7333.025868967951
1982-10-08,7587.973062588207
1982-10-12,7641.683684162763
1982-10-13,7640.403265926906
1982-10-14,7644.163575527312
1982-10-15,7602.035048458222
1982-10-18,7599.061480490335
1982-10-19,7600.994890771676
1982-10-20,7608.02292808449
1982-10-21,7548.568080884529
1982-10-22,7553.211511866042
1982-10-25,7533.9279361728495
1982-10-26,7425.744997057277
1982-10-27,7498.7375310841835
1982-10-28,7521.358779244088
1982-10-29,7488.451649454322
1982-11-01,7566.763177366978
1982-11-02,7630.113389051565
1982-11-04,7754.654445914793
1982-11-05,7768.577736617478
1982-11-08,7792.4501279553215
1982-11-09,7818.429953889962
1982-11-10,7934.238996589927
1982-11-11,7955.482356452062
1982-11-12,7936.424407303958
1982-11-15,8012.045902274481
1982-11-16,7946.516856257745
1982-11-17,7990.126065304886
1982-11-18,8037.384298910276
1982-11-19,8109.590930186719
1982-11-22,8158.214072399349
1982-11-24,8102.111982456137
1982-11-25,8092.75932357047
1982-11-26,8148.0814510600385
1982-11-29,8195.860695282452
1982-11-30,8154.434061452504
1982-12-01,8228.391113557549
1982-12-02,8264.294259455404
1982-12-03,8255.040869256629
1982-12-06,8285.350766838608
1982-12-07,8292.50312301391
1982-12-08,8269.343185990241
1982-12-09,8209.006652679029
1982-12-10,8132.6062819419685
1982-12-13,8148.285806838186
1982-12-14,8177.742597785955
1982-12-15,8146.519217481942
1982-12-16,8091.1493996957
1982-12-17,8129.816540797368
1982-12-20,8122.182400615511
1982-12-21,8073.1484080386845
1982-12-22,8034.508148727856
1982-12-23,8095.510876151065
1982-12-24,8172.586733637233
1982-12-27,8286.8817135389
1982-12-28,8289.014469873635
1983-01-04,8294.423513783371
1983-01-05,8341.217964927937
1983-01-06,8397.95642848703
1983-01-07,8448.931368189793
1983-01-10,8452.945129506701
1983-01-11,8357.246643411107
1983-01-12,8316.619783920676
1983-01-13,8378.391654872506
1983-01-14,8368.021173631003
1983-01-17,8362.543594769411
1983-01-18,8306.727548601211
1983-01-19,8245.576146599304
1983-01-20,8199.14192745746
1983-01-21,8268.059876004208
1983-01-24,8107.72602117516
1983-01-25,8076.344141501139
1983-01-26,8241.766426544253
1983-01-27,8221.382205250335
1983-01-28,8296.730755935356
1983-01-31,8389.243366496517
1983-02-01,8391.889925194278
1983-02-02,8395.033751293793
1983-02-03,8274.658420591048
1983-02-04,8297.28413933211
1983-02-07,8296.011176843302
1983-02-08,8313.400524836357
1983-02-09,8281.533179359763
1983-02-10,8304.45465228551
1983-02-14,8423.536810410915
1983-02-15,8427.5852899253
1983-02-16,8438.461678325115
1983-02-17,8398.438253018629
1983-02-18,8338.91044003198
1983-02-21,8276.183663190122
1983-02-22,8205.086766226097
1983-02-23,8219.579031525078
1983-02-24,8274.605717294304
1983-02-25,8349.528296348317
1983-02-28,8380.657640789841
1983-03-01,8280.925600291768
1983-03-02,8306.788346218658
1983-03-03,8298.723956435559
1983-03-04,8309.278601187141
1983-03-07,8337.23214234505
1983-03-08,8323.060655123707
1983-03-09,8304.148182128696
1983-03-10,8324.775040383513
1983-03-11,8381.089981517816
1983-03-14,8389.485563816146
1983-03-15,8413.658569043993
1983-03-16,8474.657257406761
1983-03-17,8501.130512283844
1983-03-18,8542.909749479608
1983-03-22,8591.882490171234
1983-03-23,8623.058110745229
1983-03-24,8653.645839958275
1983-03-25,8615.470951255069
1983-03-28,8704.36216334562
1983-03-29,8742.494735492703
1983-03-30,8766.372657033524
1983-03-31,8800.227308474432
1983-04-01,8790.70865629694
1983-04-04,8808.71843258907
1983-04-05,8741.292637465038
1983-04-06,8803.154527333136
1983-04-07,8765.341333340793
1983-04-08,8758.537850453533
1983-04-11,8800.433719475313
1983-04-12,8794.171013393745
1983-04-13,8806.985976206472
1983-04-14,8884.151288427656
1983-04-15,8882.577554458463
1983-04-18,8914.678176958714
1983-04-19,8872.988843964817
1983-04-20,8897.04187563529
1983-04-21,8875.343878041782
1983-04-22,8896.74070274015
1983-04-25,8931.553129148435
1983-04-26,8943.936080756312
1983-04-27,8972.885122350917
1983-04-28,8975.284866476828
1983-05-02,9046.340603451039
1983-05-04,9003.929296476506
1983-05-06,9012.391195212915
1983-05-09,9064.138703674791
1983-05-10,9010.763608251735
1983-05-11,9035.851018210953
1983-05-12,8997.241148432682
1983-05-13,8972.4435824422
1983-05-16,8933.78321981055
1983-05-17,8914.00218461176
1983-05-18,8942.23132689297
1983-05-19,8927.79350962574
1983-05-20,8904.461503255989
1983-05-23,8870.890816668258
1983-05-24,8907.716962941175
1983-05-25,8927.861872406382
1983-05-26,8973.840608063396
1983-05-27,8965.995049770483
1983-05-30,8971.164320365957
1983-05-31,8966.752072021609
1983-06-01,8896.687889772224
1983-06-02,8864.130137001728
1983-06-03,8857.503828986031
1983-06-06,8852.790514059323
1983-06-07,8821.473025604013
1983-06-08,8790.95361712621
1983-06-09,8815.101881625784
1983-06-10,8849.341256494643
1983-06-13,8952.099562208949
1983-06-14,8973.200835611688
1983-06-15,8963.297455567274
1983-06-16,9002.38578360077
1983-06-17,9062.670343766815
1983-06-20,9072.66252776691
1983-06-21,9163.72476866594
1983-06-22,9193.731771391509
1983-06-23,9180.34921019491
1983-06-24,9214.152320300995
1983-06-27,9271.670761386142
1983-06-28,9207.865902020858
1983-06-29,9214.640827438785
1983-06-30,9243.099125035036
1983-07-01,9311.10567516229
1983-07-04,9349.119118219998
1983-07-05,9304.421963214178
1983-07-06,9364.149023644644
1983-07-07,9396.919683724613
1983-07-08,9394.015558923242
1983-07-11,9349.111383103967
1983-07-12,9316.79572493657
1983-07-13,9261.487220679981
1983-07-14,9263.50575839101
1983-07-15,9279.7654834551
1983-07-18,9264.757429599584
1983-07-19,9246.138403619885
1983-07-20,9309.976557331154
1983-07-21,9406.893882662804
1983-07-22,9380.061470945438
1983-07-25,9379.113701531553
1983-07-26,9393.835051612159
1983-07-27,9453.768854058975
1983-07-28,9506.209681255106
1983-07-29,9472.040082992431
1983-08-01,9406.72153994493
1983-08-02,9433.238798632548
1983-08-03,9408.544532729518
1983-08-04,9432.519380445017
1983-08-05,9337.1454726649
1983-08-08,9351.651994980733
1983-08-09,9262.701055779884
1983-08-10,9267.72752153647
1983-08-11,9299.75955305914
1983-08-12,9313.087653680832
1983-08-15,9417.530035417438
1983-08-16,9416.834922020149
1983-08-17,9408.036167267492
1983-08-18,9491.640710827827
1983-08-19,9544.60591817573
1983-08-22,9612.062135790507
1983-08-23,9576.55666181402
1983-08-24,9554.343613104815
1983-08-25,9550.48098722577
1983-08-26,9553.657836963099
1983-08-29,9582.461579803941
1983-08-30,9607.486748952631
1983-08-31,9601.306092967037
1983-09-01,9642.57306216433
1983-09-02,9595.90290980881
1983-09-05,9668.71289898671
1983-09-06,9672.348346472352
1983-09-07,9778.042224485374
1983-09-08,9754.414431352065
1983-09-09,9725.275522105569
1983-09-12,9779.321426023876
1983-09-13,9721.599048705102
1983-09-14,9695.84009059101
1983-09-16,9614.423331904189
1983-09-19,9558.132732720638
1983-09-20,9676.786665131689
1983-09-21,9696.642599996512
1983-09-22,9705.3433893445
1983-09-26,9774.43377604816
1983-09-27,9846.555135164685
1983-09-28,9879.774188613565
1983-09-29,9867.096273292524
1983-09-30,9836.307695697982
1983-10-03,9886.626850370505
1983-10-04,9860.293404328824
1983-10-05,9931.630532110876
1983-10-06,9972.05594663586
1983-10-07,10006.700218293374
1983-10-11,9934.706977878883
1983-10-12,10008.756489821684
1983-10-13,9914.241089542547
1983-10-14,9759.1934064182
1983-10-17,9861.624332249407
1983-10-18,9787.034348593785
1983-10-19,9716.184052981154
1983-10-20,9757.36171127562
1983-10-21,9811.014927384173
1983-10-24,9696.394018084979
1983-10-25,9668.317296312003
1983-10-26,9683.352820914497
1983-10-27,9764.118804869822
1983-10-28,9762.92787870667
1983-10-31,9800.63816809905
1983-11-01,9795.091529746382
1983-11-02,9788.590710232518
1983-11-04,9786.645831328813
1983-11-07,9760.57292679424
1983-11-08,9764.378443292671
1983-11-09,9741.768674384117
1983-11-10,9686.98650521425
1983-11-11,9751.92583144059
1983-11-14,9797.484769716966
1983-11-15,9830.347405293089
1983-11-16,9884.962329812028
1983-11-17,9871.05244833474
1983-11-18,9839.937207203937
1983-11-21,9864.769775211724
1983-11-22,9872.493869901384
1983-11-24,9828.005623081268
1983-11-25,9794.342349951612
1983-11-28,9746.571778685395
1983-11-29,9706.953194584055
1983-11-30,9774.564925553736
1983-12-01,9792.333744979254
1983-12-02,9838.309708840752
1983-12-05,9907.399875628993
1983-12-06,9901.368547123651
1983-12-07,9866.528900259187
1983-12-08,9925.939377128432
1983-12-09,9913.833022664108
1983-12-12,9907.212268110425
1983-12-13,9848.606495736996
1983-12-14,9865.603570204717
1983-12-15,9930.510297031858
1983-12-16,10002.68880913895
1983-12-19,9954.570180949679
1983-12-20,10106.09180887433
1983-12-21,10200.90593113277
1983-12-22,10192.903188090333
1983-12-23,10167.031264599173
1983-12-26,10338.175186667177
1983-12-27,10378.059659210034
1983-12-28,10389.082743201434
1984-01-04,10424.577796896658
1984-01-05,10445.857198509222
1984-01-06,10461.509219983407
1984-01-09,10559.26272922647
1984-01-10,10520.316343800796
1984-01-11,10579.996284240437
1984-01-12,10613.789692468054
1984-01-13,10663.511159533411
1984-01-17,10668.89525043484
1984-01-18,10611.306428304815
1984-01-19,10609.942174165008
1984-01-20,10616.437546510491
1984-01-23,10582.216484583034
1984-01-24,10532.26038012724
1984-01-25,10629.673601945091
1984-01-26,10698.06092153122
1984-01-27,10699.97973905799
1984-01-30,10758.10855816279
1984-01-31,10717.008845820352
1984-02-01,10722.513417263164
1984-02-02,10676.26860058284
1984-02-03,10653.524314218828
1984-02-06,10640.355419192769
1984-02-07,10577.655165732092
1984-02-08,10618.85982706209
1984-02-09,10516.31212533961
1984-02-10,10473.07040950002
1984-02-13,10477.039430489649
1984-02-14,10338.03922078595
1984-02-15,10403.452366133339
1984-02-16,10409.23832630105
1984-02-17,10439.142193876594
1984-02-20,10453.102919028632
1984-02-21,10488.155528306916
1984-02-22,10464.57635533141
1984-02-23,10456.542725525536
1984-02-24,10481.607252943653
1984-02-27,10596.420092118238
1984-02-28,10599.38738746688
1984-02-29,10554.604881567475
1984-03-01,10438.945742891725
1984-03-02,10469.172568839058
1984-03-05,10617.532602745077
1984-03-06,10586.275483578605
1984-03-07,10547.333075004186
1984-03-08,10482.745970956348
1984-03-09,10523.18092479265
1984-03-12,10617.74901595085
1984-03-13,10732.222633467858
1984-03-14,10868.837894198732
1984-03-15,10893.604235701212
1984-03-16,11011.373291006415
1984-03-19,11034.570092669333
1984-03-21,10965.727109528674
1984-03-22,11010.447573730853
1984-03-23,11064.177460417532
1984-03-26,11040.990406805546
1984-03-27,11088.565474524068
1984-03-28,11270.836650762994
1984-03-29,11377.466719155349
1984-03-30,11512.486081599402
1984-04-02,11640.567160416906
1984-04-03,11518.574867686697
1984-04-04,11591.031639036208
1984-04-05,11582.0422377717
1984-04-06,11500.246477464785
1984-04-09,11475.519997747542
1984-04-10,11501.845492707464
1984-04-11,11528.068708261715
1984-04-12,11557.86682576699
1984-04-13,11609.114786827477
1984-04-16,11614.415278023847
1984-04-17,11495.62637480692
1984-04-18,11524.099928557529
1984-04-19,11366.77590091643
1984-04-20,11389.332336311383
1984-04-23,11386.65305794394
1984-04-24,11346.165974232761
1984-04-25,11456.952638400995
1984-04-26,11494.638305184726
1984-04-27,11579.758006464966
1984-05-01,11619.805916442348
1984-05-02,11711.489660849425
1984-05-04,11801.432006336658
1984-05-07,11769.125260535193
1984-05-08,11657.38358804521
1984-05-09,11666.265579469651
1984-05-10,11476.38474073237
1984-05-11,11428.621371630685
1984-05-14,11143.815440457183
1984-05-15,11187.857689975854
1984-05-16,11204.588274330046
1984-05-17,10910.431414288021
1984-05-18,10685.579303259026
1984-05-21,10726.324741547132
1984-05-22,10618.154298101896
1984-05-23,10578.093189498877
1984-05-24,10819.54236532328
1984-05-25,10704.403652289402
1984-05-28,10677.450927303216
1984-05-29,10728.594870662386
1984-05-30,10704.870254484838
1984-05-31,10493.41493059594
1984-06-01,10465.484753260122
1984-06-04,10696.70087703994
1984-06-05,10831.448418121976
1984-06-06,10827.193704070562
1984-06-07,10893.009606095637
1984-06-08,10930.457758499444
1984-06-11,10958.374429584843
1984-06-12,10904.023576097961
1984-06-13,10852.940734697751
1984-06-14,10719.152871376602
1984-06-15,10622.868012858316
1984-06-18,10650.26833165462
1984-06-19,10772.16395693852
1984-06-20,10814.850622629052
1984-06-21,10745.195840719909
1984-06-22,10726.575555663807
1984-06-25,10748.144947897514
1984-06-26,10825.391510807656
1984-06-27,10895.618576023791
1984-06-28,10960.685722933898
1984-06-29,10967.508253727547
1984-07-02,11002.846074455007
1984-07-03,10938.287286266794
1984-07-04,10966.95712822248
1984-07-05,11014.805000649434
1984-07-06,11059.07362710401
1984-07-09,10965.887324701302
1984-07-10,10980.610332581351
1984-07-11,10947.630843451196
1984-07-12,10858.622466930508
1984-07-13,10736.466556502486
1984-07-16,10761.84971328046
1984-07-17,10830.54804025865
1984-07-18,10795.395787468635
1984-07-19,10669.616122883746
1984-07-20,10518.376370161712
1984-07-23,10263.045797349328
1984-07-24,10301.242397463706
1984-07-25,10366.458915676421
1984-07-26,10506.703374129404
1984-07-27,10617.299791802041
1984-07-30,10593.927655587338
1984-07-31,10578.499506058899
1984-08-01,10526.037517862469
1984-08-02,10673.098686031079
1984-08-03,10828.926648053857
1984-08-06,11038.464353562282
1984-08-07,10914.728926604183
1984-08-08,10844.903144687909
1984-08-09,10891.228570755771
1984-08-10,10982.36182544522
1984-08-13,10997.420592890068
1984-08-14,10967.608060784303
1984-08-15,11053.47762255624
1984-08-16,11029.424438823089
1984-08-17,11063.068953898917
1984-08-20,11152.439045533843
1984-08-21,11102.848080065394
1984-08-22,11158.854921577089
1984-08-23,11167.087064608393
1984-08-24,11176.70788857219
1984-08-27,11192.779112377639
1984-08-28,11200.210559527466
1984-08-29,11205.766464275692
1984-08-30,11213.103092692681
1984-08-31,11211.490473541895
1984-09-03,11260.67129126339
1984-09-04,11239.483135864524
1984-09-05,11172.280974810617
1984-09-06,11080.61986343548
1984-09-07,11125.915534396363
1984-09-10,11095.582082964376
1984-09-11,11119.01131367037
1984-09-12,11162.44072049326
1984-09-13,11210.939489972689
1984-09-14,11256.857874515956
1984-09-17,11273.147082335017
1984-09-18,11191.892882997226
1984-09-19,11185.209673541198
1984-09-20,11152.96900688721
1984-09-21,11136.340570709079
1984-09-25,11242.643456252512
1984-09-26,11259.360257531158
1984-09-27,11285.187192773572
1984-09-28,11291.474604201661
1984-10-01,11296.872096980318
1984-10-02,11176.843752251589
1984-10-03,11227.613431842521
1984-10-04,11286.194173463336
1984-10-05,11388.073149731646
1984-10-08,11324.333575568451
1984-10-09,11316.20009557752
1984-10-11,11346.645178582015
1984-10-12,11334.204521544769
1984-10-15,11436.207461115007
1984-10-16,11413.150626888395
1984-10-17,11397.805131099094
1984-10-18,11416.431364206936
1984-10-19,11507.530656411383
1984-10-22,11755.018049493787
1984-10-23,11704.805684212213
1984-10-24,11863.195093215727
1984-10-25,11835.035999793581
1984-10-26,11839.36221272666
1984-10-29,11863.229440706002
1984-10-30,11858.131870802514
1984-10-31,11945.184260370419
1984-11-01,11857.244507433958
1984-11-02,11943.201654730678
1984-11-05,12075.60463772319
1984-11-06,11995.091059117129
1984-11-07,11869.23060795008
1984-11-08,11857.505139174536
1984-11-09,11934.95702757266
1984-11-12,11931.155798475605
1984-11-13,11963.674979505968
1984-11-14,12023.492677591963
1984-11-15,12003.636013779622
1984-11-16,11972.21059422299
1984-11-19,11986.382932025594
1984-11-20,11958.076872172685
1984-11-21,11950.950252597655
1984-11-22,11906.957696034257
1984-11-26,11860.03883586402
1984-11-27,11883.134299865244
1984-11-28,11951.709286423471
1984-11-29,12078.309439986282
1984-11-30,12145.095833079667
1984-12-03,12235.71416149802
1984-12-04,12304.215549559669
1984-12-05,12268.449356363624
1984-12-06,12286.779654936867
1984-12-07,12188.656581141628
1984-12-10,12029.773806330484
1984-12-11,11960.191517977122
1984-12-12,12100.618117944501
1984-12-13,12056.28227456768
1984-12-14,12141.00608809043
1984-12-17,12180.463491222667
1984-12-18,12185.92036641161
1984-12-19,12290.994813030844
1984-12-20,12244.541744728613
1984-12-21,12202.804115148438
1984-12-24,12166.806732250776
1984-12-25,12223.189148556628
1984-12-26,12226.26689373028
1984-12-27,12247.088296707789
1984-12-28,12278.601399788942
1985-01-02,12279.51909251074
1985-01-04,12296.031995079426
1985-01-07,12315.099956455677
1985-01-08,12426.53015063757
1985-01-09,12516.168112702675
1985-01-10,12581.371956429319
1985-01-11,12568.958495661605
1985-01-14,12581.879899156827
1985-01-16,12698.492262716132
1985-01-17,12650.22995919419
1985-01-18,12675.074684312183
1985-01-21,12733.542709206129
1985-01-22,12631.453059013429
1985-01-23,12622.26224630433
1985-01-24,12619.947719608166
1985-01-25,12544.599946261194
1985-01-28,12559.750505027188
1985-01-29,12607.316396858336
1985-01-30,12732.97214442358
1985-01-31,12767.208809581707
1985-02-01,12719.438263642134
1985-02-04,12660.452271598999
1985-02-05,12588.92895371838
1985-02-06,12636.007165706988
1985-02-07,12714.916509403925
1985-02-08,12788.060629305222
1985-02-12,12808.678255055669
1985-02-13,12806.869964493248
1985-02-14,12867.002083498079
1985-02-15,12938.4488377743
1985-02-18,12939.883366963964
1985-02-19,12948.378624697574
1985-02-20,12944.349423752215
1985-02-21,12919.398421799946
1985-02-22,12939.729187255767
1985-02-25,12997.752745864465
1985-02-26,12991.806346894573
1985-02-27,13090.77897487393
1985-02-28,13128.10313859015
1985-03-01,13224.75527549435
1985-03-04,13328.501204772416
1985-03-05,13294.26608028205
1985-03-06,13318.55072056645
1985-03-07,13229.708762987826
1985-03-08,13158.550626748025
1985-03-11,13069.897007173131
1985-03-12,13105.61265879807
1985-03-13,13236.58174958174
1985-03-14,13221.945316486623
1985-03-15,13289.626313425078
1985-03-18,13331.31379421784
1985-03-19,13301.307961439219
1985-03-20,13369.405169649592
1985-03-22,13371.251331612293
1985-03-25,13319.18516149117
1985-03-26,13312.138914076271
1985-03-27,13381.622813765855
1985-03-28,13438.881760728915
1985-03-29,13414.618550147967
1985-04-01,13517.939359958471
1985-04-02,13468.052265088016
1985-04-03,13525.537251038406
1985-04-04,13466.186873025568
1985-04-05,13378.357162320854
1985-04-08,13476.715419038894
1985-04-09,13471.356681747691
1985-04-10,13441.4974742279
1985-04-11,13412.03064439945
1985-04-12,13427.7256657779
1985-04-15,13390.629241210729
1985-04-16,13022.641667171796
1985-04-17,13124.277164256024
1985-04-18,12858.894783854097
1985-04-19,12925.537014548256
1985-04-22,12995.535496284489
1985-04-23,12936.538039266099
1985-04-24,13036.96385586648
1985-04-25,13161.376006724822
1985-04-26,13237.914592375912
1985-04-30,13261.058719624842
1985-05-01,13293.991006864824
1985-05-02,13289.336153562841
1985-05-07,13348.046979647914
1985-05-08,13364.485476239657
1985-05-09,13315.18375958971
1985-05-10,13372.077340649106
1985-05-13,13387.79315990051
1985-05-14,13348.478747331297
1985-05-15,13192.967844816807
1985-05-16,13205.527628590626
1985-05-17,13260.176035218721
1985-05-20,13409.23287671072
1985-05-21,13507.22248080458
1985-05-22,13532.536056407085
1985-05-23,13506.980077711645
1985-05-24,13448.489343076042
1985-05-27,13501.228038210393
1985-05-28,13557.51476875718
1985-05-29,13635.209590124136
1985-05-30,13660.426815912382
1985-05-31,13626.998888502996
1985-06-03,13323.07773136645
1985-06-04,13441.001594184941
1985-06-05,13558.93592443672
1985-06-06,13583.942221481564
1985-06-07,13584.998491000244
1985-06-10,13550.0205203136
1985-06-11,13631.321494095395
1985-06-12,13620.200385939048
1985-06-13,13587.78427971597
1985-06-14,13554.232357225848
1985-06-17,13644.565426604384
1985-06-18,13615.009820198638
1985-06-19,13650.263714222887
1985-06-20,13548.623617568288
1985-06-21,13502.987001114638
1985-06-24,13643.71697785863
1985-06-25,13720.244440151195
1985-06-26,13799.10880390955
1985-06-27,13726.239039213668
1985-06-28,13770.070053287334
1985-07-01,13810.109906597865
1985-07-02,13805.018295560125
1985-07-03,13816.849554923781
1985-07-04,13865.822615769011
1985-07-05,13859.706219910146
1985-07-08,13931.149314639286
1985-07-09,13922.468428407112
1985-07-10,13913.488179634047
1985-07-11,13749.38107649056
1985-07-12,13730.031622300225
1985-07-15,13473.154211669336
1985-07-16,13580.093162955378
1985-07-17,13739.16775647153
1985-07-18,13746.188459226425
1985-07-19,13678.286272499343
1985-07-22,13660.779082007357
1985-07-23,13651.88101641879
1985-07-24,13667.617750996575
1985-07-25,13529.098276253506
1985-07-26,13530.77362836532
1985-07-29,13470.688306643686
1985-07-30,13127.231051690134
1985-07-31,13087.506411331246
1985-08-01,13415.513340044397
1985-08-02,13402.804126335772
1985-08-05,13322.723881312148
1985-08-06,13308.982647806577
1985-08-07,13292.25458576134
1985-08-08,13255.202315422128
1985-08-09,13271.957830964653
1985-08-12,13242.189743124041
1985-08-13,13193.304321913289
1985-08-14,13293.299538965868
1985-08-15,13362.74337909397
1985-08-16,13469.316010009385
1985-08-19,13530.840042540734
1985-08-20,13524.958849863016
1985-08-21,13601.253051467225
1985-08-22,13633.10243870947
1985-08-23,13587.996508594408
1985-08-26,13546.09796209328
1985-08-27,13589.08492130329
1985-08-28,13583.300720033536
1985-08-29,13630.210879615257
1985-08-30,13613.998441325362
1985-09-02,13628.989357156615
1985-09-03,13527.06748064153
1985-09-04,13418.91439116687
1985-09-05,13379.106156855414
1985-09-06,13338.994518811149
1985-09-09,13341.531855925932
1985-09-10,13410.427933354185
1985-09-11,13524.201812176265
1985-09-12,13500.951129846375
1985-09-13,13482.91586398629
1985-09-17,13489.679826107995
1985-09-18,13423.956001456187
1985-09-19,13462.346881153322
1985-09-20,13572.132077171118
1985-09-24,13667.66375389247
1985-09-25,13613.78727918828
1985-09-26,13597.926942435335
1985-09-27,13544.354130461548
1985-09-30,13610.386995947547
1985-10-01,13595.12425318606
1985-10-02,13633.330022895967
1985-10-03,13612.826190612188
1985-10-04,13627.272935150415
1985-10-07,13711.608208183781
1985-10-08,13758.475504946298
1985-10-09,13782.599513525738
1985-10-11,13882.548729164899
1985-10-14,13955.329599783456
1985-10-15,13996.87449769397
1985-10-16,13977.107204856955
1985-10-17,13961.133900207915
1985-10-18,13910.311727648976
1985-10-21,13964.472147487324
1985-10-22,13941.9556251689
1985-10-23,13883.362361290272
1985-10-24,13908.100899936791
1985-10-25,13786.302544187272
1985-10-28,13874.852316381362
1985-10-29,13850.610901613272
1985-10-30,13845.52411427521
1985-10-31,13875.9077067815
1985-11-01,13738.76564723031
1985-11-05,13752.822120184414
1985-11-06,13830.29965025623
1985-11-07,13786.697296904973
1985-11-08,13787.045150800164
1985-11-11,13755.636266751506
1985-11-12,13663.723258102296
1985-11-13,13644.109468589677
1985-11-14,13508.619913270024
1985-11-15,13560.592881106519
1985-11-18,13628.600349681086
1985-11-19,13529.30165294296
1985-11-20,13568.070221540798
1985-11-21,13626.706941411574
1985-11-22,13694.128347695623
1985-11-25,13720.500096118454
1985-11-26,13720.738284917456
1985-11-27,13715.642001799992
1985-11-28,13676.850514671854
1985-11-29,13701.099716946956
1985-12-02,13737.772871022245
1985-12-03,13714.307294092056
1985-12-04,13754.204694187118
1985-12-05,13811.562578678668
1985-12-06,13736.334334505587
1985-12-09,13741.931243603969
1985-12-10,13799.09098258237
1985-12-11,13929.629675451702
1985-12-12,14014.250064067995
1985-12-13,14076.77608059125
1985-12-16,14087.938833348386
1985-12-17,14100.414535361531
1985-12-18,14072.409216277892
1985-12-19,14086.603360314244
1985-12-20,13975.522624665584
1985-12-23,14010.402183418479
1985-12-24,13976.23400472668
1985-12-25,14070.382793164426
1985-12-26,14056.722377384209
1985-12-27,14055.770359306516
1986-01-06,14024.702697418023
1986-01-07,13958.004947490192
1986-01-08,14028.542012417838
1986-01-09,14005.16349055693
1986-01-10,13967.00738070378
1986-01-13,13944.741456340487
1986-01-14,13893.212798073402
1986-01-16,13999.600371203831
1986-01-17,13981.37478226042
1986-01-20,13919.921569980172
1986-01-21,13844.60004457377
1986-01-22,13890.049018750304
1986-01-23,13853.597950656434
1986-01-24,13870.501027342754
1986-01-27,13955.855972912288
1986-01-28,13967.701958836413
1986-01-29,13928.914641091875
1986-01-30,13920.710593822372
1986-01-31,14002.123672704942
1986-02-03,14069.469520375198
1986-02-04,14125.477546143906
1986-02-05,14177.13527797166
1986-02-06,14178.669269355823
1986-02-07,14206.622051123095
1986-02-10,14222.125710862441
1986-02-12,14302.763638961153
1986-02-13,14295.989066623886
1986-02-14,14349.180570316094
1986-02-17,14462.762654110444
1986-02-18,14450.723732152883
1986-02-19,14483.963868602365
1986-02-20,14364.839269031467
1986-02-21,14407.19938564839
1986-02-24,14525.161258508153
1986-02-25,14604.00730173249
1986-02-26,14653.373941522195
1986-02-27,14675.891742872407
1986-02-28,14675.013221106246
1986-03-03,14801.203076842026
1986-03-04,14830.42141508518
1986-03-05,14855.886591198996
1986-03-06,14957.671859394015
1986-03-07,15058.356931117245
1986-03-10,15125.497351987518
1986-03-11,15136.482191297997
1986-03-12,15322.026211924924
1986-03-13,15512.555631911464
1986-03-14,15623.006726790223
1986-03-17,15772.899999426267
1986-03-18,15756.035049868922
1986-03-19,15581.400628136918
1986-03-20,15879.856730585881
1986-03-21,16161.047884692338
1986-03-24,16119.898911473338
1986-03-25,15960.77501701915
1986-03-26,16212.017937356968
1986-03-27,16511.30445402728
1986-03-28,16541.141548763513
1986-03-31,17075.113692585215
1986-04-01,16953.119574055618
1986-04-02,16748.769348421945
1986-04-03,16444.364495205125
1986-04-04,16173.144529358899
1986-04-07,16219.139709619823
1986-04-08,16168.121452954645
1986-04-09,16272.217880808057
1986-04-10,16373.382302724332
1986-04-11,16506.23769406346
1986-04-14,16582.634787348263
1986-04-15,16535.380585075836
1986-04-16,16542.47331527788
1986-04-17,16681.461223538954
1986-04-18,16974.808907804
1986-04-21,17049.39463361634
1986-04-22,16926.805000741286
1986-04-23,16965.239777654795
1986-04-24,16894.781511709283
1986-04-25,16903.8279306439
1986-04-28,16977.756337224884
1986-04-30,17051.173436238038
1986-05-01,17005.6196556112
1986-05-02,17098.67527322042
1986-05-06,17133.4627361943
1986-05-07,17191.948425630148
1986-05-08,17326.618486633506
1986-05-09,17453.053562994024
1986-05-12,17356.958717887544
1986-05-13,17225.052933654242
1986-05-14,17184.169569847298
1986-05-15,17164.247401742425
1986-05-16,16964.769778130732
1986-05-19,16920.6282325653
1986-05-20,16913.101329468296
1986-05-21,17041.087452902153
1986-05-22,17159.414191700147
1986-05-23,17470.14221880529
1986-05-26,17691.257828426234
1986-05-27,17754.278230481726
1986-05-28,17847.688306889977
1986-05-29,17910.028130352708
1986-05-30,17975.54405787765
1986-06-02,18050.0576020002
1986-06-03,17975.516354436782
1986-06-04,18119.818482284816
1986-06-05,18129.35972624802
1986-06-06,18137.47772920733
1986-06-09,18343.511763460614
1986-06-10,18300.33156025729
1986-06-11,18439.87044273179
1986-06-12,18478.041940113548
1986-06-13,18559.339274498867
1986-06-16,18538.035727121878
1986-06-17,18420.3587176769
1986-06-18,18530.174364786213
1986-06-19,18639.28573948903
1986-06-20,18775.399449806806
1986-06-23,18835.15773305792
1986-06-24,18711.232512947518
1986-06-25,18899.8979067101
1986-06-26,18991.561046375697
1986-06-27,18883.782057999568
1986-06-30,19050.38442336803
1986-07-01,19017.135205352413
1986-07-02,19068.737024681963
1986-07-03,19093.039983805018
1986-07-04,18992.205329465032
1986-07-07,19118.454992648727
1986-07-08,19140.81868969468
1986-07-09,18895.37230485349
1986-07-10,18856.884783172238
1986-07-11,19074.47817643158
1986-07-14,19236.863230693725
1986-07-15,19304.747634284042
1986-07-16,19109.073983587517
1986-07-17,19136.46335268778
1986-07-18,19259.378896049973
1986-07-21,18918.23041324358
1986-07-22,19045.347650167434
1986-07-23,19284.39043992931
1986-07-24,19464.51557472746
1986-07-25,19491.512315336735
1986-07-28,19479.635808817275
1986-07-29,19145.569203056068
1986-07-30,19221.977360335968
1986-07-31,18910.189865675675
1986-08-01,18708.06532877307
1986-08-04,18645.201295708648
1986-08-05,18809.70430707255
1986-08-06,18744.172761171547
1986-08-07,18819.251596442464
1986-08-08,18834.158032212727
1986-08-11,18881.9162805836
1986-08-12,19223.518260452183
1986-08-13,19446.83775094641
1986-08-14,19732.706292148283
1986-08-15,19854.10057721732
1986-08-18,20093.62944571577
1986-08-19,20305.23479221308
1986-08-20,20461.16592906722
1986-08-21,20180.265264365087
1986-08-22,19927.8199696568
1986-08-25,20062.863199114785
1986-08-26,20144.878135597075
1986-08-27,19996.94101385099
1986-08-28,19851.448112020353
1986-08-29,20031.25365834488
1986-09-01,20342.25513703462
1986-09-02,20206.99345347476
1986-09-03,20002.910430617343
1986-09-04,20062.211956242907
1986-09-05,20295.826579845547
1986-09-08,20055.672394313115
1986-09-09,19971.900044433834
1986-09-10,20129.64320116711
1986-09-11,20067.577082164735
1986-09-12,19570.16347907484
1986-09-15,20061.188512649653
1986-09-16,18882.45097565941
1986-09-17,18746.271488462768
1986-09-18,18900.20911939595
1986-09-19,18949.66231900292
1986-09-22,19148.087875029956
1986-09-23,18954.871941800717
1986-09-24,19419.263192161667
1986-09-25,19455.212322048683
1986-09-26,19426.313332434238
1986-09-29,19584.207731192215
1986-09-30,19310.7668296206
1986-10-01,18999.42757357214
1986-10-02,18410.284528141092
1986-10-03,18650.120308432477
1986-10-06,18861.86723969053
1986-10-07,19045.41451270148
1986-10-08,18949.20957592961
1986-10-09,19096.420593064388
1986-10-13,18760.075411412738
1986-10-14,18738.3987497562
1986-10-15,18362.574159147855
1986-10-16,18256.945381899546
1986-10-17,18073.046741317532
1986-10-20,17881.105164326476
1986-10-21,17538.041926700043
1986-10-22,17120.689827608345
1986-10-23,17650.243990505685
1986-10-24,17624.614235881127
1986-10-27,17488.656300816714
1986-10-28,17749.098320087556
1986-10-29,17866.157451987412
1986-10-30,18414.07249710517
1986-10-31,18306.14101873034
1986-11-04,18172.856661148326
1986-11-05,18094.27839550304
1986-11-06,18143.25987005532
1986-11-07,18377.00659336438
1986-11-10,18463.81021464413
1986-11-11,18732.309735713527
1986-11-12,18892.51514907485
1986-11-13,18882.997629495152
1986-11-14,18831.733728916166
1986-11-17,18634.945312767926
1986-11-18,18706.420997722995
1986-11-19,18718.231493776337
1986-11-20,18741.38080296096
1986-11-21,18942.447234671377
1986-11-25,19222.487285073817
1986-11-26,19201.963202465286
1986-11-27,19371.363601823006
1986-11-28,19588.015071780468
1986-12-01,19832.415480445234
1986-12-02,19706.37485416398
1986-12-03,19993.187235624722
1986-12-04,20176.88093289266
1986-12-05,20192.259536453414
1986-12-08,20272.308356614336
1986-12-09,20156.067252968565
1986-12-10,20344.745402554163
1986-12-11,20296.795706917215
1986-12-12,20405.230680822024
1986-12-15,20360.77825795283
1986-12-16,20517.708177913988
1986-12-17,20426.006087890233
1986-12-18,20292.303173275188
1986-12-19,20516.636670668035
1986-12-22,20403.975664351554
1986-12-23,20386.44982303349
1986-12-24,20489.400015610612
1986-12-25,20350.75276982946
1986-12-26,20401.776081305987
1987-01-05,20402.26315198442
1987-01-06,20528.837284802812
1987-01-07,20427.106693157217
1987-01-08,20358.720055706053
1987-01-09,20393.594319521068
1987-01-12,20240.948492494746
1987-01-13,20106.04379914645
1987-01-14,20367.090554670092
1987-01-16,20763.84395966425
1987-01-19,20806.791245129145
1987-01-20,20837.152299663325
1987-01-21,21068.80069406902
1987-01-22,21016.636503132573
1987-01-23,21099.77592794204
1987-01-26,21206.79155252625
1987-01-27,21350.68483206948
1987-01-28,21463.12401087124
1987-01-29,21605.961255099977
1987-01-30,21744.661141776454
1987-02-02,21771.04503172627
1987-02-03,21646.118377253082
1987-02-04,21665.77444717504
1987-02-05,21472.4671511656
1987-02-06,21336.141317936308
1987-02-09,21348.143436823855
1987-02-10,21494.828615297676
1987-02-12,21561.5559799606
1987-02-13,21295.277189411634
1987-02-16,21190.281040970214
1987-02-17,21306.349753622773
1987-02-18,21571.524556919583
1987-02-19,21947.929601604203
1987-02-20,21788.308121370013
1987-02-23,21637.150304203922
1987-02-24,21785.336145522855
1987-02-25,21905.17473818484
1987-02-26,22196.17574899282
1987-02-27,22161.835639929825
1987-03-02,22718.3007096018
1987-03-03,22759.737467773073
1987-03-04,22825.81224936249
1987-03-05,22983.16743989111
1987-03-06,22907.666818397192
1987-03-09,22974.05690757174
1987-03-10,23026.893527111348
1987-03-11,23134.48349472354
1987-03-12,23305.83995542564
1987-03-13,23336.643132981597
1987-03-16,23247.678116474064
1987-03-17,23356.22204901008
1987-03-18,23563.530132807664
1987-03-19,23498.274435135503
1987-03-20,23513.45329997714
1987-03-23,23438.768595224363
1987-03-24,23273.387541910182
1987-03-25,23314.967676264434
1987-03-26,23408.830453717324
1987-03-27,23917.548913482988
1987-03-30,23484.88397415068
1987-03-31,23419.4260747215
1987-04-01,23934.323164809506
1987-04-02,24290.72166863357
1987-04-03,24338.268304515288
1987-04-06,24529.316496676678
1987-04-07,24745.660813951337
1987-04-08,24885.77231847069
1987-04-09,24896.50031205781
1987-04-10,25216.982430037602
1987-04-13,24895.063182657595
1987-04-14,25552.45719498087
1987-04-15,25538.656811026125
1987-04-16,25928.01094440768
1987-04-17,26004.722629966553
1987-04-20,25958.627914131648
1987-04-21,25949.476030112313
1987-04-22,26180.21562817825
1987-04-23,26101.473339274162
1987-04-24,26082.41699932338
1987-04-27,25068.421275099878
1987-04-28,24870.803268704476
1987-04-30,25289.827867252407
1987-05-01,25731.793234385514
1987-05-06,25990.80479382571
1987-05-07,26305.599642880727
1987-05-08,26721.138543707177
1987-05-11,26742.555216152698
1987-05-12,26664.684887369225
1987-05-13,26477.816243908434
1987-05-14,26791.86658992263
1987-05-15,26876.97726774017
1987-05-18,26410.34494693939
1987-05-19,26170.797047471522
1987-05-20,25456.03861101261
1987-05-21,25820.280296054865
1987-05-22,26258.776762031008
1987-05-25,26722.68946078268
1987-05-26,26721.402992936877
1987-05-27,26677.48121438933
1987-05-28,26562.913678391884
1987-05-29,26931.95882303862
1987-06-01,27172.352692471344
1987-06-02,27075.132246650188
1987-06-03,27235.500272526184
1987-06-04,27580.653351109064
1987-06-05,27478.36908681153
1987-06-08,27753.828319592027
1987-06-09,27598.041817103374
1987-06-10,27989.321250066667
1987-06-11,28155.419059430507
1987-06-12,28159.851077024956
1987-06-15,28010.778712842864
1987-06-16,27992.47635653739
1987-06-17,28200.544302113125
1987-06-18,28006.825085984867
1987-06-19,27504.677182469055
1987-06-22,26800.910928249476
1987-06-23,26969.81053869649
1987-06-24,27077.02218580638
1987-06-25,27228.577683086773
1987-06-26,27249.47510245739
1987-06-29,26662.378117226686
1987-06-30,26300.883026113326
1987-07-01,26384.309739664946
1987-07-02,26802.934475630256
1987-07-03,26617.694705176105
1987-07-06,25971.5226161656
1987-07-07,25912.689067014948
1987-07-08,25539.509768767974
1987-07-09,25848.708736730823
1987-07-10,26227.14086765769
1987-07-13,26244.249476032604
1987-07-14,26042.088458570113
1987-07-15,26084.4513062084
1987-07-16,26122.04911052096
1987-07-17,26100.870971368797
1987-07-20,25388.991918762444
1987-07-21,25117.338763360265
1987-07-22,24709.254233588657
1987-07-23,25073.264900072536
1987-07-24,26060.584895442218
1987-07-27,26237.722955091092
1987-07-28,26544.18491940001
1987-07-29,26589.914581599543
1987-07-30,26681.313780773537
1987-07-31,26657.859909798666
1987-08-03,26653.96820234641
1987-08-04,26315.929666118278
1987-08-05,26452.29558736289
1987-08-06,26846.186279849564
1987-08-07,27002.356189307768
1987-08-10,27350.19708988534
1987-08-11,27528.769126354524
1987-08-12,27831.46864036287
1987-08-13,27849.168820304607
1987-08-14,27760.982998051695
1987-08-17,27636.422660524273
1987-08-18,27599.614063316603
1987-08-19,27477.63237539032
1987-08-20,27658.10559492366
1987-08-21,27836.007006451608
1987-08-24,28049.359594834692
1987-08-25,27929.348645268525
1987-08-26,28183.2328473281
1987-08-27,28285.393718675467
1987-08-28,28292.95199556385
1987-08-31,28352.880806823196
1987-09-01,28450.87274038336
1987-09-02,28264.53271898807
1987-09-03,27942.12162649127
1987-09-04,28045.501752253775
1987-09-07,27240.20745222822
1987-09-08,27458.894327575697
1987-09-09,27169.715417961466
1987-09-10,27015.044083685483
1987-09-11,27051.819329493916
1987-09-14,27189.624151893087
1987-09-16,27205.35690390304
1987-09-17,27083.651741915135
1987-09-18,27073.031920417314
1987-09-21,27147.464647986322
1987-09-22,27097.7364185265
1987-09-24,27184.42354123718
1987-09-25,27349.75453257794
1987-09-28,28158.649696123237
1987-09-29,28334.570478725804
1987-09-30,28349.435839322716
1987-10-01,28035.117173423
1987-10-02,28189.30348833612
1987-10-05,28360.03615021334
1987-10-06,28437.86399744624
1987-10-07,28289.680169045358
1987-10-08,28655.121621750568
1987-10-09,28712.665412772123
1987-10-12,28654.50428122481
1987-10-13,28781.7811241462
1987-10-14,29050.59655268089
1987-10-15,28813.540091931285
1987-10-16,28747.349048983466
1987-10-19,28071.993118260652
1987-10-20,23889.698015413873
1987-10-21,26111.85571541087
1987-10-22,26610.990451257963
1987-10-23,25299.70927676355
1987-10-26,24211.429116752653
1987-10-27,24901.774830545968
1987-10-28,24621.760922124897
1987-10-29,24029.60055149714
1987-10-30,24827.696555831542
1987-11-02,25475.780489120545
1987-11-04,25151.427188359063
1987-11-05,24682.200373311734
1987-11-06,24863.293950123316
1987-11-09,24453.18190626046
1987-11-10,23655.531677652394
1987-11-11,22947.508716660108
1987-11-12,23504.23369308878
1987-11-13,24488.63171128352
1987-11-16,24671.726379969492
1987-11-17,24376.632738888617
1987-11-18,24803.05922868281
1987-11-19,24732.114146164233
1987-11-20,24772.94230681611
1987-11-24,24937.828181526285
1987-11-25,25335.36139683374
1987-11-26,25404.286391906026
1987-11-27,25390.23036473269
1987-11-30,24756.060931104166
1987-12-01,24916.22590703063
1987-12-02,25007.0914820269
1987-12-03,24890.69085525722
1987-12-04,24667.244879618334
1987-12-07,24650.25089299246
1987-12-08,25045.86122710894
1987-12-09,24978.223641061384
1987-12-10,25410.234549738205
1987-12-11,25143.526845649943
1987-12-14,25024.703638715957
1987-12-15,24938.601122977656
1987-12-16,24909.516499612033
1987-12-17,24998.02074149578
1987-12-18,24919.212434877572
1987-12-21,25061.71587977732
1987-12-22,24826.831441302373
1987-12-23,24776.057696033226
1987-12-24,24612.48817288826
1987-12-25,24151.990640240892
1987-12-28,23544.60205698256
1988-01-04,23166.312897278658
1988-01-05,23558.01418294415
1988-01-06,24885.49113055316
1988-01-07,24887.851296216628
1988-01-08,24976.257886520383
1988-01-11,24655.648409537018
1988-01-12,24707.13383475313
1988-01-13,24380.027616077394
1988-01-14,24684.913381654642
1988-01-18,25020.27059960505
1988-01-19,25007.71556423975
1988-01-20,24948.197365284526
1988-01-21,24803.648609070533
1988-01-22,24985.881687309735
1988-01-25,25469.03231687953
1988-01-26,25666.623571566142
1988-01-27,25489.343764583213
1988-01-28,25764.477003378895
1988-01-29,25803.38519491569
1988-02-01,25924.145086026598
1988-02-02,25859.086244813196
1988-02-03,25775.74574602006
1988-02-04,25900.588670949004
1988-02-05,25837.50264135754
1988-02-08,25970.074853354163
1988-02-09,25851.235391229166
1988-02-10,25971.591342067557
1988-02-12,26201.69750435829
1988-02-15,26448.719558850018
1988-02-16,26600.322541376503
1988-02-17,26693.03906764085
1988-02-18,26961.81068305108
1988-02-19,27069.577161009358
1988-02-22,27150.30401530305
1988-02-23,27263.202077733527
1988-02-24,27284.819113827278
1988-02-25,27429.713077031938
1988-02-26,27500.85950205156
1988-02-29,27586.33780076479
1988-03-01,27798.001128663567
1988-03-02,28068.50466604208
1988-03-03,27974.610235512053
1988-03-04,27996.364659037437
1988-03-07,27998.06670464921
1988-03-08,27833.84109264453
1988-03-09,27987.140076997934
1988-03-10,28001.377817512082
1988-03-11,27921.044440710048
1988-03-14,27801.21288844324
1988-03-15,27847.946198231177
1988-03-16,28098.66204996903
1988-03-17,28282.81506886047
1988-03-18,28386.20187323537
1988-03-22,28251.839241689948
1988-03-23,28309.871053066687
1988-03-24,28185.95050035787
1988-03-25,28017.617495244434
1988-03-28,28013.896471457643
1988-03-29,28375.767883695138
1988-03-30,28777.675319450595
1988-03-31,28712.948474445984
1988-04-01,28542.999963248625
1988-04-04,28796.326198198305
1988-04-05,28775.19328890309
1988-04-06,28989.9929165531
1988-04-07,29272.853198902376
1988-04-08,29251.302691888617
1988-04-11,29444.429817548506
1988-04-12,29451.64488075245
1988-04-13,29512.163967108358
1988-04-14,29650.43139935955
1988-04-15,29412.940972592074
1988-04-18,29170.690828014303
1988-04-19,29155.566392918758
1988-04-20,29382.750845677714
1988-04-21,29344.13567997007
1988-04-22,29354.6182262385
1988-04-25,29766.943529135773
1988-04-26,29804.08419728379
1988-04-27,29744.83454851649
1988-04-28,30010.415253418763
1988-05-02,30268.846459238895
1988-05-06,30121.505525604895
1988-05-09,29826.73257038607
1988-05-10,29989.284930555747
1988-05-11,29715.16215954756
1988-05-12,29772.23015567276
1988-05-13,30052.714589147035
1988-05-16,30372.412055580156
1988-05-17,30438.889214271985
1988-05-18,30382.26327359336
1988-05-19,29951.488415772546
1988-05-20,29974.736774221452
1988-05-23,29817.765794274153
1988-05-24,29887.289670291753
1988-05-25,30031.326838739653
1988-05-26,30015.162406254454
1988-05-27,29865.11563844235
1988-05-30,29792.060843534615
1988-05-31,30004.62837048058
1988-06-01,30319.65569358664
1988-06-02,30501.43635935065
1988-06-03,30449.808608297964
1988-06-06,30641.72694575699
1988-06-07,30610.78687628375
1988-06-08,30551.660807647073
1988-06-09,30726.812877317876
1988-06-10,30561.52157367072
1988-06-13,30689.40587976538
1988-06-14,30717.77301939888
1988-06-15,30753.209799253083
1988-06-16,30812.82137268728
1988-06-17,31027.163782137643
1988-06-20,30805.179490551847
1988-06-21,30572.207164285897
1988-06-22,30501.985690123656
1988-06-23,30362.722763918173
1988-06-24,30382.546754526877
1988-06-27,30037.950947895057
1988-06-28,29998.226549728744
1988-06-29,30228.027836291287
1988-06-30,30406.190954399117
1988-07-01,30115.775674855275
1988-07-04,29959.739359407617
1988-07-05,30197.816581733532
1988-07-06,30405.955544720688
1988-07-07,30364.5370342801
1988-07-08,30572.163372979216
1988-07-11,30648.340798269397
1988-07-12,30773.73751250589
1988-07-13,30687.123832165
1988-07-14,30757.91017123346
1988-07-15,30572.117804143407
1988-07-18,30297.185787704948
1988-07-19,29735.91175759673
1988-07-20,30180.151107599933
1988-07-21,30314.66007967089
1988-07-22,29886.936324161943
1988-07-25,29776.471772557197
1988-07-26,29908.866889325425
1988-07-27,30385.87097854379
1988-07-28,30449.588900957126
1988-07-29,30576.8716446987
1988-08-01,31031.870913411465
1988-08-02,31076.436333957223
1988-08-03,31057.570168391598
1988-08-04,30997.1712382561
1988-08-05,31141.11257376538
1988-08-08,30955.29174207071
1988-08-09,30865.335250459353
1988-08-10,30191.665730476063
1988-08-11,30444.505756639464
1988-08-12,30498.390190377908
1988-08-15,30573.370671902183
1988-08-16,30568.890256134546
1988-08-17,30878.9613592208
1988-08-18,30825.435881621637
1988-08-19,30913.889561078624
1988-08-22,30771.879417211967
1988-08-23,30598.091603574256
1988-08-24,30466.984128450986
1988-08-25,30545.25492921424
1988-08-26,30211.654322230923
1988-08-29,30008.156793362654
1988-08-30,30154.13765339319
1988-08-31,29995.1402092528
1988-09-01,29522.663365085828
1988-09-02,29723.10898626542
1988-09-05,29970.522897348324
1988-09-06,29948.12383081246
1988-09-07,30149.974267488557
1988-09-08,30409.495271126103
1988-09-09,30308.240904580896
1988-09-12,30429.143261003665
1988-09-13,30470.87531615234
1988-09-14,30484.203204098583
1988-09-16,30551.473695807086
1988-09-19,30590.14073932198
1988-09-20,30204.457212757658
1988-09-21,30385.063132919982
1988-09-22,30073.99308579725
1988-09-26,29971.009136598816
1988-09-27,30153.519661794813
1988-09-28,30431.040976472443
1988-09-29,30374.861086371366
1988-09-30,30620.69797841418
1988-10-03,30206.73758044418
1988-10-04,30158.62976585288
1988-10-05,30054.568497430435
1988-10-06,29799.574985901807
1988-10-07,29894.508977013666
1988-10-11,30126.97886052729
1988-10-12,30061.62159880313
1988-10-13,29913.083039034835
1988-10-14,29950.269972498165
1988-10-17,29909.473651069566
1988-10-18,29771.131411298018
1988-10-19,29938.211467841396
1988-10-20,30045.17877349431
1988-10-21,30057.801074014347
1988-10-24,29926.995284385743
1988-10-25,30081.2176371927
1988-10-26,30300.344875189523
1988-10-27,30413.30030905466
1988-10-28,30434.216309879303
1988-10-31,30699.543638825973
1988-11-01,30734.412693267877
1988-11-02,30703.958077563126
1988-11-04,30669.552632789244
1988-11-07,30574.93036758796
1988-11-08,30730.252196094072
1988-11-09,30956.46314091967
1988-11-10,30906.31483312786
1988-11-11,31261.62752502386
1988-11-14,31296.734634706958
1988-11-15,31636.007009166875
1988-11-16,31819.68618922368
1988-11-17,31908.977959627377
1988-11-18,32023.182496676884
1988-11-21,32138.129685883825
1988-11-22,32298.955571259892
1988-11-24,32200.833443238735
1988-11-25,32274.701795058118
1988-11-28,31810.8245938994
1988-11-29,32179.233639162485
1988-11-30,32466.01884189861
1988-12-01,32425.679895187513
1988-12-02,32416.32432189186
1988-12-05,32507.560745353778
1988-12-06,32568.36354214449
1988-12-07,32987.84124311087
1988-12-08,32668.15100617681
1988-12-09,32706.806607936385
1988-12-12,32574.589155868664
1988-12-13,32493.582215800016
1988-12-14,32666.615250367155
1988-12-15,32613.600657461764
1988-12-16,32428.769563011778
1988-12-19,32356.367866261
1988-12-20,32464.567327071138
1988-12-21,32608.33641390575
1988-12-22,32693.00587498842
1988-12-23,32596.75542075118
1988-12-26,32797.08804503581
1988-12-27,32998.71466238043
1988-12-28,33118.15690652313
1989-01-04,33211.791302349055
1989-01-05,33146.71062417295
1989-01-06,33175.655095886956
1989-01-09,33691.21787655531
1989-01-10,34052.2449562134
1989-01-11,34203.32325789988
1989-01-12,34204.010709122376
1989-01-13,34374.85883838326
1989-01-17,34297.72152246069
1989-01-18,34437.934280833644
1989-01-19,34391.23172657533
1989-01-20,34237.02943995344
1989-01-23,34416.208461319555
1989-01-24,34663.825421885726
1989-01-25,34675.626768127964
1989-01-26,34614.83289552717
1989-01-27,34763.078648608884
1989-01-30,34677.4001025001
1989-01-31,34693.25776426792
1989-02-01,34451.589544997616
1989-02-02,34603.4700590884
1989-02-03,34810.130237649966
1989-02-06,34967.90125699794
1989-02-07,35025.624354628504
1989-02-08,35228.998696792914
1989-02-09,35244.3309614009
1989-02-10,35303.88709112035
1989-02-13,35143.445037731355
1989-02-14,35141.48174396116
1989-02-15,35325.233782898045
1989-02-16,35253.532240133434
1989-02-17,35352.92687620973
1989-02-20,35357.69157818759
1989-02-21,35141.924998690854
1989-02-22,35507.297958747535
1989-02-23,35662.47548308439
1989-02-27,35479.97696928233
1989-02-28,35150.81607895615
1989-03-01,35128.115595446885
1989-03-02,35249.08504914659
1989-03-03,35168.8714513554
1989-03-06,35034.13163465719
1989-03-07,35101.96694300279
1989-03-08,34992.45647551777
1989-03-09,34793.988640495176
1989-03-10,34844.51180546371
1989-03-13,34681.637498625976
1989-03-14,34870.721297445416
1989-03-15,35284.8654057093
1989-03-16,35283.11207848047
1989-03-17,35198.92604701762
1989-03-20,34797.07212390532
1989-03-22,34565.205345476366
1989-03-23,34725.761790836215
1989-03-24,34704.318486781965
1989-03-27,34643.32113859161
1989-03-28,35516.87791220669
1989-03-29,35991.34486341981
1989-03-30,36089.751421586014
1989-03-31,36104.27566396228
1989-04-03,36328.62233435449
1989-04-04,36626.411766421654
1989-04-05,36680.51709786983
1989-04-06,36279.916576567215
1989-04-07,36488.75784970933
1989-04-10,36284.935705313226
1989-04-11,36561.17879257007
1989-04-12,36569.46922893645
1989-04-13,36358.51446920886
1989-04-14,36454.36622369755
1989-04-17,36628.72484042433
1989-04-18,36644.122391578276
1989-04-19,36691.232318026894
1989-04-20,36495.46625286427
1989-04-21,36325.36088236725
1989-04-24,36079.860998100405
1989-04-25,36563.25217817468
1989-04-26,36773.12018698805
1989-04-27,36846.33857555493
1989-04-28,37080.830621682995
1989-05-01,37169.37088635097
1989-05-02,37348.10464501256
1989-05-08,37547.12164062893
1989-05-09,37434.175074853236
1989-05-10,37391.45613028407
1989-05-11,37490.25967855364
1989-05-12,37254.32833453336
1989-05-15,37090.02476369852
1989-05-16,37321.9641852191
1989-05-17,37395.32136051848
1989-05-18,37246.32222966028
1989-05-19,37407.28891597366
1989-05-22,37480.54044795302
1989-05-23,37204.86973556465
1989-05-24,37244.357196141886
1989-05-25,37414.06987428829
1989-05-26,37619.72407176212
1989-05-29,37586.59919035848
1989-05-30,37494.99773039808
1989-05-31,37704.65889621352
1989-06-01,37391.378563612074
1989-06-02,37046.69063199703
1989-06-05,36815.97419274049
1989-06-06,36811.13899950391
1989-06-07,37004.322332100164
1989-06-08,37105.6464540096
1989-06-09,37020.214989821485
1989-06-12,36754.67129343131
1989-06-13,36552.4058019181
1989-06-14,36761.625720545744
1989-06-15,36223.19651355949
1989-06-16,36380.29908686119
1989-06-19,36334.81304596296
1989-06-20,36578.001739469975
1989-06-21,36701.80442246146
1989-06-22,36680.184492771696
1989-06-23,36907.38294620592
1989-06-26,37012.8141064734
1989-06-27,36841.170552608724
1989-06-28,36595.768478667786
1989-06-29,36278.05252738549
1989-06-30,36270.39656821815
1989-07-03,36587.86979765128
1989-07-04,36537.918371674496
1989-07-05,36670.02309455765
1989-07-06,36796.00934017444
1989-07-07,37105.54549349589
1989-07-10,37075.52066120334
1989-07-11,37154.15942318328
1989-07-12,37105.086318067835
1989-07-13,37028.36546138739
1989-07-14,36967.02159885117
1989-07-17,36837.233325533314
1989-07-18,36714.11511763119
1989-07-19,36949.87382271912
1989-07-20,37069.206700674215
1989-07-21,37328.235105258136
1989-07-24,37542.50022253449
1989-07-25,38033.91265800536
1989-07-26,38009.271776637
1989-07-27,38306.76691791866
1989-07-28,38219.81913754145
1989-07-31,38493.97127437332
1989-08-01,38433.72168400577
1989-08-02,38435.46212191926
1989-08-03,38304.58941760798
1989-08-04,38263.7052277891
1989-08-07,38141.5488523779
1989-08-08,38284.50947010478
1989-08-09,38395.19003051636
1989-08-10,38242.34300177943
1989-08-11,38235.57769274679
1989-08-14,38190.81032671963
1989-08-15,38344.767029369206
1989-08-16,38646.762902798124
1989-08-17,38654.106034493474
1989-08-18,38625.174460060116
1989-08-21,38711.53221123529
1989-08-22,38683.142806970536
1989-08-23,38440.3769611098
1989-08-24,38323.566996168374
1989-08-25,38272.97480870717
1989-08-28,38127.74437558229
1989-08-29,38216.91275828223
1989-08-30,37979.71227645134
1989-08-31,37935.896237175264
1989-09-01,37845.229952932
1989-09-04,37995.357798073754
1989-09-05,37950.02863891191
1989-09-06,37762.76641647099
1989-09-07,37632.67488612242
1989-09-08,37592.93565650901
1989-09-11,37591.32377882121
1989-09-12,37833.65084248367
1989-09-13,37783.78869820898
1989-09-14,37911.21037340522
1989-09-18,37989.84210453406
1989-09-19,37988.98701877474
1989-09-20,37989.20812970915
1989-09-21,38292.433129296194
1989-09-22,38322.70601998326
1989-09-25,38531.69514704954
1989-09-26,39066.037970435566
1989-09-27,38984.98576614967
1989-09-28,39337.826148492524
1989-09-29,39279.95742107118
1989-10-02,39265.54355867077
1989-10-03,38983.49139452498
1989-10-04,39002.385331410514
1989-10-05,39157.700724904884
1989-10-06,38812.75277487894
1989-10-09,38997.627712176116
1989-10-11,38848.17691703305
1989-10-12,38358.36435206934
1989-10-13,38712.981147872604
1989-10-16,38000.110439088465
1989-10-17,38582.30493028811
1989-10-18,38705.9873063088
1989-10-19,39000.763258097555
1989-10-20,39125.20836907933
1989-10-23,39235.3036036362
1989-10-24,39171.074079951824
1989-10-25,39079.07432497494
1989-10-26,39340.17957132377
1989-10-27,39174.250088547466
1989-10-30,39053.911235396125
1989-10-31,39200.25214434703
1989-11-01,39217.56788927858
1989-11-02,39141.63808295887
1989-11-06,39075.311309908684
1989-11-07,38895.7481980177
1989-11-08,39255.08456862865
1989-11-09,39324.06375527544
1989-11-10,39331.225682371034
1989-11-13,39427.88007756305
1989-11-14,39449.0976574985
1989-11-15,39542.08331691215
1989-11-16,39569.46927849726
1989-11-17,39666.661800087815
1989-11-20,39590.07346817365
1989-11-21,39774.29150189469
1989-11-22,40025.5345663881
1989-11-24,40244.24338993058
1989-11-27,40683.04139656341
1989-11-28,40798.32680864716
1989-11-29,40839.03572770312
1989-11-30,41112.694111895114
1989-12-01,40963.3697126996
1989-12-04,41153.04872294743
1989-12-05,41363.81692948948
1989-12-06,41541.294183504106
1989-12-07,41766.994067970045
1989-12-08,41619.93892064997
1989-12-11,41652.344336015594
1989-12-12,41709.295540533414
1989-12-13,41995.77813814299
1989-12-14,42127.12491218353
1989-12-15,42227.651159360255
1989-12-18,42576.22799515482
1989-12-19,42414.7935635128
1989-12-20,42496.08587446979
1989-12-21,42169.73879862421
1989-12-22,41977.35407081923
1989-12-25,42401.1206781809
1989-12-26,42686.34115966209
1989-12-27,42819.97996337264
1989-12-28,42903.95423892227
1989-12-29,42947.7795912347
1990-01-04,42724.51580498126
1990-01-05,42241.74953511793
1990-01-08,42264.793690583996
1990-01-09,41886.42955401564
1990-01-10,41605.78579041396
1990-01-11,42129.2678913846
1990-01-12,41408.8759737715
1990-01-16,40674.05346194696
1990-01-17,40642.52544225847
1990-01-18,40542.05178206363
1990-01-19,40660.967704275165
1990-01-22,41125.825646844074
1990-01-23,41260.132587079446
1990-01-24,40599.598600120466
1990-01-25,40810.20371708244
1990-01-26,40706.01376245691
1990-01-29,41037.509593710354
1990-01-30,41084.5752673909
1990-01-31,41055.8044460382
1990-02-01,41075.82413576005
1990-02-02,41566.4364513761
1990-02-05,41546.48767262295
1990-02-06,41586.32976479983
1990-02-07,41184.12853251388
1990-02-08,41421.54275697136
1990-02-09,41170.43289408956
1990-02-13,40971.19552520578
1990-02-14,41025.87226518513
1990-02-15,41375.62873757106
1990-02-16,41363.48062436116
1990-02-19,41101.723593342394
1990-02-20,40741.27928743675
1990-02-21,39459.754022752095
1990-02-22,39562.61375345233
1990-02-23,38529.84151329791
1990-02-26,36797.75264659279
1990-02-27,37434.58833174589
1990-02-28,38201.71699714533
1990-03-01,37360.41233257505
1990-03-02,37612.85608599185
1990-03-05,37378.99286357707
1990-03-06,37319.884437633606
1990-03-07,36847.0280375386
1990-03-08,37210.55740090007
1990-03-09,37545.02918228542
1990-03-12,36855.49956651728
1990-03-13,36030.34299999318
1990-03-14,35734.47931967197
1990-03-15,36088.03474881619
1990-03-16,36027.70182928502
1990-03-19,34533.58922309353
1990-03-20,34030.437404767
1990-03-22,32966.32967789085
1990-03-23,33551.0854615063
1990-03-26,35173.72474977457
1990-03-27,35158.29949611983
1990-03-28,34537.63775173011
1990-03-29,34275.974254931985
1990-03-30,33121.3198694833
1990-04-02,30936.22813815379
1990-04-03,31773.832745751086
1990-04-04,31424.41045990323
1990-04-05,31210.763475847296
1990-04-06,32349.01564771791
1990-04-09,33586.11967567882
1990-04-10,32732.351733203453
1990-04-11,32529.185780834843
1990-04-12,32731.8797734178
1990-04-13,32280.224284509957
1990-04-16,31451.245208079657
1990-04-17,31450.058376245164
1990-04-18,32320.77706054506
1990-04-19,33090.845126960405
1990-04-20,32969.909357737524
1990-04-23,32797.69537338771
1990-04-24,32601.91422251928
1990-04-25,32672.09249669576
1990-04-26,32518.19805459392
1990-04-27,32695.84518460556
1990-05-01,32812.50237594078
1990-05-02,33347.79128198692
1990-05-07,34213.35798090691
1990-05-08,34229.78276454031
1990-05-09,34202.79231981264
1990-05-10,34241.698593532245
1990-05-11,34830.19228807873
1990-05-14,35417.1914076243
1990-05-15,35367.40533220171
1990-05-16,35335.514700381675
1990-05-17,35440.026382813834
1990-05-18,35387.73146018924
1990-05-21,35113.477808738804
1990-05-22,35305.61815707427
1990-05-23,35569.57433970956
1990-05-24,35719.71090310129
1990-05-25,36253.33506752647
1990-05-28,36693.674830350916
1990-05-29,36280.927980213026
1990-05-30,36401.62448645663
1990-05-31,36628.403805376445
1990-06-01,36364.06773102252
1990-06-04,36402.58133006992
1990-06-05,36399.08240421216
1990-06-06,36434.9763767906
1990-06-07,36699.878740002154
1990-06-08,36480.266169854825
1990-06-11,35979.90846847524
1990-06-12,35739.644391497604
1990-06-13,35794.96888236366
1990-06-14,36123.28781349671
1990-06-15,35980.49968172145
1990-06-18,35802.44163560508
1990-06-19,35431.056561774545
1990-06-20,35484.080184595136
1990-06-21,35484.1689033408
1990-06-22,35050.51995181474
1990-06-25,34420.35678318562
1990-06-26,34915.95799505378
1990-06-27,35736.0609377633
1990-06-28,35508.24800871654
1990-06-29,35325.34238071783
1990-07-02,35569.2800550125
1990-07-03,35851.25020775909
1990-07-04,35886.52914774702
1990-07-05,35782.920903387814
1990-07-06,35886.91944321956
1990-07-09,35990.60193747347
1990-07-10,35564.44582066589
1990-07-11,35721.873399752556
1990-07-12,36033.494806939336
1990-07-13,36110.51579018294
1990-07-16,36528.594378601694
1990-07-17,36695.78583494983
1990-07-18,36559.07458140131
1990-07-19,36568.03444110553
1990-07-20,35867.19237398274
1990-07-23,35285.10969525817
1990-07-24,35072.96119745681
1990-07-25,35072.26664385466
1990-07-26,34706.11154702741
1990-07-27,34146.604269259726
1990-07-30,33681.93752207086
1990-07-31,34338.32061932168
1990-08-01,34120.22224177054
1990-08-02,33464.911029875344
1990-08-03,32658.42178011269
1990-08-06,31645.19914928451
1990-08-07,30598.492224189376
1990-08-08,31546.30631093013
1990-08-09,30558.261714863493
1990-08-10,30242.12645091776
1990-08-13,28966.6294532044
1990-08-14,29516.134087136696
1990-08-15,31109.754183701138
1990-08-16,30487.61717746889
1990-08-17,29644.080658085742
1990-08-20,29316.7506410736
1990-08-21,29104.085326774883
1990-08-22,27901.66528778552
1990-08-23,26271.61026169489
1990-08-24,26745.91719192908
1990-08-27,27826.618579123206
1990-08-28,28456.887326679825
1990-08-29,27554.253883484846
1990-08-30,28412.741078433766
1990-08-31,28754.61323804043
1990-09-03,28137.548407399856
1990-09-04,27570.438905032184
1990-09-05,26652.95399970149
1990-09-06,26358.504505745143
1990-09-07,26525.19529480942
1990-09-10,27764.195660820536
1990-09-11,27237.488808825492
1990-09-12,27914.897193334382
1990-09-13,27759.233153369965
1990-09-14,27563.090854643593
1990-09-17,26974.765711632524
1990-09-18,26442.972746288706
1990-09-19,26267.79730519865
1990-09-20,26131.87595781843
1990-09-21,26325.927514436004
1990-09-25,25863.028891422302
1990-09-26,24635.932420811856
1990-09-27,24106.333389418753
1990-09-28,23233.801536322793
1990-10-01,22390.879513385607
1990-10-02,25354.971005859166
1990-10-03,25301.142424520316
1990-10-04,24669.08963234481
1990-10-05,25277.96823296882
1990-10-08,26166.90717226668
1990-10-09,26017.99729582995
1990-10-11,25011.304286301034
1990-10-12,24795.28104505703
1990-10-15,25592.013294438748
1990-10-16,26142.76460897755
1990-10-17,26423.70893441413
1990-10-18,26986.47807025942
1990-10-19,27113.669052046946
1990-10-22,27766.89909640777
1990-10-23,28019.296951684053
1990-10-24,27553.040427889562
1990-10-25,28080.469008821303
1990-10-26,27696.636455525946
1990-10-29,28055.637071369176
1990-10-30,27959.86939317432
1990-10-31,27906.86492602355
1990-11-01,26911.610939085494
1990-11-02,26801.129759191434
1990-11-05,27012.452102240393
1990-11-06,26548.141082663624
1990-11-07,26032.944691092915
1990-11-08,25445.790514391214
1990-11-09,25404.135207866846
1990-11-13,26558.803015149257
1990-11-14,26519.137196396634
1990-11-15,26021.11189806697
1990-11-16,25671.64748861835
1990-11-19,26056.027497854953
1990-11-20,25710.063320368456
1990-11-21,25280.092510651462
1990-11-22,25926.808766515565
1990-11-26,26329.00471626648
1990-11-27,26175.072120436445
1990-11-28,25544.37203885752
1990-11-29,25166.66988122563
1990-11-30,24881.270246644748
1990-12-03,25182.402731505746
1990-12-04,24226.131241688767
1990-12-05,24593.47556228376
1990-12-06,24992.15757864276
1990-12-07,26066.8486509661
1990-12-10,26357.85613542619
1990-12-11,26549.26957489126
1990-12-12,26596.774091457817
1990-12-13,27310.470252062398
1990-12-14,26985.71231564401
1990-12-17,26696.275909922595
1990-12-18,27069.262218548916
1990-12-19,27571.548287044625
1990-12-20,27182.07875345022
1990-12-21,26733.297884423537
1990-12-25,26343.933800524672
1990-12-26,26477.055538103126
1990-12-27,26536.426395396724
1990-12-28,26434.934413958286
1991-01-04,26679.82470338365
1991-01-07,26311.645293814057
1991-01-08,25382.412993679005
1991-01-09,25462.08313458125
1991-01-10,25549.139444637534
1991-01-11,25764.31697547382
1991-01-14,25734.005902768593
1991-01-16,24880.27962830991
1991-01-17,25993.95108851159
1991-01-18,26395.219549744274
1991-01-21,25890.046985871933
1991-01-22,25781.29492647891
1991-01-23,25556.110063740743
1991-01-24,25799.316495221334
1991-01-25,26137.143092918133
1991-01-28,26133.42085636284
1991-01-29,26012.70866061314
1991-01-30,25957.202521740415
1991-01-31,25828.55574016218
1991-02-01,25677.756930182673
1991-02-04,25823.138776098513
1991-02-05,26416.02856770007
1991-02-06,26561.217934880886
1991-02-07,26730.723247441994
1991-02-08,26943.773215725792
1991-02-12,27652.862984530264
1991-02-13,27880.146008625674
1991-02-14,28121.231454495348
1991-02-15,28107.766229099667
1991-02-18,29091.253292334404
1991-02-19,29021.90690677312
1991-02-20,29057.74496487934
1991-02-21,28864.8466856254
1991-02-22,28730.573076292014
1991-02-25,29352.215608276358
1991-02-26,29153.345487335104
1991-02-27,28944.582105024874
1991-02-28,29294.521317766706
1991-03-01,28709.775578978642
1991-03-04,28815.100070379238
1991-03-05,28746.278747675726
1991-03-06,29267.677225192583
1991-03-07,29284.84819191092
1991-03-08,29517.892029829818
1991-03-11,29587.076044872803
1991-03-12,29652.048198873446
1991-03-13,29309.6894533274
1991-03-14,29447.838062273662
1991-03-15,29782.1048672058
1991-03-18,30119.75855892752
1991-03-19,29964.72629468027
1991-03-20,29346.937551563595
1991-03-22,29529.294518481285
1991-03-25,29566.03497992087
1991-03-26,29226.608225163385
1991-03-27,28966.70471707333
1991-03-28,29080.7463033999
1991-03-29,29175.760814382218
1991-04-01,28860.458073912218
1991-04-02,29132.451143391518
1991-04-03,29719.023873093935
1991-04-04,29619.439255776466
1991-04-05,29706.039267625154
1991-04-08,29529.396888591284
1991-04-09,29207.826031705834
1991-04-10,29154.52547747306
1991-04-11,29328.592829545323
1991-04-12,29503.75508469251
1991-04-15,29629.775633083427
1991-04-16,29761.064547011814
1991-04-17,29947.075961224917
1991-04-18,29746.225533973666
1991-04-19,29461.60567519345
1991-04-22,29123.659108012194
1991-04-23,29406.79265503628
1991-04-24,29228.2390409679
1991-04-25,28905.37602452223
1991-04-26,29000.091780289982
1991-04-30,28986.85114201225
1991-05-01,29406.768032595268
1991-05-02,29394.965767690832
1991-05-07,29244.857288881998
1991-05-08,29209.50274810218
1991-05-09,29352.96415900539
1991-05-10,29171.21252607264
1991-05-13,28970.713605233625
1991-05-14,28901.189793925245
1991-05-15,28671.232748294966
1991-05-16,28336.237560292753
1991-05-17,28538.502404287126
1991-05-20,28340.392262552854
1991-05-21,28294.50210917613
1991-05-22,28203.379763675606
1991-05-23,28475.971566826665
1991-05-24,28349.359673422285
1991-05-27,28235.23593225257
1991-05-28,28196.676918887177
1991-05-29,28313.53704066461
1991-05-30,28482.875421318186
1991-05-31,28641.36831733295
1991-06-03,28778.51213528379
1991-06-04,28383.962674540806
1991-06-05,28087.646410809713
1991-06-06,27748.93349729126
1991-06-07,27806.10139265328
1991-06-10,27321.559527442183
1991-06-11,27393.403802118588
1991-06-12,27194.106747182646
1991-06-13,27556.163765529614
1991-06-14,27874.069911556817
1991-06-17,27707.094779187213
1991-06-18,27421.45576543568
1991-06-19,26656.91434172316
1991-06-20,26752.417973315296
1991-06-21,26967.136334664272
1991-06-24,26401.50939726174
1991-06-25,26559.72533122119
1991-06-26,26403.5472521433
1991-06-27,26155.915330798114
1991-06-28,25876.369372448153
1991-07-01,26785.463095184114
1991-07-02,26660.4300324145
1991-07-03,25969.536899159222
1991-07-04,25705.75109831865
1991-07-05,25442.612690636433
1991-07-08,24640.675299233873
1991-07-09,25122.046999252703
1991-07-10,25691.8299447265
1991-07-11,25488.551921304905
1991-07-12,25711.129727181862
1991-07-15,26068.621049940222
1991-07-16,25975.900333380443
1991-07-17,25626.955923732086
1991-07-18,25458.54375009665
1991-07-19,25411.967163003555
1991-07-22,25233.451067664457
1991-07-23,25293.607441662207
1991-07-24,25892.56649344908
1991-07-25,25932.231008838593
1991-07-26,26139.85574340857
1991-07-29,26056.45472977033
1991-07-30,26533.835284074365
1991-07-31,26810.12931072593
1991-08-01,26757.270527382134
1991-08-02,26708.033057785175
1991-08-05,26492.103005713558
1991-08-06,26083.229164330885
1991-08-07,26335.01847177441
1991-08-08,26103.686208578805
1991-08-09,26051.00525077435
1991-08-12,25552.424137899117
1991-08-13,25426.550127846527
1991-08-14,26006.57477241466
1991-08-15,25590.59693564982
1991-08-16,25363.94636780276
1991-08-19,23855.078817127895
1991-08-20,24111.585217911455
1991-08-21,24517.34992274403
1991-08-22,25033.903675260382
1991-08-23,24533.57050019653
1991-08-26,24008.04437323235
1991-08-27,24063.024237261994
1991-08-28,24041.615708745798
1991-08-29,24465.216984109433
1991-08-30,24836.75018723139
1991-09-02,24985.278841397198
1991-09-03,24986.63913590574
1991-09-04,24912.48994775795
1991-09-05,25020.79488816703
1991-09-06,25235.850058642856
1991-09-09,25104.41975639621
1991-09-10,24924.29452451659
1991-09-11,25028.435299504556
1991-09-12,25057.176955897332
1991-09-13,25729.672650538323
1991-09-17,26074.038031688226
1991-09-18,25934.588450904223
1991-09-19,25951.24970411188
1991-09-20,25796.509572815572
1991-09-24,25953.792838974787
1991-09-25,26225.384969426206
1991-09-26,26660.43281437196
1991-09-27,26662.492583784864
1991-09-30,26604.01496758747
1991-10-01,27116.862882737503
1991-10-02,27115.27054278921
1991-10-03,27489.938478290176
1991-10-04,27363.047311336795
1991-10-07,27067.57568067106
1991-10-08,26873.17390483325
1991-10-09,27240.423802585872
1991-10-11,26876.54599214088
1991-10-14,26546.574401366368
1991-10-15,27044.39003569138
1991-10-16,27074.972500457476
1991-10-17,27192.519497365316
1991-10-18,27699.266609947816
1991-10-21,27835.534765195014
1991-10-22,27766.91587227696
1991-10-23,27595.28985936597
1991-10-24,27761.975049150566
1991-10-25,27714.849598081106
1991-10-28,27710.14272332373
1991-10-29,27976.51153039284
1991-10-30,27799.63272229748
1991-10-31,28068.47390919032
1991-11-01,27870.88030541245
1991-11-05,27767.494126221238
1991-11-06,27544.711896528446
1991-11-07,27207.534910946008
1991-11-08,27252.276426438166
1991-11-11,26970.662080172875
1991-11-12,27455.044373070523
1991-11-13,27175.649103334366
1991-11-14,26909.386476887827
1991-11-15,26823.798655177616
1991-11-18,26046.204395741155
1991-11-19,25965.15993562201
1991-11-20,25824.292866349875
1991-11-21,25800.2787707831
1991-11-22,25733.485133652524
1991-11-25,25457.129277906544
1991-11-26,25728.574411886126
1991-11-27,25574.541338328712
1991-11-28,25360.332399639665
1991-11-29,25257.20765150195
1991-12-02,24483.88672080488
1991-12-03,24678.676981832137
1991-12-04,25238.72536673108
1991-12-05,25005.105570369913
1991-12-06,24989.877535732063
1991-12-09,24887.725322970386
1991-12-10,24443.035126648527
1991-12-11,23942.277209670847
1991-12-12,24176.19804656776
1991-12-13,25337.284072375227
1991-12-16,25428.82257734917
1991-12-17,25317.534712622833
1991-12-18,25199.552549709486
1991-12-19,24488.786340626175
1991-12-20,24250.870042519306
1991-12-24,24125.954800162544
1991-12-25,25013.58733047229
1991-12-26,25118.64150284958
1991-12-27,24987.988957015245
1991-12-30,25597.0508159842
1992-01-06,26508.048959854452
1992-01-07,26247.198852910704
1992-01-08,25299.575785683446
1992-01-09,25744.203693591582
1992-01-10,24929.793066999817
1992-01-13,24167.359234618063
1992-01-14,24255.13552701371
1992-01-16,24074.22451541234
1992-01-17,23750.85445141456
1992-01-20,23297.43613243337
1992-01-21,23236.15644262643
1992-01-22,23989.604385062055
1992-01-23,24042.107083639676
1992-01-24,23476.10529157581
1992-01-27,23404.215948454483
1992-01-28,23831.958905420466
1992-01-29,23801.05504939489
1992-01-30,24019.36067148763
1992-01-31,24538.483205755238
1992-02-03,24668.935726235763
1992-02-04,24513.551038865564
1992-02-05,24443.692138382234
1992-02-06,24632.109923935714
1992-02-07,24635.162328112452
1992-02-10,24315.268420361404
1992-02-12,24006.191705759873
1992-02-13,23838.920554333035
1992-02-14,23274.291572169568
1992-02-17,23766.485309439606
1992-02-18,23262.243811071396
1992-02-19,22980.020242705414
1992-02-20,23151.801181142204
1992-02-21,23731.836426112248
1992-02-24,23377.329219924
1992-02-25,23436.208410158186
1992-02-26,23814.901571024984
1992-02-27,23780.848972832082
1992-02-28,23787.127652680294
1992-03-02,23953.819226673073
1992-03-03,23468.23404102288
1992-03-04,23528.683000228277
1992-03-05,23260.5802582709
1992-03-06,23404.487836196306
1992-03-09,23187.308050504587
1992-03-10,23251.325067918868
1992-03-11,22959.274421186794
1992-03-12,22926.096205157122
1992-03-13,22808.66576021009
1992-03-16,22119.12733365594
1992-03-17,22209.397483797395
1992-03-18,22038.974136305897
1992-03-19,22508.730503746017
1992-03-23,22570.066564799465
1992-03-24,22182.505653392207
1992-03-25,22556.87203678548
1992-03-26,22176.808724034818
1992-03-27,21900.21010006773
1992-03-30,21936.791264985546
1992-03-31,21576.679846924657
1992-04-01,20724.91262954532
1992-04-02,20395.539719305856
1992-04-03,20701.299448147216
1992-04-06,20564.22766705195
1992-04-07,19845.47148198379
1992-04-08,19158.802244731938
1992-04-09,18515.205171071284
1992-04-10,19912.863836025903
1992-04-13,19228.390065920747
1992-04-14,19455.244032386694
1992-04-15,20022.9270377878
1992-04-16,20036.524846965443
1992-04-17,19614.10009402889
1992-04-20,19046.325323540692
1992-04-21,18729.89451286954
1992-04-22,18788.13533571369
1992-04-23,19416.696860217973
1992-04-24,19573.827434479303
1992-04-27,19471.728114878337
1992-04-28,19557.991446128948
1992-04-30,19405.940217219355
1992-05-01,19308.972912689045
1992-05-06,19951.40749601505
1992-05-07,20545.832622603863
1992-05-08,20507.351186100626
1992-05-11,20766.924761229533
1992-05-12,20656.31816985384
1992-05-13,20947.046842584354
1992-05-14,20987.770737997016
1992-05-15,20173.14376635927
1992-05-18,20585.307061633066
1992-05-19,20932.9526327883
1992-05-20,20845.08306411169
1992-05-21,20863.853144037505
1992-05-22,20339.39730678294
1992-05-25,20712.734527274803
1992-05-26,20322.128761641306
1992-05-27,19896.09271232238
1992-05-28,20017.916405979515
1992-05-29,20483.385011058042
1992-06-01,20100.236406405995
1992-06-02,20236.31092483886
1992-06-03,20307.287370323407
1992-06-04,20057.00554152831
1992-06-05,19863.18366998254
1992-06-08,19712.957088658783
1992-06-09,19925.566459627353
1992-06-10,19811.96863439161
1992-06-11,19774.689548854476
1992-06-12,19411.84032549411
1992-06-15,18931.632866740347
1992-06-16,18932.42902382259
1992-06-17,18365.88454417893
1992-06-18,17919.351993339078
1992-06-19,18449.50185819879
1992-06-22,17781.36047345914
1992-06-23,17989.274722282033
1992-06-24,17706.783576171165
1992-06-25,18031.177345094995
1992-06-26,17661.921600451908
1992-06-29,17582.53327595375
1992-06-30,17818.047164650394
1992-07-01,18235.512366022187
1992-07-02,18719.1505761766
1992-07-03,18675.090465966798
1992-07-06,18607.72822210465
1992-07-07,18387.52693662312
1992-07-08,18545.1707509457
1992-07-09,18823.13388540696
1992-07-10,18751.042283501007
1992-07-13,19218.518950723093
1992-07-14,19065.81103854542
1992-07-15,19124.699225796387
1992-07-16,18980.741193530477
1992-07-17,18490.028022810075
1992-07-20,17748.997789449033
1992-07-21,17881.206819962605
1992-07-22,17367.10980849231
1992-07-23,17924.019052100815
1992-07-24,17318.609792736526
1992-07-27,17179.957718586476
1992-07-28,17239.942233195732
1992-07-29,16870.794452550843
1992-07-30,17384.90991167155
1992-07-31,17781.73472734597
1992-08-03,17557.71079023184
1992-08-04,17539.29519809805
1992-08-05,17865.032152874133
1992-08-06,17801.53499580446
1992-08-07,17345.731920832895
1992-08-10,16840.993461006194
1992-08-11,16568.903203232563
1992-08-12,16514.791212970573
1992-08-13,16508.912057138845
1992-08-14,16567.53556727506
1992-08-17,16690.129341838023
1992-08-18,15997.249970998853
1992-08-19,16379.241093052944
1992-08-20,17069.47381403615
1992-08-21,18131.040346289075
1992-08-24,18591.097498611118
1992-08-25,18315.169466648953
1992-08-26,18495.500479938877
1992-08-27,19629.023375195593
1992-08-28,20094.426390054112
1992-08-31,20195.924239612752
1992-09-01,19837.401422976178
1992-09-02,19667.531422931057
1992-09-03,20561.260544335488
1992-09-04,20750.545018797555
1992-09-07,20622.30789019947
1992-09-08,20446.37897828408
1992-09-09,21110.230140691016
1992-09-10,21147.56402198884
1992-09-11,20252.450980110953
1992-09-14,20659.74623331513
1992-09-16,20071.135931694553
1992-09-17,20263.81183176932
1992-09-18,20320.549118828923
1992-09-21,20208.560336987248
1992-09-22,20451.21091852272
1992-09-24,20817.760100380798
1992-09-25,20577.54406146882
1992-09-28,20105.790998033866
1992-09-29,19855.108080413233
1992-09-30,19465.14003224594
1992-10-01,19432.98100085655
1992-10-02,19382.17007793921
1992-10-05,19133.62578056863
1992-10-06,19320.49391417018
1992-10-07,19146.018170721145
1992-10-08,19396.86367283751
1992-10-09,19088.81255424447
1992-10-12,19360.32601565624
1992-10-13,19571.90801506384
1992-10-14,19408.292507102688
1992-10-15,19727.091472968652
1992-10-16,19438.091811611903
1992-10-19,18917.065718785187
1992-10-20,19011.366257454396
1992-10-21,19184.02319520908
1992-10-22,19040.698693033202
1992-10-23,19158.24585221796
1992-10-26,19039.716170119944
1992-10-27,19234.854618084428
1992-10-28,19104.5356354944
1992-10-29,18958.708138544873
1992-10-30,18768.534695492297
1992-11-02,18865.21341760068
1992-11-04,19102.80806315114
1992-11-05,19065.65139198867
1992-11-06,18885.012293496227
1992-11-09,18378.616541424268
1992-11-10,18401.52129312717
1992-11-11,18268.79167256897
1992-11-12,18335.0452013411
1992-11-13,18283.835456961246
1992-11-16,18096.410033785494
1992-11-17,17907.06088957541
1992-11-18,18786.845473590296
1992-11-19,18890.84403756245
1992-11-20,19073.025353416964
1992-11-24,19143.46512869461
1992-11-25,19374.518644039847
1992-11-26,19573.23137785107
1992-11-27,19564.269605858484
1992-11-30,19803.324971729035
1992-12-01,19388.763420542906
1992-12-02,19479.548169379617
1992-12-03,19330.399330920587
1992-12-04,19370.75315723759
1992-12-07,19272.0273047415
1992-12-08,19356.198471381114
1992-12-09,19495.97411029922
1992-12-10,19602.948133003607
1992-12-11,19535.905193867373
1992-12-14,19367.186579042776
1992-12-15,19581.35345597228
1992-12-16,19344.31769008699
1992-12-17,19534.33090943134
1992-12-18,19806.838324972705
1992-12-21,19767.77550774057
1992-12-22,19818.93026082785
1992-12-24,19772.561770829157
1992-12-25,19670.1840024562
1992-12-28,19257.89189076784
1992-12-29,19367.066497306452
1992-12-30,18963.406160593422
1993-01-04,19041.52592397448
1993-01-05,18872.43004472568
1993-01-06,18806.190466311622
1993-01-07,18804.71544430622
1993-01-08,18641.430972026163
1993-01-11,18591.4940085999
1993-01-12,18694.68641299065
1993-01-13,18512.49674322656
1993-01-14,18510.551428747454
1993-01-18,18625.117650232845
1993-01-19,18829.09215196596
1993-01-20,18506.409037395362
1993-01-21,18539.00017185513
1993-01-22,18313.351639111253
1993-01-25,18258.655890780683
1993-01-26,18489.31225788865
1993-01-27,18509.069289661453
1993-01-28,19130.52459369436
1993-01-29,19086.757021006866
1993-02-01,19210.600180300033
1993-02-02,19270.325491286334
1993-02-03,19311.047601091195
1993-02-04,19276.511454478197
1993-02-05,19436.720189771466
1993-02-08,19380.013901837483
1993-02-09,19089.714577249004
1993-02-10,19166.226621480277
1993-02-12,18899.530659702414
1993-02-15,19199.06560049359
1993-02-16,18973.53853122554
1993-02-17,19078.860725985563
1993-02-18,19048.68925825386
1993-02-19,19080.635768259042
1993-02-22,18868.81473765623
1993-02-23,18917.194261477965
1993-02-24,18845.817911065278
1993-02-25,18968.143555110473
1993-02-26,19020.366219675278
1993-03-01,18938.283464763565
1993-03-02,18921.72032150432
1993-03-03,18910.788121895406
1993-03-04,18805.622334764303
1993-03-05,18871.46058490103
1993-03-08,19847.016365043957
1993-03-09,20029.312394531746
1993-03-10,20041.602303020547
1993-03-11,20094.10206156955
1993-03-12,20243.766745110766
1993-03-15,20299.08522160576
1993-03-16,20167.485336067024
1993-03-17,20398.362457443247
1993-03-18,21021.517443575365
1993-03-19,20808.152304400395
1993-03-22,21086.393818697874
1993-03-23,20758.466034839752
1993-03-24,20713.239766756844
1993-03-25,21066.736537397446
1993-03-26,21094.166901617104
1993-03-29,21386.457112987246
1993-03-30,21291.517097840526
1993-03-31,20874.892838505803
1993-04-01,21445.629416831653
1993-04-02,21836.97630177509
1993-04-05,22188.679055624096
1993-04-06,21883.259818775317
1993-04-07,22268.576053456214
1993-04-08,22424.37681260562
1993-04-09,22340.824202651416
1993-04-12,22330.326553863448
1993-04-13,23294.953789551284
1993-04-14,23063.36256476758
1993-04-15,23224.182653709096
1993-04-16,22800.408800659778
1993-04-19,22592.802641313145
1993-04-20,22274.65297649077
1993-04-21,22213.169030019715
1993-04-22,22009.81259220397
1993-04-23,22137.35271837814
1993-04-26,22047.65743104562
1993-04-27,22703.55316810026
1993-04-28,22982.83917713783
1993-04-30,23505.694266086073
1993-05-06,23172.60974176392
1993-05-07,23386.170531278865
1993-05-10,23660.453371251686
1993-05-11,23532.779602109316
1993-05-12,23168.160096621305
1993-05-13,23076.33653765325
1993-05-14,23011.245685686546
1993-05-17,23114.73052112917
1993-05-18,22737.73871665588
1993-05-19,22908.707149712445
1993-05-20,22852.852940799563
1993-05-21,23108.91191272562
1993-05-24,23018.310827181664
1993-05-25,23194.03563785892
1993-05-26,23491.898721928264
1993-05-27,23443.96875207073
1993-05-28,23434.731823249007
1993-05-31,23107.980281845357
1993-06-01,23152.703707469875
1993-06-02,23266.277131152885
1993-06-03,23699.219606173632
1993-06-04,23482.16084358217
1993-06-07,23440.188399137063
1993-06-08,23138.548733903248
1993-06-10,23047.22518003375
1993-06-11,23056.607268594744
1993-06-14,22940.89131329324
1993-06-15,22546.379244413438
1993-06-16,22385.802278289906
1993-06-17,22412.553266798757
1993-06-18,22277.25869000008
1993-06-21,21611.972963417444
1993-06-22,21979.30880770878
1993-06-23,21928.571097585984
1993-06-24,22145.956419009373
1993-06-25,22118.038384236617
1993-06-28,22374.417041936267
1993-06-29,21988.893726074828
1993-06-30,22042.069530961046
1993-07-01,22419.342056083417
1993-07-02,22079.005257122928
1993-07-05,22081.57373698258
1993-07-06,22314.968292398476
1993-07-07,22192.957063982452
1993-07-08,22157.716548319448
1993-07-09,22370.8822575512
1993-07-12,22487.145961376074
1993-07-13,22713.505648995888
1993-07-14,22667.798647417334
1993-07-15,22689.87287829992
1993-07-16,22885.972042039175
1993-07-19,22683.46047021151
1993-07-20,22557.133998513917
1993-07-21,22606.225509604013
1993-07-22,22646.303046938232
1993-07-23,22217.87750715784
1993-07-26,22317.175820393346
1993-07-27,22395.990268192905
1993-07-28,22327.173994190034
1993-07-29,23034.25164706551
1993-07-30,22948.67663588268
1993-08-02,22908.248428173647
1993-08-03,22924.93665385987
1993-08-04,23083.29422513308
1993-08-05,23003.11327797329
1993-08-06,22927.66699452021
1993-08-09,23080.63635369603
1993-08-10,23082.22720986932
1993-08-11,23352.024625944887
1993-08-12,23389.680273415095
1993-08-13,23367.84268334205
1993-08-16,23544.744971917644
1993-08-17,23478.5265947318
1993-08-18,23401.836870308212
1993-08-19,23306.09333347509
1993-08-20,23216.53730949933
1993-08-23,22999.76603112417
1993-08-24,23020.508208688265
1993-08-25,23122.275634245787
1993-08-26,23202.30465588671
1993-08-27,23428.385061307636
1993-08-30,23565.560901296325
1993-08-31,23694.745755589352
1993-09-01,23612.96757838519
1993-09-02,23647.48413897188
1993-09-03,23798.21292921335
1993-09-06,23736.60217518442
1993-09-07,23626.172220619374
1993-09-08,23577.50211090912
1993-09-09,23473.936362797132
1993-09-10,23466.187035835796
1993-09-13,23839.140560519525
1993-09-14,23614.151973425305
1993-09-16,23112.594087972506
1993-09-17,22988.135544673773
1993-09-20,22847.999158067483
1993-09-21,23074.98324603682
1993-09-22,22746.526301471516
1993-09-24,22897.177061259463
1993-09-27,22657.330060036562
1993-09-28,22746.760786152026
1993-09-29,22640.076570141166
1993-09-30,22672.778742226434
1993-10-01,22873.64747073112
1993-10-04,22853.353210385972
1993-10-05,22918.99690858693
1993-10-06,23120.910591324035
1993-10-07,22857.094299491164
1993-10-08,22985.35514400785
1993-10-12,22713.94608939427
1993-10-13,22603.16672763708
1993-10-14,22654.049501167887
1993-10-15,22758.179863393587
1993-10-18,22643.668949049184
1993-10-19,22641.861437021525
1993-10-20,22759.42805425435
1993-10-21,22766.989565596847
1993-10-22,22864.147467520736
1993-10-25,22915.152902235473
1993-10-26,22593.547645749466
1993-10-27,22385.785504234987
1993-10-28,21981.087777704
1993-10-29,22234.0887283983
1993-11-01,21936.113444268703
1993-11-02,21872.550018410366
1993-11-04,21386.383435183823
1993-11-05,20981.582560703464
1993-11-08,21021.476451378254
1993-11-09,20458.48004373687
1993-11-10,20454.67714668449
1993-11-11,20496.937803963992
1993-11-12,20875.840275325692
1993-11-15,20403.6420879435
1993-11-16,20597.968906722395
1993-11-17,20443.5608648349
1993-11-18,20509.31191730664
1993-11-19,20255.84990460609
1993-11-22,19628.406679272313
1993-11-24,19270.342801663348
1993-11-25,19446.944127551717
1993-11-26,18886.93025781618
1993-11-29,18156.244228297164
1993-11-30,18527.077025684423
1993-12-01,19339.422494166196
1993-12-02,19716.658170308827
1993-12-03,19718.021588408646
1993-12-06,19019.64036995528
1993-12-07,19091.580985968165
1993-12-08,18645.487665726145
1993-12-09,19271.849191959827
1993-12-10,19493.371778276414
1993-12-13,19573.0099604037
1993-12-14,19552.68028733233
1993-12-15,19757.177952505932
1993-12-16,20096.92761775827
1993-12-17,20394.337092626087
1993-12-20,19663.309482507826
1993-12-21,19563.65222213615
1993-12-22,19711.568231408033
1993-12-24,19368.04642997047
1993-12-27,19005.746050339552
1993-12-28,19358.2094637549
1993-12-29,19518.01302700894
1993-12-30,19682.791634448822
1994-01-04,19629.726354306542
1994-01-05,20097.926471085277
1994-01-06,20209.888291868385
1994-01-07,20484.05418883467
1994-01-10,20845.730164620807
1994-01-11,20893.63939086174
1994-01-12,21243.144567197698
1994-01-13,20998.94896370455
1994-01-14,21447.73745262136
1994-01-17,21167.68820540974
1994-01-18,20930.02707286136
1994-01-19,21524.022966415367
1994-01-20,21688.079753154085
1994-01-21,21828.39376738736
1994-01-24,20750.264446006644
1994-01-25,21084.58635749175
1994-01-26,21639.108339890587
1994-01-27,21361.152523879864
1994-01-28,21210.403732116578
1994-01-31,22874.71560079135
1994-02-01,23087.142639259582
1994-02-02,22899.791317869534
1994-02-03,22815.45389304571
1994-02-04,22959.352184495237
1994-02-07,22635.45137436155
1994-02-08,22904.011898313074
1994-02-09,22441.175747505757
1994-02-10,22610.76556137048
1994-02-14,22010.350011168866
1994-02-15,21462.832710009137
1994-02-16,21551.180039629628
1994-02-17,21415.295656080725
1994-02-18,21447.875915523666
1994-02-21,21939.904413097698
1994-02-22,21882.543893953964
1994-02-23,21882.321631709496
1994-02-24,22362.31590195416
1994-02-25,22405.895764260098
1994-02-28,22625.892190364488
1994-03-01,22874.870212957314
1994-03-02,22341.67587204167
1994-03-03,22185.18886308302
1994-03-04,22593.41515728315
1994-03-07,22419.715251018468
1994-03-08,22518.31582320651
1994-03-09,22452.010336666503
1994-03-10,22737.378773287164
1994-03-11,22765.930311852237
1994-03-14,23231.632865978157
1994-03-15,23212.77696568663
1994-03-16,23404.69885932028
1994-03-17,23308.527777296786
1994-03-18,23170.353620660968
1994-03-22,22926.659780193128
1994-03-23,22597.472214232857
1994-03-24,22683.988841773033
1994-03-25,22456.672193219354
1994-03-28,22576.596313637616
1994-03-29,22314.585229214925
1994-03-30,22145.645462409568
1994-03-31,21639.108933856136
1994-04-01,21826.880994751682
1994-04-04,21652.12473470037
1994-04-05,22152.150867760298
1994-04-06,22304.047900561018
1994-04-07,22524.703950348438
1994-04-08,22575.246277806644
1994-04-11,22534.151654474303
1994-04-12,22252.01032285457
1994-04-13,22719.406634530686
1994-04-14,22637.198882607765
1994-04-15,22838.868825785197
1994-04-18,22967.264990876087
1994-04-19,22871.681722835183
1994-04-20,22521.069730934014
1994-04-21,22427.957695156307
1994-04-22,22615.60536967706
1994-04-25,22327.15645880465
1994-04-26,22236.98564792033
1994-04-27,22351.220792784112
1994-04-28,22347.500231666232
1994-05-02,22172.543207128732
1994-05-06,22504.369073829224
1994-05-09,22419.516242484267
1994-05-10,22568.4444319533
1994-05-11,22832.43077807327
1994-05-12,22917.121279853614
1994-05-13,22970.541544974007
1994-05-16,22877.983117614356
1994-05-17,22816.47057881002
1994-05-18,22838.94400720766
1994-05-19,22917.414527176887
1994-05-20,23055.074972510112
1994-05-23,23312.556669808273
1994-05-24,23373.819744406806
1994-05-25,23421.60231824585
1994-05-26,23232.097828894726
1994-05-27,23551.75598732776
1994-05-30,23622.55879715279
1994-05-31,23775.902667578048
1994-06-01,23866.792594660565
1994-06-02,23817.532270405132
1994-06-03,23756.136736056505
1994-06-06,23498.905837712693
1994-06-07,23857.98588525695
1994-06-08,24107.308936740028
1994-06-09,24267.743662217574
1994-06-10,24259.884726571476
1994-06-13,24439.3851125495
1994-06-14,24214.671127867103
1994-06-15,24134.90253511873
1994-06-16,24231.493774214738
1994-06-17,24386.291956500907
1994-06-20,23988.674271181975
1994-06-21,23605.097745750627
1994-06-22,23342.887537314266
1994-06-23,23864.096928503495
1994-06-24,23554.669688372713
1994-06-27,23027.068250623463
1994-06-28,23411.493632418926
1994-06-29,23232.735495865087
1994-06-30,23418.28734618358
1994-07-01,23304.98701735699
1994-07-04,23406.13719094259
1994-07-05,23636.535506072592
1994-07-06,23404.309230552848
1994-07-07,23394.818282391872
1994-07-08,23289.45271067453
1994-07-11,23229.568035868277
1994-07-12,23147.90581233099
1994-07-13,23307.408661287696
1994-07-14,23509.700471462304
1994-07-15,23569.569949467368
1994-07-18,23510.717417390966
1994-07-19,23576.728131568754
1994-07-20,23583.819689357875
1994-07-21,23405.420517421735
1994-07-22,23224.525236890633
1994-07-25,23037.715332673397
1994-07-26,23092.58621016426
1994-07-27,22857.05688350102
1994-07-28,22983.33482096734
1994-07-29,23212.82927513121
1994-08-01,23011.44754592056
1994-08-02,23453.513493359547
1994-08-03,23423.14020443598
1994-08-04,23473.948413489317
1994-08-05,23298.54869054655
1994-08-08,23428.854910390568
1994-08-09,23377.802777677305
1994-08-10,23582.94192623808
1994-08-11,23641.711134735422
1994-08-12,23463.57682256165
1994-08-15,23421.72770626022
1994-08-16,23604.18255125468
1994-08-17,23648.30116419355
1994-08-18,23692.431383104282
1994-08-19,23295.60811509478
1994-08-22,23162.18769072776
1994-08-23,23147.237291538844
1994-08-24,23296.54282273134
1994-08-25,23219.682929572737
1994-08-26,23252.44056752701
1994-08-29,23399.615788952546
1994-08-30,23390.917897294734
1994-08-31,23433.008896012645
1994-09-01,23450.099694536966
1994-09-02,23463.215459444993
1994-09-05,23186.011515871767
1994-09-06,23169.468207406582
1994-09-07,22749.620246629158
1994-09-08,22629.873193044124
1994-09-09,22607.97163777158
1994-09-12,22630.71919504097
1994-09-13,22777.812148155102
1994-09-14,22634.521386708337
1994-09-16,22495.32091395659
1994-09-19,22220.849508470794
1994-09-20,22543.330655754704
1994-09-21,22598.711046826043
1994-09-22,22540.648469073334
1994-09-26,22519.405916968513
1994-09-27,22127.465274046288
1994-09-28,22172.152890500813
1994-09-29,22295.05513700725
1994-09-30,22237.43121905906
1994-10-03,22336.130606377945
1994-10-04,22244.275799726773
1994-10-05,22452.932754802558
1994-10-06,22344.136996106277
1994-10-07,22446.60442344727
1994-10-11,22534.51646643342
1994-10-12,22840.207791824545
1994-10-13,22908.125561627996
1994-10-14,22704.7065420807
1994-10-17,22692.9087448692
1994-10-18,22732.404126046258
1994-10-19,22592.648502280885
1994-10-20,22733.256091181913
1994-10-21,22628.414930689043
1994-10-24,22576.002518567984
1994-10-25,22439.991526533388
1994-10-26,22456.840923402877
1994-10-27,22514.41872095287
1994-10-28,22525.131612287118
1994-10-31,22735.61166541932
1994-11-01,22653.155753509312
1994-11-02,22465.24124960111
1994-11-04,22535.227156991863
1994-11-07,22317.141947113392
1994-11-08,22306.23488462599
1994-11-09,22096.320795230036
1994-11-10,21916.093913478617
1994-11-11,21938.9740698691
1994-11-14,21913.594832922794
1994-11-15,22062.44628142726
1994-11-16,21966.40352484096
1994-11-17,22001.12157646062
1994-11-18,21963.111509647253
1994-11-21,21758.02555723956
1994-11-22,21578.08514067907
1994-11-24,21280.90333610144
1994-11-25,21242.523648331397
1994-11-28,21407.550047867247
1994-11-29,21539.243283245967
1994-11-30,21709.637325217423
1994-12-01,21639.730044384833
1994-12-02,21622.993733326577
1994-12-05,21973.502582716
1994-12-06,22013.81136595824
1994-12-07,21825.27442854005
1994-12-08,21832.568239436936
1994-12-09,21603.60525549862
1994-12-12,21600.636129627874
1994-12-13,21487.904288695518
1994-12-14,21552.339337242825
1994-12-15,21768.9003320782
1994-12-16,21817.75145056369
1994-12-19,21940.735574400904
1994-12-20,22096.41708674358
1994-12-21,22021.60518786172
1994-12-22,22355.75815625685
1994-12-26,22462.60590068384
1994-12-27,22445.78206177354
1994-12-28,22394.293955442747
1994-12-29,22494.582544205376
1994-12-30,22461.211663461527
1995-01-04,22417.399984351803
1995-01-05,22340.66246715439
1995-01-06,22231.212121467197
1995-01-09,22146.9350453914
1995-01-10,22211.940912478483
1995-01-11,22266.12080042775
1995-01-12,22109.02939784928
1995-01-13,22019.84267219951
1995-01-17,21918.109530861635
1995-01-18,21898.20693598525
1995-01-19,21730.7103680685
1995-01-20,21463.011577167264
1995-01-23,20262.0164862362
1995-01-24,20576.15796932254
1995-01-25,20689.24028865649
1995-01-26,20588.827319337965
1995-01-27,20627.5834123189
1995-01-30,21367.099330423025
1995-01-31,21250.2662789301
1995-02-01,21353.014489209192
1995-02-02,21199.585865694302
1995-02-03,21125.733313101882
1995-02-06,21272.484427131247
1995-02-07,21083.132256280376
1995-02-08,20844.057709530825
1995-02-09,20627.308858521188
1995-02-10,20846.47725075682
1995-02-13,20872.715357335186
1995-02-14,20673.399327731517
1995-02-15,20505.892643387186
1995-02-16,20266.6370461449
1995-02-17,20540.67675248741
1995-02-20,20468.265588781516
1995-02-21,20628.16343511345
1995-02-22,20640.59642983181
1995-02-23,20325.82093970683
1995-02-24,19919.314956073424
1995-02-27,19162.610953503343
1995-02-28,19442.157709110033
1995-03-01,18947.076592570673
1995-03-02,19340.348231601354
1995-03-03,19428.043201973433
1995-03-06,19429.842743745332
1995-03-07,19332.963251348174
1995-03-08,18952.69140003069
1995-03-09,19114.880935618025
1995-03-10,18653.92460121348
1995-03-13,18790.446695064653
1995-03-14,18526.60632647261
1995-03-15,19007.254319959553
1995-03-16,18652.932762171116
1995-03-17,18534.33154713159
1995-03-20,18396.538668072495
1995-03-22,18140.303353503445
1995-03-23,18036.516523696617
1995-03-24,17964.431647336776
1995-03-27,18360.146297600255
1995-03-28,19028.505439909146
1995-03-29,18776.940612672654
1995-03-30,18836.203069548348
1995-03-31,18412.053129095697
1995-04-03,17547.08342335163
1995-04-04,17831.917299183617
1995-04-05,18119.86995562999
1995-04-06,18044.369820798798
1995-04-07,17934.922640629193
1995-04-10,18441.545600960886
1995-04-11,18562.767818713975
1995-04-12,18650.05114936107
1995-04-13,18757.683466069684
1995-04-14,18312.155163372066
1995-04-17,18605.093332835822
1995-04-18,18515.416664946606
1995-04-19,18688.2198231799
1995-04-20,18993.426645809897
1995-04-21,19365.07061770192
1995-04-24,19178.225296522065
1995-04-25,19300.298814930433
1995-04-26,19204.909675152452
1995-04-27,19271.07641604193
1995-04-28,19183.45251230195
1995-05-01,19189.366487169373
1995-05-02,19506.320002922264
1995-05-08,19524.021815490803
1995-05-09,19358.509452824474
1995-05-10,19208.671068095395
1995-05-11,18792.796830943877
1995-05-12,18746.548922384296
1995-05-15,18962.779723737705
1995-05-16,18711.224003023424
1995-05-17,18805.882477138584
1995-05-18,18625.107719424603
1995-05-19,18429.570906069905
1995-05-22,18028.471656494497
1995-05-23,18174.02691926457
1995-05-24,18236.88226837434
1995-05-25,17790.546453677413
1995-05-26,17922.151722543815
1995-05-29,17785.36358541783
1995-05-30,18001.63388802423
1995-05-31,17629.623223380775
1995-06-01,17810.314830625855
1995-06-02,18101.549747998295
1995-06-05,18157.096791583564
1995-06-06,17887.673233563568
1995-06-07,17909.452956841767
1995-06-08,17638.87627708848
1995-06-09,17184.606672110418
1995-06-12,16921.534447571696
1995-06-13,16677.798104506608
1995-06-14,16747.732963749357
1995-06-15,16984.415839020246
1995-06-16,16797.42888764296
1995-06-19,16794.34535353796
1995-06-20,16755.559630528543
1995-06-21,17082.232379543813
1995-06-22,17054.32918539996
1995-06-23,17441.928673469516
1995-06-26,17305.507758968888
1995-06-27,16864.570447953232
1995-06-28,16703.946187101385
1995-06-29,16577.685023824455
1995-06-30,16589.839743430908
1995-07-03,16553.745837874176
1995-07-04,16863.147443318077
1995-07-05,16948.990451509457
1995-07-06,17436.846380356004
1995-07-07,18530.17898413249
1995-07-10,18564.505876713738
1995-07-11,18959.95811032551
1995-07-12,18980.549295941684
1995-07-13,18866.6956143176
1995-07-14,18880.97384086201
1995-07-17,19252.750720000666
1995-07-18,18946.789608746898
1995-07-19,18773.660363388615
1995-07-20,18809.602566559082
1995-07-21,18965.231433958306
1995-07-24,18968.517477766844
1995-07-25,18462.45274581853
1995-07-26,18736.0534705834
1995-07-27,19008.628850870886
1995-07-28,19036.89915413397
1995-07-31,19069.539273273123
1995-08-01,18705.35622681925
1995-08-02,19120.02879649502
1995-08-03,19318.348544346583
1995-08-04,19144.483463575725
1995-08-07,19001.226396334845
1995-08-08,19257.36802505814
1995-08-09,19201.135235757214
1995-08-10,19132.64043211081
1995-08-11,19205.651947360744
1995-08-14,19348.27749781535
1995-08-15,19962.05639269282
1995-08-16,20770.156646717493
1995-08-17,20760.407401873348
1995-08-18,20626.91578325613
1995-08-21,20442.82113357652
1995-08-22,20451.078904011578
1995-08-23,20284.872595692454
1995-08-24,20502.81186196821
1995-08-25,20330.2808971147
1995-08-28,20418.495942644622
1995-08-29,20748.420248625567
1995-08-30,20575.892799052603
1995-08-31,20729.055563659003
1995-09-01,20733.651358215855
1995-09-04,20308.337571740143
1995-09-05,20360.99187894471
1995-09-06,20162.845973554933
1995-09-07,20164.32418807102
1995-09-08,20918.298700645526
1995-09-11,21155.26694367521
1995-09-12,21139.90622764961
1995-09-13,21303.112556903496
1995-09-14,21468.847206020986
1995-09-18,20966.558560585992
1995-09-19,21144.80257845659
1995-09-20,20829.787579730353
1995-09-21,20642.82398012624
1995-09-22,20276.13195317378
1995-09-25,20107.85960082233
1995-09-26,20515.42377193962
1995-09-27,20905.723378135055
1995-09-28,20632.055002722387
1995-09-29,20506.934145677355
1995-10-02,20309.19865662624
1995-10-03,20771.320645142365
1995-10-04,20774.29442667024
1995-10-05,20861.123417321855
1995-10-06,21189.01682053441
1995-10-09,20811.7498746968
1995-10-11,20485.9075394549
1995-10-12,20578.326989680078
1995-10-13,20475.19139100747
1995-10-16,20631.053750375177
1995-10-17,20517.29876579514
1995-10-18,20494.248805844072
1995-10-19,20562.83526468075
1995-10-20,20794.717896201517
1995-10-23,20794.051490486898
1995-10-24,20632.009553160195
1995-10-25,20582.833481421854
1995-10-26,20303.786692861304
1995-10-27,19858.227876530167
1995-10-30,20055.777485091425
1995-10-31,20222.971824474233
1995-11-01,20017.17383350412
1995-11-02,20652.71895910001
1995-11-06,20662.65599837842
1995-11-07,20645.19080833196
1995-11-08,20464.836146251542
1995-11-09,20417.004195287896
1995-11-10,20443.378281355184
1995-11-13,20381.966537035107
1995-11-14,20397.48765129492
1995-11-15,20260.826769966483
1995-11-16,20555.6187302584
1995-11-17,20798.70453078455
1995-11-20,21065.890049494705
1995-11-21,21067.052373493054
1995-11-22,20902.073353429438
1995-11-24,20874.456055654013
1995-11-27,21250.83204821146
1995-11-28,21417.92439422165
1995-11-29,21241.522815551438
1995-11-30,21483.30540488592
1995-12-01,21585.54661882588
1995-12-04,21659.815067054227
1995-12-05,21639.972773734306
1995-12-06,21856.45072784753
1995-12-07,22251.910102025977
1995-12-08,22108.843161602454
1995-12-11,22040.461773777533
1995-12-12,22139.655363199206
1995-12-13,22106.69760865196
1995-12-14,22354.740710926453
1995-12-15,22180.24281651117
1995-12-18,22140.196114554004
1995-12-19,21945.228426178743
1995-12-20,22299.099039381483
1995-12-21,22534.385919655157
1995-12-22,22639.554580718326
1995-12-25,22675.723311564787
1995-12-26,22824.63742820926
1995-12-27,22948.020552216047
1995-12-28,22789.68864537817
1995-12-29,22784.61467728271
1996-01-04,23645.329778995845
1996-01-05,23704.6480430291
1996-01-08,23584.504036543956
1996-01-09,23686.801026983398
1996-01-10,23641.99301880443
1996-01-11,23373.92487116304
1996-01-12,23270.901160770263
1996-01-16,23592.469715158135
1996-01-17,23596.921078266525
1996-01-18,23368.02540973499
1996-01-19,23363.90121756549
1996-01-22,23170.53593703469
1996-01-23,23038.67668368935
1996-01-24,23305.425200607027
1996-01-25,23423.181549852445
1996-01-26,23709.84551878994
1996-01-29,23624.995990512303
1996-01-30,23778.680825780448
1996-01-31,23883.10194291253
1996-02-01,24024.341678378096
1996-02-02,23989.47009507561
1996-02-05,23702.622170432704
1996-02-06,23815.62637389074
1996-02-07,24037.178000655906
1996-02-08,24238.625157491184
1996-02-09,24028.84187480397
1996-02-13,23856.797368921205
1996-02-14,24040.522748769305
1996-02-15,23975.440011106617
1996-02-16,23880.48382169447
1996-02-19,23787.702846499797
1996-02-20,23713.21449235366
1996-02-21,23388.60481028351
1996-02-22,23353.465316868173
1996-02-23,23307.68295710848
1996-02-26,23515.01036161999
1996-02-27,22964.806317396065
1996-02-28,22873.223987673144
1996-02-29,23109.850337169493
1996-03-01,23160.305605913873
1996-03-04,23040.791778517192
1996-03-05,23179.36163390776
1996-03-06,23245.958605092335
1996-03-07,22920.53551945542
1996-03-08,23149.539211655934
1996-03-11,22737.316018019414
1996-03-12,22914.942359989305
1996-03-13,22668.09916075132
1996-03-14,22885.916437592572
1996-03-15,23193.610900344855
1996-03-18,23302.69641521954
1996-03-19,23484.37878749096
1996-03-21,23812.50488901047
1996-03-22,23782.734102121834
1996-03-25,24029.99715635829
1996-03-26,24144.9298190394
1996-03-27,24507.91493022434
1996-03-28,24469.4873413237
1996-03-29,24597.889450237806
1996-04-01,24775.15058368185
1996-04-02,24821.591815981297
1996-04-03,24666.884380593572
1996-04-04,24675.102228234144
1996-04-05,24934.14644986251
1996-04-08,24622.835273505083
1996-04-09,24991.36939669994
1996-04-10,25046.838009438456
1996-04-11,24935.876551881218
1996-04-12,24897.680070405946
1996-04-15,25154.356872043205
1996-04-16,25138.10944902185
1996-04-17,25079.23482509125
1996-04-18,25075.800050171674
1996-04-19,25158.658036222667
1996-04-22,25435.485848082502
1996-04-23,25431.73026904346
1996-04-24,25619.041395326774
1996-04-25,25560.16864416366
1996-04-26,25566.695717919087
1996-04-30,25344.790650199797
1996-05-01,25085.42650684575
1996-05-02,24910.752983813367
1996-05-07,24719.424239931886
1996-05-08,24988.58050135214
1996-05-09,24625.171155779186
1996-05-10,24635.473393902284
1996-05-13,24350.720726646883
1996-05-14,24500.177943948216
1996-05-15,25369.328825244535
1996-05-16,25475.131466431634
1996-05-17,25210.714600517178
1996-05-20,25283.34331216408
1996-05-21,25413.88680367548
1996-05-22,25260.883414528264
1996-05-23,24992.61730563938
1996-05-24,25078.995859643343
1996-05-27,24966.315304962285
1996-05-28,25248.779255418023
1996-05-29,25338.1908977884
1996-05-30,25183.53135218429
1996-05-31,25264.741353340276
1996-06-03,24842.502280751814
1996-06-04,25153.582995332483
1996-06-05,25181.253952996783
1996-06-06,25093.52096994893
1996-06-07,25033.769628221035
1996-06-10,24997.02141937179
1996-06-11,25111.194765906464
1996-06-12,25442.58393641658
1996-06-13,25417.655041115337
1996-06-14,25656.770359110622
1996-06-17,25606.972070445554
1996-06-18,25708.00514817754
1996-06-19,25749.113328186144
1996-06-20,25830.49705999968
1996-06-21,25938.83536561359
1996-06-24,26023.2328261203
1996-06-25,26017.165304069793
1996-06-26,26098.211303562915
1996-06-27,25908.88283386962
1996-06-28,25943.3076070156
1996-07-01,25857.517518833483
1996-07-02,25734.573239302772
1996-07-03,25771.19298359101
1996-07-04,25672.893783798063
1996-07-05,25604.092378392554
1996-07-08,25250.829061712342
1996-07-09,25245.781514194176
1996-07-10,25084.367087375005
1996-07-11,25216.102289053444
1996-07-12,24944.962331822753
1996-07-15,25057.49976496832
1996-07-16,24658.54210372487
1996-07-17,24666.894313904788
1996-07-18,24844.600636087172
1996-07-19,24741.600731115665
1996-07-22,24200.195423791138
1996-07-23,24383.11093708629
1996-07-24,23770.221057644685
1996-07-25,24062.30732170083
1996-07-26,24340.874409948607
1996-07-29,24160.36866839779
1996-07-30,24060.688270304454
1996-07-31,23845.430563507
1996-08-01,24182.72986273561
1996-08-02,24132.351475311232
1996-08-05,24291.120191783666
1996-08-06,23908.62410264974
1996-08-07,23601.362181665703
1996-08-08,23894.589681623096
1996-08-09,23687.62083930969
1996-08-12,23821.605408113363
1996-08-13,24051.04347905159
1996-08-14,24185.75390908572
1996-08-15,24171.7424546118
1996-08-16,24017.78885825901
1996-08-19,24332.64537139753
1996-08-20,24357.212034756052
1996-08-21,24528.675716726793
1996-08-22,24631.21578304682
1996-08-23,24477.03318229234
1996-08-26,24079.983672794864
1996-08-27,24111.383289522524
1996-08-28,23881.038705990093
1996-08-29,23701.197180884752
1996-08-30,23256.55701745417
1996-09-02,23188.3847779911
1996-09-03,23294.159772077073
1996-09-04,23299.23128192074
1996-09-05,23505.255693826064
1996-09-06,23243.888366435753
1996-09-09,23302.041494152225
1996-09-10,23714.984608960414
1996-09-11,23728.988183915426
1996-09-12,23583.157980984597
1996-09-13,24043.899969827406
1996-09-17,24584.548289661197
1996-09-18,24407.893929104746
1996-09-19,24600.344411016868
1996-09-20,24358.180986851436
1996-09-24,24427.93802425985
1996-09-25,24634.923695454323
1996-09-26,24763.48308891437
1996-09-27,24863.147201962896
1996-09-30,24874.807468501986
1996-10-01,24767.82723162621
1996-10-02,24809.77574757949
1996-10-03,24617.766792632767
1996-10-04,24406.851098076324
1996-10-07,24422.652286757875
1996-10-08,24282.109110270714
1996-10-09,24089.364434729006
1996-10-11,24202.517076909
1996-10-14,24273.845567574248
1996-10-15,24737.177033949916
1996-10-16,24700.213860078253
1996-10-17,24731.694078284974
1996-10-18,24950.207711268093
1996-10-21,24593.90465422408
1996-10-22,24387.760240006406
1996-10-23,24340.63146786022
1996-10-24,24250.62821408963
1996-10-25,23947.173094321217
1996-10-28,24115.913297067687
1996-10-29,24200.636647144096
1996-10-30,23882.263664867718
1996-10-31,23635.00411534648
1996-11-01,23827.732711006083
1996-11-05,23781.49477922371
1996-11-06,24243.3217550086
1996-11-07,23989.57373442163
1996-11-08,24486.943277448267
1996-11-11,24330.72969404766
1996-11-12,24494.815174309933
1996-11-13,24233.440715234385
1996-11-14,24293.85980370699
1996-11-15,24177.64613356977
1996-11-18,24024.396644243603
1996-11-19,24209.826434836636
1996-11-20,24480.72688904845
1996-11-21,24427.686270162376
1996-11-22,24512.583119832056
1996-11-25,24602.9061665682
1996-11-26,24747.794329939734
1996-11-27,24664.308670569382
1996-11-28,24307.22278085266
1996-11-29,24290.498222450402
1996-12-02,23891.855057897566
1996-12-03,23841.66026733489
1996-12-04,23876.380209008024
1996-12-05,24205.39708796986
1996-12-06,23435.083071860106
1996-12-09,23813.83154087129
1996-12-10,24067.076942930693
1996-12-11,23774.594328640185
1996-12-12,23697.736498221268
1996-12-13,23513.800575724003
1996-12-16,23607.81992154534
1996-12-17,23598.69643673913
1996-12-18,23229.046298688925
1996-12-19,22625.919873416016
1996-12-20,22765.176710664848
1996-12-24,22154.60533659248
1996-12-25,22603.619211715442
1996-12-26,22306.25766228319
1996-12-27,22396.573509395963
1996-12-30,22388.43427836859
1997-01-06,22486.96081104437
1997-01-07,21851.794234011566
1997-01-08,21602.84653783803
1997-01-09,20902.044779484342
1997-01-10,20011.873933654926
1997-01-13,20955.18897563115
1997-01-14,20926.110928233662
1997-01-16,20985.936612461883
1997-01-17,20923.728493632887
1997-01-20,20219.10042139186
1997-01-21,20078.350666027567
1997-01-22,20837.423386251023
1997-01-23,20717.22726770991
1997-01-24,20463.20276123318
1997-01-27,20053.733496244768
1997-01-28,20588.39963574271
1997-01-29,21212.248186725374
1997-01-30,20667.631377983973
1997-01-31,21207.336616034834
1997-02-03,20925.561811849093
1997-02-04,21190.40431171286
1997-02-05,21042.487567469332
1997-02-06,20872.36718569302
1997-02-07,20674.639780335412
1997-02-10,21038.732732054734
1997-02-11,21193.044344228998
1997-02-12,21304.698386886354
1997-02-13,21627.142506073742
1997-02-14,21667.03757829329
1997-02-17,21700.813683063338
1997-02-18,21377.484404816314
1997-02-19,21526.66888342871
1997-02-20,22051.12870281241
1997-02-21,22031.881710399823
1997-02-24,21873.2970821835
1997-02-25,22074.267111560992
1997-02-26,21983.274753037975
1997-02-27,22019.371340086327
1997-02-28,21482.208407765498
1997-03-03,21334.79124878847
1997-03-04,21492.43989124257
1997-03-05,21155.840597562317
1997-03-06,20887.634284327993
1997-03-07,21070.479302114618
1997-03-10,20972.838671033667
1997-03-11,21151.551268283067
1997-03-12,21054.368695436533
1997-03-13,20727.51899490403
1997-03-14,20754.92878352593
1997-03-17,20905.8974859967
1997-03-18,21360.093164729875
1997-03-19,21416.88199555918
1997-03-21,21578.988404110198
1997-03-24,20897.072265939976
1997-03-25,21356.056145015704
1997-03-26,21394.700181271968
1997-03-27,21091.820670195157
1997-03-28,21068.44712287099
1997-03-31,20853.234272657697
1997-04-01,20698.832620960584
1997-04-02,20893.6926539097
1997-04-03,21000.87205405302
1997-04-04,20690.17787123262
1997-04-07,20522.884126098856
1997-04-08,20878.002076592198
1997-04-09,20509.804029338553
1997-04-10,20258.264476303175
1997-04-11,20677.360826574306
1997-04-14,20498.931744828453
1997-04-15,20778.89092410296
1997-04-16,20892.58262692204
1997-04-17,20965.263788277873
1997-04-18,21265.667418159235
1997-04-21,21497.475134193788
1997-04-22,21489.732058321988
1997-04-23,21711.711341058308
1997-04-24,21668.987674095075
1997-04-25,21570.852856192603
1997-04-28,21638.1193079435
1997-04-30,22195.919992025792
1997-05-01,22340.516145165646
1997-05-02,22618.6539915938
1997-05-06,23391.448194974702
1997-05-07,23239.08880823614
1997-05-08,23254.716455671703
1997-05-09,22955.114172161753
1997-05-12,23350.75028859436
1997-05-13,23334.72257841419
1997-05-14,23428.839659276262
1997-05-15,23251.656598196692
1997-05-16,23563.512872035928
1997-05-19,23755.50606761612
1997-05-20,23574.247820318695
1997-05-21,23005.804104233786
1997-05-22,23047.517758400183
1997-05-23,23200.778416071553
1997-05-26,23241.444601189683
1997-05-27,23063.984601114105
1997-05-28,23599.746462134604
1997-05-29,23555.066379697368
1997-05-30,23273.448363906016
1997-06-02,23718.328505601286
1997-06-03,23848.09722587446
1997-06-04,23904.911279411714
1997-06-05,23762.460138482485
1997-06-06,23760.35377299483
1997-06-09,23457.224177271724
1997-06-10,23815.99400058714
1997-06-11,23535.245609722428
1997-06-12,23854.367668276343
1997-06-13,23813.158391458248
1997-06-16,23991.00065803464
1997-06-17,23890.282171734154
1997-06-18,23779.812522225566
1997-06-19,23792.092195969988
1997-06-20,23650.86866955817
1997-06-23,23710.25173989254
1997-06-24,23601.62021343733
1997-06-25,23993.701345481426
1997-06-26,23931.13737785919
1997-06-27,23814.613817716265
1997-06-30,23909.52835375342
1997-07-01,23411.88201117696
1997-07-02,23436.803456590107
1997-07-03,23350.424816435
1997-07-04,23173.05681966497
1997-07-07,22868.692188989324
1997-07-08,23041.94607769491
1997-07-09,22860.71179913394
1997-07-10,22928.22766658579
1997-07-11,23068.98778271556
1997-07-14,23479.643250359393
1997-07-15,23295.394564875456
1997-07-16,23631.90593483465
1997-07-17,23818.9008860436
1997-07-18,23506.23485503019
1997-07-22,23399.755711803486
1997-07-23,23369.647719835153
1997-07-24,23551.096633917827
1997-07-25,23671.70682882818
1997-07-28,23888.004857114476
1997-07-29,23688.384196350817
1997-07-30,23468.549015147804
1997-07-31,23606.9363616701
1997-08-01,22995.632862264487
1997-08-04,22838.008750230732
1997-08-05,22660.27453610401
1997-08-06,22878.79357522896
1997-08-07,22616.742516025563
1997-08-08,22766.74444799389
1997-08-11,21861.223970697658
1997-08-12,22181.14270440303
1997-08-13,22076.656954492584
1997-08-14,22325.856750481747
1997-08-15,22446.60128368678
1997-08-18,22116.29478318346
1997-08-19,22023.88696386796
1997-08-20,22362.799466642693
1997-08-21,22252.955722040755
1997-08-22,21664.700164109563
1997-08-25,21672.288068989918
1997-08-26,21857.39667642742
1997-08-27,21424.64528602879
1997-08-28,21436.304474379624
1997-08-29,21178.961949585606
1997-09-01,20883.15981152743
1997-09-02,21183.77138065543
1997-09-03,21768.405352350663
1997-09-04,21629.46706672838
1997-09-05,21670.879885898314
1997-09-08,21652.545099107803
1997-09-09,21725.338068709192
1997-09-10,21736.18251274993
1997-09-11,21245.770030865006
1997-09-12,20878.642721010056
1997-09-16,20889.34812896856
1997-09-17,20551.476181373622
1997-09-18,20838.924798251443
1997-09-19,20988.429825786225
1997-09-22,21155.36421863164
1997-09-24,21410.238947114285
1997-09-25,21320.04665650258
1997-09-26,20917.012089649364
1997-09-29,20908.890425905236
1997-09-30,20793.82158575657
1997-10-01,20741.46198294247
1997-10-02,20292.013505273004
1997-10-03,20516.281283210497
1997-10-06,20723.02978796692
1997-10-07,20359.031904675314
1997-10-08,20485.168811872285
1997-10-09,20204.07855758702
1997-10-13,20004.408726406677
1997-10-14,20123.2222214582
1997-10-15,20152.84106017642
1997-10-16,20590.78028801903
1997-10-17,20324.99038962969
1997-10-20,20111.701840945403
1997-10-21,20014.101122022308
1997-10-22,20570.008770036136
1997-10-23,19947.162153775098
1997-10-24,20194.513302604544
1997-10-27,19816.65147355295
1997-10-28,18973.19533043993
1997-10-29,19606.8832447069
1997-10-30,19035.052741856187
1997-10-31,19144.934707307446
1997-11-04,19193.35933465132
1997-11-05,19133.360420545527
1997-11-06,19233.73803423756
1997-11-07,18422.8562003297
1997-11-10,18261.488331612203
1997-11-11,18459.821152640186
1997-11-12,17956.513763038958
1997-11-13,17948.99757329236
1997-11-14,17548.395517153273
1997-11-17,18946.058333972993
1997-11-18,19462.346074138703
1997-11-19,18434.15754095012
1997-11-20,18976.967797594334
1997-11-21,19458.204434717005
1997-11-25,18464.908960080887
1997-11-26,18672.601303448366
1997-11-27,19322.102718918504
1997-11-28,19361.129366083525
1997-12-01,19793.84448714256
1997-12-02,19681.1647891438
1997-12-03,19303.718546610977
1997-12-04,18979.860586849114
1997-12-05,19117.38850196505
1997-12-08,18776.989202338053
1997-12-09,19423.487224440993
1997-12-10,19181.462721727523
1997-12-11,18683.815750485966
1997-12-12,18514.560610153458
1997-12-15,18521.014031749986
1997-12-16,18609.81146604146
1997-12-17,19257.476029277677
1997-12-18,18816.282294217202
1997-12-19,17830.9572539875
1997-12-22,17231.270225828503
1997-12-24,17377.981515435047
1997-12-25,17815.261599862934
1997-12-26,17236.469852726113
1997-12-29,17205.078807240596
1997-12-30,17768.623450155403
1998-01-05,17417.700907051756
1998-01-06,17347.95166013839
1998-01-07,17502.046944763835
1998-01-08,17492.216408131197
1998-01-09,17464.80997054447
1998-01-12,17080.31541120134
1998-01-13,17187.51795698967
1998-01-14,17614.520503440675
1998-01-16,18692.05310473268
1998-01-19,18943.88029413636
1998-01-20,19066.29963825977
1998-01-21,19437.338085450006
1998-01-22,19113.316187633387
1998-01-23,19560.731748376387
1998-01-26,19892.600303473922
1998-01-27,19786.468928315284
1998-01-28,19778.116570366583
1998-01-29,19826.335338245928
1998-01-30,19377.116650302083
1998-02-02,19550.70299720454
1998-02-03,19838.28874320988
1998-02-04,19675.433532070547
1998-02-05,19816.803620710332
1998-02-06,19860.372182553107
1998-02-09,20053.344159360295
1998-02-10,20054.182193925863
1998-02-12,20019.759697603167
1998-02-13,19572.96356665325
1998-02-16,19555.62197858531
1998-02-17,19574.046721927014
1998-02-18,19368.623790170564
1998-02-19,19372.351437944733
1998-02-20,19536.00496235659
1998-02-23,19365.618112290846
1998-02-24,18886.537070087827
1998-02-25,19076.869157086432
1998-02-26,19242.051368513028
1998-02-27,19627.536321664236
1998-03-02,20132.812149276233
1998-03-03,20021.58247345428
1998-03-04,19937.49377633924
1998-03-05,19650.095223444772
1998-03-06,19981.372316317316
1998-03-09,19796.1363823954
1998-03-10,19808.863792392447
1998-03-11,19545.177945278654
1998-03-12,19334.85115631046
1998-03-13,19901.23376244123
1998-03-16,19669.812761925616
1998-03-17,19829.26063117561
1998-03-18,19389.5480737692
1998-03-19,19459.489183045847
1998-03-20,19636.906023771608
1998-03-23,19682.381441797086
1998-03-24,19376.878274874307
1998-03-25,19438.205110463023
1998-03-26,19814.98942834788
1998-03-27,19534.057136701897
1998-03-30,18979.021465872243
1998-03-31,19287.967210789244
1998-04-01,18955.45732674877
1998-04-02,18327.34708794022
1998-04-03,18111.949894235222
1998-04-06,18332.294022847913
1998-04-07,18651.310457902502
1998-04-08,19116.462448080136
1998-04-09,19303.98340037673
1998-04-10,19239.851426862846
1998-04-13,19049.63456371219
1998-04-14,19003.32899103231
1998-04-15,19029.6853050175
1998-04-16,18545.225405587276
1998-04-17,18335.77075521978
1998-04-20,18328.61781970923
1998-04-21,18479.417854438594
1998-04-22,18405.20728845374
1998-04-23,18406.05595416387
1998-04-24,18698.156884057902
1998-04-27,18276.90550199517
1998-04-28,17980.319401410714
1998-04-30,18268.092308188057
1998-05-01,18221.85386873219
1998-05-06,17805.23082025595
1998-05-07,17688.129223658223
1998-05-08,17695.749362639406
1998-05-11,17968.460470343325
1998-05-12,17899.703261833507
1998-05-13,17925.27536225381
1998-05-14,17883.73343319687
1998-05-15,17808.644679652552
1998-05-18,17974.74800877342
1998-05-19,18170.741273669064
1998-05-20,18289.770020358977
1998-05-21,18515.14075353968
1998-05-22,18464.86990403908
1998-05-25,18443.890961065503
1998-05-26,18563.414917627717
1998-05-27,18306.366898783715
1998-05-28,18461.6098407927
1998-05-29,18315.29127114219
1998-06-01,17907.174274886187
1998-06-02,18180.659588339862
1998-06-03,17938.83952072078
1998-06-04,18032.389678752814
1998-06-05,17912.598583424788
1998-06-08,17879.67994514148
1998-06-09,18155.599056061714
1998-06-10,17933.07062986951
1998-06-11,17553.499351412273
1998-06-12,17563.83381203202
1998-06-15,17333.95160702523
1998-06-16,17212.057917544993
1998-06-17,17206.84078013682
1998-06-18,17963.059160590114
1998-06-19,17854.307893886285
1998-06-22,17903.03566904868
1998-06-23,17606.0688447833
1998-06-24,17686.918699722428
1998-06-25,17698.138404583733
1998-06-26,17789.804956876655
1998-06-29,17972.55913689113
1998-06-30,18516.58532563154
1998-07-01,19140.28825198269
1998-07-02,19268.132114461947
1998-07-03,19315.23208516697
1998-07-06,19127.835608587913
1998-07-07,19205.549120782318
1998-07-08,19340.434820246308
1998-07-09,19242.83740287187
1998-07-10,18825.966941230723
1998-07-13,19142.96316351095
1998-07-14,19294.047948292
1998-07-15,19441.293867102773
1998-07-16,19579.831106157944
1998-07-17,19391.97211575624
1998-07-21,19376.191986074522
1998-07-22,19068.364821990534
1998-07-23,18946.113983463074
1998-07-24,19150.31969080787
1998-07-27,18662.316532707104
1998-07-28,18862.195638886347
1998-07-29,18913.862646276997
1998-07-30,18965.486537710374
1998-07-31,19173.815961546636
1998-08-03,18924.120976351947
1998-08-04,18759.155849330047
1998-08-05,18723.05650111993
1998-08-06,18587.997242590733
1998-08-07,18533.588691726643
1998-08-10,18296.867846606696
1998-08-11,18040.598818025752
1998-08-12,18008.44710890255
1998-08-13,18012.677031071107
1998-08-14,17711.095888601332
1998-08-17,17326.133618182543
1998-08-18,17641.958682008615
1998-08-19,18043.795711528594
1998-08-20,18026.969355894184
1998-08-21,17918.45374035963
1998-08-24,17556.186950723953
1998-08-25,17655.89044119056
1998-08-26,17414.17265182743
1998-08-27,16885.032684765527
1998-08-28,16302.05914080342
1998-08-31,16527.89442901489
1998-09-01,16835.148028782685
1998-09-02,16843.953565568856
1998-09-03,16709.38305193069
1998-09-04,16454.175215992404
1998-09-07,17330.249077264383
1998-09-08,17475.5179544093
1998-09-09,17291.065358127125
1998-09-10,17186.803104942624
1998-09-11,16309.60425840332
1998-09-14,16673.96617663469
1998-09-16,16639.80255911109
1998-09-17,16243.60123912381
1998-09-18,16389.511828923027
1998-09-21,15937.877486664796
1998-09-22,16164.116082233144
1998-09-24,16652.316851868305
1998-09-25,16087.964346328936
1998-09-28,16306.05107950891
1998-09-29,16203.550415411204
1998-09-30,15717.553046375064
1998-10-01,15472.77276994993
1998-10-02,15504.491698225516
1998-10-05,15181.94660777931
1998-10-06,15268.708151503328
1998-10-07,16212.008216690241
1998-10-08,15275.007888861732
1998-10-09,15104.247957030671
1998-10-12,15896.443842523808
1998-10-13,15530.860537056222
1998-10-14,15329.633313336533
1998-10-15,15241.806418886345
1998-10-16,15576.84165095213
1998-10-19,15913.649336467339
1998-10-20,16196.7461818044
1998-10-21,16676.26589428484
1998-10-22,16769.818153157674
1998-10-23,16593.454984768603
1998-10-26,16240.657392240488
1998-10-27,16214.525294491059
1998-10-28,15857.73515242941
1998-10-29,16037.4175781187
1998-10-30,15915.730713883913
1998-11-02,16371.865712208333
1998-11-04,17047.251975961437
1998-11-05,16829.095197950854
1998-11-06,16572.242522633027
1998-11-09,16658.013484941308
1998-11-10,16557.16523333839
1998-11-11,16933.251890680098
1998-11-12,16519.609228595116
1998-11-13,16746.918268179295
1998-11-16,16935.403051421243
1998-11-17,16918.098844916734
1998-11-18,17137.324369270988
1998-11-19,16850.616384992343
1998-11-20,17350.719872552014
1998-11-24,17802.983541693728
1998-11-25,17696.598985148277
1998-11-26,17854.922931435653
1998-11-27,17693.10281587609
1998-11-30,17475.7222280323
1998-12-01,17419.65937633559
1998-12-02,17597.852801754507
1998-12-03,17258.49508950225
1998-12-04,17192.06017348851
1998-12-07,17290.77253463599
1998-12-08,17390.888997134305
1998-12-09,17536.804929541617
1998-12-10,17391.690667666797
1998-12-11,16919.974179759818
1998-12-14,16575.243109652445
1998-12-15,16457.882102702148
1998-12-16,16558.459116198388
1998-12-17,16595.116983165248
1998-12-18,16674.784481279305
1998-12-21,16626.828366352347
1998-12-22,16188.634050637618
1998-12-24,16103.788951111923
1998-12-25,16211.554157231596
1998-12-28,16107.703362465681
1998-12-29,16270.256836756504
1998-12-30,16265.293254530812
1999-01-04,15765.114325060405
1999-01-05,15550.607500704818
1999-01-06,15828.342451810393
1999-01-07,15909.10406356844
1999-01-08,15739.705945573302
1999-01-11,15713.007609538405
1999-01-12,15704.900183013988
1999-01-13,15755.731536706633
1999-01-14,16150.566517192605
1999-01-18,16229.130862494663
1999-01-19,16189.17559149407
1999-01-20,16492.789931054696
1999-01-21,16749.120597199006
1999-01-22,16642.86751014815
1999-01-25,16707.608830844292
1999-01-26,16912.044387543894
1999-01-27,16992.84490300292
1999-01-28,16866.920547205154
1999-01-29,17052.256054178437
1999-02-01,17012.967234461637
1999-02-02,16878.075168945503
1999-02-03,16657.104124308164
1999-02-04,16570.281543595385
1999-02-05,16348.983090248163
1999-02-08,16460.797527385497
1999-02-09,16355.871612876788
1999-02-10,16415.14193734082
1999-02-12,16440.944184314776
1999-02-15,16537.039062568143
1999-02-16,16747.15122779456
1999-02-17,16660.877496209752
1999-02-18,16647.66190920255
1999-02-19,16591.055061155286
1999-02-22,16778.505910603748
1999-02-23,17066.426628125155
1999-02-24,16896.309588081007
1999-02-25,17032.445580776835
1999-02-26,16912.091079730435
1999-03-01,16741.24909472536
1999-03-02,16388.04077192321
1999-03-03,16682.286056655325
1999-03-04,16698.46239979436
1999-03-05,17535.81156659567
1999-03-08,17401.270527601122
1999-03-09,17776.09662018123
1999-03-10,18228.261638099204
1999-03-11,18255.169410665512
1999-03-12,18240.368693587305
1999-03-15,18583.608736173257
1999-03-16,18929.802765172695
1999-03-17,19160.68515583669
1999-03-18,18513.516709993022
1999-03-19,19292.803140274715
1999-03-23,18869.995803752554
1999-03-24,18277.574193825865
1999-03-25,18832.780696734164
1999-03-26,18870.108145725113
1999-03-29,18861.371265546553
1999-03-30,18685.831055863106
1999-03-31,18660.14112602099
1999-04-01,19239.52995626747
1999-04-02,19196.37685868694
1999-04-05,19249.804741988955
1999-04-06,19421.490062014575
1999-04-07,19510.524784205216
1999-04-08,19855.799495161744
1999-04-09,19867.249485455955
1999-04-12,19457.69290656822
1999-04-13,19703.488610255135
1999-04-14,19762.76792070325
1999-04-15,19719.3489460629
1999-04-16,19867.031948898188
1999-04-19,19658.825989069246
1999-04-20,19686.726364542214
1999-04-21,19449.344660765153
1999-04-22,19651.709553598237
1999-04-23,19956.104048989357
1999-04-26,19951.429662850926
1999-04-27,19998.05524665788
1999-04-28,19981.247613474334
1999-04-30,19698.262991793297
1999-05-06,20405.771430971316
1999-05-07,19989.045627818217
1999-05-10,20025.928759639482
1999-05-11,19751.011053824324
1999-05-12,19992.787889940468
1999-05-13,19880.319822039775
1999-05-14,19833.025758755037
1999-05-17,19374.531691798573
1999-05-18,19325.39288219957
1999-05-19,19030.767375946303
1999-05-20,19116.378708233824
1999-05-21,19226.991544511537
1999-05-24,19342.948135817627
1999-05-25,19135.81621701225
1999-05-26,19155.919207969306
1999-05-27,19093.854045018837
1999-05-28,18853.336052350598
1999-05-31,19018.242521433534
1999-06-01,19369.533388383923
1999-06-02,19381.625418918782
1999-06-03,19157.628453979974
1999-06-04,19244.987830378534
1999-06-07,19452.65478900252
1999-06-08,19556.305240705417
1999-06-09,19627.553611335105
1999-06-10,20195.39633895886
1999-06-11,20309.60770775154
1999-06-14,20299.048393125107
1999-06-15,20410.02485925612
1999-06-16,20326.13768914524
1999-06-17,20634.476544397774
1999-06-18,20589.1342058017
1999-06-21,20953.40883595452
1999-06-22,21000.167489214273
1999-06-23,20775.652677817878
1999-06-24,20825.71616032743
1999-06-25,20600.071983325222
1999-06-28,20806.66737562815
1999-06-29,21011.093985346637
1999-06-30,20713.056724681774
1999-07-01,21105.14455920384
1999-07-02,21190.865505944344
1999-07-05,21431.249906658213
1999-07-06,21332.570898135447
1999-07-07,21225.01879234901
1999-07-08,21236.3344291481
1999-07-09,21201.944189019992
1999-07-12,21600.609684185438
1999-07-13,21491.560809061164
1999-07-14,21701.512750587848
1999-07-15,21789.990628780706
1999-07-16,21573.978985889407
1999-07-19,21911.072285583505
1999-07-21,21586.85854720794
1999-07-22,20964.507159830642
1999-07-23,20733.824095906828
1999-07-26,20683.809364311845
1999-07-27,20650.91418788432
1999-07-28,20790.452934472883
1999-07-29,21134.395556297844
1999-07-30,21125.831746395448
1999-08-02,21084.03121264647
1999-08-03,21255.600536502094
1999-08-04,20919.983819173187
1999-08-05,20533.892168279926
1999-08-06,20210.75084732548
1999-08-09,20337.329725460262
1999-08-10,20352.035017023125
1999-08-11,20363.700502690885
1999-08-12,20615.25385673119
1999-08-13,20630.634766684274
1999-08-16,21094.097438706453
1999-08-17,21135.37202281383
1999-08-18,21174.412909048544
1999-08-19,21160.567627805278
1999-08-20,21419.988956866677
1999-08-23,21581.28055345854
1999-08-24,21418.759608425316
1999-08-25,21135.35567878405
1999-08-26,20912.746282872875
1999-08-27,20834.484647862468
1999-08-30,21213.808633374614
1999-08-31,20643.6427690619
1999-09-01,21077.832865891032
1999-09-02,20876.05669254015
1999-09-03,20875.52283620951
1999-09-06,21026.298217300307
1999-09-07,20969.225556430592
1999-09-08,20891.885758764853
1999-09-09,20935.69223234699
1999-09-10,20976.280380995744
1999-09-13,21212.076718286036
1999-09-14,21056.61869399425
1999-09-16,20482.342293061334
1999-09-17,20543.316225592676
1999-09-20,20820.267157628346
1999-09-21,21244.78355658841
1999-09-22,20526.584179886988
1999-09-24,19989.592952517956
1999-09-27,19930.473724065996
1999-09-28,20529.33792889708
1999-09-29,20478.828923518635
1999-09-30,20862.74376712916
1999-10-01,20990.621496013773
1999-10-04,21052.20414092738
1999-10-05,21077.39444675828
1999-10-06,21211.427056650995
1999-10-07,21497.024337016657
1999-10-08,21409.855487748893
1999-10-12,21444.77671042512
1999-10-13,21047.0695389364
1999-10-14,21078.585112384255
1999-10-15,20867.705284181957
1999-10-18,20481.86783453311
1999-10-19,20457.71864815967
1999-10-20,20791.301066607608
1999-10-21,20689.754777578033
1999-10-22,20679.47571125023
1999-10-25,20929.44661378289
1999-10-26,20957.683507497495
1999-10-27,20615.38304944038
1999-10-28,20653.51339838054
1999-10-29,21281.161421012006
1999-11-01,21347.186536469988
1999-11-02,21342.28356630242
1999-11-04,21765.775270104088
1999-11-05,21774.80475055296
1999-11-08,21640.652005563825
1999-11-09,21702.366020043868
1999-11-10,22030.48614887892
1999-11-11,21746.027755685107
1999-11-12,21665.47270147527
1999-11-15,21594.720911858425
1999-11-16,21544.74377793735
1999-11-17,21687.76293426465
1999-11-18,21994.94364923359
1999-11-19,22041.08846591571
1999-11-22,22340.348143597083
1999-11-24,22429.318213251747
1999-11-25,22223.29191292687
1999-11-26,22453.08707563772
1999-11-29,22377.8668383302
1999-11-30,22032.18705838644
1999-12-01,21959.25471605019
1999-12-02,21982.180928939673
1999-12-03,21809.515546616327
1999-12-06,21975.63577898715
1999-12-07,22079.670520955995
1999-12-08,21851.775345129357
1999-12-09,21685.94936097815
1999-12-10,21700.16134283255
1999-12-13,21621.855968112068
1999-12-14,21575.897597668627
1999-12-15,21544.58980654551
1999-12-16,21513.448457976734
1999-12-17,21495.201743716112
1999-12-20,21591.66521829639
1999-12-21,21479.665027640935
1999-12-22,21933.954990266466
1999-12-24,22081.123138139403
1999-12-27,22036.92765664607
1999-12-28,22319.096131544655
1999-12-29,22352.27572531208
1999-12-30,22500.369540165615
2000-01-04,22582.6807011341
2000-01-05,22036.52309928045
2000-01-06,21592.56405131811
2000-01-07,21623.292311176425
2000-01-11,22405.63794259763
2000-01-12,22200.29292190104
2000-01-13,22386.440768254306
2000-01-14,22533.842432055295
2000-01-17,23106.13865770722
2000-01-18,22820.948525624768
2000-01-19,22466.592248001627
2000-01-20,22598.56209901704
2000-01-21,22444.982203347263
2000-01-24,22658.242451521244
2000-01-25,22467.481429321684
2000-01-26,22724.80178512716
2000-01-27,22842.860788131184
2000-01-28,23111.392435918762
2000-01-31,23237.073385669977
2000-02-01,23099.652031463942
2000-02-02,23285.532916964967
2000-02-03,23533.252056726084
2000-02-04,23506.476060960173
2000-02-07,23724.235932533476
2000-02-08,23634.112559337824
2000-02-09,23800.255895517297
2000-02-10,23446.988016267158
2000-02-14,23265.228810305303
2000-02-15,23041.730137774583
2000-02-16,23317.880416039105
2000-02-17,23547.497391981455
2000-02-18,23545.601011091658
2000-02-21,23254.673377475265
2000-02-22,23073.326056184647
2000-02-23,23227.703678365375
2000-02-24,23290.364389878538
2000-02-25,23584.560327891642
2000-02-28,23469.11601991108
2000-02-29,23754.98533879886
2000-03-01,23901.302303497538
2000-03-02,23882.52980062598
2000-03-03,23719.718054741206
2000-03-06,23564.488908327283
2000-03-07,23741.46219904462
2000-03-08,23531.163851997844
2000-03-09,23407.717182159544
2000-03-10,23513.487052686167
2000-03-13,22847.125927707075
2000-03-14,22790.766237560354
2000-03-15,22716.362932437973
2000-03-16,22925.191429350853
2000-03-17,23298.90854250156
2000-03-21,23342.739374215274
2000-03-22,23499.933204626752
2000-03-23,23466.331504276055
2000-03-24,23769.136475610718
2000-03-27,24154.702465385613
2000-03-28,24266.788343442116
2000-03-29,24663.554307545484
2000-03-30,24348.691680315358
2000-03-31,24225.5504831269
2000-04-03,24690.689887942553
2000-04-04,24534.338450130774
2000-04-05,24377.856025565663
2000-04-06,24093.884243788627
2000-04-07,24129.621408921725
2000-04-10,24566.94412758058
2000-04-11,24452.878969021236
2000-04-12,24824.047192861373
2000-04-13,24459.447500806786
2000-04-14,24351.085440852883
2000-04-17,22652.62869539333
2000-04-18,22606.895866147304
2000-04-19,22747.34250550176
2000-04-20,22596.515799324836
2000-04-21,21755.166158677683
2000-04-24,22027.15103781336
2000-04-25,21780.29796790473
2000-04-26,21616.63005238861
2000-04-27,21480.222645673315
2000-04-28,21426.859604741825
2000-05-01,21939.59602432851
2000-05-02,21983.710474797135
2000-05-08,21699.14787509225
2000-05-09,21276.226954699847
2000-05-10,21106.473999463786
2000-05-11,20130.712499014422
2000-05-12,20698.39234702746
2000-05-15,20646.532744534637
2000-05-16,20930.645133129092
2000-05-17,20755.893054785658
2000-05-18,20312.571674766674
2000-05-19,20106.48519822155
2000-05-22,19544.11445409219
2000-05-23,19464.632736013158
2000-05-24,19138.21706046145
2000-05-25,19381.574937965288
2000-05-26,19096.416486580987
2000-05-29,19380.258258192844
2000-05-30,19361.286931928662
2000-05-31,19485.58844082636
2000-06-01,19918.080044362483
2000-06-02,20045.049947866093
2000-06-05,20525.179794031395
2000-06-06,20488.149258051653
2000-06-07,20458.97940284435
2000-06-08,20291.97402136967
2000-06-09,20122.797136538728
2000-06-12,20265.24721042577
2000-06-13,20187.678939505502
2000-06-14,19877.522696224474
2000-06-15,19501.468128469718
2000-06-16,19477.89534091565
2000-06-19,19804.579760113298
2000-06-20,20182.811939949523
2000-06-21,20544.752823782183
2000-06-22,20421.31956845151
2000-06-23,20251.640294220553
2000-06-26,20207.29352907244
2000-06-27,20630.339819415603
2000-06-28,20739.93440852695
2000-06-29,20866.995805167924
2000-06-30,20790.379014569982
2000-07-03,21034.3332203918
2000-07-04,20862.587971821104
2000-07-05,20822.563219408272
2000-07-06,20639.963617899804
2000-07-07,20779.162048026494
2000-07-10,20988.32381287649
2000-07-11,20907.545021018763
2000-07-12,20714.589674278886
2000-07-13,20350.801426346705
2000-07-14,20478.224063221856
2000-07-17,20650.967746827075
2000-07-18,20243.494173011422
2000-07-19,20290.28521060508
2000-07-21,20085.489821725245
2000-07-24,19770.409502846032
2000-07-25,19802.814275756806
2000-07-26,19718.778278274265
2000-07-27,19336.45689266877
2000-07-28,18926.81223502384
2000-07-31,18794.811631285003
2000-08-01,19240.332890282043
2000-08-02,19368.39367479917
2000-08-03,18900.946472219694
2000-08-04,18725.89618377287
2000-08-07,19127.462948971006
2000-08-08,18909.950864182316
2000-08-09,19167.0849702852
2000-08-10,19097.36957051745
2000-08-11,19267.693980549284
2000-08-14,19311.97900813324
2000-08-15,19485.35022456591
2000-08-16,19555.14930398351
2000-08-17,19322.767605877154
2000-08-18,19466.363169383992
2000-08-21,19179.78033094303
2000-08-22,19676.257016054016
2000-08-23,19655.397462975016
2000-08-24,19936.207236874616
2000-08-25,20224.620992481014
2000-08-28,20548.07448402982
2000-08-29,20501.79540786909
2000-08-30,20215.449883052283
2000-08-31,20167.90887609407
2000-09-01,20023.391344036063
2000-09-04,19962.491518876777
2000-09-05,19681.03058645772
2000-09-06,19619.117113054337
2000-09-07,19500.960055836305
2000-09-08,19742.309226137913
2000-09-11,19299.624337534948
2000-09-12,19191.897111223494
2000-09-13,19372.47655612315
2000-09-14,19400.472432167993
2000-09-18,19219.203476266364
2000-09-19,19295.3849366698
2000-09-20,19695.991015896987
2000-09-21,19520.527758060965
2000-09-22,18931.504664626205
2000-09-25,19141.280452806932
2000-09-26,19065.094639388124
2000-09-27,18720.318473376003
2000-09-28,18705.504369344348
2000-09-29,18850.24379976739
2000-10-02,19036.83331499023
2000-10-03,19049.049705309695
2000-10-04,19333.520233836796
2000-10-05,19274.632819462164
2000-10-06,19149.651595608284
2000-10-10,18951.023483538374
2000-10-11,18575.61209439169
2000-10-12,18620.72940613936
2000-10-13,18357.62155647129
2000-10-16,18576.303933845324
2000-10-17,18370.93163366877
2000-10-18,17811.482329462197
2000-10-19,17738.645049053903
2000-10-20,18203.633509518037
2000-10-23,18083.65011765488
2000-10-24,18144.52648191559
2000-10-25,17776.63628044993
2000-10-26,17798.84861131484
2000-10-27,17468.64054624073
2000-10-30,17328.3943562167
2000-10-31,17418.975652689518
2000-11-01,17818.370155182107
2000-11-02,17777.603403178855
2000-11-06,18417.72146118371
2000-11-07,18381.167608761814
2000-11-08,18452.95852623175
2000-11-09,18046.746243378675
2000-11-10,17961.760135412314
2000-11-13,17574.29904478698
2000-11-14,17569.476819959826
2000-11-15,17736.878770053125
2000-11-16,17483.350734684172
2000-11-17,17432.82058045618
2000-11-20,17418.34304558211
2000-11-21,17271.3593041712
2000-11-22,17143.59187174969
2000-11-24,17161.096237277456
2000-11-27,17647.347203401234
2000-11-28,17574.285512491046
2000-11-29,17393.660819605357
2000-11-30,17563.244152003856
2000-12-01,17787.936225344543
2000-12-04,17931.804553478927
2000-12-05,17621.120672796904
2000-12-06,17854.835162508112
2000-12-07,17652.857581304997
2000-12-08,17624.947818949095
2000-12-11,18008.447631729887
2000-12-12,18127.818433918867
2000-12-13,18193.34613371806
2000-12-14,17904.40657487473
2000-12-15,17455.41813110665
2000-12-18,17374.06733434129
2000-12-19,16953.05730919106
2000-12-20,16692.273592070316
2000-12-21,16103.62035800071
2000-12-22,16108.895925198594
2000-12-25,16714.85341936325
2000-12-26,16806.983741917447
2000-12-27,16776.015921972576
2000-12-28,16735.241216207534
2000-12-29,16542.380293115195
2001-01-04,16429.93912794282
2001-01-05,16641.888904006715
2001-01-09,16333.946700199489
2001-01-10,16121.082807389823
2001-01-11,15843.7286584135
2001-01-12,16020.34086974802
2001-01-15,16211.153467069902
2001-01-16,16305.629930320127
2001-01-17,16406.0669622279
2001-01-18,16654.293278998706
2001-01-19,16793.189107502283
2001-01-22,16845.779294131506
2001-01-23,16789.053208295456
2001-01-24,16680.313610898243
2001-01-25,16572.62250737258
2001-01-26,16444.368057117063
2001-01-29,16624.13506043913
2001-01-30,16602.368277511712
2001-01-31,16623.263290099272
2001-02-01,16547.0126731281
2001-02-02,16456.442082709105
2001-02-05,16075.012227501114
2001-02-06,15936.679377595367
2001-02-07,16052.747077691878
2001-02-08,15779.75367667693
2001-02-09,16122.158654677223
2001-02-13,15944.818288945775
2001-02-14,15956.639077444037
2001-02-15,16009.267348366706
2001-02-16,15827.375282537412
2001-02-19,15760.79532343711
2001-02-20,15916.066977394052
2001-02-21,15738.49972424234
2001-02-22,15706.968295385355
2001-02-23,15914.963255641698
2001-02-26,15861.639292344007
2001-02-27,15692.456440897471
2001-02-28,15481.155211057072
2001-03-01,15239.124553705018
2001-03-02,14735.127014238491
2001-03-05,14808.199827000173
2001-03-06,15248.090121220326
2001-03-07,15292.08911439441
2001-03-08,15204.509591277809
2001-03-09,15177.826463019985
2001-03-12,14629.64066558681
2001-03-13,14207.458807300583
2001-03-14,14236.690971814034
2001-03-15,14608.94585453591
2001-03-16,14705.828292369843
2001-03-19,14655.856897999316
2001-03-21,15753.992259340319
2001-03-22,15454.029785246323
2001-03-23,15888.111463480538
2001-03-26,16667.54263053727
2001-03-27,16398.832619955927
2001-03-28,16552.35489812689
2001-03-29,15719.446727759001
2001-03-30,15632.640343921446
2001-04-02,15558.839955957292
2001-04-03,15783.825628142145
2001-04-04,15926.68669234981
2001-04-05,16093.960020863396
2001-04-06,16097.40628052105
2001-04-09,15446.072483325914
2001-04-10,15180.214635106013
2001-04-11,15847.959133502336
2001-04-12,16062.067260138689
2001-04-13,16102.684099872786
2001-04-16,15945.8772538145
2001-04-17,15720.520889256275
2001-04-18,16412.516302484968
2001-04-19,16685.61329135621
2001-04-20,16562.758531472606
2001-04-23,16503.112939746003
2001-04-24,16536.898188612755
2001-04-25,16638.962753389973
2001-04-26,16814.692789249562
2001-04-27,16768.718769870055
2001-05-01,17360.39154058181
2001-05-02,17356.423581724936
2001-05-07,17486.759583643456
2001-05-08,17198.09960742376
2001-05-09,16952.942099697942
2001-05-10,16872.83928785987
2001-05-11,16904.904365639264
2001-05-14,16699.79446534981
2001-05-15,16918.30178901529
2001-05-16,16485.81830139906
2001-05-17,16746.938973807686
2001-05-18,16707.936560124308
2001-05-21,17068.605282401837
2001-05-22,16966.11240308078
2001-05-23,16938.4440816585
2001-05-24,16732.05981754889
2001-05-25,16576.28322519335
2001-05-28,16542.985935798188
2001-05-29,16587.08339283252
2001-05-30,16249.835033427356
2001-05-31,15971.971798968596
2001-06-01,15972.19013694143
2001-06-04,16033.604319449876
2001-06-05,15877.18514418561
2001-06-06,15869.136688912613
2001-06-07,15993.383107938082
2001-06-08,16177.91628073138
2001-06-11,15933.071870554757
2001-06-12,15468.185357654831
2001-06-13,15448.688585959424
2001-06-14,15477.211574936995
2001-06-15,15409.966055424964
2001-06-18,15298.96794897208
2001-06-19,15150.68175303393
2001-06-20,15272.183131957832
2001-06-21,15619.519533905997
2001-06-22,15719.116134742726
2001-06-25,15541.166351404445
2001-06-26,15640.972070381273
2001-06-27,15460.958671231923
2001-06-28,15281.823146201716
2001-06-29,15630.898484509782
2001-07-02,15368.868860868486
2001-07-03,15449.256211449487
2001-07-04,15222.734859580161
2001-07-05,15197.105676422543
2001-07-06,14834.547183435981
2001-07-09,14755.039093747539
2001-07-10,14828.78811960587
2001-07-11,14473.313780712373
2001-07-12,14959.51857650504
2001-07-13,14896.401406972593
2001-07-16,14882.738005960131
2001-07-17,14624.278527889797
2001-07-18,14340.2485451885
2001-07-19,14359.832870360591
2001-07-23,14000.078729431996
2001-07-24,14330.557692820541
2001-07-25,14341.160059902531
2001-07-26,14301.819964409335
2001-07-27,14229.39585179577
2001-07-30,13966.000056920751
2001-07-31,14306.04207695603
2001-08-01,14425.445626156341
2001-08-02,14956.563260341558
2001-08-03,14767.439350224182
2001-08-06,14770.304104703817
2001-08-07,14861.993748344536
2001-08-08,14674.583538929353
2001-08-09,14181.536083676934
2001-08-10,14158.523507155178
2001-08-13,13848.348293711319
2001-08-14,14380.227044822635
2001-08-15,14184.608619599654
2001-08-16,13895.058033174315
2001-08-17,13811.7188589078
2001-08-20,13585.828923032497
2001-08-21,13613.402184369052
2001-08-22,13753.952488380957
2001-08-23,13429.177728155708
2001-08-24,13477.206336209967
2001-08-27,13608.895990544332
2001-08-28,13506.05572537944
2001-08-29,13253.491848980304
2001-08-30,13204.106716752334
2001-08-31,12933.044037468744
2001-09-03,12566.724881318261
2001-09-04,13005.307360469793
2001-09-05,12795.950141963707
2001-09-06,12858.641036841946
2001-09-07,12697.8725326595
2001-09-10,12310.626485944947
2001-09-11,12428.512116515009
2001-09-12,11604.405934211498
2001-09-13,11608.43781117638
2001-09-14,12086.830546873593
2001-09-17,11478.032676155897
2001-09-18,11690.363352934119
2001-09-19,12004.46159608978
2001-09-20,11818.367461112191
2001-09-21,11540.790383184509
2001-09-25,11709.07854150224
2001-09-26,11646.366096291069
2001-09-27,11713.021134477376
2001-09-28,11807.850841360554
2001-10-01,12046.990125066139
2001-10-02,12245.891577235252
2001-10-03,11989.81352995368
2001-10-04,12330.04887402241
2001-10-05,12330.9669527575
2001-10-09,12096.888983899402
2001-10-10,12040.67056018386
2001-10-11,12502.855719007863
2001-10-12,12848.113474100188
2001-10-15,12631.290098279382
2001-10-16,12855.656939827155
2001-10-17,12998.282527532048
2001-10-18,12659.627581665449
2001-10-19,12737.366358335035
2001-10-22,12770.003138474047
2001-10-23,13128.423737543151
2001-10-24,13057.089206161249
2001-10-25,13151.787340986872
2001-10-26,13049.586513688937
2001-10-29,12829.01538298351
2001-10-30,12709.20578168555
2001-10-31,12532.576584967535
2001-11-01,12509.987975758908
2001-11-02,12554.572345702989
2001-11-05,12632.119714099323
2001-11-06,12857.695978416346
2001-11-07,12436.471217695913
2001-11-08,12614.449132047304
2001-11-09,12353.606429608984
2001-11-12,12191.823932634063
2001-11-13,12130.58869628364
2001-11-14,12198.997665495242
2001-11-15,12687.005988741816
2001-11-16,12880.01803163035
2001-11-19,12975.85810712274
2001-11-20,12792.08484970737
2001-11-21,12895.923529296331
2001-11-22,12939.62525212063
2001-11-26,13384.639795862924
2001-11-27,13245.506988401392
2001-11-28,12853.914800829025
2001-11-29,12892.068270495434
2001-11-30,12942.72274631484
2001-12-03,12547.761401950338
2001-12-04,12647.471378392967
2001-12-05,12963.938374547773
2001-12-06,13138.017579042269
2001-12-07,13065.41493842025
2001-12-10,12792.539683230492
2001-12-11,12675.494106583505
2001-12-12,13072.440183423658
2001-12-13,12627.44570584694
2001-12-14,12722.55172861086
2001-12-17,12495.099164029161
2001-12-18,12627.270347186792
2001-12-19,12675.856047236477
2001-12-20,12631.030733691923
2001-12-21,12511.560741565643
2001-12-25,12414.391717152634
2001-12-26,12339.492984628983
2001-12-27,12660.819287800092
2001-12-28,12764.20193697639
2002-01-04,13162.972792726252
2002-01-07,13249.384736920392
2002-01-08,12951.1886761567
2002-01-09,12913.48997275337
2002-01-10,12762.036604543935
2002-01-11,12645.339928125753
2002-01-15,12363.073581489298
2002-01-16,12326.733220466536
2002-01-17,12267.460309822145
2002-01-18,12468.050321437267
2002-01-21,12452.7861494967
2002-01-22,12175.619793807944
2002-01-23,12163.975173780547
2002-01-24,12204.678192420017
2002-01-25,12290.151976811245
2002-01-28,12383.654509117388
2002-01-29,12148.163705568848
2002-01-30,12019.60915391252
2002-01-31,12115.062261311958
2002-02-01,11865.52937390149
2002-02-04,11672.774826240824
2002-02-05,11483.844432633894
2002-02-06,11418.011215374483
2002-02-07,11615.392566561277
2002-02-08,11740.514251510274
2002-02-12,11973.699976510796
2002-02-13,12083.780716992118
2002-02-14,12221.003112853601
2002-02-15,12181.565260411773
2002-02-18,12236.859961082282
2002-02-19,11939.04958808699
2002-02-20,11923.794689179913
2002-02-21,12483.67373317052
2002-02-22,12558.648409829628
2002-02-25,12486.084843397366
2002-02-26,12372.853250066508
2002-02-27,12822.698988952105
2002-02-28,12841.16074867167
2002-03-01,13113.63682308226
2002-03-04,13888.352495151938
2002-03-05,13765.54026006893
2002-03-06,13778.395281031142
2002-03-07,14130.591051801426
2002-03-08,14419.298892702616
2002-03-11,14460.610509472355
2002-03-12,14082.76767585165
2002-03-13,13850.427193308351
2002-03-14,14037.324701108048
2002-03-15,14134.055466181626
2002-03-18,13953.125901989471
2002-03-19,14311.077595779725
2002-03-20,13988.864545351029
2002-03-22,13768.98132814942
2002-03-25,13667.669350691822
2002-03-26,13603.756658743143
2002-03-27,13744.88803434224
2002-03-28,13756.962170254794
2002-03-29,13383.492875262333
2002-04-01,13388.667201302738
2002-04-02,13602.693515212804
2002-04-03,13841.542890019215
2002-04-04,13816.057713146562
2002-04-05,13763.614585003545
2002-04-08,13785.369368633874
2002-04-09,13496.50544819492
2002-04-10,13623.524373493497
2002-04-11,13537.54389863692
2002-04-12,13314.345155817302
2002-04-15,13526.669422831743
2002-04-16,13781.573589024147
2002-04-17,14021.547979426448
2002-04-18,14061.082521670884
2002-04-19,13984.318135629645
2002-04-22,14239.616957953198
2002-04-23,14258.72040521009
2002-04-24,14181.675626757007
2002-04-25,14152.967918764372
2002-04-26,14023.203120780498
2002-04-30,13964.485573425609
2002-05-01,14038.334674289983
2002-05-02,14036.8111606762
2002-05-07,13751.902252844691
2002-05-08,14001.31572516517
2002-05-09,14138.743376819393
2002-05-10,14015.184352729992
2002-05-13,13779.825571608018
2002-05-14,13803.84083489748
2002-05-15,14153.076032483623
2002-05-16,14270.08356138745
2002-05-17,14402.79542607411
2002-05-20,14414.660855655613
2002-05-21,14347.98638815286
2002-05-22,14544.176480495415
2002-05-23,14566.56690302638
2002-05-24,14562.89062548206
2002-05-27,14563.638728339274
2002-05-28,14515.331231534188
2002-05-29,14414.955508521654
2002-05-30,14314.70481445652
2002-05-31,14307.658301310052
2002-06-03,14475.783564396648
2002-06-04,14174.396233470421
2002-06-05,14188.179425523149
2002-06-06,14080.645241891696
2002-06-07,13915.339709550264
2002-06-10,13832.856337371804
2002-06-11,13929.88204851021
2002-06-12,13781.616375644508
2002-06-13,13560.527979276221
2002-06-14,13288.325286875513
2002-06-17,12976.781370451014
2002-06-18,13191.330989575628
2002-06-19,12749.257308325441
2002-06-20,12916.3292601692
2002-06-21,12602.141802374275
2002-06-24,12745.086200895295
2002-06-25,12776.52261853525
2002-06-26,12263.289809117106
2002-06-27,12491.534242004871
2002-06-28,12930.647167276162
2002-07-01,12899.097390929013
2002-07-02,12932.410931119599
2002-07-03,13164.306252478926
2002-07-04,12946.361471836923
2002-07-05,13182.297684421957
2002-07-08,13113.62418226809
2002-07-09,13346.873314634397
2002-07-10,13094.677073985573
2002-07-11,12770.201869529203
2002-07-12,12911.709323923253
2002-07-15,12636.670418899257
2002-07-16,12485.320931684953
2002-07-17,12541.434255008131
2002-07-18,12788.36307149174
2002-07-19,12428.48226928791
2002-07-22,12412.784387554451
2002-07-23,12445.781668738047
2002-07-24,12119.937044163817
2002-07-25,12098.789963836945
2002-07-26,11686.424970378694
2002-07-29,11779.12682394413
2002-07-30,12190.387728028605
2002-07-31,12037.663562825644
2002-08-01,11935.316887241283
2002-08-02,11833.669018202077
2002-08-05,11828.442874520426
2002-08-06,11580.443430962641
2002-08-07,11987.33547204943
2002-08-08,11945.42489228071
2002-08-09,12190.043210619533
2002-08-12,11883.426207294695
2002-08-13,11811.78256946655
2002-08-14,11751.117051568162
2002-08-15,11943.270541217837
2002-08-16,11934.742751243026
2002-08-19,11704.790160663215
2002-08-20,11731.651929019754
2002-08-21,11758.917452783462
2002-08-22,11968.492085212203
2002-08-23,12034.200890942742
2002-08-26,12279.031415542122
2002-08-27,12083.902415943858
2002-08-28,11912.993417852735
2002-08-29,11734.723759224524
2002-08-30,11734.23414234075
2002-09-02,11615.619580211824
2002-09-03,11244.557079064261
2002-09-04,11071.886052522907
2002-09-05,11251.780306572982
2002-09-06,11138.759226199989
2002-09-09,11355.47303179426
2002-09-10,11359.712156288202
2002-09-11,11470.997966518142
2002-09-12,11490.009817385338
2002-09-13,11279.033838973826
2002-09-17,11648.144631348332
2002-09-18,11560.942742744812
2002-09-19,11802.609470735426
2002-09-20,11573.007494063711
2002-09-24,11378.906395458032
2002-09-25,11188.707341722222
2002-09-26,11379.065089346414
2002-09-27,11635.379985167794
2002-09-30,11456.25140276826
2002-10-01,11186.900889769939
2002-10-02,11049.520054693267
2002-10-03,10912.162446568082
2002-10-04,11023.93053779957
2002-10-07,10609.775202150153
2002-10-08,10635.783499482915
2002-10-09,10429.182272983982
2002-10-10,10307.863379697126
2002-10-11,10418.249224717942
2002-10-15,10793.864300535364
2002-10-16,10853.160453927538
2002-10-17,10945.28621654616
2002-10-18,11100.01768904652
2002-10-21,10968.92246139238
2002-10-22,10616.310024218874
2002-10-23,10647.497897244188
2002-10-24,10525.528049072402
2002-10-25,10662.851211868905
2002-10-28,10701.487062032329
2002-10-29,10642.400685899092
2002-10-30,10701.338421663046
2002-10-31,10559.92365591573
2002-11-01,10615.69645755712
2002-11-05,10923.993300508013
2002-11-06,10943.718774112289
2002-11-07,10904.063277488875
2002-11-08,10623.805079548845
2002-11-11,10342.630714612475
2002-11-12,10348.480579409652
2002-11-13,10316.859253776964
2002-11-14,10152.113375912022
2002-11-15,10397.361416713902
2002-11-18,10205.152983112537
2002-11-19,10229.157312828298
2002-11-20,10345.013990471129
2002-11-21,10600.391455749193
2002-11-22,10728.676174223969
2002-11-25,10939.38185139086
2002-11-26,10792.558713271355
2002-11-27,10856.519393609877
2002-11-28,11225.076887356643
2002-11-29,11273.025699180198
2002-12-02,11223.273677941506
2002-12-03,11261.270112497534
2002-12-04,11019.0800433844
2002-12-05,10910.496359498244
2002-12-06,10844.542604815813
2002-12-09,10801.954189085793
2002-12-10,10773.653722514964
2002-12-11,10680.09150344935
2002-12-12,10657.363881105442
2002-12-13,10422.117739827489
2002-12-16,10342.882050486698
2002-12-17,10416.532267045885
2002-12-18,10212.943408695743
2002-12-19,10266.728812154775
2002-12-20,10290.833558224636
2002-12-24,10420.438751621468
2002-12-25,10407.165290955292
2002-12-26,10651.219185383661
2002-12-27,10668.784177442396
2002-12-30,10503.857795839818
2003-01-06,10668.940539536427
2003-01-07,10599.903298476202
2003-01-08,10430.603574915867
2003-01-09,10406.809056693191
2003-01-10,10373.692910492264
2003-01-14,10475.405240101223
2003-01-15,10547.8316845191
2003-01-16,10545.216449901283
2003-01-17,10645.080023658229
2003-01-20,10484.627621168407
2003-01-21,10668.635877241108
2003-01-22,10549.687450069954
2003-01-23,10770.621149563493
2003-01-24,10698.5570303677
2003-01-27,10549.398848211795
2003-01-28,10446.913236572385
2003-01-29,10209.33608840483
2003-01-30,10192.374931655297
2003-01-31,10221.250300015867
2003-02-03,10418.922463567262
2003-02-04,10399.984837062137
2003-02-05,10480.134949454454
2003-02-06,10400.189405110914
2003-02-07,10356.557499197517
2003-02-10,10402.17058621506
2003-02-12,10622.460536598399
2003-02-13,10543.914988433606
2003-02-14,10669.845494017281
2003-02-17,10756.1945595069
2003-02-18,10659.972843160422
2003-02-19,10642.705857878667
2003-02-20,10609.504613843714
2003-02-21,10441.561201790697
2003-02-24,10505.156796198018
2003-02-25,10254.910688823227
2003-02-26,10250.925702099625
2003-02-27,10254.608466619893
2003-02-28,10259.628585282913
2003-03-03,10416.41023386898
2003-03-04,10404.45775091033
2003-03-05,10395.670887672437
2003-03-06,10269.247023979804
2003-03-07,9993.643217802974
2003-03-10,9869.160422554247
2003-03-11,9648.978857752014
2003-03-12,9748.409099497834
2003-03-13,9657.49962948917
2003-03-14,9822.631879360319
2003-03-17,9662.278486091367
2003-03-18,9764.442688109359
2003-03-19,9883.50960096318
2003-03-20,10060.816797721447
2003-03-24,10356.01789147581
2003-03-25,10115.523558423733
2003-03-26,10254.991142075785
2003-03-27,10276.088789293965
2003-03-28,10167.930941447017
2003-03-31,9790.89194306157
2003-04-01,9808.6040758029
2003-04-02,9911.209193466124
2003-04-03,9847.72987264719
2003-04-04,9917.478422506065
2003-04-07,10134.012136619489
2003-04-08,9988.880303206584
2003-04-09,9898.733187236257
2003-04-10,9804.044019115965
2003-04-11,9603.511376809736
2003-04-14,9524.892413116264
2003-04-15,9631.953979075235
2003-04-16,9682.415412465656
2003-04-17,9612.144376896802
2003-04-18,9677.295416442725
2003-04-21,9794.022678221563
2003-04-22,9574.9927924284
2003-04-23,9579.076541024207
2003-04-24,9654.78581268332
2003-04-25,9464.66405854497
2003-04-28,9352.522654827197
2003-04-30,9627.822495499262
2003-05-01,9667.502648050768
2003-05-02,9721.977629933197
2003-05-06,9939.340229084966
2003-05-07,9972.082609739049
2003-05-08,9876.410383909704
2003-05-09,10025.243162292672
2003-05-12,10110.570158982215
2003-05-13,10073.137710146651
2003-05-14,10140.875806675027
2003-05-15,9991.939858372738
2003-05-16,9984.940550195417
2003-05-19,9889.308071020767
2003-05-20,9914.853994864394
2003-05-21,9864.961764054595
2003-05-22,9906.257694915395
2003-05-23,10070.535472269536
2003-05-26,10123.425104100716
2003-05-27,9992.183192156534
2003-05-28,10132.91247107045
2003-05-29,10307.180805613549
2003-05-30,10368.202534240816
2003-06-02,10519.706269256027
2003-06-03,10541.568509555944
2003-06-04,10533.952455901786
2003-06-05,10656.818746839725
2003-06-06,10815.7295783823
2003-06-09,10861.667272979066
2003-06-10,10820.811418730955
2003-06-11,10945.98308533365
2003-06-12,10981.394019114647
2003-06-13,11058.354786858634
2003-06-16,10885.53070795656
2003-06-17,11123.978531341441
2003-06-18,11198.408825827273
2003-06-19,11220.589978589558
2003-06-20,11233.338585469426
2003-06-23,11254.550655736153
2003-06-24,10986.747705845139
2003-06-25,11003.329675731598
2003-06-26,10992.99619089462
2003-06-27,11216.122769100582
2003-06-30,11190.891768982208
2003-07-01,11432.201261192322
2003-07-02,11819.389233368873
2003-07-03,11860.121398580024
2003-07-04,11765.760976083051
2003-07-07,12071.294731520404
2003-07-08,12199.549166173005
2003-07-09,12313.853697346454
2003-07-10,12270.943414210846
2003-07-11,11876.803071458107
2003-07-14,12025.685313208109
2003-07-15,12020.599223625546
2003-07-16,12002.690774646377
2003-07-17,11710.982906403133
2003-07-18,11747.18338265132
2003-07-22,11696.298987286507
2003-07-23,11856.426328606354
2003-07-24,11925.675648814818
2003-07-25,11897.9403129356
2003-07-28,12135.21921825666
2003-07-29,12128.938937562752
2003-07-30,11880.852780678286
2003-07-31,11795.802929791045
2003-08-01,11856.188814512425
2003-08-04,11660.809810929362
2003-08-05,11574.798025642553
2003-08-06,11503.014397873976
2003-08-07,11431.617309147541
2003-08-08,11508.669900482815
2003-08-11,11707.021612161658
2003-08-12,11802.654035885336
2003-08-13,12035.188102254333
2003-08-14,12234.153263649318
2003-08-15,12173.077572919145
2003-08-18,12382.907161355568
2003-08-19,12557.74158447022
2003-08-20,12703.99427179115
2003-08-21,12791.838388829738
2003-08-22,12691.864239985385
2003-08-25,12686.927282900893
2003-08-26,12756.63511144777
2003-08-27,12728.18073838943
2003-08-28,12625.404350623263
2003-08-29,12772.170229907297
2003-09-01,13176.172226016299
2003-09-02,13201.428556499655
2003-09-03,13233.739189988948
2003-09-04,13149.525352046692
2003-09-05,13154.922168278681
2003-09-08,13196.35077485973
2003-09-09,13491.366581546037
2003-09-10,13410.87975882768
2003-09-11,13028.620116971762
2003-09-12,13234.967770509871
2003-09-16,13450.900963558126
2003-09-17,13578.957816719208
2003-09-18,13633.050831036595
2003-09-19,13516.487922672082
2003-09-22,12944.63686874342
2003-09-24,12978.908173622789
2003-09-25,12741.980767049634
2003-09-26,12753.021623666848
2003-09-29,12643.836407640285
2003-09-30,12631.485664919652
2003-10-01,12807.905144923141
2003-10-02,13095.723976924814
2003-10-03,13239.510332252494
2003-10-06,13278.33471439107
2003-10-07,13378.167660566087
2003-10-08,13034.963690426135
2003-10-09,13022.332607510116
2003-10-10,13337.839210742102
2003-10-14,13561.606830914909
2003-10-15,13480.091683469465
2003-10-16,13635.632762287198
2003-10-17,13652.093792480722
2003-10-20,13805.95298172585
2003-10-21,13645.62514107769
2003-10-22,13470.796318562374
2003-10-23,12785.572884017327
2003-10-24,12786.90168912546
2003-10-27,12934.074259144314
2003-10-28,13066.995752529963
2003-10-29,13288.179174912726
2003-10-30,13234.840129117658
2003-10-31,13067.264435110425
2003-11-04,13424.822001810935
2003-11-05,13412.607878902847
2003-11-06,13060.267617483165
2003-11-07,13155.852784782504
2003-11-10,13002.500473395216
2003-11-11,12634.908388575503
2003-11-12,12659.304329892235
2003-11-13,12797.932731392495
2003-11-14,12587.36922530763
2003-11-17,12117.250687875097
2003-11-18,12254.348925090426
2003-11-19,11905.239345528807
2003-11-20,12216.79490442116
2003-11-21,12201.48818607257
2003-11-25,12335.089922662546
2003-11-26,12564.391804496448
2003-11-27,12588.016222489612
2003-11-28,12510.868890004793
2003-12-01,12886.46707819766
2003-12-02,12895.656702297252
2003-12-03,12792.558433734088
2003-12-04,12921.56880048493
2003-12-05,12852.19833619088
2003-12-08,12446.317040162792
2003-12-09,12544.773554707592
2003-12-10,12280.591484110948
2003-12-11,12485.174720580684
2003-12-12,12602.956333162267
2003-12-15,13001.569416481636
2003-12-16,12730.602454186255
2003-12-17,12509.446182875827
2003-12-18,12524.174060075826
2003-12-19,12748.616939842019
2003-12-22,12858.32778332833
2003-12-24,12857.454692490403
2003-12-25,12850.779682131275
2003-12-26,12915.990836146584
2003-12-29,13019.831187022583
2003-12-30,13238.763760579226
2004-01-05,13423.620247376337
2004-01-06,13410.439037149314
2004-01-07,13341.46118357043
2004-01-08,13441.14715742905
2004-01-09,13599.843014618064
2004-01-13,13457.43501266245
2004-01-14,13474.642195471353
2004-01-15,13229.899159726134
2004-01-16,13468.817976907272
2004-01-19,13691.73253586012
2004-01-20,13775.267767655865
2004-01-21,13651.014335242515
2004-01-22,13649.61236613906
2004-01-23,13735.069065732341
2004-01-26,13616.13024050939
2004-01-27,13561.512920199131
2004-01-28,13468.428449731526
2004-01-29,13378.476036358676
2004-01-30,13384.332067411535
2004-02-02,13376.473236561615
2004-02-03,13209.81326167216
2004-02-04,12968.829089013801
2004-02-05,12991.026946164351
2004-02-06,12987.119382238883
2004-02-09,12915.385526798731
2004-02-10,12869.841943301293
2004-02-12,12987.039691598002
2004-02-13,13109.92568882819
2004-02-16,13099.452600785473
2004-02-17,13289.392159597188
2004-02-18,13259.863905896504
2004-02-19,13356.159751863517
2004-02-20,13315.715299420335
2004-02-23,13500.5612099907
2004-02-24,13221.967534131298
2004-02-25,13240.777544583452
2004-02-26,13435.946547052683
2004-02-27,13718.188868462466
2004-03-01,14003.653315603095
2004-03-02,14116.674675187784
2004-03-03,14105.476668652742
2004-03-04,14168.163996888585
2004-03-05,14337.269020235712
2004-03-08,14295.210632351174
2004-03-09,14332.202671540666
2004-03-10,14210.135399788653
2004-03-11,14041.569145927364
2004-03-12,13875.360043415641
2004-03-15,14068.928352363255
2004-03-16,13975.650257371224
2004-03-17,14218.249943579463
2004-03-18,14277.92830686474
2004-03-19,14196.880590232227
2004-03-22,14073.264158633983
2004-03-23,14027.450197781636
2004-03-24,14132.494729939603
2004-03-25,14339.547319161555
2004-03-26,14638.426670132843
2004-03-29,14573.988615431994
2004-03-30,14544.182320444073
2004-03-31,14571.925492507926
2004-04-01,14532.899773969066
2004-04-02,14698.500508848756
2004-04-05,14876.358988369335
2004-04-06,15028.121976114506
2004-04-07,14954.138044302917
2004-04-08,15045.688080906333
2004-04-09,14803.720915799617
2004-04-12,14985.139201326056
2004-04-13,15091.824579132921
2004-04-14,15055.705570808657
2004-04-15,14685.877918207998
2004-04-16,14716.69304824066
2004-04-19,14642.327385676292
2004-04-20,14877.14024875802
2004-04-21,14867.988530113867
2004-04-22,14913.30975805897
2004-04-23,15089.0525750672
2004-04-26,15143.639294307211
2004-04-27,14996.238757601273
2004-04-28,14946.463321864861
2004-04-30,14645.272977857372
2004-05-06,14408.865422973171
2004-05-07,14244.57388116617
2004-05-10,13555.2266462056
2004-05-11,13583.91225774412
2004-05-12,13891.488294777691
2004-05-13,13483.060297880289
2004-05-14,13514.300964418018
2004-05-17,13085.757468789721
2004-05-18,13343.092632217451
2004-05-19,13663.503820515925
2004-05-20,13532.511781621351
2004-05-21,13792.612374563021
2004-05-24,13832.424756828426
2004-05-25,13660.289604450378
2004-05-26,13896.698183038125
2004-05-27,13914.777126007692
2004-05-28,14094.369291485065
2004-05-31,14003.856935803875
2004-06-01,14079.83645658331
2004-06-02,14012.722265271024
2004-06-03,13745.078636581431
2004-06-04,13871.679346833762
2004-06-07,14261.166581147361
2004-06-08,14364.131647148643
2004-06-09,14274.86066079936
2004-06-10,14432.970173802825
2004-06-11,14372.421416831994
2004-06-14,14329.3101061229
2004-06-15,14200.401383562546
2004-06-16,14517.90073196828
2004-06-17,14476.462296400981
2004-06-18,14195.558881325225
2004-06-21,14468.28089562221
2004-06-22,14445.454258114336
2004-06-23,14445.303371590237
2004-06-24,14650.107583753424
2004-06-25,14696.074646091653
2004-06-28,14826.14371896564
2004-06-29,14797.890407069453
2004-06-30,14796.223192179885
2004-07-01,14843.316950865632
2004-07-02,14626.303028963323
2004-07-05,14402.702203763653
2004-07-06,14320.520639340366
2004-07-07,14208.417442875827
2004-07-08,14130.973404525794
2004-07-09,14258.12812161821
2004-07-12,14457.005084340231
2004-07-13,14490.619444596377
2004-07-14,14176.815775389485
2004-07-15,14243.06391519834
2004-07-16,14277.322241472753
2004-07-20,14056.274339053098
2004-07-21,14276.103053435649
2004-07-22,14091.005446724674
2004-07-23,13969.710890310618
2004-07-26,13935.730175231763
2004-07-27,13776.575846502514
2004-07-28,13993.123796226126
2004-07-29,13884.51348304307
2004-07-30,14146.191639561464
2004-08-02,14017.580363694062
2004-08-03,13916.275087878874
2004-08-04,13753.896700940346
2004-08-05,13818.147244757245
2004-08-06,13708.508856944845
2004-08-09,13629.406305762961
2004-08-10,13686.137767994298
2004-08-11,13806.676859535868
2004-08-12,13780.650618083817
2004-08-13,13442.855633211917
2004-08-16,13356.82016025912
2004-08-17,13405.191610406184
2004-08-18,13466.228799436616
2004-08-19,13628.49090122825
2004-08-20,13611.196072055463
2004-08-23,13701.678999539168
2004-08-24,13732.82889779384
2004-08-25,13914.413731982955
2004-08-26,13914.259446962002
2004-08-27,14015.315669227875
2004-08-30,13984.694996236125
2004-08-31,13856.937397354284
2004-09-01,13914.613848754867
2004-09-02,13947.086042779729
2004-09-03,13784.890592175734
2004-09-06,14063.092098758456
2004-09-07,14132.060741365878
2004-09-08,14108.076089940432
2004-09-09,13973.411455548629
2004-09-10,13864.378434023929
2004-09-13,14077.6027364786
2004-09-14,14131.45091410893
2004-09-15,13960.765677391963
2004-09-16,13937.428245816338
2004-09-17,13866.978310813374
2004-09-21,13865.656313941137
2004-09-22,13789.451858749446
2004-09-24,13634.66152114236
2004-09-27,13590.501216532552
2004-09-28,13536.436275539863
2004-09-29,13500.238239086459
2004-09-30,13547.826820211607
2004-10-01,13750.79984691109
2004-10-04,14120.111260239386
2004-10-05,14123.583811702696
2004-10-06,14253.941457865005
2004-10-07,14216.116827805978
2004-10-08,14210.278679055958
2004-10-12,14026.260286217073
2004-10-13,14019.686659389408
2004-10-14,13817.90744539417
2004-10-15,13754.315626980264
2004-10-18,13733.311036683028
2004-10-19,13858.30402289852
2004-10-20,13630.196850976761
2004-10-21,13514.462991365257
2004-10-22,13600.204673875449
2004-10-25,13352.884379525707
2004-10-26,13370.237467054712
2004-10-27,13395.335687339093
2004-10-28,13597.947868269952
2004-10-29,13496.271529443438
2004-11-01,13450.959116900305
2004-11-02,13643.49204707316
2004-11-04,13717.445744236227
2004-11-05,13862.89095662173
2004-11-08,13765.915355374558
2004-11-09,13742.85197255662
2004-11-10,13781.266050736092
2004-11-11,13596.401681502555
2004-11-12,13814.032238647407
2004-11-15,14074.971098297096
2004-11-16,13993.169894691906
2004-11-17,13955.692859866249
2004-11-18,13895.12933729865
2004-11-19,13896.362573237997
2004-11-22,13604.339902683603
2004-11-24,13633.798905945878
2004-11-25,13669.618093157947
2004-11-26,13586.801807668118
2004-11-29,13768.270171324877
2004-11-30,13670.336993031071
2004-12-01,13526.786684720755
2004-12-02,13764.325810143288
2004-12-03,13892.751815506497
2004-12-06,13776.878034673136
2004-12-07,13641.671645492917
2004-12-08,13727.354291618818
2004-12-09,13521.354171927265
2004-12-10,13497.159961925245
2004-12-13,13538.565583269761
2004-12-14,13697.783717946177
2004-12-15,13749.782500788055
2004-12-16,13710.20870109049
2004-12-17,13904.125079544188
2004-12-20,13936.335747966723
2004-12-21,13965.286619766584
2004-12-22,14070.837412523344
2004-12-24,14267.434889173652
2004-12-27,14264.230072891824
2004-12-28,14342.518110915977
2004-12-29,14289.79960844173
2004-12-30,14425.125453048213
2005-01-04,14462.16151494609
2005-01-05,14362.052758207006
2005-01-06,14431.424854847803
2005-01-07,14357.94272260598
2005-01-11,14492.637787757336
2005-01-12,14384.512297513353
2005-01-13,14265.614411431656
2005-01-14,14366.937789138903
2005-01-17,14428.753725171811
2005-01-18,14349.196925254262
2005-01-19,14327.317418182989
2005-01-20,14176.481497658291
2005-01-21,14118.81349923711
2005-01-24,14183.660002572195
2005-01-25,14168.478308703903
2005-01-26,14294.321762914162
2005-01-27,14250.644714527683
2005-01-28,14225.223484381624
2005-01-31,14310.056306839111
2005-02-01,14306.677814375082
2005-02-02,14335.884818129805
2005-02-03,14314.157064205314
2005-02-04,14278.40187424169
2005-02-07,14454.319126265853
2005-02-08,14443.101097985982
2005-02-09,14422.266563605888
2005-02-10,14523.73138454768
2005-02-14,14623.232241521977
2005-02-15,14641.84096938241
2005-02-16,14586.147422769889
2005-02-17,14562.9508824252
2005-02-18,14660.911451576678
2005-02-21,14650.113383950084
2005-02-22,14583.723053980171
2005-02-23,14461.718386705548
2005-02-24,14501.302751621755
2005-02-25,14661.785336577766
2005-02-28,14766.000519315588
2005-03-01,14816.872737712532
2005-03-02,14859.25804117742
2005-03-03,14913.685093388014
2005-03-04,14935.20982466035
2005-03-07,15001.671773192122
2005-03-08,14953.960788578313
2005-03-09,15054.988316400184
2005-03-10,14927.59795748225
2005-03-11,15002.461922451019
2005-03-14,14910.465659834503
2005-03-15,14874.429637690193
2005-03-16,14940.631461020204
2005-03-17,14818.368099894931
2005-03-18,14950.289770235022
2005-03-22,14903.325503789983
2005-03-23,14774.537551113917
2005-03-24,14783.808766360733
2005-03-25,14803.503013149419
2005-03-28,14843.427293053006
2005-03-29,14601.78832978153
2005-03-30,14559.70493101672
2005-03-31,14690.101327471331
2005-04-01,14759.587284174084
2005-04-04,14689.61872349367
2005-04-05,14824.695545763838
2005-04-06,14891.89344172916
2005-04-07,14872.187832631726
2005-04-08,14953.130923234745
2005-04-11,14791.201130639049
2005-04-12,14696.972859294388
2005-04-13,14656.335950141576
2005-04-14,14563.340554433084
2005-04-15,14321.55063408336
2005-04-18,13777.731663205182
2005-04-19,13938.83928176594
2005-04-20,13968.072218351279
2005-04-21,13837.434369917028
2005-04-22,13915.596707415898
2005-04-25,13951.257127787576
2005-04-26,13904.070990246386
2005-04-27,13866.367271263662
2005-04-28,13871.36285153114
2005-05-02,13863.417296902277
2005-05-06,14103.526005006557
2005-05-09,14077.872326302291
2005-05-10,14063.544942354563
2005-05-11,14015.315188540511
2005-05-12,13962.039778446931
2005-05-13,13926.31665358356
2005-05-16,13798.500673936798
2005-05-17,13645.539488241027
2005-05-18,13658.771445815539
2005-05-19,13964.128180191641
2005-05-20,13914.4792071338
2005-05-23,14068.094639436193
2005-05-24,14037.19391112313
2005-05-25,13887.492698708607
2005-05-26,13905.13947732811
2005-05-27,14113.039494403885
2005-05-30,14206.975365598757
2005-05-31,14220.538750622745
2005-06-01,14288.10497385241
2005-06-02,14226.153859475437
2005-06-03,14252.004508973694
2005-06-06,14215.51227118199
2005-06-07,14149.072173814337
2005-06-08,14229.894684031267
2005-06-09,14078.956418060106
2005-06-10,14260.414296840849
2005-06-13,14270.225097503127
2005-06-14,14301.649408209403
2005-06-15,14403.162413057487
2005-06-16,14404.427042322986
2005-06-17,14528.275034802427
2005-06-20,14490.200079275974
2005-06-21,14497.64010079792
2005-06-22,14572.152940216223
2005-06-23,14609.985256265598
2005-06-24,14560.499183927148
2005-06-27,14406.214392537964
2005-06-28,14532.497817828262
2005-06-29,14613.428361750988
2005-06-30,14622.36377443046
2005-07-01,14681.226643255299
2005-07-04,14708.91314438807
2005-07-05,14665.564287785492
2005-07-06,14649.582427733609
2005-07-07,14633.320480489188
2005-07-08,14603.472790878948
2005-07-11,14741.494430335099
2005-07-12,14764.05100502716
2005-07-13,14723.912822198728
2005-07-14,14856.42678726952
2005-07-15,14850.03341507554
2005-07-19,14858.46684271535
2005-07-20,14890.076739924783
2005-07-21,14887.423778902623
2005-07-22,14772.274983808622
2005-07-25,14858.316534117952
2005-07-26,14827.780554090945
2005-07-27,14951.12375395705
2005-07-28,14981.128475611205
2005-07-29,15033.953502775954
2005-08-01,15094.402132077117
2005-08-02,15086.57586103578
2005-08-03,15139.803577251907
2005-08-04,15016.015294093962
2005-08-05,14869.04166615001
2005-08-08,14885.492597351249
2005-08-09,15039.495559906007
2005-08-10,15290.094963279413
2005-08-11,15499.614943880706
2005-08-12,15498.223274408881
2005-08-15,15492.420990145305
2005-08-16,15567.834483319608
2005-08-17,15514.73131394317
2005-08-18,15558.712099354723
2005-08-19,15539.624531504747
2005-08-22,15743.579910260694
2005-08-23,15770.090486412222
2005-08-24,15807.869375304634
2005-08-25,15685.786704808372
2005-08-26,15729.875360334921
2005-08-29,15566.615780268456
2005-08-30,15748.533391047578
2005-08-31,15699.220888257227
2005-09-01,15818.000117984378
2005-09-02,15936.359939137872
2005-09-05,15981.178849512398
2005-09-06,15937.04103226998
2005-09-07,15948.06453836313
2005-09-08,15855.534566818824
2005-09-09,16056.30335472686
2005-09-12,16315.588194702217
2005-09-13,16323.290543735338
2005-09-14,16238.352086850473
2005-09-15,16432.06184935544
2005-09-16,16397.22789162869
2005-09-20,16638.237522513693
2005-09-21,16699.711638477034
2005-09-22,16653.356720919248
2005-09-26,16949.30837767407
2005-09-27,16845.526360804535
2005-09-28,17005.579033709608
2005-09-29,17235.843478339764
2005-09-30,17182.248205497253
2005-10-03,17120.952962382114
2005-10-04,17392.052225112577
2005-10-05,17330.848529382503
2005-10-06,16913.345095550285
2005-10-07,16747.259714051637
2005-10-11,17164.514013075437
2005-10-12,17047.552636303695
2005-10-13,17029.942301878717
2005-10-14,16994.348763155307
2005-10-17,16969.452961215815
2005-10-18,16909.349112732158
2005-10-19,16627.98893664803
2005-10-20,16705.939781182024
2005-10-21,16718.694940347174
2005-10-24,16600.65821043591
2005-10-25,16822.34957505527
2005-10-26,16968.004074260607
2005-10-27,16996.69689595566
2005-10-28,16908.081041055335
2005-10-31,17238.17011882982
2005-11-01,17570.062455535743
2005-11-02,17604.943605822646
2005-11-04,17835.286368115812
2005-11-07,17817.874717477356
2005-11-08,17787.144912211414
2005-11-09,17832.8762855526
2005-11-10,17844.660705463353
2005-11-11,17939.45775191457
2005-11-14,17890.793419841433
2005-11-15,17860.81863509118
2005-11-16,17961.86614195947
2005-11-17,18268.040831981576
2005-11-18,18536.73340201855
2005-11-21,18610.199684047482
2005-11-22,18646.376720265696
2005-11-24,18690.631695739616
2005-11-25,18744.336297197206
2005-11-28,19002.103698340805
2005-11-29,18927.825183594086
2005-11-30,18858.219642767934
2005-12-01,19186.656938208995
2005-12-02,19556.65448853003
2005-12-05,19722.011859974235
2005-12-06,19560.63339960018
2005-12-07,19639.215955123796
2005-12-08,19257.92433764635
2005-12-09,19538.697089912846
2005-12-12,19964.05040932279
2005-12-13,20015.873007442337
2005-12-14,19618.063928277446
2005-12-15,19352.336375701805
2005-12-16,19249.954285978387
2005-12-19,19527.908745556186
2005-12-20,19845.688911752302
2005-12-21,20247.915819154823
2005-12-22,20228.250083060622
2005-12-26,20440.169827889218
2005-12-27,20265.601449989834
2005-12-28,20552.303282755638
2005-12-29,20743.057885607068
2005-12-30,20448.539542592775
2006-01-04,20766.872364718954
2006-01-05,20848.78504526796
2006-01-06,20853.28998456453
2006-01-10,20468.462277001105
2006-01-11,20773.051369891728
2006-01-12,20877.538330787425
2006-01-13,20890.82802466926
2006-01-16,20654.409269878175
2006-01-17,20068.601739148355
2006-01-18,19479.327574873125
2006-01-19,19931.071540788176
2006-01-20,19932.450544331296
2006-01-23,19506.5697777356
2006-01-24,19873.461958631346
2006-01-25,19876.99782177031
2006-01-26,20182.695083353814
2006-01-27,20907.103076870208
2006-01-30,21023.018933582414
2006-01-31,21149.156218343913
2006-02-01,20934.460254951267
2006-02-02,21228.125990715642
2006-02-03,21164.363874692444
2006-02-06,21277.226288424943
2006-02-07,21244.13154475297
2006-02-08,20675.440131310486
2006-02-09,20888.510844001503
2006-02-10,20658.35163603564
2006-02-13,20176.14945914472
2006-02-14,20567.414552667688
2006-02-15,20247.998803938037
2006-02-16,20389.735838774333
2006-02-17,19970.922814535683
2006-02-20,19621.596350586275
2006-02-21,20203.32649167939
2006-02-22,20060.35752627589
2006-02-23,20460.772490871466
2006-02-24,20469.039936934936
2006-02-27,20585.65799671569
2006-02-28,20602.409870198866
2006-03-01,20296.93229000448
2006-03-02,20228.258353081517
2006-03-03,19915.808401747276
2006-03-06,20219.06551145984
2006-03-07,19997.22702984387
2006-03-08,19872.792667187063
2006-03-09,20394.312066356935
2006-03-10,20495.303216270844
2006-03-13,20808.9007097494
2006-03-14,20653.166000757035
2006-03-15,20756.674161064668
2006-03-16,20474.13144388913
2006-03-17,20784.78066926419
2006-03-20,21148.31187135946
2006-03-22,20984.7077515673
2006-03-23,20977.83642984134
2006-03-24,21069.706147603185
2006-03-27,21184.14244811785
2006-03-28,21236.12821590991
2006-03-29,21552.819646026313
2006-03-30,21689.813272560965
2006-03-31,21708.97022620028
2006-04-03,22058.148924133533
2006-04-04,22007.683442340232
2006-04-05,21946.35836525539
2006-04-06,22259.572405087445
2006-04-07,22354.76821989051
2006-04-10,22219.80309077169
2006-04-11,22171.81717733427
2006-04-12,21847.42584860008
2006-04-13,21894.958766660435
2006-04-14,21940.039090080158
2006-04-17,21643.756412096776
2006-04-18,21940.70500660067
2006-04-19,22090.950095629258
2006-04-20,22050.404621489713
2006-04-21,22161.41215885175
2006-04-24,21538.95538504527
2006-04-25,21611.055002553232
2006-04-26,21721.050466374323
2006-04-27,21796.629069613788
2006-04-28,21532.25976436228
2006-05-01,21557.998824386188
2006-05-02,21849.41401675382
2006-05-08,22026.011358915668
2006-05-09,21898.607097250537
2006-05-10,21595.112071575815
2006-05-11,21481.654415745637
2006-05-12,21150.87573680891
2006-05-15,21005.435392218642
2006-05-16,20587.803085673244
2006-05-17,20778.860469204734
2006-05-18,20498.799422526743
2006-05-19,20586.67824592504
2006-05-22,20208.345923699966
2006-05-23,19879.567955305876
2006-05-24,20272.95496252101
2006-05-25,20001.784217432367
2006-05-26,20355.711338309215
2006-05-29,20286.38183304722
2006-05-30,20215.58119507783
2006-05-31,19716.605949971585
2006-06-01,19763.869849071107
2006-06-02,20128.774787384413
2006-06-05,19975.37971043639
2006-06-06,19614.857496685443
2006-06-07,19247.417455145514
2006-06-08,18657.921763322476
2006-06-09,18808.945288431405
2006-06-12,18914.535350715665
2006-06-13,18131.84166893867
2006-06-14,18248.621316218403
2006-06-15,18454.990446785716
2006-06-16,18976.88182299422
2006-06-19,18953.478008652655
2006-06-20,18683.96647790342
2006-06-21,18679.476919756682
2006-06-22,19307.152280599617
2006-06-23,19293.121654472718
2006-06-26,19330.132055531023
2006-06-27,19355.725979345963
2006-06-28,18992.057441910572
2006-06-29,19292.757820962735
2006-06-30,19783.58450504042
2006-07-03,19869.213568287298
2006-07-04,19955.410730098574
2006-07-05,19810.080622620557
2006-07-06,19552.461365035648
2006-07-07,19535.704263036565
2006-07-10,19849.484236051205
2006-07-11,19749.523436973104
2006-07-12,19463.827941636377
2006-07-13,19271.4528689974
2006-07-14,18949.702566993412
2006-07-18,18429.690831956123
2006-07-19,18510.934666090106
2006-07-20,19081.85737460008
2006-07-21,18922.350483011764
2006-07-24,18888.999466521902
2006-07-25,19158.888676012903
2006-07-26,19004.99557872147
2006-07-27,19383.41276462856
2006-07-28,19592.509513526395
2006-07-31,19738.857556455845
2006-08-01,19719.40249439501
2006-08-02,19750.111002569698
2006-08-03,19758.726841459626
2006-08-04,19796.374699146498
2006-08-07,19356.402360215645
2006-08-08,19753.98549567785
2006-08-09,20000.010484699553
2006-08-10,19968.066510620756
2006-08-11,19884.749147833452
2006-08-14,20258.775604485294
2006-08-15,20207.367030710942
2006-08-16,20534.26593738132
2006-08-17,20470.59759274125
2006-08-18,20580.271944851298
2006-08-21,20406.167622468547
2006-08-22,20678.129811528877
2006-08-23,20655.83825046462
2006-08-24,20398.04274795917
2006-08-25,20370.854472734696
2006-08-28,20146.690253254656
2006-08-29,20311.127109023644
2006-08-30,20288.302958276992
2006-08-31,20632.70670624849
2006-09-01,20625.27330176384
2006-09-04,20912.295134561617
2006-09-05,20948.85269482298
2006-09-06,20819.51060256029
2006-09-07,20473.044552019215
2006-09-08,20560.93648251929
2006-09-11,20196.015840888285
2006-09-12,20100.928810006833
2006-09-13,20141.065997479505
2006-09-14,20387.906795085386
2006-09-15,20292.278591403614
2006-09-19,20302.55340814641
2006-09-20,20104.399742728354
2006-09-21,20253.075299580312
2006-09-22,19998.68460618215
2006-09-25,19998.445139908075
2006-09-26,19901.624671844518
2006-09-27,20401.941649131855
2006-09-28,20501.303380421752
2006-09-29,20633.61941925113
2006-10-02,20796.627487804315
2006-10-03,20781.91265310463
2006-10-04,20578.66562583041
2006-10-05,21048.891032922496
2006-10-06,21032.81664087249
2006-10-10,21086.433629874653
2006-10-11,20989.20800919736
2006-10-12,20949.463055924567
2006-10-13,21165.041286655585
2006-10-16,21365.907361618527
2006-10-17,21262.929346337958
2006-10-18,21316.85237559333
2006-10-19,21187.65842825452
2006-10-20,21316.935348117826
2006-10-23,21493.486709999004
2006-10-24,21483.722300400856
2006-10-25,21380.7225139271
2006-10-26,21525.429564698647
2006-10-27,21343.855218404628
2006-10-30,20938.572539472916
2006-10-31,21000.35306185926
2006-11-01,20970.35499869753
2006-11-02,20938.933573203547
2006-11-06,20958.71328218018
2006-11-07,20996.310470439024
2006-11-08,20769.64907077795
2006-11-09,20748.55060064702
2006-11-10,20639.102741255974
2006-11-13,20524.779126958943
2006-11-14,20867.780381439694
2006-11-15,20809.645304886075
2006-11-16,20708.56118186627
2006-11-17,20617.026157098815
2006-11-20,20149.236637557377
2006-11-21,20160.61009455634
2006-11-22,20392.243678126837
2006-11-24,20162.935643172917
2006-11-27,20357.0278929604
2006-11-28,20319.303971416663
2006-11-29,20603.337194587217
2006-11-30,20858.15947143451
2006-12-01,20919.875195643686
2006-12-04,20897.459981122644
2006-12-05,20849.868192313195
2006-12-06,20986.03063711009
2006-12-07,21117.79310596324
2006-12-08,21047.501777250636
2006-12-11,21189.65096914132
2006-12-12,21331.324062538264
2006-12-13,21402.953969762846
2006-12-14,21578.60194492262
2006-12-15,21688.66651747472
2006-12-18,21750.89387115986
2006-12-19,21514.29747982408
2006-12-20,21815.515996020073
2006-12-21,21863.63934043377
2006-12-22,21937.85351935622
2006-12-25,21923.31672589842
2006-12-26,22022.125651701295
2006-12-27,22092.290032267087
2006-12-28,22095.370842698954
2006-12-29,22097.630071255728
2007-01-04,22262.55533684768
2007-01-05,21927.25569133796
2007-01-09,22115.717197743455
2007-01-10,21737.672338825763
2007-01-11,21604.843480316795
2007-01-12,21886.548245615624
2007-01-15,22083.67588841058
2007-01-16,22075.026553751944
2007-01-17,22151.520522798342
2007-01-18,22293.075931877727
2007-01-19,22216.37336180879
2007-01-22,22363.282632505627
2007-01-23,22344.18181904851
2007-01-24,22471.97039678888
2007-01-25,22409.883600454472
2007-01-26,22364.130881497553
2007-01-29,22427.36604171622
2007-01-30,22453.629948270263
2007-01-31,22317.493025031185
2007-02-01,22493.13724099055
2007-02-02,22529.52565944744
2007-02-05,22270.702691689068
2007-02-06,22351.31938247486
2007-02-07,22205.17265488562
2007-02-08,22206.30578917736
2007-02-09,22479.293389295868
2007-02-13,22630.64454644532
2007-02-14,22800.08160795481
2007-02-15,22986.74139180471
2007-02-16,22959.983450896914
2007-02-19,23043.71373221191
2007-02-20,23043.42932228811
2007-02-21,23011.11041482498
2007-02-22,23263.31951100804
2007-02-23,23366.59263253949
2007-02-26,23402.166521219144
2007-02-27,23280.535593941473
2007-02-28,22618.777675824895
2007-03-01,22426.202810229654
2007-03-02,22124.42748571311
2007-03-05,21385.59275335847
2007-03-06,21646.391758582122
2007-03-07,21544.638960944565
2007-03-08,21964.110641774038
2007-03-09,22059.786349313457
2007-03-12,22225.676275825856
2007-03-13,22080.653217909512
2007-03-14,21436.37303459007
2007-03-15,21673.14801895957
2007-03-16,21524.626298517418
2007-03-19,21866.71212616257
2007-03-20,22065.15721627002
2007-03-22,22395.208394730067
2007-03-23,22475.099823031618
2007-03-26,22529.20715322679
2007-03-27,22328.389398147912
2007-03-28,22187.46364372139
2007-03-29,22200.232489333266
2007-03-30,22231.651650849602
2007-04-02,21899.187359031832
2007-04-03,22177.435729034245
2007-04-04,22564.255993475846
2007-04-05,22497.45443600223
2007-04-06,22489.852587279263
2007-04-09,22823.920305265714
2007-04-10,22723.16068194451
2007-04-11,22731.031800071854
2007-04-12,22565.190144651267
2007-04-13,22339.099242970537
2007-04-16,22680.14055862673
2007-04-17,22551.32929242689
2007-04-18,22732.253544815605
2007-04-19,22353.153263438424
2007-04-20,22457.864555830798
2007-04-23,22462.34140007651
2007-04-24,22458.647279525678
2007-04-25,22182.106472355877
2007-04-26,22431.437607573585
2007-04-27,22395.359003692578
2007-05-01,22234.85223199778
2007-05-02,22390.163019117314
2007-05-07,22744.968213672833
2007-05-08,22729.196233086845
2007-05-09,22847.65198989174
2007-05-10,22834.241425054952
2007-05-11,22599.285164791094
2007-05-14,22760.15941641895
2007-05-15,22548.718252882623
2007-05-16,22570.286769655064
2007-05-17,22532.084402972236
2007-05-18,22405.517629209222
2007-05-21,22609.003759291543
2007-05-22,22768.582898978795
2007-05-23,22801.818583997145
2007-05-24,22792.276440035606
2007-05-25,22515.33558040935
2007-05-28,22653.294933213976
2007-05-29,22763.69027067247
2007-05-30,22656.050293080618
2007-05-31,23027.3382502309
2007-06-01,23135.39276096873
2007-06-04,23155.089702474375
2007-06-05,23259.62811430156
2007-06-06,23244.003875765226
2007-06-07,23261.01754212945
2007-06-08,22908.561978946622
2007-06-11,22980.893265438393
2007-06-12,22887.049020064645
2007-06-13,22851.740905849383
2007-06-14,22993.836135213896
2007-06-15,23161.3085120206
2007-06-18,23391.726208851574
2007-06-19,23410.863471699267
2007-06-20,23473.8011500552
2007-06-21,23511.674080682224
2007-06-22,23446.05101628824
2007-06-25,23316.636976419282
2007-06-26,23290.060162765712
2007-06-27,23011.493150568105
2007-06-28,23119.450716661646
2007-06-29,23386.13193003056
2007-07-02,23397.348158437802
2007-07-03,23402.966854026323
2007-07-04,23428.21277948029
2007-07-05,23497.226867209574
2007-07-06,23394.343549307614
2007-07-09,23551.420285973414
2007-07-10,23540.39620880797
2007-07-11,23279.353652788133
2007-07-12,23196.012622487768
2007-07-13,23525.648291622118
2007-07-17,23498.666034592407
2007-07-18,23239.475111707558
2007-07-19,23370.725130880583
2007-07-20,23425.057901892516
2007-07-23,23175.378746593316
2007-07-24,23225.875071110615
2007-07-25,23041.555354777734
2007-07-26,22840.806820818474
2007-07-27,22302.037237883094
2007-07-30,22310.05333108869
2007-07-31,22258.837877390226
2007-08-01,21772.072903899265
2007-08-02,21918.981720501222
2007-08-03,21914.41213347642
2007-08-06,21830.91991625451
2007-08-07,21841.26510009836
2007-08-08,21980.94816103921
2007-08-09,22164.28644459002
2007-08-10,21640.45620204406
2007-08-13,21687.783336790846
2007-08-14,21746.21387127619
2007-08-15,21270.727145942445
2007-08-16,20849.27292881174
2007-08-17,19720.631010119374
2007-08-20,20313.860660162893
2007-08-21,20532.750342341034
2007-08-22,20532.703785160422
2007-08-23,21070.357691501697
2007-08-24,20984.25980333442
2007-08-27,21052.83528867815
2007-08-28,21035.763131902244
2007-08-29,20681.895430509452
2007-08-30,20864.867437671877
2007-08-31,21402.138701292977
2007-09-03,21345.9889840201
2007-09-04,21211.940598835106
2007-09-05,20874.334726216555
2007-09-06,21002.523739577726
2007-09-07,20829.193230593417
2007-09-10,20368.568044704643
2007-09-11,20515.035159408457
2007-09-12,20412.4313940009
2007-09-13,20443.767481843235
2007-09-14,20840.340402592014
2007-09-18,20420.417113159114
2007-09-19,21170.490505392187
2007-09-20,21213.053143485882
2007-09-21,21083.171132947453
2007-09-25,21199.23950423857
2007-09-26,21244.084420464067
2007-09-27,21757.465630159237
2007-09-28,21698.225213279096
2007-10-01,21777.04542716231
2007-10-02,22037.566988581697
2007-10-03,22236.43347426654
2007-10-04,22098.506632996156
2007-10-05,22063.937143988103
2007-10-09,22187.513093912083
2007-10-10,22211.701919389398
2007-10-11,22576.105289238785
2007-10-12,22411.770278567554
2007-10-15,22447.59757631803
2007-10-16,22163.72075652825
2007-10-17,21928.475927536503
2007-10-18,22124.404384789977
2007-10-19,21748.011603322437
2007-10-22,21262.705776884362
2007-10-23,21279.257674734068
2007-10-24,21160.89074454268
2007-10-25,21065.761407977032
2007-10-26,21353.142724843306
2007-10-29,21603.014320846516
2007-10-30,21543.017234965468
2007-10-31,21655.991790163727
2007-11-01,21828.687417385467
2007-11-02,21372.93540306291
2007-11-05,21052.187626700033
2007-11-06,21028.104340285197
2007-11-07,20831.046628326545
2007-11-08,20411.16835177773
2007-11-09,20168.511229036336
2007-11-12,19669.333223168214
2007-11-13,19578.95584377118
2007-11-14,20062.490451851936
2007-11-15,19929.66432994486
2007-11-16,19617.629966742887
2007-11-19,19473.39366040012
2007-11-20,19692.94382155997
2007-11-21,19209.74507676774
2007-11-22,19276.719527539586
2007-11-26,19596.60823157823
2007-11-27,19710.904628203934
2007-11-28,19622.291575184954
2007-11-29,20089.234742241584
2007-11-30,20306.245412151202
2007-12-03,20240.13974869756
2007-12-04,20048.301964262762
2007-12-05,20215.811245660167
2007-12-06,20560.14349928735
2007-12-07,20667.588949302153
2007-12-10,20627.027561591596
2007-12-11,20783.760425630982
2007-12-12,20638.94579776082
2007-12-13,20127.137170844864
2007-12-14,20099.463601514213
2007-12-17,19757.3372864189
2007-12-18,19703.83694020621
2007-12-19,19474.868699026603
2007-12-20,19477.094285209812
2007-12-21,19769.981048483405
2007-12-25,20153.84735469889
2007-12-26,20285.511071886838
2007-12-27,20171.21283882131
2007-12-28,19839.096215305886
2008-01-04,19041.211195471125
2008-01-07,18794.768394279887
2008-01-08,18832.144968285178
2008-01-09,18924.448281153695
2008-01-10,18651.790843084033
2008-01-11,18293.193535910366
2008-01-15,18114.97658906728
2008-01-16,17508.94053025748
2008-01-17,17871.47542422599
2008-01-18,17973.288291891957
2008-01-21,17279.977775614436
2008-01-22,16304.495697637809
2008-01-23,16637.305023346253
2008-01-24,16980.14752932404
2008-01-25,17676.65546753654
2008-01-28,16975.506057457016
2008-01-29,17483.445384912266
2008-01-30,17310.708104325036
2008-01-31,17632.547681888715
2008-02-01,17509.773018836666
2008-02-04,17980.980648232096
2008-02-05,17833.701878491458
2008-02-06,16996.069164479788
2008-02-07,17136.926282394124
2008-02-08,16891.341710669054
2008-02-12,16898.29961616274
2008-02-13,16959.27030538692
2008-02-14,17684.47733584592
2008-02-15,17680.300162040072
2008-02-18,17697.838831412482
2008-02-19,17857.729174519805
2008-02-20,17277.675686227158
2008-02-21,17769.102696094367
2008-02-22,17526.152895789495
2008-02-25,18064.637587475092
2008-02-26,17948.87410993507
2008-02-27,18217.979239912664
2008-02-28,18081.515306440928
2008-02-29,17663.650595208448
2008-03-03,16871.30142710558
2008-03-04,16872.264287512364
2008-03-05,16846.835909062385
2008-03-06,17163.73503235185
2008-03-07,16602.681777405676
2008-03-10,16277.907128692103
2008-03-11,16442.574149508342
2008-03-12,16706.89135292025
2008-03-13,16152.11004098756
2008-03-14,15903.676757246709
2008-03-17,15314.501243243027
2008-03-18,15544.774719105906
2008-03-19,15930.51106431001
2008-03-21,16219.933922237777
2008-03-24,16217.510730595435
2008-03-25,16562.85621775545
2008-03-26,16513.52192075774
2008-03-27,16381.706154100524
2008-03-28,16663.11186426579
2008-03-31,16280.58681558336
2008-04-01,16451.514824794904
2008-04-02,17145.105980343476
2008-04-03,17406.650477828924
2008-04-04,17281.819647169115
2008-04-07,17486.8036553986
2008-04-08,17227.890081218145
2008-04-09,17048.604593875163
2008-04-10,16832.828097157737
2008-04-11,17325.757701677045
2008-04-14,16798.349743440544
2008-04-15,16894.206078340972
2008-04-16,17097.34142503315
2008-04-17,17426.163308547315
2008-04-18,17528.672278345708
2008-04-21,17815.83223239462
2008-04-22,17623.2411408653
2008-04-23,17664.87989541742
2008-04-24,17615.93801193119
2008-04-25,18036.512286477795
2008-04-28,18077.605699550437
2008-04-30,18020.75307411293
2008-05-01,17913.473198645483
2008-05-02,18281.833794772014
2008-05-07,18351.993354484184
2008-05-08,18145.6895915729
2008-05-09,17771.86863928017
2008-05-12,17887.306055383688
2008-05-13,18162.00356021718
2008-05-14,18377.436862407732
2008-05-15,18551.71951834893
2008-05-16,18510.63951924488
2008-05-19,18576.813933888618
2008-05-20,18435.144594647983
2008-05-21,18131.6656651099
2008-05-22,18200.474535242724
2008-05-23,18245.30554360032
2008-05-26,17826.895506119366
2008-05-27,18092.282691587385
2008-05-28,17853.72345848195
2008-05-29,18395.121024000644
2008-05-30,18674.838438035342
2008-06-02,18808.091793194464
2008-06-03,18508.169699892765
2008-06-04,18803.995301191782
2008-06-05,18681.884531689648
2008-06-06,18876.02945614552
2008-06-09,18475.616801501605
2008-06-10,18267.795042380516
2008-06-11,18480.176525195922
2008-06-12,18096.858092717302
2008-06-13,18208.681843316546
2008-06-16,18705.602795231367
2008-06-17,18698.7063517199
2008-06-18,18835.754287481606
2008-06-19,18416.165968203255
2008-06-20,18171.920624112074
2008-06-23,18062.53157734996
2008-06-24,18053.11156565553
2008-06-25,18028.40025496459
2008-06-26,18019.382384858673
2008-06-27,17657.892595060952
2008-06-30,17576.651433237
2008-07-01,17553.815118232196
2008-07-02,17324.11209480666
2008-07-03,17297.622869513278
2008-07-04,17262.601310054
2008-07-07,17422.74844306809
2008-07-08,16997.225786873285
2008-07-09,17022.8839486706
2008-07-10,17043.3924119706
2008-07-11,17008.337998556
2008-07-14,16970.65724161807
2008-07-15,16638.068513144557
2008-07-16,16647.029906639804
2008-07-17,16813.73259153459
2008-07-18,16704.643278447973
2008-07-22,17202.911192024898
2008-07-23,17370.734917986632
2008-07-24,17750.498680273206
2008-07-25,17400.93544021991
2008-07-28,17426.61546812458
2008-07-29,17173.86282149192
2008-07-30,17446.619244350833
2008-07-31,17459.252044063058
2008-08-01,17091.745296810026
2008-08-04,16881.89701441911
2008-08-05,16858.55472465996
2008-08-06,17303.537426624887
2008-08-07,17134.80599985045
2008-08-08,17192.339172248845
2008-08-11,17535.91742947423
2008-08-12,17370.552660491037
2008-08-13,17005.07667436027
2008-08-14,16919.404137300357
2008-08-15,17002.00138110271
2008-08-18,17193.562638835698
2008-08-19,16802.08026708319
2008-08-20,16785.460546093724
2008-08-21,16656.351722184972
2008-08-22,16544.616603342725
2008-08-25,16823.17476779467
2008-08-26,16693.43494847406
2008-08-27,16660.61830459075
2008-08-28,16681.416221538875
2008-08-29,17080.23769068744
2008-09-01,16769.20607339736
2008-09-02,16476.411583527875
2008-09-03,16581.920030842826
2008-09-04,16410.33246350046
2008-09-05,15959.712667895095
2008-09-08,16499.25399936436
2008-09-09,16207.550569782343
2008-09-10,16137.742210570947
2008-09-11,15819.430982926218
2008-09-12,15966.955658365352
2008-09-16,15176.804763331142
2008-09-17,15360.669344224412
2008-09-18,15020.8676380672
2008-09-19,15585.849560661223
2008-09-22,15808.541028958516
2008-09-24,15841.27847013033
2008-09-25,15700.181299302614
2008-09-26,15552.701510921763
2008-09-29,15357.892574649151
2008-09-30,14725.987219456629
2008-10-01,14868.488668022965
2008-10-02,14589.972778269645
2008-10-03,14307.348186921581
2008-10-06,13699.727676688935
2008-10-07,13285.47114198284
2008-10-08,12039.944577515826
2008-10-09,11980.579822539557
2008-10-10,10828.438274571743
2008-10-14,12361.305811849286
2008-10-15,12492.631525707951
2008-10-16,11068.221953268847
2008-10-17,11376.774380469373
2008-10-20,11785.338787872068
2008-10-21,12179.404260359064
2008-10-22,11353.42090071933
2008-10-23,11074.263896817483
2008-10-24,10012.0914094714
2008-10-27,9376.17928808323
2008-10-28,9977.525013069482
2008-10-29,10750.373146655098
2008-10-30,11821.633332769585
2008-10-31,11229.415005941344
2008-11-04,11933.881725616675
2008-11-05,12466.91732764963
2008-11-06,11652.92633037279
2008-11-07,11239.513518750082
2008-11-10,11892.798175766731
2008-11-11,11536.993211491901
2008-11-12,11388.53121089539
2008-11-13,10790.699521384111
2008-11-14,11084.306664889464
2008-11-17,11163.696661968555
2008-11-18,10909.892329078553
2008-11-19,10838.129621857333
2008-11-20,10091.677418214946
2008-11-21,10364.35989432908
2008-11-25,10906.17476475788
2008-11-26,10761.651247887303
2008-11-27,10972.060558826655
2008-11-28,11154.591849971002
2008-12-01,11004.37184925944
2008-12-02,10305.701134336272
2008-12-03,10490.232075738886
2008-12-04,10386.079459651257
2008-12-05,10377.7699174056
2008-12-08,10917.729041935992
2008-12-09,11005.86006787522
2008-12-10,11352.973844095126
2008-12-11,11432.599429695956
2008-12-12,10797.71926721697
2008-12-15,11360.449070230623
2008-12-16,11234.295312980339
2008-12-17,11293.200284665596
2008-12-18,11365.500833031423
2008-12-19,11262.841265339228
2008-12-22,11440.784275335553
2008-12-24,11170.284315849898
2008-12-25,11278.909818824159
2008-12-26,11463.121701564438
2008-12-29,11473.722229351535
2008-12-30,11621.717748408919
2009-01-05,11863.417847023084
2009-01-06,11913.815780622059
2009-01-07,12122.563296397253
2009-01-08,11647.410363366087
2009-01-09,11596.311964967452
2009-01-13,11042.211998647928
2009-01-14,11075.26786018254
2009-01-15,10531.214520892261
2009-01-16,10803.537693077446
2009-01-19,10839.417176322879
2009-01-20,10589.411036886648
2009-01-21,10374.698316563077
2009-01-22,10572.588320917188
2009-01-23,10170.922464896616
2009-01-26,10088.82212322022
2009-01-27,10587.276596637745
2009-01-28,10647.485356365209
2009-01-29,10838.707124545366
2009-01-30,10501.671660933942
2009-02-02,10344.731642909845
2009-02-03,10281.84131728639
2009-02-04,10563.075401774415
2009-02-05,10446.551158484415
2009-02-06,10614.21609895804
2009-02-09,10473.625852342646
2009-02-10,10444.080733600662
2009-02-12,10128.641625876202
2009-02-13,10226.751717657424
2009-02-16,10189.10825248788
2009-02-17,10052.28367396237
2009-02-18,9907.009978138101
2009-02-19,9938.29151549873
2009-02-20,9753.270413575388
2009-02-23,9701.122142133194
2009-02-24,9560.340374116533
2009-02-25,9814.499700985925
2009-02-26,9810.925039648206
2009-02-27,9957.038841769292
2009-03-02,9578.525051613631
2009-03-03,9512.904676792488
2009-03-04,9594.220690591765
2009-03-05,9782.528067057845
2009-03-06,9440.57735719499
2009-03-09,9326.699279578861
2009-03-10,9286.544044238368
2009-03-11,9710.009484638762
2009-03-12,9476.586611359868
2009-03-13,9965.816937413236
2009-03-16,10144.167411573542
2009-03-17,10467.539613294199
2009-03-18,10498.68495151762
2009-03-19,10464.971875798554
2009-03-23,10820.831393857776
2009-03-24,11180.959559529321
2009-03-25,11170.871472692981
2009-03-26,11377.694595447014
2009-03-27,11366.235501000536
2009-03-30,10852.062172042297
2009-03-31,10686.136625586538
2009-04-01,11006.372314157396
2009-04-02,11492.043568801359
2009-04-03,11532.545129356302
2009-04-06,11675.90692035968
2009-04-07,11643.74184839881
2009-04-08,11331.083584617132
2009-04-09,11755.236384506115
2009-04-10,11819.495403151392
2009-04-13,11768.078335855089
2009-04-14,11661.174886600094
2009-04-15,11530.55578090295
2009-04-16,11547.663610109481
2009-04-17,11749.46684369436
2009-04-20,11773.018347220177
2009-04-21,11492.36915030261
2009-04-22,11514.320923716998
2009-04-23,11673.155684213734
2009-04-24,11490.608845179542
2009-04-27,11515.705946003456
2009-04-28,11209.65518132279
2009-04-30,11651.993156342904
2009-05-01,11849.706251040145
2009-05-07,12389.63374155919
2009-05-08,12452.803589584913
2009-05-11,12479.04294371757
2009-05-12,12277.497368272003
2009-05-13,12333.740524597113
2009-05-14,12008.825975102238
2009-05-15,12235.96283427381
2009-05-18,11937.97482962243
2009-05-19,12271.220384240645
2009-05-20,12343.956378942019
2009-05-21,12238.572162419785
2009-05-22,12188.85691805151
2009-05-25,12349.917947514463
2009-05-26,12303.04493966492
2009-05-27,12473.085076068974
2009-05-28,12490.720982996421
2009-05-29,12585.664693623055
2009-06-01,12791.836841534712
2009-06-02,12827.927334592205
2009-06-03,12878.301719802741
2009-06-04,12783.161740875019
2009-06-05,12915.10507327138
2009-06-08,13045.178132265628
2009-06-09,12941.96278077955
2009-06-10,13213.629843631987
2009-06-11,13201.206444733083
2009-06-12,13406.56272223264
2009-06-15,13280.404792852045
2009-06-16,12902.031271235577
2009-06-17,13019.40527492382
2009-06-18,12838.968465410577
2009-06-19,12949.170938775815
2009-06-22,13003.109912437973
2009-06-23,12637.976668195091
2009-06-24,12692.826593583648
2009-06-25,12966.145698530609
2009-06-26,13074.771079844173
2009-06-29,12951.442728421574
2009-06-30,13184.082449806125
2009-07-01,13160.586058339779
2009-07-02,13077.145271924936
2009-07-03,12998.590159528207
2009-07-06,12820.54006778006
2009-07-07,12777.71234420442
2009-07-08,12477.974075377928
2009-07-09,12307.141139684034
2009-07-10,12303.079352137545
2009-07-13,11990.106165461822
2009-07-14,12271.221451510846
2009-07-15,12282.022213236201
2009-07-16,12382.23074704739
2009-07-17,12450.9803301142
2009-07-21,12792.148273576557
2009-07-22,12887.422557068685
2009-07-23,12980.908195520164
2009-07-24,13182.88396639158
2009-07-27,13374.94890768824
2009-07-28,13374.118914725928
2009-07-29,13409.594212566108
2009-07-30,13479.537834030833
2009-07-31,13734.689196892703
2009-08-03,13729.960601081022
2009-08-04,13760.910573924586
2009-08-05,13599.503568223849
2009-08-06,13780.374765446224
2009-08-07,13813.272360985715
2009-08-10,13963.155153222928
2009-08-11,14045.431146378156
2009-08-12,13846.854580597026
2009-08-13,13956.98950739271
2009-08-14,14064.419533426151
2009-08-17,13629.199925930301
2009-08-18,13651.948129988948
2009-08-19,13545.524018833594
2009-08-20,13784.744053638817
2009-08-21,13593.010466789103
2009-08-24,14049.28197640072
2009-08-25,13939.230925396416
2009-08-26,14129.338602057842
2009-08-27,13910.306345952937
2009-08-28,13991.290960830227
2009-08-31,13937.095769279382
2009-09-02,13656.453678379172
2009-09-03,13570.060277299637
2009-09-04,13534.526719481883
2009-09-07,13713.38506999255
2009-09-08,13810.496562633212
2009-09-09,13703.795166900112
2009-09-10,13972.68111248209
2009-09-11,13881.593883752597
2009-09-14,13560.632223488145
2009-09-15,13582.357931712604
2009-09-16,13654.057890084046
2009-09-17,13885.151755266683
2009-09-18,13788.810448431088
2009-09-24,14020.813513146155
2009-09-25,13651.882312587753
2009-09-28,13311.857807201946
2009-09-29,13433.486933168706
2009-09-30,13478.452488967376
2009-10-01,13273.846402601699
2009-10-02,12946.580889225334
2009-10-05,12871.234777204885
2009-10-06,12895.253759399717
2009-10-07,13039.685785309932
2009-10-08,13084.428225002053
2009-10-09,13330.200404214083
2009-10-13,13411.306289888651
2009-10-14,13390.57374953421
2009-10-15,13629.131800798528
2009-10-16,13655.350816023283
2009-10-19,13628.374393656552
2009-10-20,13763.005226898575
2009-10-21,13759.46759818155
2009-10-22,13672.34190111443
2009-10-23,13694.460271181493
2009-10-26,13801.567421198646
2009-10-27,13602.619097959003
2009-10-28,13420.623981798062
2009-10-29,13176.601715617418
2009-10-30,13368.981259685748
2009-11-02,13061.176934633399
2009-11-04,13117.289858831846
2009-11-05,12949.233933955898
2009-11-06,13046.059806798641
2009-11-09,13073.237920861084
2009-11-10,13156.53400628929
2009-11-11,13158.809239816032
2009-11-12,13070.24988811982
2009-11-13,13025.683866553445
2009-11-16,13054.50973818772
2009-11-17,12973.84138980269
2009-11-18,12903.98873605795
2009-11-19,12735.171908301745
2009-11-20,12667.077008617714
2009-11-24,12539.871268393923
2009-11-25,12594.26961265803
2009-11-26,12517.331020324644
2009-11-27,12115.762729076232
2009-11-30,12468.965727833513
2009-12-01,12772.346280495718
2009-12-02,12822.35359769557
2009-12-03,13315.415329340369
2009-12-04,13376.388668523468
2009-12-07,13570.963849318443
2009-12-08,13535.791849582169
2009-12-09,13355.613970804905
2009-12-10,13167.19867444124
2009-12-11,13495.384321311078
2009-12-14,13493.495524251324
2009-12-15,13464.887795532493
2009-12-16,13591.359222300285
2009-12-17,13574.22528451993
2009-12-18,13546.216924250366
2009-12-21,13602.583492750091
2009-12-22,13863.532135165258
2009-12-24,14076.865993586485
2009-12-25,14021.551581896967
2009-12-28,14209.049859726474
2009-12-29,14215.257283663484
2009-12-30,14093.911725065293
2010-01-04,14239.975559326915
2010-01-05,14277.386546488231
2010-01-06,14344.987422222719
2010-01-07,14279.704445794285
2010-01-08,14436.947357716883
2010-01-12,14546.296087879373
2010-01-13,14354.889378017497
2010-01-14,14587.056241272543
2010-01-15,14687.888419559597
2010-01-18,14519.301461295836
2010-01-19,14399.964162807453
2010-01-20,14364.617538297713
2010-01-21,14541.018429579544
2010-01-22,14170.527491615472
2010-01-25,14067.602577748947
2010-01-26,13818.050283563689
2010-01-27,13721.311195856984
2010-01-28,13939.654117299131
2010-01-29,13651.4174317126
2010-02-01,13661.97791524839
2010-02-02,13885.54211555152
2010-02-03,13931.28798724083
2010-02-04,13867.784227842309
2010-02-05,13468.737466336876
2010-02-08,13328.94538720443
2010-02-09,13304.7907217507
2010-02-10,13347.624037866904
2010-02-12,13520.564166411614
2010-02-15,13416.069554227079
2010-02-16,13445.337359166359
2010-02-17,13811.810383769065
2010-02-18,13851.719522359002
2010-02-19,13568.661974778504
2010-02-22,13941.020308379948
2010-02-23,13877.420645637252
2010-02-24,13673.174969424144
2010-02-25,13544.512016846744
2010-02-26,13577.995056342768
2010-03-01,13640.931385326192
2010-03-02,13708.909406307233
2010-03-03,13752.112347265285
2010-03-04,13609.247263153738
2010-03-05,13909.936459797033
2010-03-08,14202.253422638158
2010-03-09,14179.006294882705
2010-03-10,14175.264245527618
2010-03-11,14312.107824383
2010-03-12,14429.219091210618
2010-03-15,14431.472434431204
2010-03-16,14392.12548062469
2010-03-17,14561.578140670434
2010-03-18,14424.657667281339
2010-03-19,14534.284496887129
2010-03-23,14467.674677950781
2010-03-24,14523.863061048312
2010-03-25,14543.717599530686
2010-03-26,14770.022760449372
2010-03-29,14758.040020717768
2010-03-30,14908.030633088358
2010-03-31,14899.68693277957
2010-04-01,15108.555222775376
2010-04-02,15165.922860913493
2010-04-05,15238.782911546064
2010-04-06,15163.560017213824
2010-04-07,15179.037966950536
2010-04-08,15012.857035305222
2010-04-09,15062.78012139179
2010-04-12,15128.06727046975
2010-04-13,15007.499894078639
2010-04-14,15067.56167619655
2010-04-15,15161.550781520291
2010-04-16,14932.091392169294
2010-04-19,14673.268298958235
2010-04-20,14663.693522887688
2010-04-21,14919.765533927044
2010-04-22,14731.440834643718
2010-04-23,14686.156884487333
2010-04-26,15025.67784277094
2010-04-27,15090.095216573809
2010-04-28,14703.987494369034
2010-04-30,14883.797961406086
2010-05-06,14398.201912172513
2010-05-07,13953.728237113955
2010-05-10,14178.624252720294
2010-05-11,14018.842325515301
2010-05-12,13997.105359381383
2010-05-13,14303.422227384728
2010-05-14,14091.83469976574
2010-05-17,13787.656434736498
2010-05-18,13798.153347189158
2010-05-19,13724.206892736376
2010-05-20,13514.526058037352
2010-05-21,13184.558831752458
2010-05-24,13150.507881196763
2010-05-25,12749.368314411659
2010-05-26,12835.109780274275
2010-05-27,12994.046418800486
2010-05-28,13161.371020250876
2010-05-31,13170.255418021135
2010-06-01,13094.749545713474
2010-06-02,12949.488648061606
2010-06-03,13369.980911672154
2010-06-04,13353.639537560983
2010-06-07,12841.754809312964
2010-06-08,12866.020846614067
2010-06-09,12733.867069571183
2010-06-10,12874.668861150652
2010-06-11,13095.210574471763
2010-06-14,13331.984437229152
2010-06-15,13344.02294018907
2010-06-16,13587.15188539326
2010-06-17,13496.915753130628
2010-06-18,13492.2049754905
2010-06-21,13821.44747219197
2010-06-22,13653.750455200729
2010-06-23,13399.51357420362
2010-06-24,13406.973067276256
2010-06-25,13150.413435321234
2010-06-28,13092.779644034312
2010-06-29,12927.440724631242
2010-06-30,12674.59113870487
2010-07-01,12417.630258587755
2010-07-02,12435.099232349328
2010-07-05,12521.429176606536
2010-07-06,12618.841123273784
2010-07-07,12541.054639892569
2010-07-08,12888.297789372513
2010-07-09,12956.46378001206
2010-07-12,12907.317391379225
2010-07-13,12893.758812750346
2010-07-14,13243.752656839839
2010-07-15,13096.585334867083
2010-07-16,12722.935397394416
2010-07-21,12548.889795577816
2010-07-22,12471.628137448157
2010-07-23,12756.907143448667
2010-07-26,12856.391705231965
2010-07-27,12848.32351697739
2010-07-28,13196.411018289084
2010-07-29,13120.119601877515
2010-07-30,12906.498999205289
2010-08-02,12952.32425023279
2010-08-03,13120.907676057872
2010-08-04,12845.03026636678
2010-08-05,13068.975035832607
2010-08-06,13054.164422546419
2010-08-09,12961.049756015344
2010-08-10,12933.172209267514
2010-08-11,12584.662246866883
2010-08-12,12477.083929436301
2010-08-13,12533.553383444174
2010-08-16,12457.743057427879
2010-08-17,12411.451609448231
2010-08-18,12519.400488648082
2010-08-19,12686.010012498304
2010-08-20,12438.755524228853
2010-08-23,12354.907596767705
2010-08-24,12191.268845261455
2010-08-25,11989.378530270134
2010-08-26,12073.259291999206
2010-08-27,12188.997497776105
2010-08-30,12404.571760108105
2010-08-31,11964.731406362827
2010-09-01,12105.41582238586
2010-09-02,12290.689217486251
2010-09-03,12361.348484501086
2010-09-06,12616.356201047633
2010-09-07,12515.306689692776
2010-09-08,12243.192948731234
2010-09-09,12344.400055905733
2010-09-10,12536.523384403403
2010-09-13,12649.79806174098
2010-09-14,12620.375463342774
2010-09-16,12906.781494208615
2010-09-17,13066.187634842632
2010-09-21,13034.800159897748
2010-09-22,12987.372819554615
2010-09-24,12860.020147490122
2010-09-27,13039.683288302836
2010-09-28,12895.02600928052
2010-09-29,12982.577652324138
2010-09-30,12725.631930500325
2010-10-01,12774.146183233192
2010-10-04,12743.80790671327
2010-10-05,12932.020779398425
2010-10-06,13167.780593860067
2010-10-07,13159.958593758758
2010-10-08,13030.76822759925
2010-10-12,12759.789713459166
2010-10-13,12781.138215768931
2010-10-14,13026.952990967782
2010-10-15,12914.928166265156
2010-10-18,12913.686717520579
2010-10-19,12970.529789902568
2010-10-20,12757.041531350356
2010-10-21,12751.21690658467
2010-10-22,12820.667289402301
2010-10-25,12787.058174066919
2010-10-26,12755.850021717688
2010-10-27,12770.115277818557
2010-10-28,12742.682470051053
2010-10-29,12521.244167416547
2010-11-01,12457.410234602321
2010-11-02,12465.679766556317
2010-11-04,12737.358549453753
2010-11-05,13102.200609207315
2010-11-08,13248.926259565702
2010-11-09,13197.790039336509
2010-11-10,13384.169027509375
2010-11-11,13427.490779076319
2010-11-12,13242.605991175114
2010-11-15,13383.649073429702
2010-11-16,13343.423959241372
2010-11-17,13364.446089045434
2010-11-18,13640.76434501027
2010-11-19,13653.913867639843
2010-11-22,13781.568364080355
2010-11-24,13666.867893413435
2010-11-25,13735.743480024721
2010-11-26,13682.181771216481
2010-11-29,13801.201727334977
2010-11-30,13544.87944966185
2010-12-01,13615.622706619202
2010-12-02,13862.872888502108
2010-12-03,13877.471138788014
2010-12-06,13863.586347652796
2010-12-07,13829.18787893595
2010-12-08,13954.840417767375
2010-12-09,14029.121816409785
2010-12-10,13929.528963446137
2010-12-13,14042.549249911091
2010-12-14,14075.015476804954
2010-12-15,14066.733722389557
2010-12-16,14070.047538340084
2010-12-17,14061.121296254576
2010-12-20,13943.06626878173
2010-12-21,14154.666447739135
2010-12-22,14123.099641802884
2010-12-24,14032.498273477024
2010-12-27,14138.600482538102
2010-12-28,14053.349637132653
2010-12-29,14125.48554147785
2010-12-30,13968.850954514746
2011-01-04,14200.965548902084
2011-01-05,14178.374555008608
2011-01-06,14382.962708162815
2011-01-07,14399.464782121282
2011-01-11,14359.082268773855
2011-01-12,14363.069843860678
2011-01-13,14469.315341908175
2011-01-14,14346.450399556365
2011-01-17,14352.76108959705
2011-01-18,14375.882321427327
2011-01-19,14429.074479563635
2011-01-20,14266.43349620866
2011-01-21,14044.987888434453
2011-01-24,14142.558054862911
2011-01-25,14306.750288897832
2011-01-26,14222.355311622303
2011-01-27,14328.396295102018
2011-01-28,14167.682845168192
2011-01-31,14001.338281802646
2011-02-01,14052.43264404701
2011-02-02,14303.617405934447
2011-02-03,14269.138564215325
2011-02-04,14423.657770914933
2011-02-07,14491.135314982215
2011-02-08,14552.356476938021
2011-02-09,14528.626528923682
2011-02-10,14513.063365188402
2011-02-14,14678.238791618158
2011-02-15,14708.273120178379
2011-02-16,14793.732507319517
2011-02-17,14833.662680519083
2011-02-18,14843.222641699529
2011-02-21,14864.517168385537
2011-02-22,14601.632195147064
2011-02-23,14485.532185412636
2011-02-24,14313.559396311352
2011-02-25,14416.055714464077
2011-02-28,14550.451525811743
2011-03-01,14729.533280272146
2011-03-02,14372.249005503012
2011-03-03,14501.616414755727
2011-03-04,14650.184567068276
2011-03-07,14392.842656968853
2011-03-08,14421.574280870022
2011-03-09,14510.793416224684
2011-03-10,14299.31864707261
2011-03-11,14053.7818291448
2011-03-14,13185.964262003225
2011-03-15,11795.22287961018
2011-03-16,12465.860059514374
2011-03-17,12287.147744092614
2011-03-18,12622.722186763456
2011-03-22,13174.287651102535
2011-03-23,12957.466734695856
2011-03-24,12938.621670050117
2011-03-25,13078.285482193587
2011-03-28,13000.278398045932
2011-03-29,12974.587189891085
2011-03-30,13318.114719963032
2011-03-31,13382.656973680358
2011-04-01,13319.589240257521
2011-04-04,13335.007982288924
2011-04-05,13194.220758930061
2011-04-06,13152.435978417814
2011-04-07,13162.437522246095
2011-04-08,13406.574393477711
2011-04-11,13341.187135476
2011-04-12,13116.473929769667
2011-04-13,13235.421450211537
2011-04-14,13253.918186166693
2011-04-15,13169.24885334083
2011-04-18,13122.370121883316
2011-04-19,12964.595472741345
2011-04-20,13193.263708088269
2011-04-21,13302.697091439923
2011-04-22,13298.818621781435
2011-04-25,13285.74927305869
2011-04-26,13131.15580626566
2011-04-27,13315.08006375061
2011-04-28,13533.038768339246
2011-05-02,13746.30318279155
2011-05-06,13548.094748629155
2011-05-09,13460.044013276924
2011-05-10,13494.573571745457
2011-05-11,13558.137284435235
2011-05-12,13356.26720930842
2011-05-13,13263.967552073347
2011-05-16,13140.598975912095
2011-05-17,13153.586024265216
2011-05-18,13285.292998461624
2011-05-19,13229.56618625021
2011-05-20,13211.675743761325
2011-05-23,13011.265636354185
2011-05-24,13035.003556952548
2011-05-25,12961.31714068036
2011-05-26,13153.746841294509
2011-05-27,13099.566785934298
2011-05-30,13077.213278142091
2011-05-31,13337.929098464907
2011-06-01,13374.554191825555
2011-06-02,13149.098136789231
2011-06-03,13063.627458692194
2011-06-06,12910.660813155939
2011-06-07,12997.808712410537
2011-06-08,13007.757348258587
2011-06-09,13033.099455463485
2011-06-10,13099.197195913754
2011-06-13,13009.001388335919
2011-06-14,13147.109494464905
2011-06-15,13184.642798527637
2011-06-16,12961.107661710324
2011-06-17,12879.620264068475
2011-06-20,12884.620725332605
2011-06-21,13030.705571143944
2011-06-22,13265.571340222294
2011-06-23,13221.542584729264
2011-06-24,13335.486372946334
2011-06-27,13198.155749832435
2011-06-28,13296.544845979903
2011-06-29,13501.90332421901
2011-06-30,13528.881449367003
2011-07-01,13601.556105711697
2011-07-04,13736.325585678693
2011-07-05,13747.529314615882
2011-07-06,13900.254059044035
2011-07-07,13885.673914354347
2011-07-08,13978.548584537231
2011-07-11,13885.56472720006
2011-07-12,13688.5705313317
2011-07-13,13740.943189550222
2011-07-14,13704.719623394243
2011-07-15,13758.65985552055
2011-07-19,13642.793229143745
2011-07-20,13804.112301044855
2011-07-21,13811.354947323289
2011-07-22,13980.35536689966
2011-07-25,13868.12600696207
2011-07-26,13935.020213838745
2011-07-27,13866.34240474717
2011-07-28,13666.102612912591
2011-07-29,13572.837630292966
2011-08-01,13756.058107442068
2011-08-02,13590.85864066222
2011-08-03,13305.476013254247
2011-08-04,13336.918734535731
2011-08-05,12841.790910670878
2011-08-08,12563.370247386321
2011-08-09,12352.912535202053
2011-08-10,12484.039876220098
2011-08-11,12406.532222226659
2011-08-12,12382.305126218567
2011-08-15,12552.740918008925
2011-08-16,12582.735026577933
2011-08-17,12514.371501410005
2011-08-18,12358.488008003455
2011-08-19,12049.162301642336
2011-08-22,11924.162349306884
2011-08-23,12070.024389114751
2011-08-24,11941.84289937103
2011-08-25,12126.253872717918
2011-08-26,12162.316466350127
2011-08-29,12237.302024504346
2011-08-30,12380.022622265653
2011-08-31,12382.760529757583
2011-09-01,12529.729798840946
2011-09-02,12378.47430780369
2011-09-05,12149.439129419012
2011-09-06,11882.180740522475
2011-09-07,12122.167802115413
2011-09-08,12164.18885812197
2011-09-09,12088.385275774233
2011-09-12,11809.832878530782
2011-09-13,11922.642936231787
2011-09-14,11787.965146168597
2011-09-15,11996.847356295146
2011-09-16,12268.055046293824
2011-09-20,12071.170022169486
2011-09-21,12099.660655238436
2011-09-22,11850.155579279926
2011-09-26,11593.372668802635
2011-09-27,11920.754354837223
2011-09-28,11929.552773600886
2011-09-29,12048.965546721634
2011-09-30,12048.578650312678
2011-10-03,11835.090074895936
2011-10-04,11712.219977562194
2011-10-05,11611.79946873132
2011-10-06,11805.288191593017
2011-10-07,11922.003219636794
2011-10-11,12155.752094458609
2011-10-12,12108.486004624061
2011-10-13,12226.288384093972
2011-10-14,12122.880739262988
2011-10-17,12306.241261366637
2011-10-18,12116.337888303571
2011-10-19,12159.714882530263
2011-10-20,12035.3391409073
2011-10-21,12031.73312361822
2011-10-24,12261.533647068705
2011-10-25,12149.225908387802
2011-10-26,12130.958132251777
2011-10-27,12378.817590450804
2011-10-28,12551.629801129202
2011-10-31,12466.481247491276
2011-11-01,12255.388524934006
2011-11-02,11985.684398194244
2011-11-04,12209.918415229595
2011-11-07,12163.244492222191
2011-11-08,12009.353417077025
2011-11-09,12148.928273055088
2011-11-10,11796.48866199935
2011-11-11,11816.356012342043
2011-11-14,11941.096985237695
2011-11-15,11856.266289564273
2011-11-16,11747.826062127793
2011-11-17,11771.582223079788
2011-11-18,11627.091657961502
2011-11-21,11590.986422181839
2011-11-22,11545.310468692518
2011-11-24,11338.502456013946
2011-11-25,11332.18354409776
2011-11-28,11510.096023173644
2011-11-29,11775.33089904418
2011-11-30,11716.204211425194
2011-12-01,11943.208678098452
2011-12-02,12008.536895492707
2011-12-05,12082.017223428247
2011-12-06,11915.057167729616
2011-12-07,12120.24584638178
2011-12-08,12041.134328668244
2011-12-09,11863.98761691661
2011-12-12,12028.009041519646
2011-12-13,11888.516658208753
2011-12-14,11842.601162278746
2011-12-15,11646.423075205626
2011-12-16,11681.161935905871
2011-12-19,11535.22
2011-12-20,11591.34
2011-12-21,11763.06
2011-12-22,11672.93
2011-12-26,11789.98
2011-12-27,11736.06
2011-12-28,11729.72
2011-12-29,11695.28
2011-12-30,11773.9
2012-01-04,11919.78
2012-01-05,11820.36
2012-01-06,11683.4
2012-01-10,11727.83
2012-01-11,11763.51
2012-01-12,11676.77
2012-01-13,11836.11
2012-01-16,11666.7
2012-01-17,11789.29
2012-01-18,11906.51
2012-01-19,12030.58
2012-01-20,12206.98
2012-01-23,12206.34
2012-01-24,12233.4
2012-01-25,12370.36
2012-01-26,12322.71
2012-01-27,12311.78
2012-01-30,12244.7
2012-01-31,12257.87
2012-02-01,12268.01
2012-02-02,12361.35
2012-02-03,12298.84
2012-02-06,12434.29
2012-02-07,12418.03
2012-02-08,12554.6
2012-02-09,12536.01
2012-02-10,12459.32
2012-02-13,12531.75
2012-02-14,12605.4
2012-02-15,12895.43
2012-02-16,12865.02
2012-02-17,13068.44
2012-02-20,13208.98
2012-02-21,13178.25
2012-02-22,13304.95
2012-02-23,13362.84
2012-02-24,13434.99
2012-02-27,13426.36
2012-02-28,13549.82
2012-02-29,13550.82
2012-03-01,13528.7
2012-03-02,13625.78
2012-03-05,13516.46
2012-03-06,13431.5
2012-03-07,13345.69
2012-03-08,13614.53
2012-03-09,13838.6
2012-03-12,13783.02
2012-03-13,13795.87
2012-03-14,14006.92
2012-03-15,14108.6
2012-03-16,14117.73
2012-03-19,14134.68
2012-03-21,14057.33
2012-03-22,14113.9
2012-03-23,13952.78
2012-03-26,13962.22
2012-03-27,14292.4
2012-03-28,14314.53
2012-03-29,14219.25
2012-03-30,14175.35
2012-04-02,14212.34
2012-04-03,14128.72
2012-04-04,13804.83
2012-04-05,13731.19
2012-04-06,13619.91
2012-04-09,13420.02
2012-04-10,13408.44
2012-04-11,13296.99
2012-04-12,13389.84
2012-04-13,13549.82
2012-04-16,13314.55
2012-04-17,13306.21
2012-04-18,13590.97
2012-04-19,13480.07
2012-04-20,13442.08
2012-04-23,13415.1
2012-04-24,13310.88
2012-04-25,13441.58
2012-04-26,13442.73
2012-04-27,13385.17
2012-05-01,13146.26
2012-05-02,13187.45
2012-05-07,12820.36
2012-05-08,12908.24
2012-05-09,12716.21
2012-05-10,12666.43
2012-05-11,12587.22
2012-05-14,12616.08
2012-05-15,12513.31
2012-05-16,12373.33
2012-05-17,12479.36
2012-05-18,12106.41
2012-05-21,12138.15
2012-05-22,12272.27
2012-05-23,12029.49
2012-05-24,12039.02
2012-05-25,12062.99
2012-05-28,12080.93
2012-05-29,12171.37
2012-05-30,12137.78
2012-05-31,12010.6
2012-06-01,11866.52
2012-06-04,11663.19
2012-06-05,11784.62
2012-06-06,11997.66
2012-06-07,12146.96
2012-06-08,11893.24
2012-06-11,12126.12
2012-06-12,12002.14
2012-06-13,12074.01
2012-06-14,12047.37
2012-06-15,12047.97
2012-06-18,12261.25
2012-06-19,12169.65
2012-06-20,12305.35
2012-06-21,12406.8
2012-06-22,12370.81
2012-06-25,12287.71
2012-06-26,12188.46
2012-06-27,12295.47
2012-06-28,12497.74
2012-06-29,12683.56
2012-07-02,12678.91
2012-07-03,12767.78
2012-07-04,12820.7
2012-07-05,12786.38
2012-07-06,12703.22
2012-07-09,12528.78
2012-07-10,12473.65
2012-07-11,12464.17
2012-07-12,12279.71
2012-07-13,12285.5
2012-07-17,12328.99
2012-07-18,12289.19
2012-07-19,12386.09
2012-07-20,12209.1
2012-07-23,11981.6
2012-07-24,11953.11
2012-07-25,11781.04
2012-07-26,11889.75
2012-07-27,12064.4
2012-07-30,12161.29
2012-07-31,12245.25
2012-08-01,12170.31
2012-08-02,12186.27
2012-08-03,12048.16
2012-08-06,12289.23
2012-08-07,12397.7
2012-08-08,12507.34
2012-08-09,12644.56
2012-08-10,12521.81
2012-08-13,12513.06
2012-08-14,12576.05
2012-08-15,12569.23
2012-08-16,12806.05
2012-08-17,12904.27
2012-08-20,12916.47
2012-08-21,12896.41
2012-08-22,12860.95
2012-08-23,12926.27
2012-08-24,12775.07
2012-08-27,12795.67
2012-08-28,12722.29
2012-08-29,12784.02
2012-08-30,12662.76
2012-08-31,12459.97
2012-09-03,12381.01
2012-09-04,12369.2
2012-09-05,12234.32
2012-09-06,12235.38
2012-09-07,12504.71
2012-09-10,12501.5
2012-09-11,12414.12
2012-09-12,12629.18
2012-09-13,12678.78
2012-09-14,12910.28
2012-09-18,12860.36
2012-09-19,13013.21
2012-09-20,12808.5
2012-09-21,12840.95
2012-09-24,12783.57
2012-09-25,12814.93
2012-09-26,12658.58
2012-09-27,12719.94
2012-09-28,12606.65
2012-10-01,12501.98
2012-10-02,12487.11
2012-10-03,12431.43
2012-10-04,12541.89
2012-10-05,12596.91
2012-10-09,12463.73
2012-10-10,12217.37
2012-10-11,12147.09
2012-10-12,12129.1
2012-10-15,12191.36
2012-10-16,12366.71
2012-10-17,12516.28
2012-10-18,12766.86
2012-10-19,12795.03
2012-10-22,12806.44
2012-10-23,12811.47
2012-10-24,12726.27
2012-10-25,12869.67
2012-10-26,12695.55
2012-10-29,12690.26
2012-10-30,12565.99
2012-10-31,12688.71
2012-11-01,12714.46
2012-11-02,12862.75
2012-11-05,12799.68
2012-11-06,12753.77
2012-11-07,12750.7
2012-11-08,12557.81
2012-11-09,12444.77
2012-11-12,12329.5
2012-11-13,12307.63
2012-11-14,12312.86
2012-11-15,12547.32
2012-11-16,12823.63
2012-11-19,13007.0
2012-11-20,12991.99
2012-11-21,13105.5
2012-11-22,13310.53
2012-11-26,13341.99
2012-11-27,13390.82
2012-11-28,13228.04
2012-11-29,13359.53
2012-11-30,13423.66
2012-12-03,13440.95
2012-12-04,13404.4
2012-12-05,13456.1
2012-12-06,13564.56
2012-12-07,13539.31
2012-12-10,13548.35
2012-12-11,13536.37
2012-12-12,13616.15
2012-12-13,13845.33
2012-12-14,13837.98
2012-12-17,13967.75
2012-12-18,14101.52
2012-12-19,14438.87
2012-12-20,14266.82
2012-12-21,14125.75
2012-12-25,14324.79
2012-12-26,14558.97
2012-12-27,14690.78
2012-12-28,14793.53
2013-01-04,15210.4
2013-01-07,15083.6
2013-01-08,14954.17
2013-01-09,15054.51
2013-01-10,15159.92
2013-01-11,15371.86
2013-01-15,15482.17
2013-01-16,15085.63
2013-01-17,15098.72
2013-01-18,15530.86
2013-01-21,15295.25
2013-01-22,15241.44
2013-01-23,14924.17
2013-01-24,15114.7
2013-01-25,15549.86
2013-01-28,15404.22
2013-01-29,15465.6
2013-01-30,15817.46
2013-01-31,15852.63
2013-02-01,15927.6
2013-02-04,16025.82
2013-02-05,15722.06
2013-02-06,16315.3
2013-02-07,16163.47
2013-02-08,15873.26
2013-02-12,16180.62
2013-02-13,16013.09
2013-02-14,16092.6
2013-02-15,15902.67
2013-02-18,16236.5
2013-02-19,16185.93
2013-02-20,16322.48
2013-02-21,16095.97
2013-02-22,16205.29
2013-02-25,16598.94
2013-02-26,16234.81
2013-02-27,16028.52
2013-02-28,16463.47
2013-03-01,16530.44
2013-03-04,16595.83
2013-03-05,16640.21
2013-03-06,16994.59
2013-03-07,17045.59
2013-03-08,17495.0
2013-03-11,17588.19
2013-03-12,17539.42
2013-03-13,17432.39
2013-03-14,17633.96
2013-03-15,17890.27
2013-03-18,17405.56
2013-03-19,17758.21
2013-03-21,17996.72
2013-03-22,17573.48
2013-03-25,17869.63
2013-03-26,17763.04
2013-03-27,17921.93
2013-03-28,17695.53
2013-03-29,17784.57
2013-04-01,17407.46
2013-04-02,17218.7
2013-04-03,17733.35
2013-04-04,18124.02
2013-04-05,18409.63
2013-04-08,18924.54
2013-04-09,18924.2
2013-04-10,19061.59
2013-04-11,19436.03
2013-04-12,19344.19
2013-04-15,19043.69
2013-04-16,18965.91
2013-04-17,19197.51
2013-04-18,18963.95
2013-04-19,19102.25
2013-04-22,19463.58
2013-04-23,19408.04
2013-04-24,19858.19
2013-04-25,19976.71
2013-04-26,19916.72
2013-04-30,19883.34
2013-05-01,19795.1
2013-05-02,19644.03
2013-05-07,20341.48
2013-05-08,20492.75
2013-05-09,20357.61
2013-05-10,20954.45
2013-05-13,21205.01
2013-05-14,21170.88
2013-05-15,21655.18
2013-05-16,21570.85
2013-05-17,21715.56
2013-05-20,22035.01
2013-05-21,22064.0
2013-05-22,22417.23
2013-05-23,20777.2
2013-05-24,20961.49
2013-05-27,20287.56
2013-05-28,20530.46
2013-05-29,20551.23
2013-05-30,19493.39
2013-05-31,19759.5
2013-06-03,19024.01
2013-06-04,19414.11
2013-06-05,18669.76
2013-06-06,18510.75
2013-06-07,18472.75
2013-06-10,19386.05
2013-06-11,19104.06
2013-06-12,19063.46
2013-06-13,17852.83
2013-06-14,18198.74
2013-06-17,18697.66
2013-06-18,18660.59
2013-06-19,19001.95
2013-06-20,18672.27
2013-06-21,18981.55
2013-06-24,18742.68
2013-06-25,18608.96
2013-06-26,18433.05
2013-06-27,18979.87
2013-06-28,19646.04
2013-07-01,19897.67
2013-07-02,20251.37
2013-07-03,20189.35
2013-07-04,20136.73
2013-07-05,20554.78
2013-07-08,20266.6
2013-07-09,20788.82
2013-07-10,20707.95
2013-07-11,20788.36
2013-07-12,20836.72
2013-07-16,20970.12
2013-07-17,20992.99
2013-07-18,21270.88
2013-07-19,20956.9
2013-07-22,21054.76
2013-07-23,21227.8
2013-07-24,21159.96
2013-07-25,20918.57
2013-07-26,20296.67
2013-07-29,19624.24
2013-07-30,19924.02
2013-07-31,19634.56
2013-08-01,20119.48
2013-08-02,20780.84
2013-08-05,20481.87
2013-08-06,20687.32
2013-08-07,19860.23
2013-08-08,19545.08
2013-08-09,19558.91
2013-08-12,19421.35
2013-08-13,19920.65
2013-08-14,20183.77
2013-08-15,19756.8
2013-08-16,19609.77
2013-08-19,19764.95
2013-08-20,19245.26
2013-08-21,19285.41
2013-08-22,19200.42
2013-08-23,19624.76
2013-08-26,19589.89
2013-08-27,19454.98
2013-08-28,19173.35
2013-08-29,19347.64
2013-08-30,19245.8
2013-09-02,19510.38
2013-09-03,20093.29
2013-09-04,20201.72
2013-09-05,20217.46
2013-09-06,19924.32
2013-09-09,20419.41
2013-09-10,20732.96
2013-09-11,20735.42
2013-09-12,20681.08
2013-09-13,20706.09
2013-09-17,20572.41
2013-09-18,20851.18
2013-09-19,21226.1
2013-09-20,21191.95
2013-09-24,21177.85
2013-09-25,21016.74
2013-09-26,21388.49
2013-09-27,21332.05
2013-09-30,20892.3
2013-10-01,20934.1
2013-10-02,20479.96
2013-10-03,20460.82
2013-10-04,20268.69
2013-10-07,20021.57
2013-10-08,20081.24
2013-10-09,20288.24
2013-10-10,20514.96
2013-10-11,20818.51
2013-10-15,20871.7
2013-10-16,20908.7
2013-10-17,21081.22
2013-10-18,21045.13
2013-10-21,21235.95
2013-10-22,21264.39
2013-10-23,20849.31
2013-10-24,20936.55
2013-10-25,20361.08
2013-10-28,20806.0
2013-10-29,20704.8
2013-10-30,20961.18
2013-10-31,20709.09
2013-11-01,20527.8
2013-11-05,20562.32
2013-11-06,20724.13
2013-11-07,20567.05
2013-11-08,20362.31
2013-11-11,20627.01
2013-11-12,21087.89
2013-11-13,21056.78
2013-11-14,21503.8
2013-11-15,21922.29
2013-11-18,21919.95
2013-11-19,21865.4
2013-11-20,21792.43
2013-11-21,22210.93
2013-11-22,22234.81
2013-11-25,22577.99
2013-11-26,22427.81
2013-11-27,22332.97
2013-11-28,22734.09
2013-11-29,22639.77
2013-12-02,22629.94
2013-12-03,22766.67
2013-12-04,22272.7
2013-12-05,21939.58
2013-12-06,22116.47
2013-12-09,22622.91
2013-12-10,22566.68
2013-12-11,22427.55
2013-12-12,22177.13
2013-12-13,22265.73
2013-12-16,21904.06
2013-12-17,22085.79
2013-12-18,22532.71
2013-12-19,22925.06
2013-12-20,22941.25
2013-12-24,22968.59
2013-12-25,23143.01
2013-12-26,23403.91
2013-12-27,23410.42
2013-12-30,23573.02
2014-01-06,23019.66
2014-01-07,22882.91
2014-01-08,23327.25
2014-01-09,22978.36
2014-01-10,23024.27
2014-01-14,22315.75
2014-01-15,22874.76
2014-01-16,22785.73
2014-01-17,22767.3
2014-01-20,22633.05
2014-01-21,22856.29
2014-01-22,22892.46
2014-01-23,22711.49
2014-01-24,22271.13
2014-01-27,21712.85
2014-01-28,21675.85
2014-01-29,22261.66
2014-01-30,21716.33
2014-01-31,21582.43
2014-02-03,21155.2
2014-02-04,20271.52
2014-02-05,20520.29
2014-02-06,20483.74
2014-02-07,20928.42
2014-02-10,21298.77
2014-02-12,21417.03
2014-02-13,21033.09
2014-02-14,20712.26
2014-02-17,20828.14
2014-02-18,21479.52
2014-02-19,21368.51
2014-02-20,20909.28
2014-02-21,21511.98
2014-02-24,21471.48
2014-02-25,21781.04
2014-02-26,21676.94
2014-02-27,21607.64
2014-02-28,21488.85
2014-03-03,21215.42
2014-03-04,21315.69
2014-03-05,21570.74
2014-03-06,21914.07
2014-03-07,22115.8
2014-03-10,21892.92
2014-03-11,22043.46
2014-03-12,21473.38
2014-03-13,21452.52
2014-03-14,20745.47
2014-03-17,20673.09
2014-03-18,20866.88
2014-03-19,20941.09
2014-03-20,20596.06
2014-03-24,20959.6
2014-03-25,20884.15
2014-03-26,20962.47
2014-03-27,21326.53
2014-03-28,21433.2
2014-03-31,21625.48
2014-04-01,21573.21
2014-04-02,21798.29
2014-04-03,21981.41
2014-04-04,21969.58
2014-04-07,21597.79
2014-04-08,21303.23
2014-04-09,20855.21
2014-04-10,20855.84
2014-04-11,20359.87
2014-04-14,20287.11
2014-04-15,20413.48
2014-04-16,21027.29
2014-04-17,21027.07
2014-04-18,21171.08
2014-04-21,21165.41
2014-04-22,20985.13
2014-04-23,21214.83
2014-04-24,21008.78
2014-04-25,21044.18
2014-04-28,20838.5
2014-04-30,20861.66
2014-05-01,21125.67
2014-05-02,21085.39
2014-05-07,20466.92
2014-05-08,20657.0
2014-05-09,20709.23
2014-05-12,20636.21
2014-05-13,21038.62
2014-05-14,21009.92
2014-05-15,20853.06
2014-05-16,20559.01
2014-05-19,20427.53
2014-05-20,20527.89
2014-05-21,20479.64
2014-05-22,20910.78
2014-05-23,21092.24
2014-05-26,21296.93
2014-05-27,21346.52
2014-05-28,21396.73
2014-05-29,21412.44
2014-05-30,21340.48
2014-06-02,21783.18
2014-06-03,21926.59
2014-06-04,21975.75
2014-06-05,21992.39
2014-06-06,21989.28
2014-06-09,22057.48
2014-06-10,21869.05
2014-06-11,21977.97
2014-06-12,21838.03
2014-06-13,22019.33
2014-06-16,21779.58
2014-06-17,21841.83
2014-06-18,22045.77
2014-06-19,22403.62
2014-06-20,22387.12
2014-06-23,22417.46
2014-06-24,22428.06
2014-06-25,22269.61
2014-06-26,22351.25
2014-06-27,22040.55
2014-06-30,22141.62
2014-07-01,22381.26
2014-07-02,22445.18
2014-07-03,22413.52
2014-07-04,22543.26
2014-07-07,22459.01
2014-07-08,22364.04
2014-07-09,22346.87
2014-07-10,22221.02
2014-07-11,22144.46
2014-07-14,22338.36
2014-07-15,22481.97
2014-07-16,22458.81
2014-07-17,22445.61
2014-07-18,22219.92
2014-07-22,22406.21
2014-07-23,22384.71
2014-07-24,22320.25
2014-07-25,22573.54
2014-07-28,22678.0
2014-07-29,22808.92
2014-07-30,22850.05
2014-07-31,22812.87
2014-08-01,22670.25
2014-08-04,22599.26
2014-08-05,22374.08
2014-08-06,22139.71
2014-08-07,22245.71
2014-08-08,21582.68
2014-08-11,22097.08
2014-08-12,22142.05
2014-08-13,22218.46
2014-08-14,22365.88
2014-08-15,22371.39
2014-08-18,22377.61
2014-08-19,22563.36
2014-08-20,22570.17
2014-08-21,22762.58
2014-08-22,22693.93
2014-08-25,22802.09
2014-08-26,22667.69
2014-08-27,22700.39
2014-08-28,22590.85
2014-08-29,22539.31
2014-09-01,22615.31
2014-09-02,22895.87
2014-09-03,22983.18
2014-09-04,22906.95
2014-09-05,22895.99
2014-09-08,22949.22
2014-09-09,23013.57
2014-09-10,23071.48
2014-09-11,23247.44
2014-09-12,23304.56
2014-09-16,23250.84
2014-09-17,23217.83
2014-09-18,23479.25
2014-09-19,23849.83
2014-09-22,23681.39
2014-09-24,23625.2
2014-09-25,23927.23
2014-09-26,23853.46
2014-09-29,23972.18
2014-09-30,23770.65
2014-10-01,23636.51
2014-10-02,23018.84
2014-10-03,23087.42
2014-10-06,23355.23
2014-10-07,23197.79
2014-10-08,22921.7
2014-10-09,22749.67
2014-10-10,22487.5
2014-10-14,21952.46
2014-10-15,22153.83
2014-10-16,21661.27
2014-10-17,21358.7
2014-10-20,22209.26
2014-10-21,21758.19
2014-10-22,22333.57
2014-10-23,22250.08
2014-10-24,22474.48
2014-10-27,22617.94
2014-10-28,22531.5
2014-10-29,22860.61
2014-10-30,23014.44
2014-10-31,24125.54
2014-11-04,24785.58
2014-11-05,24895.57
2014-11-06,24683.48
2014-11-07,24812.8
2014-11-10,24666.03
2014-11-11,25171.49
2014-11-12,25278.71
2014-11-13,25566.61
2014-11-14,25710.72
2014-11-17,24950.74
2014-11-18,25495.01
2014-11-19,25413.71
2014-11-20,25431.58
2014-11-21,25514.85
2014-11-25,25588.51
2014-11-26,25553.17
2014-11-27,25354.61
2014-11-28,25665.29
2014-12-01,25856.75
2014-12-02,25964.23
2014-12-03,26048.33
2014-12-04,26293.49
2014-12-05,26342.35
2014-12-08,26364.68
2014-12-09,26184.96
2014-12-10,25595.8
2014-12-11,25367.69
2014-12-12,25535.53
2014-12-15,25135.44
2014-12-16,24629.66
2014-12-17,24724.34
2014-12-18,25298.1
2014-12-19,25902.77
2014-12-22,25922.97
2014-12-24,26245.02
2014-12-25,26178.17
2014-12-26,26224.97
2014-12-29,26093.81
2014-12-30,25683.09
2015-01-01,25683.09
2015-01-05,25621.19
2015-01-06,24847.76
2015-01-07,24850.91
2015-01-08,25265.6
2015-01-09,25310.68
2015-01-13,25148.76
2015-01-14,24719.38
2015-01-15,25179.65
2015-01-16,24819.75
2015-01-19,25040.7
2015-01-20,25558.77
2015-01-21,25432.46
2015-01-22,25503.9
2015-01-23,25772.83
2015-01-26,25709.21
2015-01-27,26150.41
2015-01-28,26192.58
2015-01-29,25913.65
2015-01-30,26013.99
2015-02-02,25844.18
2015-02-03,25517.13
2015-02-04,26021.84
2015-02-05,25765.55
2015-02-06,25977.33
2015-02-09,26070.69
2015-02-10,25983.48
2015-02-12,26464.86
2015-02-13,26367.18
2015-02-16,26501.73
2015-02-17,26475.71
2015-02-18,26787.88
2015-02-19,26884.47
2015-02-20,26983.84
2015-02-23,27181.99
2015-02-24,27383.0
2015-02-25,27369.59
2015-02-26,27664.99
2015-02-27,27682.88
2015-03-02,27725.5
2015-03-03,27708.24
2015-03-04,27543.95
2015-03-05,27614.99
2015-03-06,27937.74
2015-03-09,27672.0
2015-03-10,27487.27
2015-03-11,27573.29
2015-03-12,27967.36
2015-03-13,28354.87
2015-03-16,28342.81
2015-03-17,28624.0
2015-03-18,28782.97
2015-03-19,28682.94
2015-03-20,28806.15
2015-03-23,29092.06
2015-03-24,29031.81
2015-03-25,29081.2
2015-03-26,28676.21
2015-03-27,28568.63
2015-03-30,28754.94
2015-03-31,28452.14
2015-04-01,28197.13
2015-04-02,28608.87
2015-04-03,28790.02
2015-04-06,28735.06
2015-04-07,29094.37
2015-04-08,29315.49
2015-04-09,29534.6
2015-04-10,29490.9
2015-04-13,29487.69
2015-04-14,29492.46
2015-04-15,29434.8
2015-04-16,29458.52
2015-04-17,29113.52
2015-04-20,29086.28
2015-04-21,29493.07
2015-04-22,29826.1
2015-04-23,29905.72
2015-04-24,29657.42
2015-04-27,29603.02
2015-04-28,29715.06
2015-04-30,28916.68
2015-05-01,28933.89
2015-05-07,28578.89
2015-05-08,28708.07
2015-05-11,29066.15
2015-05-12,29071.97
2015-05-13,29279.19
2015-05-14,28991.09
2015-05-15,29232.08
2015-05-18,29465.18
2015-05-19,29666.81
2015-05-20,29918.91
2015-05-21,29928.26
2015-05-22,30019.42
2015-05-25,30240.68
2015-05-26,30275.8
2015-05-27,30327.8
2015-05-28,30444.65
2015-05-29,30462.0
2015-06-01,30471.95
2015-06-02,30432.43
2015-06-03,30329.21
2015-06-04,30350.96
2015-06-05,30310.53
2015-06-08,30305.03
2015-06-09,29770.41
2015-06-10,29696.43
2015-06-11,30195.08
2015-06-12,30230.8
2015-06-15,30202.22
2015-06-16,30009.86
2015-06-17,29952.57
2015-06-18,29615.32
2015-06-19,29887.05
2015-06-22,30266.67
2015-06-23,30831.89
2015-06-24,30919.68
2015-06-25,30781.02
2015-06-26,30713.48
2015-06-29,29854.69
2015-06-30,30041.85
2015-07-01,30180.79
2015-07-02,30467.58
2015-07-03,30493.25
2015-07-06,29858.33
2015-07-07,30250.96
2015-07-08,29302.38
2015-07-09,29477.35
2015-07-10,29365.01
2015-07-13,29825.14
2015-07-14,30263.93
2015-07-15,30379.73
2015-07-16,30582.81
2015-07-17,30658.23
2015-07-21,30941.86
2015-07-22,30573.24
2015-07-23,30707.27
2015-07-24,30500.29
2015-07-27,30211.64
2015-07-28,30180.15
2015-07-29,30143.15
2015-07-30,30469.66
2015-07-31,30562.32
2015-08-03,30507.19
2015-08-04,30465.99
2015-08-05,30605.1
2015-08-06,30679.9
2015-08-07,30769.22
2015-08-10,30894.13
2015-08-11,30763.63
2015-08-12,30276.69
2015-08-13,30577.75
2015-08-14,30464.77
2015-08-17,30614.44
2015-08-18,30516.76
2015-08-19,30024.08
2015-08-20,29743.31
2015-08-21,28855.93
2015-08-24,27526.92
2015-08-25,26437.2
2015-08-26,27283.66
2015-08-27,27591.63
2015-08-28,28426.28
2015-08-31,28061.09
2015-09-01,26984.44
2015-09-02,26880.03
2015-09-03,27009.25
2015-09-04,26429.58
2015-09-07,26531.05
2015-09-08,25887.27
2015-09-09,27882.88
2015-09-10,27183.39
2015-09-11,27130.8
2015-09-14,26687.36
2015-09-15,26777.65
2015-09-16,26993.8
2015-09-17,27381.02
2015-09-18,26843.18
2015-09-24,26102.84
2015-09-25,26561.38
2015-09-28,26386.11
2015-09-29,25318.01
2015-09-30,26001.86
2015-10-01,26501.72
2015-10-02,26505.77
2015-10-05,26925.01
2015-10-06,27195.09
2015-10-07,27399.78
2015-10-08,27127.91
2015-10-09,27572.79
2015-10-13,27267.9
2015-10-14,26753.88
2015-10-15,27061.78
2015-10-16,27353.23
2015-10-19,27113.12
2015-10-20,27226.65
2015-10-21,27745.74
2015-10-22,27568.67
2015-10-23,28151.02
2015-10-26,28333.19
2015-10-27,28078.86
2015-10-28,28268.7
2015-10-29,28317.95
2015-10-30,28538.43
2015-11-02,27941.21
2015-11-04,28305.62
2015-11-05,28589.32
2015-11-06,28814.52
2015-11-09,29378.89
2015-11-10,29421.67
2015-11-11,29451.81
2015-11-12,29461.29
2015-11-13,29310.44
2015-11-16,29006.49
2015-11-17,29360.87
2015-11-18,29388.61
2015-11-19,29703.64
2015-11-20,29733.55
2015-11-24,29800.97
2015-11-25,29685.34
2015-11-26,29830.17
2015-11-27,29739.73
2015-11-30,29535.62
2015-12-01,29931.87
2015-12-02,29820.79
2015-12-03,29823.44
2015-12-04,29172.2
2015-12-07,29461.87
2015-12-08,29154.44
2015-12-09,28867.97
2015-12-10,28487.29
2015-12-11,28762.39
2015-12-14,28243.3
2015-12-15,27768.4
2015-12-16,28492.32
2015-12-17,28946.48
2015-12-18,28397.93
2015-12-21,28292.07
2015-12-22,28248.22
2015-12-24,28103.13
2015-12-25,28072.27
2015-12-28,28267.74
2015-12-29,28430.82
2015-12-30,28507.92
2016-01-04,27635.13
2016-01-05,27519.83
2016-01-06,27246.22
2016-01-07,26611.2
2016-01-08,26507.29
2016-01-12,25789.86
2016-01-13,26533.75
2016-01-14,25822.79
2016-01-15,25682.24
2016-01-18,25395.36
2016-01-19,25534.35
2016-01-20,24587.5
2016-01-21,23990.0
2016-01-22,25399.8
2016-01-25,25628.03
2016-01-26,25025.92
2016-01-27,25709.36
2016-01-28,25525.92
2016-01-29,26240.18
2016-02-01,26759.84
2016-02-02,26588.26
2016-02-03,25750.31
2016-02-04,25531.23
2016-02-05,25193.61
2016-02-08,25470.28
2016-02-09,24093.94
2016-02-10,23536.66
2016-02-12,22397.11
2016-02-15,23999.79
2016-02-16,24047.5
2016-02-17,23720.86
2016-02-18,24260.75
2016-02-19,23916.79
2016-02-22,24132.3
2016-02-23,24043.93
2016-02-24,23839.83
2016-02-25,24192.02
2016-02-26,24264.07
2016-02-29,24021.78
2016-03-01,24109.84
2016-03-02,25100.64
2016-03-03,25420.81
2016-03-04,25502.68
2016-03-07,25347.61
2016-03-08,25155.5
2016-03-09,24944.24
2016-03-10,25259.22
2016-03-11,25388.9
2016-03-14,25830.88
2016-03-15,25655.99
2016-03-16,25442.81
2016-03-17,25385.75
2016-03-18,25068.63
2016-03-22,25553.88
2016-03-23,25482.58
2016-03-24,25319.73
2016-03-25,25486.3
2016-03-28,25683.47
2016-03-29,25828.25
2016-03-30,25489.24
2016-03-31,25307.89
2016-04-01,24410.1
2016-04-04,24348.35
2016-04-05,23758.72
2016-04-06,23732.35
2016-04-07,23784.42
2016-04-08,23892.67
2016-04-11,23786.37
2016-04-12,24054.66
2016-04-13,24737.89
2016-04-14,25538.01
2016-04-15,25442.84
2016-04-18,24578.92
2016-04-19,25482.72
2016-04-20,25531.2
2016-04-21,26221.45
2016-04-22,26536.87
2016-04-25,26335.73
2016-04-26,26205.83
2016-04-27,26111.01
2016-04-28,25168.02
2016-05-02,24384.76
2016-05-06,24323.36
2016-05-09,24488.43
2016-05-10,25015.71
2016-05-11,25036.58
2016-05-12,25138.26
2016-05-13,24784.69
2016-05-16,24866.52
2016-05-17,25148.01
2016-05-18,25135.76
2016-05-19,25138.73
2016-05-20,25274.17
2016-05-23,25150.72
2016-05-24,24915.38
2016-05-25,25305.89
2016-05-26,25328.71
2016-05-27,25422.94
2016-05-30,25775.07
2016-05-31,26027.2
2016-06-01,25605.49
2016-06-02,25011.73
2016-06-03,25132.06
2016-06-06,25038.13
2016-06-07,25182.23
2016-06-08,25417.01
2016-06-09,25171.6
2016-06-10,25070.35
2016-06-13,24191.18
2016-06-14,23949.29
2016-06-15,24040.77
2016-06-16,23308.28
2016-06-17,23558.24
2016-06-20,24111.49
2016-06-21,24419.29
2016-06-22,24263.15
2016-06-23,24525.74
2016-06-24,22583.66
2016-06-27,23123.5
2016-06-28,23178.34
2016-06-29,23547.38
2016-06-30,23563.61
2016-07-01,23724.82
2016-07-04,23866.0
2016-07-05,23704.93
2016-07-06,23265.7
2016-07-07,23110.26
2016-07-08,22854.2
2016-07-11,23764.68
2016-07-12,24349.89
2016-07-13,24555.3
2016-07-14,24788.97
2016-07-15,24958.35
2016-07-19,25299.43
2016-07-20,25236.77
2016-07-21,25430.91
2016-07-22,25154.11
2016-07-25,25143.58
2016-07-26,24784.66
2016-07-27,25212.85
2016-07-28,24928.45
2016-07-29,25068.29
2016-08-01,25168.9
2016-08-02,24799.26
2016-08-03,24332.76
2016-08-04,24592.59
2016-08-05,24591.92
2016-08-08,25191.19
2016-08-09,25364.27
2016-08-10,25319.11
2016-08-12,25598.7
2016-08-15,25522.51
2016-08-16,25109.4
2016-08-17,25335.02
2016-08-18,24942.22
2016-08-19,25032.71
2016-08-22,25111.94
2016-08-23,24959.39
2016-08-24,25110.59
2016-08-25,25048.03
2016-08-26,24752.65
2016-08-29,25339.86
2016-08-30,25321.5
2016-08-31,25566.82
2016-09-01,25626.53
2016-09-02,25624.77
2016-09-05,25794.26
2016-09-06,25861.4
2016-09-07,25756.12
2016-09-08,25674.87
2016-09-09,25685.45
2016-09-12,25242.1
2016-09-13,25327.06
2016-09-14,25153.26
2016-09-15,24837.07
2016-09-16,25010.09
2016-09-20,24969.0
2016-09-21,25446.62
2016-09-23,25365.47
2016-09-26,25048.35
2016-09-27,25259.36
2016-09-28,25102.09
2016-09-29,25450.16
2016-09-30,25078.37
2016-10-03,25305.27
2016-10-04,25514.1
2016-10-05,25641.54
2016-10-06,25763.29
2016-10-07,25703.82
2016-10-11,25954.87
2016-10-12,25673.2
2016-10-13,25572.95
2016-10-14,25698.16
2016-10-17,25764.86
2016-10-18,25861.65
2016-10-19,25915.47
2016-10-20,26276.16
2016-10-21,26198.55
2016-10-24,26274.52
2016-10-25,26473.98
2016-10-26,26514.52
2016-10-27,26430.38
2016-10-28,26596.36
2016-10-31,26566.39
2016-11-01,26595.01
2016-11-02,26125.64
2016-11-04,25775.81
2016-11-07,26190.33
2016-11-08,26181.5
2016-11-09,24780.85
2016-11-10,26447.31
2016-11-11,26493.62
2016-11-14,26947.76
2016-11-15,26940.94
2016-11-16,27236.85
2016-11-17,27237.49
2016-11-18,27397.26
2016-11-21,27608.62
2016-11-22,27695.41
2016-11-24,27955.35
2016-11-25,28028.25
2016-11-28,27991.15
2016-11-29,27915.14
2016-11-30,27917.34
2016-12-01,28229.38
2016-12-02,28096.66
2016-12-05,27866.27
2016-12-06,27996.72
2016-12-07,28204.33
2016-12-08,28614.17
2016-12-09,28966.25
2016-12-12,29208.18
2016-12-13,29353.79
2016-12-14,29358.5
2016-12-15,29389.27
2016-12-16,29583.47
2016-12-19,29568.91
2016-12-20,29725.86
2016-12-21,29649.56
2016-12-22,29623.91
2016-12-26,29576.59
2016-12-27,29586.38
2016-12-28,29626.12
2016-12-29,29234.33
2016-12-30,29187.34
2017-01-04,29919.97
2017-01-05,29807.78
2017-01-06,29706.45
2017-01-10,29472.99
2017-01-11,29569.54
2017-01-12,29218.38
2017-01-13,29451.37
2017-01-16,29158.13
2017-01-17,28727.96
2017-01-18,28851.4
2017-01-19,29123.02
2017-01-20,29223.28
2017-01-23,28846.3
2017-01-24,28688.96
2017-01-25,29100.5
2017-01-26,29627.14
2017-01-27,29728.61
2017-01-30,29578.11
2017-01-31,29077.97
2017-02-01,29240.97
2017-02-02,28884.39
2017-02-03,28889.92
2017-02-06,28979.5
2017-02-07,28878.82
2017-02-08,29026.67
2017-02-09,28874.07
2017-02-10,29593.74
2017-02-13,29716.24
2017-02-14,29380.02
2017-02-15,29683.91
2017-02-16,29545.78
2017-02-17,29373.35
2017-02-20,29398.49
2017-02-21,29597.56
2017-02-22,29595.16
2017-02-23,29582.32
2017-02-24,29465.89
2017-02-27,29196.85
2017-02-28,29214.45
2017-03-01,29633.97
2017-03-02,29895.66
2017-03-03,29749.53
2017-03-06,29611.96
2017-03-07,29558.49
2017-03-08,29420.78
2017-03-09,29519.41
2017-03-10,29956.47
2017-03-13,30001.0
2017-03-14,29963.95
2017-03-15,29915.45
2017-03-16,29934.95
2017-03-17,29830.2
2017-03-21,29729.79
2017-03-22,29096.53
2017-03-23,29163.66
2017-03-24,29434.46
2017-03-27,29011.46
2017-03-28,29343.48
2017-03-29,29570.37
2017-03-30,29333.07
2017-03-31,29096.37
2017-04-03,29210.19
2017-04-04,28944.02
2017-04-05,29022.53
2017-04-06,28615.98
2017-04-07,28719.95
2017-04-10,28924.99
2017-04-11,28848.04
2017-04-12,28547.59
2017-04-13,28354.06
2017-04-14,28213.71
2017-04-17,28243.92
2017-04-18,28341.37
2017-04-19,28362.31
2017-04-20,28359.68
2017-04-21,28652.44
2017-04-24,29045.02
2017-04-25,29358.08
2017-04-26,29681.37
2017-04-27,29623.58
2017-04-28,29538.81
2017-05-01,29713.89
2017-05-02,29921.9
2017-05-08,30614.33
2017-05-09,30533.41
2017-05-10,30621.26
2017-05-11,30715.83
2017-05-12,30596.35
2017-05-15,30574.73
2017-05-16,30651.62
2017-05-17,30490.14
2017-05-18,30088.5
2017-05-19,30145.28
2017-05-22,30279.95
2017-05-23,30179.93
2017-05-24,30379.51
2017-05-25,30487.45
2017-05-26,30293.12
2017-05-29,30286.55
2017-05-30,30279.29
2017-05-31,30237.31
2017-06-01,30559.62
2017-06-02,31047.79
2017-06-05,31037.85
2017-06-06,30744.07
2017-06-07,30751.33
2017-06-08,30635.37
2017-06-09,30795.4
2017-06-12,30634.32
2017-06-13,30619.19
2017-06-14,30595.75
2017-06-15,30516.78
2017-06-16,30688.26
2017-06-19,30879.82
2017-06-20,31130.12
2017-06-21,30992.25
2017-06-22,30949.08
2017-06-23,30983.68
2017-06-26,31016.6
2017-06-27,31127.84
2017-06-28,31025.06
2017-06-29,31165.62
2017-06-30,30884.9
2017-07-03,30919.39
2017-07-04,30883.24
2017-07-05,30959.21
2017-07-06,30824.21
2017-07-07,30724.05
2017-07-10,30958.21
2017-07-11,31134.73
2017-07-12,30985.03
2017-07-13,30987.23
2017-07-14,31016.6
2017-07-18,30833.22
2017-07-19,30865.52
2017-07-20,31056.27
2017-07-21,30987.14
2017-07-24,30795.85
2017-07-25,30764.29
2017-07-26,30910.69
2017-07-27,30958.31
2017-07-28,30773.61
2017-07-31,30720.17
2017-08-01,30813.62
2017-08-02,30958.93
2017-08-03,30880.76
2017-08-04,30762.27
2017-08-07,30921.94
2017-08-08,30829.62
2017-08-09,30433.3
2017-08-10,30419.62
2017-08-14,30122.76
2017-08-15,30456.12
2017-08-16,30419.07
2017-08-17,30377.98
2017-08-18,30019.94
2017-08-21,29900.79
2017-08-22,29886.47
2017-08-23,29964.79
2017-08-24,29840.1
2017-08-25,29992.49
2017-08-28,29988.31
2017-08-29,29871.39
2017-08-30,30093.53
2017-08-31,30309.05
2017-09-01,30378.83
2017-09-04,30096.17
2017-09-05,29907.28
2017-09-06,29864.33
2017-09-07,29923.8
2017-09-08,29736.05
2017-09-11,30154.06
2017-09-12,30510.2
2017-09-13,30647.81
2017-09-14,30557.74
2017-09-15,30716.06
2017-09-19,31317.56
2017-09-20,31334.65
2017-09-21,31391.76
2017-09-22,31313.03
2017-09-25,31469.05
2017-09-26,31365.08
2017-09-27,31469.23
2017-09-28,31618.39
2017-09-29,31607.78
2017-10-02,31676.88
2017-10-03,32008.06
2017-10-04,32027.61
2017-10-05,32030.56
2017-10-06,32127.06
2017-10-10,32333.26
2017-10-11,32422.95
2017-10-12,32537.0
2017-10-13,32848.26
2017-10-16,33004.12
2017-10-17,33129.21
2017-10-18,33171.02
2017-10-19,33303.73
2017-10-20,33317.89
2017-10-23,33689.01
2017-10-24,33857.81
2017-10-25,33706.34
2017-10-26,33762.61
2017-10-27,34179.99
2017-10-30,34185.43
2017-10-31,34186.47
2017-11-01,34823.62
2017-11-02,35008.75
2017-11-06,35023.94
2017-11-07,35629.55
2017-11-08,35593.08
2017-11-09,35523.38
2017-11-10,35232.58
2017-11-13,34765.9
2017-11-14,34764.38
2017-11-15,34218.08
2017-11-16,34719.51
2017-11-17,34790.47
2017-11-20,34580.7
2017-11-21,34821.04
2017-11-22,34986.74
2017-11-24,35029.77
2017-11-27,34944.55
2017-11-28,34929.4
2017-11-29,35101.76
2017-11-30,35300.22
2017-12-01,35446.35
2017-12-04,35272.57
2017-12-05,35140.88
2017-12-06,34449.1
2017-12-07,34947.72
2017-12-08,35434.0
2017-12-11,35632.29
2017-12-12,35519.58
2017-12-13,35351.66
2017-12-14,35252.83
2017-12-15,35033.45
2017-12-18,35574.88
2017-12-19,35522.42
2017-12-20,35559.27
2017-12-21,35519.47
2017-12-22,35576.42
2017-12-25,35632.99
2017-12-26,35560.77
2017-12-27,35641.3
2017-12-28,35443.38
2017-12-29,35413.76
2018-01-04,36567.09
2018-01-05,36890.97
2018-01-09,37101.7
2018-01-10,37005.58
2018-01-11,36884.6
2018-01-12,36796.54
2018-01-15,36891.53
2018-01-16,37260.1
2018-01-17,37130.25
2018-01-18,36966.96
2018-01-19,37036.48
2018-01-22,37049.35
2018-01-23,37528.2
2018-01-24,37242.94
2018-01-25,36820.91
2018-01-26,36762.4
2018-01-29,36761.16
2018-01-30,36236.3
2018-01-31,35934.98
2018-02-01,36538.33
2018-02-02,36209.17
2018-02-05,35287.58
2018-02-06,33620.07
2018-02-07,33674.72
2018-02-08,34056.64
2018-02-09,33265.95
2018-02-13,33051.35
2018-02-14,32910.54
2018-02-15,33394.08
2018-02-16,33791.22
2018-02-19,34458.57
2018-02-20,34109.91
2018-02-21,34181.02
2018-02-22,33816.4
2018-02-23,34059.63
2018-02-26,34484.4
2018-02-27,34852.12
2018-02-28,34351.49
2018-03-01,33816.38
2018-03-02,32971.41
2018-03-05,32754.19
2018-03-06,33338.96
2018-03-07,33082.06
2018-03-08,33261.61
2018-03-09,33419.03
2018-03-12,33971.36
2018-03-13,34195.62
2018-03-14,33898.6
2018-03-15,33940.1
2018-03-16,33741.73
2018-03-19,33437.24
2018-03-20,33281.69
2018-03-22,33610.16
2018-03-23,32094.06
2018-03-26,32325.96
2018-03-27,33184.03
2018-03-28,32986.26
2018-03-29,33186.85
2018-03-30,33650.39
2018-04-02,33547.31
2018-04-03,33396.28
2018-04-04,33439.04
2018-04-05,33950.16
2018-04-06,33827.98
2018-04-09,34001.67
2018-04-10,34183.71
2018-04-11,34015.54
2018-04-12,33973.47
2018-04-13,34160.73
2018-04-16,34249.81
2018-04-17,34268.73
2018-04-18,34755.93
2018-04-19,34807.66
2018-04-20,34762.27
2018-04-23,34645.88
2018-04-24,34944.03
2018-04-25,34845.53
2018-04-26,35009.11
2018-04-27,35241.8
2018-05-01,35304.79
2018-05-02,35249.5
2018-05-07,35240.68
2018-05-08,35305.82
2018-05-09,35149.26
2018-05-10,35287.76
2018-05-11,35697.62
2018-05-14,35866.05
2018-05-15,35791.01
2018-05-16,35632.92
2018-05-17,35822.93
2018-05-18,35967.22
2018-05-21,36080.17
2018-05-22,36014.24
2018-05-23,35589.79
2018-05-24,35193.37
2018-05-25,35215.08
2018-05-28,35262.61
2018-05-29,35070.21
2018-05-30,34537.05
2018-05-31,34824.56
2018-06-01,34776.77
2018-06-04,35254.53
2018-06-05,35354.29
2018-06-06,35489.48
2018-06-07,35799.31
2018-06-08,35597.34
2018-06-11,35769.16
2018-06-12,35885.72
2018-06-13,36023.8
2018-06-14,35666.53
2018-06-15,35844.81
2018-06-18,35575.99
2018-06-19,34945.65
2018-06-20,35382.28
2018-06-21,35598.73
2018-06-22,35322.98
2018-06-25,35044.25
2018-06-26,35052.88
2018-06-27,34990.11
2018-06-28,34989.72
2018-06-29,35050.37
2018-07-02,34276.31
2018-07-03,34234.84
2018-07-04,34127.2
2018-07-05,33859.98
2018-07-06,34238.93
2018-07-09,34653.86
2018-07-10,34881.26
2018-07-11,34465.33
2018-07-12,34867.23
2018-07-13,35510.57
2018-07-17,35667.73
2018-07-18,35819.89
2018-07-19,35773.52
2018-07-20,35668.55
2018-07-23,35195.72
2018-07-24,35374.06
2018-07-25,35537.13
2018-07-26,35494.1
2018-07-27,35694.19
2018-07-30,35430.31
2018-07-31,35444.27
2018-08-01,35747.55
2018-08-02,35379.54
2018-08-03,35399.42
2018-08-06,35371.35
2018-08-07,35615.6
2018-08-08,35586.64
2018-08-09,35514.77
2018-08-10,35042.81
2018-08-13,34350.3
2018-08-14,35133.96
2018-08-15,34895.3
2018-08-16,34876.16
2018-08-17,34999.28
2018-08-20,34887.1
2018-08-21,34919.68
2018-08-22,35144.13
2018-08-23,35219.99
2018-08-24,35520.08
2018-08-27,35831.04
2018-08-28,35852.77
2018-08-29,35928.98
2018-08-30,35962.44
2018-08-31,35955.6
2018-09-03,35707.51
2018-09-04,35691.03
2018-09-05,35508.51
2018-09-06,35362.44
2018-09-07,35078.0
2018-09-10,35181.83
2018-09-11,35640.37
2018-09-12,35545.89
2018-09-13,35886.67
2018-09-14,36316.51
2018-09-18,36828.94
2018-09-19,37225.18
2018-09-20,37228.97
2018-09-21,37535.61
2018-09-25,37646.2
2018-09-26,38037.01
2018-09-27,37661.84
2018-09-28,38173.51
2018-10-01,38372.48
2018-10-02,38411.82
2018-10-03,38159.13
2018-10-04,37944.93
2018-10-05,37641.22
2018-10-09,37143.75
2018-10-10,37201.75
2018-10-11,35753.34
2018-10-12,35917.62
2018-10-15,35247.59
2018-10-16,35687.47
2018-10-17,36149.41
2018-10-18,35859.85
2018-10-19,35660.31
2018-10-22,35791.26
2018-10-23,34835.28
2018-10-24,34962.52
2018-10-25,33660.87
2018-10-26,33528.2
2018-10-29,33473.71
2018-10-30,33983.42
2018-10-31,34722.2
2018-11-01,34355.3
2018-11-02,35236.17
2018-11-05,34690.38
2018-11-06,35084.55
2018-11-07,34986.41
2018-11-08,35621.89
2018-11-09,35247.15
2018-11-12,35278.25
2018-11-13,34550.57
2018-11-14,34607.54
2018-11-15,34539.64
2018-11-16,34344.35
2018-11-19,34567.43
2018-11-20,34192.48
2018-11-21,34072.74
2018-11-22,34292.96
2018-11-26,34555.07
2018-11-27,34777.49
2018-11-28,35133.34
2018-11-29,35268.92
2018-11-30,35411.41
2018-12-03,35765.82
2018-12-04,34912.33
2018-12-05,34727.41
2018-12-06,34065.62
2018-12-07,34346.14
2018-12-10,33618.65
2018-12-11,33505.4
2018-12-12,34225.84
2018-12-13,34564.0
2018-12-14,33864.74
2018-12-17,34073.95
2018-12-18,33453.8
2018-12-19,33251.75
2018-12-20,32308.54
2018-12-21,31949.86
2018-12-25,30348.98
2018-12-26,30678.24
2018-12-27,31869.62
2018-12-28,31769.86
2019-01-04,31051.11
2019-01-07,31808.28
2019-01-08,32070.3
2019-01-09,32424.3
2019-01-10,32006.42
2019-01-11,32317.38
2019-01-15,32627.84
2019-01-16,32449.2
2019-01-17,32384.95
2019-01-18,32803.69
2019-01-21,32888.23
2019-01-22,32735.18
2019-01-23,32688.85
2019-01-24,32658.55
2019-01-25,32974.32
2019-01-28,32776.6
2019-01-29,32804.12
2019-01-30,32632.52
2019-01-31,32976.92
2019-02-01,33000.51
2019-02-04,33151.92
2019-02-05,33089.5
2019-02-06,33136.5
2019-02-07,32941.59
2019-02-08,32277.86
2019-02-12,33120.86
2019-02-13,33565.77
2019-02-14,33558.2
2019-02-15,33178.67
2019-02-18,33783.84
2019-02-19,33816.86
2019-02-20,34021.39
2019-02-21,34073.36
2019-02-22,34011.89
2019-02-25,34174.95
2019-02-26,34074.0
2019-02-27,34244.17
2019-02-28,33971.97
2019-03-01,34317.53
2019-03-04,34665.98
2019-03-05,34513.86
2019-03-06,34308.19
2019-03-07,34084.52
2019-03-08,33400.72
2019-03-11,33558.83
2019-03-12,34160.27
2019-03-13,33821.19
2019-03-14,33816.07
2019-03-15,34076.33
2019-03-18,34288.64
2019-03-19,34260.6
2019-03-20,34327.43
2019-03-22,34356.99
2019-03-25,33324.04
2019-03-26,34040.94
2019-03-27,34235.27
2019-03-28,33682.94
2019-03-29,33960.15
2019-04-01,34445.74
2019-04-02,34439.78
2019-04-03,34772.72
2019-04-04,34791.52
2019-04-05,34923.72
2019-04-08,34850.29
2019-04-09,34915.85
2019-04-10,34731.65
2019-04-11,34769.78
2019-04-12,35024.7
2019-04-15,35502.81
2019-04-16,35586.97
2019-04-17,35677.15
2019-04-18,35376.32
2019-04-19,35553.18
2019-04-22,35580.95
2019-04-23,35647.95
2019-04-24,35552.28
2019-04-25,35724.56
2019-04-26,35646.44
2019-05-07,35109.94
2019-05-08,34595.66
2019-05-09,34274.63
2019-05-10,34183.01
2019-05-13,33936.96
2019-05-14,33738.3
2019-05-15,33932.6
2019-05-16,33731.49
2019-05-17,34031.14
2019-05-20,34113.84
2019-05-21,34066.95
2019-05-22,34084.44
2019-05-23,33872.68
2019-05-24,33818.36
2019-05-27,33923.03
2019-05-28,34047.24
2019-05-29,33637.04
2019-05-30,33539.6
2019-05-31,32992.94
2019-06-03,32688.16
2019-06-04,32684.41
2019-06-05,33273.06
2019-06-06,33269.76
2019-06-07,33447.0
2019-06-10,33846.91
2019-06-11,33958.79
2019-06-12,33839.38
2019-06-13,33682.88
2019-06-14,33818.83
2019-06-17,33830.22
2019-06-18,33587.93
2019-06-19,34169.15
2019-06-20,34377.86
2019-06-21,34051.39
2019-06-24,34095.52
2019-06-25,33948.51
2019-06-26,33831.32
2019-06-27,34235.92
2019-06-28,34152.83
2019-07-01,34881.69
2019-07-02,34920.7
2019-07-03,34734.32
2019-07-04,34837.52
2019-07-05,34908.04
2019-07-08,34567.68
2019-07-09,34617.12
2019-07-10,34566.28
2019-07-11,34742.94
2019-07-12,34810.95
2019-07-16,34569.12
2019-07-17,34463.06
2019-07-18,33784.14
2019-07-19,34459.54
2019-07-22,34378.96
2019-07-23,34706.57
2019-07-24,34848.94
2019-07-25,34924.35
2019-07-26,34766.39
2019-07-29,34700.01
2019-07-30,34850.87
2019-07-31,34549.42
2019-08-01,34580.66
2019-08-02,33852.11
2019-08-05,33263.16
2019-08-06,33046.47
2019-08-07,32936.1
2019-08-08,33059.37
2019-08-09,33206.21
2019-08-13,32837.98
2019-08-14,33158.55
2019-08-15,32758.05
2019-08-16,32779.18
2019-08-19,33010.91
2019-08-20,33194.02
2019-08-21,33099.87
2019-08-22,33115.02
2019-08-23,33248.1
2019-08-26,32525.9
2019-08-27,32839.01
2019-08-28,32876.48
2019-08-29,32871.79
2019-08-30,33262.89
2019-09-02,33127.65
2019-09-03,33135.63
2019-09-04,33174.16
2019-09-05,33875.91
2019-09-06,34058.46
2019-09-09,34249.4
2019-09-10,34367.77
2019-09-11,34698.18
2019-09-12,34958.2
2019-09-13,35325.59
2019-09-17,35346.52
2019-09-18,35281.28
2019-09-19,35415.81
2019-09-20,35471.46
2019-09-24,35503.19
2019-09-25,35376.77
2019-09-26,35421.9
2019-09-27,35406.98
2019-09-30,35207.83
2019-10-01,35417.24
2019-10-02,35244.68
2019-10-03,34537.69
2019-10-04,34648.48
2019-10-07,34591.92
2019-10-08,34935.86
2019-10-09,34723.21
2019-10-10,34877.92
2019-10-11,35277.47
2019-10-15,35938.29
2019-10-16,36368.29
2019-10-17,36334.21
2019-10-18,36400.27
2019-10-21,36491.25
2019-10-23,36615.02
2019-10-24,36817.67
2019-10-25,36897.31
2019-10-28,37006.48
2019-10-29,37180.69
2019-10-30,36969.25
2019-10-31,37104.01
2019-11-01,36983.56
2019-11-05,37632.64
2019-11-06,37716.53
2019-11-07,37759.53
2019-11-08,37859.29
2019-11-11,37762.13
2019-11-12,38066.74
2019-11-13,37742.23
2019-11-14,37453.63
2019-11-15,37715.45
2019-11-18,37899.05
2019-11-19,37698.18
2019-11-20,37466.03
2019-11-21,37288.01
2019-11-22,37408.26
2019-11-25,37699.48
2019-11-26,37829.79
2019-11-27,37934.1
2019-11-28,37887.76
2019-11-29,37701.26
2019-12-02,38082.56
2019-12-03,37840.29
2019-12-04,37444.44
2019-12-05,37711.27
2019-12-06,37799.17
2019-12-09,37922.66
2019-12-10,37889.46
2019-12-11,37859.79
2019-12-12,37913.12
2019-12-13,38881.45
2019-12-16,38766.94
2019-12-17,38951.08
2019-12-18,38737.94
2019-12-19,38625.32
2019-12-20,38547.28
2019-12-23,38554.53
2019-12-24,38569.86
2019-12-25,38492.64
2019-12-26,38722.55
2019-12-27,38646.24
2019-12-30,38352.64
2020-01-06,37620.24
2020-01-07,38221.49
2020-01-08,37620.08
2020-01-09,38487.61
2020-01-10,38667.08
2020-01-14,38950.15
2020-01-15,38774.1
2020-01-16,38800.93
2020-01-17,38976.23
2020-01-20,39044.73
2020-01-21,38689.76
2020-01-22,38960.16
2020-01-23,38577.7
2020-01-24,38629.16
2020-01-27,37845.02
2020-01-28,37637.83
2020-01-29,37903.21
2020-01-30,37254.45
2020-01-31,37623.19
2020-02-03,37245.03
2020-02-04,37427.67
2020-02-05,37808.63
2020-02-06,38706.89
2020-02-07,38632.94
2020-02-10,38402.71
2020-02-12,38686.82
2020-02-13,38632.54
2020-02-14,38405.33
2020-02-17,38138.86
2020-02-18,37604.73
2020-02-19,37940.18
2020-02-20,38067.37
2020-02-21,37917.54
2020-02-25,36650.75
2020-02-26,36360.18
2020-02-27,35610.96
2020-02-28,34304.41
2020-03-02,34630.73
2020-03-03,34206.69
2020-03-04,34234.81
2020-03-05,34606.46
2020-03-06,33666.43
2020-03-09,31961.2
2020-03-10,32234.36
2020-03-11,31502.52
2020-03-12,30112.96
2020-03-13,28281.84
2020-03-16,27585.77
2020-03-17,27601.17
2020-03-18,27138.79
2020-03-19,26856.93
2020-03-23,27400.5
2020-03-24,29354.92
2020-03-25,31714.5
2020-03-26,30283.56
2020-03-27,31459.31
2020-03-30,31254.49
2020-03-31,30978.96
2020-04-01,29584.36
2020-04-02,29180.37
2020-04-03,29182.78
2020-04-06,30421.0
2020-04-07,31033.27
2020-04-08,31693.33
2020-04-09,31681.1
2020-04-10,31930.62
2020-04-13,31185.35
2020-04-14,32160.39
2020-04-15,32015.1
2020-04-16,31589.51
2020-04-17,32583.63
2020-04-20,32210.03
2020-04-21,31574.09
2020-04-22,31340.19
2020-04-23,31817.53
2020-04-24,31543.33
2020-04-27,32396.88
2020-04-28,32377.18
2020-04-30,33069.06
2020-05-01,32128.52
2020-05-07,32219.28
2020-05-08,33045.15
2020-05-11,33391.62
2020-05-12,33352.02
2020-05-13,33189.19
2020-05-14,32612.31
2020-05-15,32813.23
2020-05-18,32970.86
2020-05-19,33459.32
2020-05-20,33724.1
2020-05-21,33653.95
2020-05-22,33385.16
2020-05-25,33963.99
2020-05-26,34831.07
2020-05-27,35073.51
2020-05-28,35889.83
2020-05-29,35827.13
2020-06-01,36129.27
2020-06-02,36560.32
2020-06-03,37032.19
2020-06-04,37166.44
2020-06-05,37441.54
2020-06-08,37956.35
2020-06-09,37813.76
2020-06-10,37869.31
2020-06-11,36801.53
2020-06-12,36527.35
2020-06-15,35258.98
2020-06-16,36980.52
2020-06-17,36773.45
2020-06-18,36609.2
2020-06-19,36810.17
2020-06-22,36742.18
2020-06-23,36925.45
2020-06-24,36900.58
2020-06-25,36450.6
2020-06-26,36861.45
2020-06-29,36067.42
2020-06-30,36547.19
2020-07-01,36273.43
2020-07-02,36313.16
2020-07-03,36576.37
2020-07-06,37245.31
2020-07-07,37081.75
2020-07-08,36793.09
2020-07-09,36941.71
2020-07-10,36553.83066087551
2020-07-13,37367.035438129744
2020-07-14,37045.957943632086
2020-07-15,37637.18579319634
2020-07-16,37353.13260159091
2020-07-17,37235.05760743622
2020-07-20,37272.829512091244
2020-07-21,37549.646647358124
2020-07-22,37335.276932530054
2020-07-27,37279.81655083864
2020-07-28,37187.07453497897
2020-07-29,36763.07307970426
2020-07-30,36671.23808942739
2020-07-31,35641.39673134068
2020-08-03,36441.39726399628
2020-08-04,37065.6763254933
2020-08-05,36972.304763914915
2020-08-06,36816.69329589955
2020-08-07,36674.99592626855
2020-08-11,37368.53251955047
2020-08-12,37525.71643891345
2020-08-13,38195.37441832905
2020-08-14,38263.98353741116
2020-08-17,37950.80911537293
2020-08-18,37879.04079182542
2020-08-19,37980.14494899561
2020-08-20,37605.42666021998
2020-08-21,37673.900660603715
2020-08-24,37784.34891492247
2020-08-25,38299.317422896915
2020-08-26,38292.910023243225
2020-08-27,38161.389774360505
2020-08-28,37628.268843955324
2020-08-31,38054.34807217149
2020-09-01,38054.85787550043
2020-09-02,38237.56431136153
2020-09-03,38600.09534996348
2020-09-04,38175.53786586266
2020-09-07,37988.84200478266
2020-09-08,38295.17661907965
2020-09-09,37900.93717247541
2020-09-10,38238.173087692754
2020-09-11,38522.94531274118
2020-09-14,38777.795109626226
2020-09-15,38609.27568802638
2020-09-16,38646.58847665912
2020-09-17,38392.82721593851
2020-09-18,38463.540245096745
2020-09-23,38444.12252166463
2020-09-24,38021.46207430755
2020-09-25,38217.11081092467
2020-09-28,38726.07412498228
2020-09-29,38774.68768671603
2020-09-30,38194.89505838618
2020-10-02,37942.467970409416
2020-10-05,38410.786359498525
2020-10-06,38614.46320731998
2020-10-07,38599.82055446934
2020-10-08,38972.742595935924
2020-10-09,38930.98008015809
2020-10-12,38833.79276502012
2020-10-13,38908.18333732993
2020-10-14,38952.681792192714
2020-10-15,38759.01475345543
2020-10-16,38603.07566531701
2020-10-19,39036.001390127916
2020-10-20,38867.70229190548
2020-10-21,38990.51237079944
2020-10-22,38721.39433780699
2020-10-23,38794.554848593485
2020-10-26,38761.19896124064
2020-10-27,38750.459417140846
2020-10-28,38642.77140952156
2020-10-29,38503.24907607428
2020-10-30,37921.0071305249
2020-11-02,38449.727398263305
2020-11-04,39112.90359106841
2020-11-05,39793.19550308864
2020-11-06,40159.76278675581
2020-11-09,41012.90140933395
2020-11-10,41125.0142798004
2020-11-11,41861.796453724375
2020-11-12,42148.28859461271
2020-11-13,41928.936739205965
2020-11-16,42793.251513735115
2020-11-17,42974.847023117494
2020-11-18,42505.27160015226
2020-11-19,42353.96367361622
2020-11-20,42180.867588025256
2020-11-24,43239.18568959813
2020-11-25,43459.866551869934
2020-11-26,43861.04136456394
2020-11-27,44042.35897771619
2020-11-30,43697.21063687202
2020-12-01,44286.09951484473
2020-12-02,44312.15017231052
2020-12-03,44329.850199835775
2020-12-04,44237.555250307385
2020-12-07,43904.33090851854
2020-12-08,43775.21450111867
2020-12-09,44359.351128924754
2020-12-10,44261.11936074823
2020-12-11,44093.350850852774
2020-12-14,44229.390340068196
2020-12-15,44159.41499233022
2020-12-16,44278.340275362316
2020-12-17,44363.70516078978
2020-12-18,44295.907527035604
2020-12-21,44218.677222546474
2020-12-22,43762.254380202394
2020-12-23,43912.381636164406
2020-12-24,44153.864508997336
2020-12-25,44138.240434909385
2020-12-28,44468.972423452426
2020-12-29,45655.46730594389
2020-12-30,45454.07143305312
2021-01-04,45150.26183735899
2021-01-05,44988.925171757364
2021-01-06,44822.68735431004
2021-01-07,45545.933473692334
2021-01-08,46625.0638279544
2021-01-12,46671.0349035905
2021-01-13,47159.396290460674
2021-01-14,47564.01116376851
2021-01-15,47271.291407792305
2021-01-18,46816.25363402878
2021-01-19,47468.9184708951
2021-01-20,47290.31174117677
2021-01-21,47681.72963833406
2021-01-22,47477.88953377141
2021-01-25,47798.47839143987
2021-01-26,47344.67337369303
2021-01-27,47496.43829992906
2021-01-28,46774.32796128418
2021-01-29,45892.43708277028
2021-02-01,46605.93489498583
2021-02-02,47059.81563022093
2021-02-03,47535.696549380715
2021-02-04,47034.39230352188
2021-02-05,47764.13390893381
2021-02-08,48779.60695198653
2021-02-09,48978.75112063998
2021-02-10,49077.60962995848
2021-02-12,49010.69334316032
2021-02-15,49951.52335893249
2021-02-16,50592.8211439339
2021-02-17,50305.64311825021
2021-02-18,50216.81865466237
2021-02-19,49858.784966298226
2021-02-22,50092.50844209882
2021-02-24,49292.241643286645
2021-02-25,50121.502090718604
2021-02-26,48128.22873001521
2021-03-01,49291.39682609833
2021-03-02,48871.341428554144
2021-03-03,49126.40555364813
2021-03-04,48085.19605863238
2021-03-05,47979.99278695922
2021-03-08,47782.8712463755
2021-03-09,48260.309908142655
2021-03-10,48278.814478744935
2021-03-11,48574.1155821109
2021-03-12,49420.094937422145
2021-03-15,49506.09235407192
2021-03-16,49766.71138991506
2021-03-17,49759.76766809386
2021-03-18,50267.15910983689
2021-03-19,49564.93226172033
2021-03-22,48541.12777399451
2021-03-23,48248.74973389393
2021-03-24,47270.41733707823
2021-03-25,47814.32753380163
2021-03-26,48562.15076263847
2021-03-29,48912.2764477565
2021-03-30,48996.70802535539
2021-03-31,48578.23995914713
2021-04-01,48932.19969917744
2021-04-02,49710.933690060476
2021-04-05,50106.98621068995
2021-04-06,49457.4393694
2021-04-07,49518.60593600126
2021-04-08,49486.55822803596
2021-04-09,49589.253358031056
2021-04-12,49211.47503421916
2021-04-13,49570.41413285105
2021-04-14,49357.048825218015
2021-04-15,49397.4741926337
2021-04-16,49469.53853849884
2021-04-19,49477.146828729085
2021-04-20,48506.327434685125
2021-04-21,47523.93456798928
2021-04-22,48661.068603727486
2021-04-23,48385.93664606492
2021-04-26,48566.19871825595
2021-04-27,48346.37272321899
2021-04-28,48454.08312460701
2021-04-30,48055.74654340843
2021-05-06,48925.16243782365
2021-05-07,48973.515012873686
2021-05-10,49245.542258745925
2021-05-11,47731.92772185706
2021-05-12,46966.69808112341
2021-05-13,45803.47597684578
2021-05-14,46869.61094959093
2021-05-17,46440.31464815178
2021-05-18,47415.80005745166
2021-05-19,46814.95418077654
2021-05-20,46908.81772783259
2021-05-21,47279.482456878075
2021-05-24,47361.67757772014
2021-05-25,47681.999130260345
2021-05-26,47833.43152281149
2021-05-27,47681.938296589215
2021-05-28,48688.92107005995
2021-05-31,48209.812112718726
2021-06-01,48137.56395268987
2021-06-02,48361.9306172228
2021-06-03,48553.198355737084
2021-06-04,48362.56720710423
2021-06-07,48496.632380084266
2021-06-08,48407.76384418167
2021-06-09,48240.186284249314
2021-06-10,48407.77229804754
2021-06-11,48395.521803782016
2021-06-14,48755.938468447595
2021-06-15,49227.491191237015
2021-06-16,48980.428482355004
2021-06-17,48528.64667600583
2021-06-18,48442.107690937926
2021-06-21,46852.02238364643
2021-06-22,48316.74288559706
2021-06-23,48305.459923965696
2021-06-24,48310.202766601484
2021-06-25,48633.875930851136
2021-06-28,48607.690157563295
2021-06-29,48217.931397233
2021-06-30,48186.81751386685
2021-07-01,48049.56259070884
2021-07-02,48181.335928389555
2021-07-05,47875.644339850274
2021-07-06,47955.15751861652
2021-07-07,47496.737479464005
2021-07-08,47084.02206485305
2021-07-09,46790.65576518079
2021-07-12,47847.47963831926
2021-07-13,48101.55120116502
2021-07-14,47921.866443709805
2021-07-15,47374.183763497014
2021-07-16,46915.85576174056
2021-07-19,46332.906159713406
2021-07-20,45893.560656503614
2021-07-21,46165.38871917686
2021-07-26,46647.51143680606
2021-07-27,46881.054370888945
2021-07-28,46233.78060622735
2021-07-29,46574.32864878158
2021-07-30,45742.044467362546
2021-08-02,46580.030316930366
2021-08-03,46350.65838383083
2021-08-04,46257.81840485387
2021-08-05,46503.38653137788
2021-08-06,46661.579140579204
2021-08-10,46779.86196967048
2021-08-11,47089.82226806068
2021-08-12,47000.795520534
2021-08-13,46941.31849698276
2021-08-16,46183.63302406889
2021-08-17,46021.9605533943
2021-08-18,46296.87807512141
2021-08-19,45789.39516659013
2021-08-20,45343.62967530697
2021-08-23,46154.993514957394
2021-08-24,46558.314551805786
2021-08-25,46550.08306546569
2021-08-26,46583.47108926334
2021-08-27,46417.638447722915
2021-08-30,46670.45605310934
2021-08-31,47178.78459596023
2021-09-01,47790.05134254114
2021-09-02,47949.55317782053
2021-09-03,48935.83632176166
2021-09-06,49833.545942160585
2021-09-07,50268.43204663622
2021-09-08,50718.21509170737
2021-09-09,50431.817627884215
2021-09-10,51064.187424337106
2021-09-13,51178.747767109446
2021-09-14,51557.588597994
2021-09-15,51295.76357754905
2021-09-16,50983.482633803316
2021-09-17,51285.023048137205
2021-09-21,50179.01497604305
2021-09-22,49846.476075060804
2021-09-24,50875.75611765667
2021-09-27,50865.43450984997
2021-09-28,50775.45922517187
2021-09-29,49703.69791136265
2021-09-30,49553.828212684064
2021-10-01,48411.24264754523
2021-10-04,47866.536892499105
2021-10-05,46822.59430548041
2021-10-06,46333.07944953057
2021-10-07,46588.45804438765
2021-10-08,47216.55470265846
2021-10-11,47976.967611707216
2021-10-12,47530.584715915094
2021-10-13,47382.59425734808
2021-10-14,48078.20153193003
2021-10-15,48954.211901756134
2021-10-18,48885.73387618642
2021-10-19,49210.08951825291
2021-10-20,49281.77568780237
2021-10-21,48364.567581706
2021-10-22,48530.94363827009
2021-10-25,48190.66424603655
2021-10-26,49046.819393515936
2021-10-27,49037.96407458112
2021-10-28,48573.406702629145
2021-10-29,48699.974142040635
2021-11-01,49975.85291958364
2021-11-02,49767.45302517209
2021-11-04,50232.81744771905
2021-11-05,49928.93580240917
2021-11-08,49757.00168317037
2021-11-09,49387.60767718544
2021-11-10,49090.51699330167
2021-11-11,49383.32194543487
2021-11-12,49947.813977331345
2021-11-15,50233.57311988959
2021-11-16,50290.7527505531
2021-11-17,50092.979049453905
2021-11-18,49945.99506723017
2021-11-19,50198.73904676113
2021-11-22,50250.73888134017
2021-11-24,49459.33220704058
2021-11-25,49795.50409136681
2021-11-26,48537.629444449376
2021-11-29,47752.199610363874
2021-11-30,46975.98616673632
2021-12-01,47172.309392124436
2021-12-02,46868.61033537925
2021-12-03,47339.13654516389
2021-12-06,47170.60484509217
2021-12-07,48066.96357928736
2021-12-08,48755.33199495467
2021-12-09,48531.214051324634
2021-12-10,48049.29938233526
2021-12-13,48396.004022814224
2021-12-14,48048.93654186377
2021-12-15,48098.85580226266
2021-12-16,49128.29523088229
2021-12-17,48252.47059208606
2021-12-20,47229.033898297894
2021-12-21,48213.3201663668
2021-12-22,48292.931725525596
2021-12-23,48696.43524779182
2021-12-24,48673.959078455046
2021-12-27,48498.67610800379
2021-12-28,49167.071691459445
2021-12-29,48896.82031016622
2021-12-30,48706.21560348182
2022-01-04,49573.38543758671
2022-01-05,49629.056162948866
2022-01-06,48204.70855797377
2022-01-07,48193.12155437525
2022-01-11,47763.89465295897
2022-01-12,48687.38210410842
2022-01-13,48223.50864676219
2022-01-14,47610.03877130938
2022-01-17,47968.394781085255
2022-01-18,47843.405123843186
2022-01-19,46509.812300576414
2022-01-20,47031.51161313979
2022-01-21,46611.0471461315
2022-01-24,46727.045932965884
2022-01-25,45956.93603013559
2022-01-26,45757.608955947595
2022-01-27,44336.723356804316
2022-01-28,45267.40742204857
2022-01-31,45753.62976716494
2022-02-01,45887.220492521286
2022-02-02,46662.49778833373
2022-02-03,46171.13112520129
2022-02-04,46511.89104065801
2022-02-07,46191.924349818415
2022-02-08,46256.35526757845
2022-02-09,46761.111762363216
2022-02-10,46962.20289709213
2022-02-14,45920.83367084161
2022-02-15,45561.19608459201
2022-02-16,46574.650210425316
2022-02-17,46192.7335510626
2022-02-18,46008.77064362834
2022-02-21,45654.442450537936
2022-02-22,44875.79019160405
2022-02-24,44067.25932741192
2022-02-25,44929.17823288317
2022-02-28,45018.45894467908
2022-03-01,45561.902046782045
2022-03-02,44799.14479061251
2022-03-03,45115.769780777126
2022-03-04,44114.98405379524
2022-03-07,42821.554678287124
2022-03-08,42094.34431889151
2022-03-09,41973.30608942171
2022-03-10,43629.126812019626
2022-03-11,42736.7787160277
2022-03-14,42986.882288536166
2022-03-15,43056.21942499375
2022-03-16,43765.86320106357
2022-03-17,45283.25143272187
2022-03-18,45583.731961939426
2022-03-22,46261.74615598737
2022-03-23,47652.57325285437
2022-03-24,47776.05388581045
2022-03-25,47847.2355713244
2022-03-28,47501.28112775506
2022-03-29,48029.8942232774
2022-03-30,47651.216506391
2022-03-31,47305.37354062429
2022-04-01,47045.124899804585
2022-04-04,47169.06702312173
2022-04-05,47260.748950510264
2022-04-06,46520.37950650361
2022-04-07,45738.97002196298
2022-04-08,45908.33128975411
2022-04-11,45632.79846308785
2022-04-12,44808.89689158543
2022-04-13,45678.07173763483
2022-04-14,46241.07402712936
2022-04-15,46110.939201603855
2022-04-18,45615.3983115966
2022-04-19,45934.89812127339
2022-04-20,46335.11301907138
2022-04-21,46909.82260268584
2022-04-22,46151.4175717795
2022-04-25,45279.337544642156
2022-04-26,45469.43594812989
2022-04-27,44939.47507725536
2022-04-28,45729.02155914333
2022-05-02,45682.942175195036
2022-05-06,46002.10107151675
2022-05-09,44840.366686727066
2022-05-10,44584.84679395725
2022-05-11,44668.005365300734
2022-05-12,43879.573972656945
2022-05-13,45040.46092473165
2022-05-16,45247.86388546368
2022-05-17,45443.879620271015
2022-05-18,45876.46086335014
2022-05-19,45013.73236255184
2022-05-20,45590.835125281905
2022-05-23,46042.367086643266
2022-05-24,45614.252594399186
2022-05-25,45498.23169182184
2022-05-26,45377.71980974937
2022-05-27,45683.2885318838
2022-05-30,46689.887020281574
2022-05-31,46541.00927547742
2022-06-01,46844.84468953565
2022-06-02,46769.756150721274
2022-06-03,47362.93850290409
2022-06-06,47626.21624578977
2022-06-08,48169.423417443184
2022-06-09,48190.30090880588
2022-06-10,47469.93187309733
2022-06-13,46042.213307137245
2022-06-14,45432.15791735671
2022-06-15,44914.02385822178
2022-06-16,45093.54009961614
2022-06-17,44295.35587441403
2022-06-20,43968.248345887405
2022-06-21,44782.35983317489
2022-06-22,44624.41532261505
2022-06-23,44665.435820102146
2022-06-24,45216.15888864613
2022-06-27,45868.12018277637
2022-06-28,46174.259666965714
2022-06-29,45816.66597032873
2022-06-30,45119.12634565727
2022-07-01,44337.16116434753
2022-07-04,44710.158928105615
2022-07-05,45171.143998835665
2022-07-06,44631.24704147542
2022-07-07,45285.78406466053
2022-07-08,45331.36239520175
2022-07-11,45835.85313949917
2022-07-12,45022.73773493213
2022-07-13,45265.671242861
2022-07-14,45547.089764988574
2022-07-15,45795.10430093583
2022-07-19,46091.21252782946
2022-07-20,47319.634058169126
2022-07-21,47529.45536172467
2022-07-22,47720.34103215028
2022-07-25,47352.092268837114
2022-07-26,47276.80250119032
2022-07-27,47381.200019445445
2022-07-28,47554.50835135991
2022-07-29,47530.843840668305
2022-08-01,47858.59530145865
2022-08-02,47177.093614730395
2022-08-03,47428.7000853362
2022-08-04,47754.11729167057
2022-08-05,48170.72134341224
2022-08-08,48296.157336095996
2022-08-09,47870.045222022876
2022-08-10,47561.22939436246
2022-08-12,48805.25622065564
2022-08-15,49360.8590883856
2022-08-16,49355.949104874766
2022-08-17,49960.93352807852
2022-08-18,49481.15368440124
2022-08-19,49460.96037106874
2022-08-22,49228.74229846579
2022-08-23,48644.46432211718
2022-08-24,48406.34018328294
2022-08-25,48689.3584746282
2022-08-26,48966.953648939954
2022-08-29,47663.47376411078
2022-08-30,48232.12632162263
2022-08-31,48054.1394193546
2022-09-01,47318.46693094114
2022-09-02,47300.28590593275
2022-09-05,47246.85965092748
2022-09-06,47258.66172194842
2022-09-07,46923.022090927545
2022-09-08,48009.23520540195
2022-09-09,48265.22846455433
2022-09-12,48825.21812083087
2022-09-13,48949.2756960126
2022-09-14,47587.59037140837
2022-09-15,47685.588812792805
2022-09-16,47158.8622825139
2022-09-20,47365.45386330924
2022-09-21,46723.46345782499
2022-09-22,46450.959372973244
2022-09-26,45215.38415764134
2022-09-27,45455.41997038348
2022-09-28,44774.76344475135
2022-09-29,45580.62454990996
2022-09-30,44744.22696943289
2022-10-03,45224.8016669982
2022-10-04,46564.200898412855
2022-10-05,46785.5626755072
2022-10-06,47114.662369474696
2022-10-07,46777.9361027588
2022-10-11,45544.73538764936
2022-10-12,45537.10881490096
2022-10-13,45262.109492527314
2022-10-14,46734.20907747577
2022-10-17,46190.85098419805
2022-10-18,46846.987776600836
2022-10-19,47021.63428025083
2022-10-20,46589.63622282967
2022-10-21,46388.87021673265
2022-10-24,46534.32847824136
2022-10-25,47009.38950579859
2022-10-26,47322.6021834472
2022-10-27,47173.501680071844
2022-10-28,46760.36882568927
2022-10-31,47593.597052055855
2022-11-01,47752.63825975234
2022-11-02,47725.41199872706
2022-11-04,46925.6380657489
2022-11-07,47492.91220575873
2022-11-08,48087.34217670251
2022-11-09,47819.43617067136
2022-11-10,47353.91338977044
2022-11-11,48771.007073379194
2022-11-14,48253.16479605126
2022-11-15,48299.28644443999
2022-11-16,48365.07821119695
2022-11-17,48196.43838819444
2022-11-18,48143.29385355455
2022-11-21,48221.11910448972
2022-11-22,48516.110511363455
2022-11-24,48977.44773255022
2022-11-25,48804.783332899475
2022-11-28,48597.36671389125
2022-11-29,48364.43427893323
2022-11-30,48262.88414865674
2022-12-01,48706.513232591285
2022-12-02,47933.14052242552
2022-12-05,48006.47837039791
2022-12-06,48119.44823691377
2022-12-07,47775.24631907378
2022-12-08,47582.03645563382
2022-12-09,48145.57780080241
2022-12-12,48044.319452332915
2022-12-13,48238.48515272684
2022-12-14,48585.94697765189
2022-12-15,48405.605698044645
2022-12-16,47500.39791832444
2022-12-19,47000.87752618758
2022-12-20,45845.41150903873
2022-12-21,45534.27148836396
2022-12-22,45741.597554397595
2022-12-23,45271.16478998583
2022-12-26,45565.582694687204
2022-12-27,45638.05525868023
2022-12-28,45452.7838726789
2022-12-29,45101.277348222364
2022-12-30,45102.71613437411
2023-01-04,44449.9901706807
2023-01-05,44629.64727225775
2023-01-06,44894.182695346
2023-01-10,45242.82170894066
2023-01-11,45710.2561637495
2023-01-12,45716.8564694526
2023-01-13,45145.950149017735
2023-01-16,44632.2632470791
2023-01-17,45179.07241483268
2023-01-18,46306.778914550356
2023-01-19,45639.79588808058
2023-01-20,45896.121174806445
2023-01-23,46505.41189502381
2023-01-24,47184.95160063606
2023-01-25,47350.5729911524
2023-01-26,47294.81248169116
2023-01-27,47329.05156752599
2023-01-30,47419.99693833439
2023-01-31,47236.26495290101
2023-02-01,47270.4336086445
2023-02-02,47365.79595232434
2023-02-03,47551.45973454888
2023-02-06,47869.84399319046
2023-02-07,47855.70766771355
2023-02-08,47719.13365915582
2023-02-09,47680.920303880855
2023-02-10,47830.66473951993
2023-02-13,47409.48273184089
2023-02-14,47712.754705168365
2023-02-15,47538.32955323402
2023-02-16,47874.673485168336
2023-02-17,47557.80850421146
2023-02-20,47590.32708352917
2023-02-21,47488.615970186744
2023-02-22,46851.16327487337
2023-02-24,47454.69885048377
2023-02-27,47431.27581439106
2023-02-28,47468.63394712828
2023-03-01,47591.38353489933
2023-03-02,47560.83699813925
2023-03-03,48302.123770977
2023-03-06,48838.82118990189
2023-03-07,48962.27507858639
2023-03-08,49195.82126148326
2023-03-09,49505.34139005711
2023-03-10,48676.57038232844
2023-03-13,48138.66559040907
2023-03-14,47082.043175740786
2023-03-15,47094.91175957351
2023-03-16,46716.36008004086
2023-03-17,47276.19881469309
2023-03-20,46604.90949120971
2023-03-22,47505.921649774136
2023-03-23,47425.21882653548
2023-03-24,47365.78589088272
2023-03-27,47524.42464091438
2023-03-28,47595.99167516155
2023-03-29,48226.19007106649
2023-03-30,48498.07034653776
2023-03-31,48950.88552667189
2023-04-03,49206.919031590754
2023-04-04,49380.20724062198
2023-04-05,48552.482622821844
2023-04-06,47957.86148448728
2023-04-07,48037.59840933036
2023-04-10,48238.958040483
2023-04-11,48744.69640354138
2023-04-12,49022.83489570065
2023-04-13,49152.486632423424
2023-04-14,49741.69471516612
2023-04-17,49778.8918648374
2023-04-18,50030.367536702135
2023-04-19,49939.472473101836
2023-04-20,50028.17414242885
2023-04-21,49865.47056998248
2023-04-24,49916.36134169936
2023-04-25,49962.714403245365
2023-04-26,49607.65618989678
2023-04-27,49679.59549748391
2023-04-28,50375.72652032849
2023-05-01,50841.38009997049
2023-05-02,50902.08077726743
2023-05-08,50538.842611881315
2023-05-09,51050.23550513045
2023-05-10,50839.6294091285
2023-05-11,50847.55782512552
2023-05-12,51304.206414517095
2023-05-15,51719.764076330226
2023-05-16,52097.97366684777
2023-05-17,52535.455209952146
2023-05-18,53374.00593893602
2023-05-19,53783.24501541142
2023-05-22,54269.38369019292
2023-05-23,54044.09795086654
2023-05-24,53563.91564952443
2023-05-25,53770.698397710556
2023-05-26,53972.36993355343
2023-05-29,54526.171803233316
2023-05-30,54691.35049031836
2023-05-31,53922.726780597506
2023-06-01,54376.84994814231
2023-06-02,55033.620611367194
2023-06-05,56243.80074804875
2023-06-06,56748.935424609896
2023-06-07,55713.63320473561
2023-06-08,55237.968490681145
2023-06-09,56327.14973043362
2023-06-12,56621.88960126685
2023-06-13,57642.54236214157
2023-06-14,58487.089710331304
2023-06-15,58459.632036148745
2023-06-16,58844.74377561801
2023-06-19,58258.74529275228
2023-06-20,58291.49528522726
2023-06-21,58624.09636087872
2023-06-22,58085.08481038109
2023-06-23,57241.61403644476
2023-06-26,57100.47213339128
2023-06-27,56819.939018126315
2023-06-28,57966.37992214151
2023-06-29,58098.868985401285
2023-06-30,58024.51493182521
2023-07-03,59011.06946704779
2023-07-04,58432.7176798137
2023-07-05,58286.172782609974
2023-07-06,57297.193439956834
2023-07-07,56624.7973578952
2023-07-10,56277.426085944724
2023-07-11,56301.62385304221
2023-07-12,55847.6918528882
2023-07-13,56678.83736083932
2023-07-14,56629.75764861414
2023-07-18,56809.183337033915
2023-07-19,57512.24669315508
2023-07-20,56803.28733224426
2023-07-21,56477.628651310995
2023-07-24,57171.163822217466
2023-07-25,57138.94708614837
2023-07-26,57114.175816878516
2023-07-27,57503.73471354407
2023-07-28,57277.4730143805
2023-07-31,57999.56255660617
2023-08-01,58531.71220391857
2023-08-02,57187.35268178498
2023-08-03,56228.48723390223
2023-08-04,56287.004578367516
2023-08-07,56395.12483002225
2023-08-08,56609.71525690595
2023-08-09,56307.761332430775
2023-08-10,56778.82796766463
2023-08-14,56055.460622353145
2023-08-15,56368.401641077995
2023-08-16,55543.00121629222
2023-08-17,55296.78767839504
2023-08-18,54990.38659672357
2023-08-21,55191.253217236794
2023-08-22,55700.18105728889
2023-08-23,55968.660565492406
2023-08-24,56452.897627807615
2023-08-25,55293.78936879211
2023-08-28,56247.94606199643
2023-08-29,56347.5744569234
2023-08-30,56568.634390769126
2023-08-31,57068.78865372809
2023-09-01,57228.4838551299
2023-09-04,57628.355729456554
2023-09-05,57799.07827087453
2023-09-06,58156.44055435424
2023-09-07,57719.160240082274
2023-09-08,57046.91507964495
2023-09-11,56803.589175492874
2023-09-12,57343.51631717797
2023-09-13,57221.31004725443
2023-09-14,58028.8614746053
2023-09-15,58667.42092849694
2023-09-19,58160.07273477927
2023-09-20,57777.2550039995
2023-09-21,56985.137828094594
2023-09-22,56690.126298337615
2023-09-25,57173.37733937399
2023-09-26,56537.282938679404
2023-09-27,56636.750350540446
2023-09-28,56156.14546865027
2023-09-29,56129.89516746218
2023-10-02,55957.683532684365
2023-10-03,55038.07783000511
2023-10-04,53785.25730373554
2023-10-05,54751.618525625614
2023-10-06,54609.450355526846
2023-10-10,55934.14982073383
2023-10-11,56268.87386056723
2023-10-12,57252.27916456258
2023-10-13,56937.47677913791
2023-10-16,55780.06890375629
2023-10-17,56451.810992112594
2023-10-18,56455.26206658845
2023-10-19,55377.63136181639
2023-10-20,55075.88872761524
2023-10-23,54618.133379645406
2023-10-24,54728.77905314691
2023-10-25,55094.49233317169
2023-10-26,53917.293602122394
2023-10-27,54606.351431507705
2023-10-30,54087.57344010906
2023-10-31,54372.87567870218
2023-11-01,55680.95364235197
2023-11-02,56294.54059814133
2023-11-06,57632.400428988025
2023-11-07,56863.0019882624
2023-11-08,56678.34435019992
2023-11-09,57524.26005445005
2023-11-10,57387.92752049121
2023-11-13,57421.79433298608
2023-11-14,57617.09697628313
2023-11-15,59069.28496826446
2023-11-16,58901.359507617
2023-11-17,59184.709826535734
2023-11-20,58837.24800161068
2023-11-21,58777.52328415092
2023-11-22,58949.67455027902
2023-11-24,59255.77378870188
2023-11-27,58942.33975933762
2023-11-28,58873.117040988036
2023-11-29,58719.49895032505
2023-11-30,59011.45180182937
2023-12-01,58915.65681615984
2023-12-04,58562.781935642925
2023-12-05,57760.150553244515
2023-12-06,58941.02171048532
2023-12-07,57905.52832322025
2023-12-08,56935.484613697045
2023-12-11,57788.32258978213
2023-12-12,57879.78109411319
2023-12-13,58025.43052301268
2023-12-14,57602.30665710088
2023-12-15,58103.32620403921
2023-12-18,57730.479361905425
2023-12-19,58541.854137072114
2023-12-20,59346.42737770329
2023-12-21,58402.77482955086
2023-12-22,58453.14240630348
2023-12-25,58602.896903384164
2023-12-26,58694.21454753254
2023-12-27,59355.75433408557
2023-12-28,59198.27264984027
2023-12-29,59065.099408550304
