date,value
1965-01-05,812.6284762128355
1965-01-06,816.851133664857
1965-01-07,823.6675344347753
1965-01-08,831.7022223253905
1965-01-12,833.2413307897932
1965-01-13,828.9728769180788
1965-01-14,834.2123889286763
1965-01-18,822.8569653606992
1965-01-19,822.1624795317555
1965-01-20,821.3900677101452
1965-01-21,822.5855522461571
1965-01-22,817.1694641594244
1965-01-25,809.496933011032
1965-01-26,808.5850377371688
1965-01-27,815.3386307991651
1965-01-28,808.3737219053136
1965-01-29,805.3474870139985
1965-02-01,805.8797028734934
1965-02-02,803.4028611746896
1965-02-03,809.5915063835133
1965-02-04,818.5661501006145
1965-02-05,820.0295064276447
1965-02-08,817.1769608525213
1965-02-09,812.6415905318815
1965-02-10,810.8186306684956
1965-02-12,817.0488512861857
1965-02-15,811.7374425173789
1965-02-16,810.2899631769084
1965-02-17,804.0063737142119
1965-02-18,806.9900393238861
1965-02-19,804.5196915256315
1965-02-22,796.5399749376321
1965-02-23,795.9072012093256
1965-02-24,793.1531462788396
1965-02-25,791.7644420255895
1965-02-26,789.5615209621876
1965-03-01,785.4371756979559
1965-03-02,783.0366325235073
1965-03-03,786.6398322733512
1965-03-04,790.1990256853645
1965-03-05,788.1561775326924
1965-03-08,776.1609734302776
1965-03-09,768.1434858821486
1965-03-10,764.9862114261742
1965-03-11,759.467021024681
1965-03-12,766.9512472337528
1965-03-15,775.3519372618521
1965-03-16,770.770936590027
1965-03-17,767.3954587765392
1965-03-18,772.054316909892
1965-03-19,767.7700371751164
1965-03-23,762.6479758025765
1965-03-24,755.7927156731713
1965-03-25,755.9644480626116
1965-03-26,759.8481061555992
1965-03-29,777.0148496775366
1965-03-30,745.1505631908444
1965-03-31,740.7101749850998
1965-04-01,737.471281871878
1965-04-02,738.2737859307487
1965-04-05,735.733106122471
1965-04-06,755.4816700467082
1965-04-07,759.2994157054704
1965-04-08,774.6090510871068
1965-04-09,773.1018238645925
1965-04-12,761.7560126088491
1965-04-13,753.0128054760573
1965-04-14,748.4660988317225
1965-04-15,761.4036909858149
1965-04-16,752.7006518808728
1965-04-19,744.9381449023381
1965-04-20,741.8417656635389
1965-04-21,734.5786694716753
1965-04-22,750.9319387089658
1965-04-23,743.707047400245
1965-04-26,751.0307420000411
1965-04-27,755.0355960718908
1965-04-28,768.9706474823313
1965-04-30,772.7969670029942
1965-05-06,764.3338977754188
1965-05-07,763.9162092102135
1965-05-10,763.9912090383666
1965-05-11,765.0522088204441
1965-05-12,760.8078502370957
1965-05-13,762.7365708226495
1965-05-14,756.7204888107444
1965-05-17,755.9123413258559
1965-05-18,754.9195546373951
1965-05-19,750.8263931018926
1965-05-20,751.2736967749213
1965-05-21,752.3927768870896
1965-05-24,746.5841177706262
1965-05-25,740.9441779258058
1965-05-26,736.3758533589144
1965-05-27,725.5516565083188
1965-05-28,712.8575667170429
1965-05-31,722.9556461789681
1965-06-01,720.6346998606009
1965-06-02,738.2047102866096
1965-06-03,746.3155158086211
1965-06-04,739.3528097517795
1965-06-07,735.5417069041289
1965-06-08,732.3296854237562
1965-06-09,727.1553082603502
1965-06-10,720.0636916990005
1965-06-11,722.0379547122534
1965-06-14,713.7001834925327
1965-06-15,706.4358963472334
1965-06-16,702.3609680823924
1965-06-17,697.8280343823154
1965-06-18,714.246992573125
1965-06-21,711.3481851789342
1965-06-22,730.3037520139673
1965-06-23,721.9486054796458
1965-06-24,721.7627224180733
1965-06-25,725.8195688548606
1965-06-28,709.9836056020768
1965-06-29,707.0270324446014
1965-06-30,702.1352545890926
1965-07-01,705.2505352901956
1965-07-02,706.2600668587909
1965-07-05,695.2610572822545
1965-07-06,694.0216811288897
1965-07-07,687.8953081870126
1965-07-08,688.6564724762809
1965-07-09,685.1529695004522
1965-07-12,677.030471286595
1965-07-13,681.3399387491023
1965-07-14,685.7108982046909
1965-07-15,680.2387267416395
1965-07-16,689.2060188341675
1965-07-19,689.0519390160524
1965-07-21,694.623713991643
1965-07-22,688.3779534948409
1965-07-23,683.0599281320253
1965-07-26,687.5172280897657
1965-07-27,699.4424942474384
1965-07-28,708.9853538163846
1965-07-29,721.9177436561775
1965-07-30,729.912607634215
1965-08-02,745.6293872402315
1965-08-03,739.8627540075429
1965-08-04,755.7413336182102
1965-08-05,768.1508824050475
1965-08-06,763.0911915262016
1965-08-09,766.3820428809175
1965-08-10,754.8373926235946
1965-08-11,747.7258173949173
1965-08-12,753.3748818254584
1965-08-13,764.4195334893394
1965-08-16,772.3747999116467
1965-08-17,768.1486524957236
1965-08-18,771.8120918281077
1965-08-19,779.7137970407058
1965-08-20,778.0023447487372
1965-08-23,781.5766023025136
1965-08-24,790.0326560611637
1965-08-25,800.595799634774
1965-08-26,800.409929898731
1965-08-27,811.6475893290512
1965-08-30,832.2246174510478
1965-08-31,839.1428378619179
1965-09-01,835.4018440565648
1965-09-02,829.1251776978355
1965-09-03,840.0996734194352
1965-09-06,826.603988744005
1965-09-07,829.5874989609057
1965-09-08,843.1719927994501
1965-09-09,854.8144294062436
1965-09-10,852.3696671235049
1965-09-13,837.1882081962258
1965-09-14,837.2367431639403
1965-09-16,832.6229474051254
1965-09-17,848.5097677362149
1965-09-20,852.280009284476
1965-09-21,840.0517717806184
1965-09-22,839.4974444273403
1965-09-24,833.7994673892817
1965-09-27,827.2740861253784
1965-09-28,839.8386313585354
1965-09-29,829.2320359921387
1965-09-30,821.3054414192738
1965-10-01,812.3283192416503
1965-10-04,808.7187955421158
1965-10-05,800.4336418714527
1965-10-06,807.3255509729496
1965-10-07,811.230543230584
1965-10-08,805.1178295404815
1965-10-12,829.2551375516189
1965-10-13,845.9469908386801
1965-10-14,836.1797192522632
1965-10-15,843.2960623255674
1965-10-18,840.0894924375526
1965-10-19,843.2936962518601
1965-10-20,836.3574595970714
1965-10-21,836.1763391933256
1965-10-22,835.422850259816
1965-10-25,823.4568386663287
1965-10-26,831.6517141575755
1965-10-27,840.3687464848565
1965-10-28,842.5329983495599
1965-10-29,842.9189178715578
1965-11-01,854.7714979682446
1965-11-02,852.6585462473114
1965-11-04,855.5621975005713
1965-11-05,851.8026233313888
1965-11-08,866.4938181079256
1965-11-09,874.1730204970489
1965-11-10,878.1025935269206
1965-11-11,880.9401995690108
1965-11-12,893.4213728484851
1965-11-15,880.8509724276313
1965-11-16,891.6079858526457
1965-11-17,887.7007311850392
1965-11-18,905.904226554519
1965-11-19,898.5306129741818
1965-11-22,908.4483376299286
1965-11-24,915.9086766591236
1965-11-25,896.5807539544927
1965-11-26,903.7845731405681
1965-11-29,920.1331019129483
1965-11-30,929.3616806228314
1965-12-01,932.6099048637653
1965-12-02,954.0663135261352
1965-12-03,932.2499645871552
1965-12-06,890.922708107256
1965-12-07,914.172494991381
1965-12-08,920.1110204735726
1965-12-09,901.5291340939867
1965-12-10,905.0132676780895
1965-12-13,908.6684291151848
1965-12-14,914.1358185479851
1965-12-15,924.4898630625663
1965-12-16,932.0187055060901
1965-12-17,929.6491124058192
1965-12-20,928.2017207945593
1965-12-21,926.733209231364
1965-12-22,932.9174009649365
1965-12-24,943.6413298742838
1965-12-27,959.7910673441311
1965-12-28,963.4309259133314
1965-12-29,963.6332668504532
1965-12-30,963.8356502834653
1966-01-04,972.3513982330358
1966-01-05,962.1286515786102
1966-01-06,975.931244226526
1966-01-07,971.7258555415306
1966-01-11,959.565940393765
1966-01-12,965.1820554517371
1966-01-13,963.8311697118872
1966-01-14,963.895573017817
1966-01-17,967.4386844804814
1966-01-18,962.76476512215
1966-01-19,963.2852460191936
1966-01-20,968.2125100386934
1966-01-21,977.7529642646653
1966-01-24,989.0406915393725
1966-01-25,984.8773474492093
1966-01-26,993.1096186996189
1966-01-27,991.610836570556
1966-01-28,999.3149611602687
1966-01-31,1002.5759248120443
1966-02-01,1012.8688244439394
1966-02-02,1017.926755509012
1966-02-03,1011.4574470012244
1966-02-04,1014.6131175733094
1966-02-07,1022.8262908244326
1966-02-08,1026.4146918691142
1966-02-09,1027.7993193329803
1966-02-10,1016.6361578868206
1966-02-14,999.8361454166744
1966-02-15,992.3663848446834
1966-02-16,1000.4266104734322
1966-02-17,985.1120061522739
1966-02-18,997.3003956556423
1966-02-21,1001.6681428328642
1966-02-22,1001.5741558227745
1966-02-23,1012.0208766293875
1966-02-24,1019.2302896156315
1966-02-25,1020.0620783371098
1966-02-28,1030.9270390276865
1966-03-01,1040.1879197943613
1966-03-02,1036.1866378766
1966-03-03,1038.554213995489
1966-03-04,1043.6120090588302
1966-03-07,1049.7733351523318
1966-03-08,1058.1751056830835
1966-03-09,1056.2478458665964
1966-03-10,1047.657188419768
1966-03-11,1035.6734733605579
1966-03-14,1051.489892372968
1966-03-15,1055.4589475962132
1966-03-16,1068.9879537169818
1966-03-17,1063.099340570874
1966-03-18,1068.422401089174
1966-03-22,1075.1113322159154
1966-03-23,1071.4216975657696
1966-03-24,1077.8868209878283
1966-03-25,1063.2294815770451
1966-03-28,1074.641206328535
1966-03-29,1083.710103750946
1966-03-30,1082.207753871648
1966-03-31,1087.2864638466608
1966-04-01,1090.5134120295063
1966-04-04,1080.4848023981153
1966-04-05,1080.1068671473026
1966-04-06,1074.5028446227639
1966-04-07,1058.0516805655416
1966-04-08,1063.3991516381056
1966-04-11,1055.9277420948042
1966-04-12,1066.1485195341695
1966-04-13,1069.2041736742553
1966-04-14,1057.1314742019838
1966-04-15,1055.4428788928458
1966-04-18,1053.0868490328944
1966-04-19,1037.0995162591355
1966-04-20,1022.7441060137859
1966-04-21,1033.823816708287
1966-04-22,1034.187286729775
1966-04-25,1052.9796068526973
1966-04-26,1048.218681800857
1966-04-27,1071.837632440619
1966-04-28,1069.6737930141023
1966-05-02,1078.0169963597743
1966-05-06,1089.2277344360182
1966-05-09,1083.4492313097232
1966-05-10,1080.4727965081183
1966-05-11,1085.4122664186943
1966-05-12,1090.711554763559
1966-05-13,1082.8686819334482
1966-05-16,1074.1133861967005
1966-05-17,1075.3317668961336
1966-05-18,1079.1363120556043
1966-05-19,1073.7211055640446
1966-05-20,1071.070215410116
1966-05-23,1077.0283788166869
1966-05-24,1086.114162383984
1966-05-25,1082.7461461419302
1966-05-26,1085.706361803873
1966-05-27,1070.063038627671
1966-05-30,1044.3893513044131
1966-05-31,1045.6046805041146
1966-06-01,1029.6780145509817
1966-06-02,1038.006355635033
1966-06-03,1048.6310115426948
1966-06-06,1053.4200637982442
1966-06-07,1048.3347984988006
1966-06-08,1044.975925972573
1966-06-09,1041.8440675422657
1966-06-10,1047.526951839628
1966-06-13,1055.6389322029627
1966-06-14,1067.2877900938838
1966-06-15,1069.304127268825
1966-06-16,1058.805066560859
1966-06-17,1051.4097201798484
1966-06-20,1048.4758677474254
1966-06-21,1054.0205987063098
1966-06-22,1048.1231527736386
1966-06-23,1041.496818878361
1966-06-24,1048.0610014465885
1966-06-27,1053.505167229996
1966-06-28,1046.149033039929
1966-06-29,1049.3497118410414
1966-06-30,1035.9201119328347
1966-07-01,1045.9677590349675
1966-07-04,1062.4236307149765
1966-07-05,1057.6697545272684
1966-07-06,1048.975741324017
1966-07-07,1057.5822158060328
1966-07-08,1045.3756567337898
1966-07-11,1027.0810908510934
1966-07-12,1007.4138315720845
1966-07-13,1001.9594444947645
1966-07-14,1003.5204191601312
1966-07-15,1017.1189149804304
1966-07-18,996.0836586584496
1966-07-19,1014.2057889207694
1966-07-21,1022.5479360404072
1966-07-22,1024.8357211810198
1966-07-25,1021.9345058941921
1966-07-26,1020.1858035292355
1966-07-27,1032.7038814422642
1966-07-28,1032.8746564753512
1966-07-29,1042.0618113795128
1966-08-01,1040.0578382742374
1966-08-02,1038.9433251581806
1966-08-03,1036.8477504080413
1966-08-04,1028.8665449587234
1966-08-05,1029.5654740766731
1966-08-08,1026.38884530911
1966-08-09,1035.2996350336778
1966-08-10,1034.7608430838468
1966-08-11,1032.8155884080777
1966-08-12,1034.9290273640665
1966-08-15,1042.4469826249688
1966-08-16,1042.8979328802134
1966-08-17,1040.8203158441588
1966-08-18,1035.4673936044921
1966-08-19,1021.8484705964526
1966-08-22,1020.1008783404369
1966-08-23,1024.3474751251701
1966-08-24,1011.3057324419632
1966-08-25,1015.3917866010582
1966-08-26,1017.4776340364895
1966-08-29,1015.9859866103831
1966-08-30,1024.2812086291124
1966-08-31,1020.7807017818493
1966-09-01,1027.7952100000343
1966-09-02,1026.625172230994
1966-09-05,1016.8898071058018
1966-09-06,1014.6424306437335
1966-09-07,1006.368364941587
1966-09-08,1012.5619873584315
1966-09-09,1003.1323944169885
1966-09-12,1007.6367801662077
1966-09-13,1006.5738809953548
1966-09-14,1000.1786219499971
1966-09-16,993.998018025717
1966-09-19,1003.7465228715184
1966-09-20,1016.8190687410304
1966-09-21,1014.9664852408316
1966-09-22,1022.0932278037284
1966-09-26,1026.6271437141882
1966-09-27,1029.2106575940134
1966-09-28,1026.3021972659724
1966-09-29,1024.9463636734522
1966-09-30,1025.108950734513
1966-10-03,1028.5267666899776
1966-10-04,1021.7514008743386
1966-10-05,1023.5030897964507
1966-10-06,1015.7792388713101
1966-10-07,1012.12276653622
1966-10-11,1010.412698846484
1966-10-12,1006.7120804999037
1966-10-13,1012.7026262583333
1966-10-14,1015.0641980288507
1966-10-17,1004.5343565372716
1966-10-18,1004.6937056452376
1966-10-19,1005.2317035658289
1966-10-20,1000.8532957921551
1966-10-21,996.2910806831119
1966-10-24,991.902792049369
1966-10-25,995.4143201181852
1966-10-26,991.108579089316
1966-10-27,988.38087561623
1966-10-28,1003.9475257443611
1966-10-31,1011.816407054464
1966-11-01,1005.586323353137
1966-11-02,1005.7458393344134
1966-11-04,1010.5838830637264
1966-11-07,1015.3110823848382
1966-11-08,1014.4321439225246
1966-11-09,1004.1702515368665
1966-11-10,1001.9536260406078
1966-11-11,997.2685790787968
1966-11-14,994.9798064967513
1966-11-15,997.2756007434594
1966-11-16,995.0000483471591
1966-11-17,1003.5856895196233
1966-11-18,1003.7448881407073
1966-11-21,1007.2045747688609
1966-11-22,1002.9372575195307
1966-11-24,996.9298569284086
1966-11-25,989.5969099741552
1966-11-28,980.0294777020306
1966-11-29,980.5159269084553
1966-11-30,979.2415459773719
1966-12-01,980.7072344976525
1966-12-02,971.188557891432
1966-12-05,961.4765487712812
1966-12-06,961.6290676267885
1966-12-07,969.5994880831398
1966-12-08,973.2291664927182
1966-12-09,982.7481807701444
1966-12-12,981.3877083562008
1966-12-13,978.4467124575635
1966-12-14,978.0022637400438
1966-12-15,973.2886502569887
1966-12-16,971.4246770450656
1966-12-19,984.1003310354371
1966-12-20,991.3654018956377
1966-12-21,991.5226620146494
1966-12-22,1001.3403568310916
1966-12-26,1023.8319544815455
1966-12-27,1020.681400048319
1966-12-28,1025.9230756752956
1966-12-29,1026.0858176720092
1966-12-30,1026.2485854844574
1967-01-04,1018.8266959121236
1967-01-05,1003.8870425182492
1967-01-06,999.7891788936639
1967-01-09,1007.0972699091288
1967-01-11,1002.2557427873387
1967-01-12,1001.7775212683689
1967-01-13,1003.5209384081711
1967-01-17,1024.1537192766423
1967-01-18,1019.6159925829928
1967-01-19,1022.2907546259826
1967-01-20,1021.0223838560261
1967-01-23,1022.1189847249942
1967-01-24,1024.568759533942
1967-01-25,1023.0520975497539
1967-01-26,1023.2283578979486
1967-01-27,1012.8098450434189
1967-01-30,1033.0860948085492
1967-01-31,1037.2411654622838
1967-02-01,1037.7956883285788
1967-02-02,1044.07336230666
1967-02-03,1050.1191322696675
1967-02-06,1051.2223336563893
1967-02-07,1052.5883237166474
1967-02-08,1056.53091715751
1967-02-09,1026.8168270763151
1967-02-10,1026.9937360449846
1967-02-13,1036.912253501668
1967-02-14,1033.1708522125055
1967-02-15,1042.3338361722529
1967-02-16,1048.693830112604
1967-02-17,1043.1477741183794
1967-02-20,1048.913124014492
1967-02-21,1046.3929044374652
1967-02-22,1050.8598484684883
1967-02-23,1053.8778159451695
1967-02-24,1055.9936421509756
1967-02-27,1056.175577956105
1967-02-28,1063.378821348377
1967-03-01,1071.7087385540501
1967-03-02,1069.3101941780712
1967-03-03,1056.9890404430698
1967-03-06,1058.8369772946526
1967-03-07,1054.0567744335137
1967-03-08,1045.735806395309
1967-03-09,1049.2492693680244
1967-03-10,1046.0249561245273
1967-03-13,1040.6620616804155
1967-03-14,1040.841356026993
1967-03-15,1045.5250662603273
1967-03-16,1040.301841959462
1967-03-17,1046.0137347105601
1967-03-20,1046.636065670679
1967-03-22,1043.428610861762
1967-03-23,1038.229775015774
1967-03-24,1039.2362909452304
1967-03-27,1034.9198051005258
1967-03-28,1026.3123209648359
1967-03-29,1039.6735827892285
1967-03-30,1039.8527068320316
1967-03-31,1039.3963226513856
1967-04-03,1027.8196926265234
1967-04-04,1018.9605686841634
1967-04-05,1024.8516941237517
1967-04-06,1020.5193773262172
1967-04-07,1018.9441524542601
1967-04-10,1024.0662603364365
1967-04-11,1021.4901987060134
1967-04-12,1013.9721167223188
1967-04-13,1016.0777775852014
1967-04-14,1016.252836336656
1967-04-17,1024.3906821637966
1967-04-18,1027.6941442704017
1967-04-19,1029.3025606251608
1967-04-20,1029.7447408881292
1967-04-21,1034.840553805129
1967-04-24,1028.7320093656454
1967-04-25,1030.5492214889234
1967-04-26,1033.9215079781457
1967-04-27,1030.3742136026808
1967-04-28,1029.842366197019
1967-05-01,1030.0197964319855
1967-05-02,1038.4403262703836
1967-05-08,1044.8922187668504
1967-05-09,1040.8776010380147
1967-05-10,1048.2141669224493
1967-05-11,1059.0822924178813
1967-05-12,1059.3077592020102
1967-05-15,1062.525491037652
1967-05-16,1060.289975741575
1967-05-17,1062.690646280538
1967-05-18,1062.873735904014
1967-05-19,1063.207614172206
1967-05-22,1059.1034690110016
1967-05-23,1067.0791737469638
1967-05-24,1062.931072333784
1967-05-25,1064.5440501156254
1967-05-26,1059.8191571311518
1967-05-29,1071.5523004080617
1967-05-30,1075.1516486457374
1967-05-31,1082.7930648427784
1967-06-01,1080.7072029549684
1967-06-02,1080.8933966281404
1967-06-05,1070.9434037727747
1967-06-06,1067.0627516820164
1967-06-07,1062.8280289537154
1967-06-08,1072.857387435093
1967-06-09,1071.0338166222436
1967-06-12,1071.2255507752247
1967-06-13,1065.101761138007
1967-06-14,1066.2359634438094
1967-06-15,1062.7385397568944
1967-06-16,1065.2488473450526
1967-06-19,1065.4323777177449
1967-06-20,1060.0156902830354
1967-06-21,1065.0570107665726
1967-06-22,1062.962213396354
1967-06-23,1062.9578506279042
1967-06-26,1074.2625717539433
1967-06-27,1075.2989129260034
1967-06-28,1072.2591070636565
1967-06-29,1078.4044392600074
1967-06-30,1078.417024434558
1967-07-03,1078.7904285043157
1967-07-04,1078.9762919388493
1967-07-05,1075.4361212724307
1967-07-06,1073.786882506706
1967-07-07,1067.051639917166
1967-07-10,1070.7250827980342
1967-07-11,1066.335429661573
1967-07-12,1068.0296500069248
1967-07-13,1071.7557153160667
1967-07-14,1070.6172395210617
1967-07-17,1071.3296422043286
1967-07-18,1071.289973878431
1967-07-19,1071.474545069151
1967-07-21,1080.941465486599
1967-07-24,1081.2290158713436
1967-07-25,1077.890702927343
1967-07-26,1077.1860753882609
1967-07-27,1076.1915607465587
1967-07-28,1074.3132768503694
1967-07-31,1069.2114102241621
1967-08-01,1058.819972562003
1967-08-02,1047.620754047643
1967-08-03,1047.8012472985013
1967-08-04,1048.5035598392865
1967-08-07,1036.0716204135385
1967-08-08,1040.6363189041647
1967-08-09,1037.538097594026
1967-08-10,1036.7087665862232
1967-08-11,1026.0069821206293
1967-08-14,993.515148941473
1967-08-15,1004.0480497671324
1967-08-16,982.7973297084
1967-08-17,987.8227031618611
1967-08-18,987.9928938823834
1967-08-21,959.5834350422787
1967-08-22,973.3802074384523
1967-08-23,971.1654270759382
1967-08-24,981.409096391267
1967-08-25,975.2348863881833
1967-08-28,970.3012094467844
1967-08-29,971.6967337846819
1967-08-30,971.8641461823953
1967-08-31,976.277981941912
1967-09-01,983.616726642179
1967-09-04,983.7861927203418
1967-09-05,997.6542417016772
1967-09-06,992.6309614622693
1967-09-07,985.2917636471118
1967-09-08,973.5099698160024
1967-09-11,969.4408390658577
1967-09-12,968.1879867883135
1967-09-13,971.3478489271661
1967-09-14,972.1198011598736
1967-09-18,979.1787790478935
1967-09-19,978.1817125321951
1967-09-20,978.3502422186709
1967-09-21,976.09161623863
1967-09-22,984.3370826765341
1967-09-25,977.2956815249559
1967-09-26,974.4012694214224
1967-09-27,961.1706312880337
1967-09-28,962.9337820969686
1967-09-29,965.9525276806141
1967-10-02,957.6319929791783
1967-10-03,971.0222666113834
1967-10-04,984.4608793558339
1967-10-05,984.6304908719969
1967-10-06,995.3376742527598
1967-10-09,1008.2323335657071
1967-10-11,998.8583378383931
1967-10-12,997.4377124720041
1967-10-13,995.7680476594078
1967-10-16,1003.4895552560247
1967-10-17,998.5527279097507
1967-10-18,1003.2504245331186
1967-10-19,1005.5805344976517
1967-10-20,1008.3574611134088
1967-10-23,1008.5311897413312
1967-10-24,1013.6289259421055
1967-10-25,1011.5570067544373
1967-10-26,1013.0560449611112
1967-10-27,1007.3158601921966
1967-10-30,1014.459388866016
1967-10-31,1007.6337586064989
1967-11-01,1009.2867182846118
1967-11-02,999.6009475850966
1967-11-06,1002.9309056572849
1967-11-07,997.1096004444743
1967-11-08,997.2813911927494
1967-11-09,997.8270602402895
1967-11-10,985.8579854374741
1967-11-13,984.0847298858298
1967-11-14,991.5295629096274
1967-11-15,986.169652572809
1967-11-16,989.9197951020845
1967-11-17,986.0472082528659
1967-11-20,934.5059356612461
1967-11-21,928.7286339663274
1967-11-22,941.4868548461491
1967-11-24,941.6490624221399
1967-11-27,932.006901816505
1967-11-28,937.1035604884264
1967-11-29,944.5455792523317
1967-11-30,938.5286821174958
1967-12-01,944.2831050898154
1967-12-04,951.8330417302576
1967-12-05,940.5356271421502
1967-12-06,937.2197199131723
1967-12-07,939.1609553001225
1967-12-08,927.2596815029149
1967-12-11,927.4194378972568
1967-12-12,929.5070301517757
1967-12-13,930.3662740129787
1967-12-14,926.1396789140199
1967-12-15,926.3949501788011
1967-12-18,927.4380975910311
1967-12-19,938.5119781435056
1967-12-20,942.5037857931021
1967-12-21,942.8650903261492
1967-12-22,951.2946438216031
1967-12-25,950.8764135746887
1967-12-26,951.0402388658426
1967-12-27,943.0948729823936
1967-12-28,946.3393414787072
1967-12-29,946.5023850834647
1968-01-04,933.976618051744
1968-01-05,946.0195158095903
1968-01-08,947.0285467586802
1968-01-09,963.7267634774596
1968-01-11,971.972322662761
1968-01-12,970.3507399537884
1968-01-16,970.8919317238095
1968-01-17,971.0566587337102
1968-01-18,977.1374680228427
1968-01-19,969.7314979570378
1968-01-22,965.2783199130821
1968-01-23,966.2254339654713
1968-01-24,964.0981365387886
1968-01-25,964.8383158905365
1968-01-26,970.8797820420469
1968-01-29,966.186202317953
1968-01-30,966.3945494075493
1968-01-31,970.6490478761732
1968-02-01,970.8137336770282
1968-02-02,975.3516496946112
1968-02-05,977.3451285757097
1968-02-06,984.0100456180916
1968-02-07,985.9612405363176
1968-02-08,984.0922467032898
1968-02-09,985.5255936804158
1968-02-13,990.7741034776388
1968-02-14,992.7868919971019
1968-02-15,988.6132767123073
1968-02-16,988.7810104257102
1968-02-19,996.9465511661031
1968-02-20,994.6173715912723
1968-02-21,995.5498600481969
1968-02-22,1002.6600986144955
1968-02-23,1000.3306165757385
1968-02-26,994.8400367805305
1968-02-27,1002.5027418181255
1968-02-28,997.8714704030672
1968-02-29,1001.8335356195464
1968-03-01,1006.2497399749276
1968-03-04,1006.4204659903196
1968-03-05,989.0435034396979
1968-03-06,981.8954455963773
1968-03-07,985.7688798288203
1968-03-08,981.7828911017717
1968-03-11,985.86565601087
1968-03-12,987.0808173144721
1968-03-13,992.4369258032987
1968-03-14,979.9214907561698
1968-03-15,996.841344625112
1968-03-18,1021.152178529659
1968-03-19,1021.3254329769628
1968-03-20,1021.4987168195951
1968-03-22,1005.0335947921138
1968-03-25,1009.7290780242637
1968-03-26,1015.8329941116966
1968-03-27,1008.5603923525749
1968-03-28,1019.9231961867031
1968-03-29,1013.713791550205
1968-04-01,1018.5114247775751
1968-04-02,1028.6747168636055
1968-04-03,1027.299324914831
1968-04-04,1027.4736223217171
1968-04-05,1038.552862773127
1968-04-08,1048.420653953328
1968-04-09,1046.920860715155
1968-04-10,1045.6964557398412
1968-04-11,1046.8883596193807
1968-04-12,1055.6077881254103
1968-04-15,1077.1637931928317
1968-04-16,1070.1002486252066
1968-04-17,1071.132706095259
1968-04-18,1072.9717819379443
1968-04-19,1073.1538283919022
1968-04-22,1075.7105906919846
1968-04-23,1079.1272329841481
1968-04-24,1083.426351818271
1968-04-25,1083.1245958934503
1968-04-26,1074.7669227951653
1968-04-30,1088.2754908961033
1968-05-01,1094.956241883237
1968-05-02,1095.1868304675409
1968-05-07,1106.843757369254
1968-05-08,1107.031550733913
1968-05-09,1105.7307830419213
1968-05-10,1102.4244137294972
1968-05-13,1099.6182806093525
1968-05-14,1097.4622862727804
1968-05-15,1100.298377472453
1968-05-16,1105.3064841682674
1968-05-17,1112.6151323460667
1968-05-20,1123.7008610965895
1968-05-21,1106.1089264589696
1968-05-22,1098.3701768841613
1968-05-23,1098.5565325732862
1968-05-24,1094.253796079432
1968-05-27,1094.3795211210777
1968-05-28,1098.7484476554935
1968-05-29,1088.9772477921983
1968-05-30,1091.1194502988762
1968-05-31,1096.8625549991966
1968-06-03,1122.7205968698133
1968-06-04,1132.6127751912557
1968-06-05,1139.6866498295512
1968-06-06,1133.762747817327
1968-06-07,1133.9551084099764
1968-06-10,1143.2175851814375
1968-06-11,1150.072604514925
1968-06-12,1140.9542615806056
1968-06-13,1144.2578111889322
1968-06-14,1145.0756292723984
1968-06-17,1151.2591400937372
1968-06-18,1138.819993312125
1968-06-19,1113.4920268631784
1968-06-20,1116.2823447454919
1968-06-21,1114.8475185205646
1968-06-24,1115.0366698485552
1968-06-25,1129.6462344505492
1968-06-26,1142.2294605362097
1968-06-27,1149.647193532237
1968-06-28,1152.4011854331013
1968-07-01,1165.9354269556118
1968-07-02,1161.6611011438106
1968-07-03,1166.17290512382
1968-07-04,1160.142425178251
1968-07-05,1165.3634574957023
1968-07-08,1169.832930643885
1968-07-09,1170.0314111075202
1968-07-10,1168.0518799563229
1968-07-11,1172.086736722605
1968-07-12,1179.462750171727
1968-07-15,1192.5417342295905
1968-07-16,1179.6820225146364
1968-07-17,1177.9361528462928
1968-07-18,1178.347173687193
1968-07-19,1181.5124838058869
1968-07-22,1187.697508566765
1968-07-23,1190.9182066747783
1968-07-24,1191.12026458546
1968-07-25,1185.4857211528847
1968-07-26,1195.3229731970712
1968-07-29,1202.535068487317
1968-07-30,1195.8570756232991
1968-07-31,1211.1485896772751
1968-08-01,1210.3036548741397
1968-08-02,1210.7055228715021
1968-08-05,1212.9746667723932
1968-08-06,1208.5457034281274
1968-08-07,1223.4665943370621
1968-08-08,1223.6741745910672
1968-08-09,1227.6338178653084
1968-08-12,1231.5947695452292
1968-08-13,1234.3917441456167
1968-08-14,1233.6854211699592
1968-08-15,1224.757974820281
1968-08-16,1220.6503119478432
1968-08-19,1229.1339256089223
1968-08-20,1239.5971792046332
1968-08-21,1243.0647426249318
1968-08-22,1248.6850592839023
1968-08-23,1248.8969182451344
1968-08-26,1254.8004706474287
1968-08-27,1263.1012187889967
1968-08-28,1268.144829546522
1968-08-29,1282.698750496494
1968-08-30,1283.1287520134433
1968-09-02,1302.8327718675087
1968-09-03,1307.5070779990615
1968-09-04,1293.8281680078683
1968-09-05,1311.3279786517398
1968-09-06,1318.396876919331
1968-09-09,1318.6205635813594
1968-09-10,1331.5776268355864
1968-09-11,1341.2279859803073
1968-09-12,1341.531482702855
1968-09-13,1340.3841248991
1968-09-17,1361.6505603700957
1968-09-18,1365.2177165998683
1968-09-19,1363.4275480007184
1968-09-20,1369.580816232752
1968-09-24,1370.8472152444847
1968-09-25,1373.0797935007474
1968-09-26,1384.4324493698361
1968-09-27,1389.5739758949928
1968-09-30,1389.8097388657268
1968-10-01,1396.468069362776
1968-10-02,1409.1641622559066
1968-10-03,1377.5230793818914
1968-10-04,1372.9069659174793
1968-10-07,1394.004604057641
1968-10-08,1391.9791473980474
1968-10-09,1392.215318443766
1968-10-11,1306.969380240387
1968-10-14,1331.2628304569353
1968-10-15,1301.506397917345
1968-10-16,1296.2084613710285
1968-10-17,1314.9163330936058
1968-10-18,1328.2548123666156
1968-10-21,1332.2170742732997
1968-10-22,1317.0273962651588
1968-10-23,1327.191553926065
1968-10-24,1334.8028753870283
1968-10-25,1335.0293455834374
1968-10-28,1339.973061994541
1968-10-29,1350.4531563352334
1968-10-30,1345.7879637799092
1968-10-31,1332.8503899864097
1968-11-01,1330.5024803064512
1968-11-05,1306.198011333964
1968-11-06,1303.2868545252104
1968-11-07,1283.5470094997838
1968-11-08,1274.9749624225167
1968-11-11,1275.191281877232
1968-11-12,1268.5951937465366
1968-11-13,1283.6230798250692
1968-11-14,1296.460909868803
1968-11-15,1298.2337149633477
1968-11-18,1304.5213493298888
1968-11-19,1310.3136549200779
1968-11-20,1308.8980664469589
1968-11-21,1298.441357991041
1968-11-22,1296.2423352105247
1968-11-25,1277.7088092041954
1968-11-26,1277.9255924987997
1968-11-27,1293.5623953454217
1968-11-28,1299.3211164665104
1968-11-29,1315.4647893497636
1968-12-02,1336.0131811531967
1968-12-03,1330.874077928739
1968-12-04,1323.1112412948437
1968-12-05,1317.6844158832798
1968-12-06,1317.654834830036
1968-12-09,1297.083405394341
1968-12-10,1312.6396029392129
1968-12-11,1312.8623127896135
1968-12-12,1324.18246090385
1968-12-13,1314.0984766556548
1968-12-16,1322.2518561385123
1968-12-17,1314.214216194645
1968-12-18,1300.1222841714336
1968-12-19,1302.8084475084654
1968-12-20,1307.8769861923022
1968-12-24,1307.499636438029
1968-12-25,1307.4985812307252
1968-12-26,1307.7204188263402
1968-12-27,1306.1741228508772
1968-12-30,1306.3957357314011
1969-01-06,1349.6850524678798
1969-01-07,1355.0774350553188
1969-01-08,1353.2023297257945
1969-01-09,1348.803507285518
1969-01-13,1359.783530174875
1969-01-14,1362.9561497315426
1969-01-16,1371.4552072510855
1969-01-17,1369.7733308954928
1969-01-20,1369.953929895169
1969-01-21,1388.8200054481588
1969-01-22,1401.5925977530285
1969-01-23,1409.9558669594444
1969-01-24,1406.2368754635052
1969-01-27,1412.1918563973575
1969-01-28,1402.6169674498983
1969-01-29,1411.3930774664354
1969-01-30,1407.225202033591
1969-01-31,1410.601493673745
1969-02-03,1409.07629431109
1969-02-04,1409.2620752454097
1969-02-05,1413.8503511727076
1969-02-06,1419.3959906936816
1969-02-07,1423.6320330047454
1969-02-10,1427.7535448445306
1969-02-12,1428.9677464172264
1969-02-13,1421.9732137026485
1969-02-14,1409.0971195679272
1969-02-17,1407.8397761456308
1969-02-18,1411.5603391840925
1969-02-19,1404.4671887112347
1969-02-20,1404.6523619538718
1969-02-21,1370.871356625545
1969-02-24,1363.6926628005617
1969-02-25,1368.467836061665
1969-02-26,1373.3755935812912
1969-02-27,1361.9685359180642
1969-02-28,1358.725345946182
1969-03-03,1367.4124274880417
1969-03-04,1351.6179189405113
1969-03-05,1363.6763560122988
1969-03-06,1365.897018498083
1969-03-07,1366.077106421857
1969-03-10,1383.601283510193
1969-03-11,1375.7949583804857
1969-03-12,1380.8182140739932
1969-03-13,1394.8160623673236
1969-03-14,1389.1742560773994
1969-03-17,1397.9153022551527
1969-03-18,1391.57586884083
1969-03-19,1386.8136671173822
1969-03-20,1380.3240214233276
1969-03-24,1405.6976449393549
1969-03-25,1405.8829804126024
1969-03-26,1419.325680717336
1969-03-27,1409.429072444933
1969-03-28,1412.8913657385954
1969-03-31,1426.2085987960024
1969-04-01,1415.8749833941033
1969-04-02,1440.6179171940546
1969-04-03,1429.8339665852056
1969-04-04,1447.965895852787
1969-04-07,1451.2420641683418
1969-04-08,1450.557315145468
1969-04-09,1450.7485651823756
1969-04-10,1468.0396842747668
1969-04-11,1468.605513894548
1969-04-14,1474.0429230497948
1969-04-15,1465.6645512402258
1969-04-16,1452.3802319887077
1969-04-17,1474.26133621018
1969-04-18,1459.7405050512164
1969-04-21,1458.0855646171237
1969-04-22,1467.3452636665218
1969-04-23,1457.5384065538956
1969-04-24,1457.7305770190933
1969-04-25,1472.5543963175735
1969-04-28,1476.5856384033207
1969-04-30,1479.8176636963371
1969-05-01,1485.140612428022
1969-05-02,1481.3734599902289
1969-05-06,1496.101328673564
1969-05-07,1495.6379472596568
1969-05-08,1490.5102593040813
1969-05-09,1491.9740183987678
1969-05-12,1507.6517542678496
1969-05-13,1507.850531972554
1969-05-14,1507.7615707219638
1969-05-15,1506.886917148186
1969-05-16,1506.9456145641595
1969-05-19,1509.3072382876098
1969-05-20,1500.5262839370025
1969-05-21,1502.3195121199421
1969-05-22,1501.9260184349528
1969-05-23,1504.1636341637586
1969-05-26,1509.9443666195482
1969-05-27,1510.1434465957952
1969-05-28,1526.0738706688003
1969-05-29,1526.2750772540498
1969-05-30,1550.5937619379636
1969-06-02,1564.104991390752
1969-06-03,1558.7477785627345
1969-06-04,1559.966412701431
1969-06-05,1559.5407312324796
1969-06-06,1566.1539046363814
1969-06-09,1581.8900026507897
1969-06-10,1582.4806160000019
1969-06-11,1571.0311771384672
1969-06-12,1502.1148656923185
1969-06-13,1502.3129133809575
1969-06-16,1525.6647730717466
1969-06-17,1512.625636699858
1969-06-18,1470.7657168803064
1969-06-19,1488.5894889653134
1969-06-20,1470.123317094289
1969-06-23,1457.6787882110245
1969-06-24,1503.5984793944358
1969-06-25,1495.5433265565944
1969-06-26,1513.5068722736373
1969-06-27,1525.781301700838
1969-06-30,1525.982469712068
1969-07-01,1538.8008389831025
1969-07-02,1555.1620095173762
1969-07-03,1561.3451938228459
1969-07-04,1557.4948153238024
1969-07-07,1550.1414768478833
1969-07-08,1553.8324899214556
1969-07-09,1547.414972063369
1969-07-10,1509.638783328543
1969-07-11,1523.9776584311935
1969-07-14,1494.8313464680011
1969-07-15,1495.0284338544818
1969-07-16,1501.7505848948156
1969-07-17,1485.845078101889
1969-07-18,1491.6130044572105
1969-07-22,1503.964886743001
1969-07-23,1477.9473974946056
1969-07-24,1487.6543897538393
1969-07-25,1478.6346899848486
1969-07-28,1468.3203493146345
1969-07-29,1445.3310203688657
1969-07-30,1445.5215813402267
1969-07-31,1461.5292496757213
1969-08-01,1472.5502084705467
1969-08-04,1471.7491447540606
1969-08-05,1472.3820244743472
1969-08-06,1464.024665976655
1969-08-07,1458.4322802666288
1969-08-08,1445.7820891767508
1969-08-11,1471.9824822640905
1969-08-12,1490.7552684969662
1969-08-13,1498.779557009381
1969-08-14,1498.9771649512397
1969-08-15,1487.5791134705466
1969-08-18,1488.355881238144
1969-08-19,1489.274126529114
1969-08-20,1483.6860574677544
1969-08-21,1484.5960201494984
1969-08-22,1469.4829272077247
1969-08-25,1476.4605679855113
1969-08-26,1484.6964444385537
1969-08-27,1484.55444050656
1969-08-28,1499.6900627983316
1969-08-29,1499.8877907866472
1969-09-01,1533.3045199760227
1969-09-02,1543.934169560475
1969-09-03,1550.3227341036004
1969-09-04,1549.5760121803564
1969-09-05,1560.172588522382
1969-09-08,1559.7965049468426
1969-09-09,1544.6769592212665
1969-09-10,1563.7860638888503
1969-09-11,1563.5282235792229
1969-09-12,1563.5062171722216
1969-09-16,1563.7123590589413
1969-09-17,1586.8073784283342
1969-09-18,1570.1369077054558
1969-09-19,1574.4129409199072
1969-09-22,1587.5453146029504
1969-09-24,1584.1490794253373
1969-09-25,1584.9011673755178
1969-09-26,1566.1798400331036
1969-09-29,1571.9306647804071
1969-09-30,1588.0408237505244
1969-10-01,1604.5175441327506
1969-10-02,1604.7290931948457
1969-10-03,1597.9591567933774
1969-10-06,1606.665318444728
1969-10-07,1603.0072589393094
1969-10-08,1594.4606961647794
1969-10-09,1603.2013235707848
1969-10-13,1630.8522323591787
1969-10-14,1626.7536609659671
1969-10-15,1635.8489020265454
1969-10-16,1655.4216494850236
1969-10-17,1654.7248470901243
1969-10-20,1654.94301577934
1969-10-21,1656.660455033139
1969-10-22,1665.4656843635562
1969-10-23,1651.9746311866077
1969-10-24,1674.3280111836548
1969-10-27,1671.5328931566582
1969-10-28,1687.2932512818281
1969-10-29,1698.0192898340115
1969-10-30,1694.341191941889
1969-10-31,1682.8260659786304
1969-11-04,1685.9473690318107
1969-11-05,1686.1696542825794
1969-11-06,1676.9246646486872
1969-11-07,1661.8048529597888
1969-11-10,1674.418451895589
1969-11-11,1663.7767515053174
1969-11-12,1674.7729519890054
1969-11-13,1698.2191093596002
1969-11-14,1699.3445374022203
1969-11-17,1715.0324829119115
1969-11-18,1715.25860291574
1969-11-19,1749.0237708707443
1969-11-20,1742.0692799049223
1969-11-21,1737.946224574422
1969-11-25,1765.5300536645614
1969-11-26,1742.6712620474511
1969-11-27,1751.2061648508984
1969-11-28,1751.4370542064335
1969-12-01,1782.9255870610407
1969-12-02,1784.1427723554002
1969-12-03,1784.3780042676442
1969-12-04,1720.5841812132953
1969-12-05,1719.511475995274
1969-12-08,1742.5846204246438
1969-12-09,1738.1066379559106
1969-12-10,1759.0637899263945
1969-12-11,1763.9414022852736
1969-12-12,1786.8024927551344
1969-12-15,1793.6275411474353
1969-12-16,1793.4912999601454
1969-12-17,1799.3753203075437
1969-12-18,1799.6125605688044
1969-12-19,1808.0059267978168
1969-12-22,1791.9220221799817
1969-12-24,1815.0219822624338
1969-12-25,1844.620463466267
1969-12-26,1863.8912875857832
1969-12-29,1864.1370340129117
1969-12-30,1864.3828128406997
1970-01-05,1908.1685537280694
1970-01-06,1911.1025674303626
1970-01-07,1902.4162145450064
1970-01-08,1814.2667010781654
1970-01-09,1814.5115719373098
1970-01-12,1846.988063107952
1970-01-13,1826.1361551032467
1970-01-14,1818.7915065817133
1970-01-16,1817.6935100125754
1970-01-19,1836.1702564051582
1970-01-20,1836.8634419784273
1970-01-21,1849.375128401972
1970-01-22,1847.4134627078774
1970-01-23,1839.2461258401113
1970-01-26,1843.2417499178716
1970-01-27,1843.4905315278997
1970-01-28,1850.1538946811875
1970-01-29,1853.452164702086
1970-01-30,1828.0929844529217
1970-02-02,1839.5019860714265
1970-02-03,1828.7855601251658
1970-02-04,1842.2763086629845
1970-02-05,1837.3238664420342
1970-02-06,1834.5048767496758
1970-02-09,1837.5170171659595
1970-02-10,1837.6455822607677
1970-02-12,1837.89360855826
1970-02-13,1832.0841913950294
1970-02-16,1828.569019023667
1970-02-17,1829.437691879106
1970-02-18,1844.4515287500192
1970-02-19,1853.60800136325
1970-02-20,1852.7257032273687
1970-02-23,1883.6781470361486
1970-02-24,1895.0933140638404
1970-02-25,1901.5087598579953
1970-02-26,1903.2737251849614
1970-02-27,1903.5306092869496
1970-03-02,1915.513190802289
1970-03-03,1913.2808809972012
1970-03-04,1934.3701149724727
1970-03-05,1935.1423667947818
1970-03-06,1958.4762146500655
1970-03-09,1961.0648391760562
1970-03-10,1973.3523592286538
1970-03-11,1963.9591476669254
1970-03-12,1944.2396041568945
1970-03-13,1955.0831586914871
1970-03-16,1955.3470354922263
1970-03-17,1973.5813586340594
1970-03-18,1986.4639299923836
1970-03-19,1991.4096552682495
1970-03-20,1992.2462049429582
1970-03-23,1995.7144090397048
1970-03-24,1987.1604544480276
1970-03-25,1984.9166092034948
1970-03-26,2004.2521914383692
1970-03-27,1988.9336602482313
1970-03-30,2009.1151619521945
1970-03-31,2009.3863314310456
1970-04-01,2018.6080099654862
1970-04-02,2020.0175760890302
1970-04-03,2002.0720181924967
1970-04-06,2029.8613276093681
1970-04-07,2021.868755948532
1970-04-08,2026.563868254552
1970-04-09,2015.1395175083246
1970-04-10,2014.5219260394792
1970-04-13,2010.1614284682373
1970-04-14,2005.5192896503422
1970-04-15,2005.789973795731
1970-04-16,2006.557692089325
1970-04-17,1981.617410787561
1970-04-20,1981.4517631545793
1970-04-21,1980.8930145615518
1970-04-22,1954.4950494442458
1970-04-23,1938.1268839962902
1970-04-24,1944.1580405868053
1970-04-27,1914.887261354718
1970-04-28,1858.4551931971591
1970-04-30,1697.2655500457454
1970-05-01,1697.4946293058063
1970-05-06,1759.6080644418976
1970-05-07,1774.4777165081055
1970-05-08,1759.40049736994
1970-05-11,1718.2926723977766
1970-05-12,1726.8476829990946
1970-05-13,1684.7520915338932
1970-05-14,1646.3818360349471
1970-05-15,1622.4843024050283
1970-05-18,1646.1671901249917
1970-05-19,1646.3893726596227
1970-05-20,1595.0559791744752
1970-05-21,1594.105176213969
1970-05-22,1599.95824358051
1970-05-25,1555.1211699637956
1970-05-26,1565.910035014668
1970-05-27,1552.5720907190087
1970-05-28,1616.723084543706
1970-05-29,1630.623042217872
1970-06-01,1676.135942903788
1970-06-02,1676.3621703091292
1970-06-03,1698.2142360669816
1970-06-04,1718.2686293388472
1970-06-05,1710.4228387540893
1970-06-08,1699.1839407096463
1970-06-09,1685.1144210251425
1970-06-10,1699.5539368845223
1970-06-11,1635.272074791008
1970-06-12,1651.2318547513828
1970-06-15,1670.6860737413147
1970-06-16,1656.0549536513004
1970-06-17,1656.2784707334638
1970-06-18,1678.796987447164
1970-06-19,1704.1844528870922
1970-06-22,1733.4986533254353
1970-06-23,1719.7047406223182
1970-06-24,1726.8589660832909
1970-06-25,1729.4965117578688
1970-06-26,1723.621016728797
1970-06-29,1720.5689266311153
1970-06-30,1725.886562586104
1970-07-01,1734.741529586544
1970-07-02,1734.975666964743
1970-07-03,1724.2758644845205
1970-07-06,1710.2940853558455
1970-07-07,1709.8869687547453
1970-07-08,1713.8742021795058
1970-07-09,1705.6946799959535
1970-07-10,1698.7490980803325
1970-07-13,1705.2741544730368
1970-07-14,1706.19953264184
1970-07-15,1687.9334969126212
1970-07-16,1671.8051699889786
1970-07-17,1672.0308128716124
1970-07-21,1737.9090119350421
1970-07-22,1724.5955458417188
1970-07-23,1719.5136752841972
1970-07-24,1721.954464504482
1970-07-27,1723.5624173823503
1970-07-28,1730.6819792496678
1970-07-29,1725.9539441184868
1970-07-30,1732.7195585019963
1970-07-31,1748.0605281203202
1970-08-03,1748.296463158484
1970-08-04,1752.6220642080239
1970-08-05,1757.3699804873913
1970-08-06,1739.7457651293014
1970-08-07,1736.2215751461054
1970-08-10,1735.0702049202428
1970-08-11,1720.8313362000326
1970-08-12,1720.504414658859
1970-08-13,1736.9645807342135
1970-08-14,1731.7671996963402
1970-08-17,1735.6414419817559
1970-08-18,1735.875700820775
1970-08-19,1748.5592864629018
1970-08-20,1753.2078064764287
1970-08-21,1755.7565573994627
1970-08-24,1759.133361478319
1970-08-25,1747.22323185661
1970-08-26,1747.605279379721
1970-08-27,1756.0715095557168
1970-08-28,1751.71386352959
1970-08-31,1731.1411924829042
1970-09-01,1730.018851420226
1970-09-02,1730.2523513804204
1970-09-03,1737.3979574907892
1970-09-04,1742.4333018404152
1970-09-07,1747.202000808922
1970-09-08,1759.3335770872607
1970-09-09,1769.1686826450657
1970-09-10,1760.0442593398009
1970-09-11,1753.6080434855953
1970-09-14,1762.9014203767344
1970-09-15,1763.1393584842567
1970-09-16,1740.2006748916406
1970-09-17,1737.9143586115042
1970-09-18,1738.148924225182
1970-09-21,1689.7253326627633
1970-09-22,1700.018402540587
1970-09-24,1704.0236349263898
1970-09-25,1680.6675533498953
1970-09-28,1644.9651024019515
1970-09-29,1681.4631180889119
1970-09-30,1681.6900645009814
1970-10-01,1678.8307589754713
1970-10-02,1682.266332136087
1970-10-05,1682.4933869576387
1970-10-06,1706.1577948349318
1970-10-07,1697.262671419334
1970-10-08,1694.8597559022319
1970-10-09,1696.2214355311485
1970-10-12,1705.5303203957972
1970-10-13,1707.4072226702028
1970-10-14,1708.9748805909333
1970-10-15,1727.3727874045715
1970-10-16,1724.188932513924
1970-10-19,1739.7719343018648
1970-10-20,1740.0067506317992
1970-10-21,1718.8744238492434
1970-10-22,1719.3673848137698
1970-10-23,1715.1273748925173
1970-10-26,1709.8251092285288
1970-10-27,1710.29264102402
1970-10-28,1718.099740573098
1970-10-29,1728.7748925887342
1970-10-30,1726.5093031914903
1970-11-02,1747.2588230227816
1970-11-04,1751.0886916814543
1970-11-05,1751.3250354296563
1970-11-06,1745.7358238872664
1970-11-09,1755.2789989672294
1970-11-10,1751.225152033088
1970-11-11,1734.9664943181588
1970-11-12,1724.9327194972652
1970-11-13,1726.064992492709
1970-11-16,1715.961762188955
1970-11-17,1697.554791286844
1970-11-18,1707.7792221676395
1970-11-19,1697.6040291190013
1970-11-20,1697.8331540634492
1970-11-24,1685.681826092646
1970-11-25,1683.372250925162
1970-11-26,1670.6835832567992
1970-11-27,1647.1529503174693
1970-11-30,1629.6417176302327
1970-12-01,1660.0766120735134
1970-12-02,1651.9065051655937
1970-12-03,1632.1445336658455
1970-12-04,1629.8827320994756
1970-12-07,1613.6189128849828
1970-12-08,1608.7811589762935
1970-12-09,1610.9486998073994
1970-12-10,1617.214829035976
1970-12-11,1654.3285804473353
1970-12-14,1652.6990457352
1970-12-15,1637.5072273384517
1970-12-16,1618.2931174726862
1970-12-17,1617.9948331891876
1970-12-18,1622.1341302177073
1970-12-21,1631.7053344407323
1970-12-22,1624.3360148606396
1970-12-24,1631.325222757158
1970-12-25,1627.1546053611023
1970-12-28,1631.092579372039
1970-12-29,1631.312727292418
1970-12-30,1631.532904926075
1971-01-05,1633.6426150577756
1971-01-06,1627.5402840437896
1971-01-07,1643.547744384073
1971-01-08,1676.6055508788575
1971-01-12,1719.063145127463
1971-01-13,1716.7404988886906
1971-01-14,1720.819240213984
1971-01-18,1723.9292268202223
1971-01-19,1738.8364901687069
1971-01-20,1728.4828277773734
1971-01-21,1737.0465802542483
1971-01-22,1738.2935025966983
1971-01-25,1731.3569612650515
1971-01-26,1735.0382651627197
1971-01-27,1726.9476159543278
1971-01-28,1729.8805554794426
1971-01-29,1728.9133325499474
1971-02-01,1732.4233655149462
1971-02-02,1739.795102874908
1971-02-03,1753.3514015591422
1971-02-04,1756.5615302653339
1971-02-05,1750.0632316824594
1971-02-08,1752.8454278438792
1971-02-09,1748.478307948187
1971-02-10,1762.415697309592
1971-02-12,1771.3799789380412
1971-02-15,1785.4312162936592
1971-02-16,1791.1457638364877
1971-02-17,1785.9564347367673
1971-02-18,1816.0413652819443
1971-02-19,1824.9447520753624
1971-02-22,1838.9632859704923
1971-02-23,1817.967565588556
1971-02-24,1801.8573501873736
1971-02-25,1828.6235784619723
1971-02-26,1841.8826258978147
1971-03-01,1861.6311805474083
1971-03-02,1854.0928343430346
1971-03-03,1872.4863040657315
1971-03-04,1878.2626702180712
1971-03-05,1862.9541947571777
1971-03-08,1877.2027856636664
1971-03-09,1875.6238389539828
1971-03-10,1904.3158361170117
1971-03-11,1907.4734196885568
1971-03-12,1913.6059504943955
1971-03-15,1901.627856858819
1971-03-16,1917.2650328762684
1971-03-17,1915.334678948639
1971-03-18,1917.3962415578367
1971-03-19,1936.1418806179245
1971-03-23,1939.1908586435356
1971-03-24,1954.992346383514
1971-03-25,1962.0227164140304
1971-03-26,1976.9960423147204
1971-03-29,1989.3672738960415
1971-03-30,1986.8900141591664
1971-03-31,1988.7894809160252
1971-04-01,1997.9478148944868
1971-04-02,1999.6174282209674
1971-04-05,1964.8615773337056
1971-04-06,1990.9937315654038
1971-04-07,2001.415889624598
1971-04-08,1999.2108235489598
1971-04-09,1989.1361801706112
1971-04-12,2017.472796033239
1971-04-13,2012.0789611400548
1971-04-14,2019.8509347517129
1971-04-15,2036.5590230222078
1971-04-16,2042.421605968544
1971-04-19,2022.6783259228314
1971-04-20,1968.8290408062476
1971-04-21,2016.4105316629707
1971-04-22,2004.4596224929096
1971-04-23,2018.284279664806
1971-04-26,2021.5440441471762
1971-04-27,2029.2849289375952
1971-04-28,2033.5511859084247
1971-04-30,2048.2998834992736
1971-05-06,2059.7741008186144
1971-05-07,2029.4555907618726
1971-05-10,1984.4088350827165
1971-05-11,1994.7664304764965
1971-05-12,2019.0448639433241
1971-05-13,2016.6025494444862
1971-05-14,2006.234908616661
1971-05-17,2008.5174306924453
1971-05-18,1986.8538671758588
1971-05-19,1966.0985850259494
1971-05-20,1985.1401250061485
1971-05-21,1982.666045135612
1971-05-24,1993.9667181335858
1971-05-25,1999.4668525122768
1971-05-26,2003.0890817041563
1971-05-27,2012.8250117898733
1971-05-28,2023.52855815226
1971-05-31,2043.4442634315694
1971-06-01,2043.40492161487
1971-06-02,2060.3078890625466
1971-06-03,2058.9059500098338
1971-06-04,2072.9022630240297
1971-06-07,2086.228182907459
1971-06-08,2085.05388756098
1971-06-09,2089.191757592249
1971-06-10,2101.883908064394
1971-06-11,2106.2916968110576
1971-06-14,2108.826307095668
1971-06-15,2117.9767316804264
1971-06-16,2129.0296660822682
1971-06-17,2150.969297480269
1971-06-18,2154.14464204436
1971-06-21,2157.0124807724815
1971-06-22,2156.471088865905
1971-06-23,2168.361815363381
1971-06-24,2155.329313049272
1971-06-25,2168.8078538689247
1971-06-28,2192.575151788861
1971-06-29,2190.102427063949
1971-06-30,2200.5873485272195
1971-07-01,2212.3266275344013
1971-07-02,2209.4047261480246
1971-07-05,2195.714022888374
1971-07-06,2146.69739971489
1971-07-07,2201.91174111667
1971-07-08,2203.537987184945
1971-07-09,2221.2335889023716
1971-07-12,2243.962255181853
1971-07-13,2235.436208343268
1971-07-14,2243.676645534826
1971-07-15,2226.3068466171994
1971-07-16,2232.191322350128
1971-07-19,2250.6738881850347
1971-07-21,2209.6063696942024
1971-07-22,2231.5523342929264
1971-07-23,2233.8115512661802
1971-07-26,2236.1799629059233
1971-07-27,2239.9624950191687
1971-07-28,2242.984829364111
1971-07-29,2244.9537447216767
1971-07-30,2227.1419709194324
1971-08-02,2209.944410226346
1971-08-03,2210.051413761618
1971-08-04,2201.678564676923
1971-08-05,2205.401060277532
1971-08-06,2217.7158287284024
1971-08-09,2259.6712256145665
1971-08-10,2253.1679488504456
1971-08-11,2261.2469876486653
1971-08-12,2266.144522897996
1971-08-13,2285.6398042655383
1971-08-16,2120.5914997118994
1971-08-17,2045.7319521340055
1971-08-18,1951.6728860428482
1971-08-19,1836.142967994168
1971-08-20,1914.9735506445254
1971-08-23,1814.5272329817267
1971-08-24,1813.9596263533028
1971-08-25,1873.8282742363763
1971-08-26,1914.7200703273236
1971-08-27,1902.2679459496537
1971-08-30,1933.3395245928532
1971-08-31,1927.8526614244417
1971-09-01,1970.8804682774685
1971-09-02,1974.7238323132647
1971-09-03,1970.373591692319
1971-09-06,1986.4358910132332
1971-09-07,1966.6748684019565
1971-09-08,1953.3258033163984
1971-09-09,1966.7542925935893
1971-09-10,1950.721422799783
1971-09-13,1975.656700306191
1971-09-14,1987.2699495770728
1971-09-16,1972.9984098116504
1971-09-17,1977.4353142649747
1971-09-20,1998.5034331000095
1971-09-21,1995.3603203854645
1971-09-22,1985.4297799868143
1971-09-24,1988.3145288725807
1971-09-27,1978.4811063491618
1971-09-28,2013.748198389741
1971-09-29,2036.5715593238597
1971-09-30,2043.487278121357
1971-10-01,2044.6564265700356
1971-10-04,2030.9094128803872
1971-10-05,2027.1353140443146
1971-10-06,2022.4673762333764
1971-10-07,2022.4972186179793
1971-10-08,1998.178183425744
1971-10-12,1981.7032416879802
1971-10-13,1948.3490908512526
1971-10-14,1942.8584929201857
1971-10-15,1900.2119552745005
1971-10-18,1900.6717407750016
1971-10-19,1878.2971283152367
1971-10-20,1877.6411399408523
1971-10-21,1889.0250803448141
1971-10-22,1905.3621048983543
1971-10-25,1900.7033879238654
1971-10-26,1886.7903318883493
1971-10-27,1880.685443763084
1971-10-28,1901.1304059349316
1971-10-29,1922.635664095415
1971-11-01,1923.3857784626962
1971-11-02,1903.2960638520003
1971-11-04,1881.478926160955
1971-11-05,1886.2340335063304
1971-11-08,1888.28814007061
1971-11-09,1902.0056063822294
1971-11-10,1927.6192414208622
1971-11-11,1941.447155480738
1971-11-12,1949.78718557696
1971-11-15,1968.0661544209238
1971-11-16,1966.1357610084951
1971-11-17,2004.6054204218124
1971-11-18,2021.9186476953575
1971-11-19,2011.1091431946568
1971-11-22,2036.1732250535727
1971-11-24,2033.5483998124955
1971-11-25,2045.6648748499408
1971-11-26,2041.7719180997005
1971-11-29,2073.342402542275
1971-11-30,2066.8290075696314
1971-12-01,2078.1779419825557
1971-12-02,2099.4237044178462
1971-12-03,2066.7130189881805
1971-12-06,2095.8867842527866
1971-12-07,2101.234042181116
1971-12-08,2077.808138118925
1971-12-09,2098.619165107575
1971-12-10,2102.749165456877
1971-12-13,2115.106078022193
1971-12-14,2110.368476486014
1971-12-15,2110.832395904487
1971-12-16,2091.7193139089313
1971-12-17,2102.292722108947
1971-12-20,2108.800028430181
1971-12-21,2165.4079697099655
1971-12-22,2193.09899992585
1971-12-24,2254.7796242467302
1971-12-27,2284.5851916525603
1971-12-28,2302.0729333476033
1971-12-29,2302.3849155514636
1971-12-30,2302.6969400358676
1972-01-04,2301.687361252606
1972-01-05,2315.096699695392
1972-01-06,2338.2349211885776
1972-01-07,2344.893154931985
1972-01-11,2351.1535872931336
1972-01-12,2376.7122806722273
1972-01-13,2388.2832186102146
1972-01-14,2397.554860003838
1972-01-17,2377.564415242613
1972-01-18,2382.6072933261817
1972-01-19,2396.025820501531
1972-01-20,2413.1248231645
1972-01-21,2397.7753949258067
1972-01-24,2378.8890308694263
1972-01-25,2391.2666339527605
1972-01-26,2407.2069593123797
1972-01-27,2412.646544709464
1972-01-28,2432.7133704077
1972-01-31,2427.9140660197995
1972-02-01,2424.57593047067
1972-02-02,2434.354349843349
1972-02-03,2448.257763828876
1972-02-04,2429.445754839375
1972-02-07,2451.9226264566773
1972-02-08,2457.556939710603
1972-02-09,2441.5556570878143
1972-02-10,2442.6309007395284
1972-02-14,2458.907120800232
1972-02-15,2447.0106644870116
1972-02-16,2457.6409666115455
1972-02-17,2494.573490655795
1972-02-18,2495.143161597093
1972-02-21,2518.4011148569252
1972-02-22,2524.8879956406813
1972-02-23,2520.2343753468936
1972-02-24,2532.5791762966164
1972-02-25,2550.1618659989413
1972-02-28,2577.581061734441
1972-02-29,2573.1176771366054
1972-03-01,2564.2510719037923
1972-03-02,2574.995461979907
1972-03-03,2567.975521252118
1972-03-06,2579.999965041974
1972-03-07,2588.431759173064
1972-03-08,2590.0238764213777
1972-03-09,2581.562876926495
1972-03-10,2579.5759718239124
1972-03-13,2536.1148060686237
1972-03-14,2553.5714489408524
1972-03-15,2540.850981802868
1972-03-16,2567.857626404473
1972-03-17,2576.8906215382854
1972-03-20,2577.1187699386987
1972-03-22,2601.1431089400157
1972-03-23,2615.408392762817
1972-03-24,2620.696700271829
1972-03-27,2645.873871380808
1972-03-28,2650.312870691019
1972-03-29,2681.9797856307937
1972-03-30,2683.855031402365
1972-03-31,2719.446412333136
1972-04-03,2719.6871820979827
1972-04-04,2719.9279731796973
1972-04-05,2720.1687855801665
1972-04-06,2720.4096193012783
1972-04-07,2720.650474344921
1972-04-10,2720.8913507129814
1972-04-11,2721.132248407348
1972-04-12,2721.3731674299083
1972-04-13,2721.6141077825514
1972-04-14,2721.855069467166
1972-04-17,2722.0960524856396
1972-04-18,2722.3370568398614
1972-04-19,2722.5780825317215
1972-04-20,2722.819129563108
1972-04-21,2723.0601979359103
1972-04-24,2723.3012876520183
1972-04-25,2723.5423987133213
1972-04-26,2723.7835311217095
1972-04-27,2724.024684879072
1972-04-28,2724.2658599873002
1972-05-01,2866.1844315801086
1972-05-02,2871.5926064117875
1972-05-08,2874.744960802981
1972-05-09,2858.003121789225
1972-05-10,2871.508935318754
1972-05-11,2906.0439431731484
1972-05-12,2914.4938217572753
1972-05-15,2929.162612544652
1972-05-16,2922.1431624940046
1972-05-17,2939.7750293697645
1972-05-18,2941.275699047093
1972-05-19,2926.4528999288027
1972-05-22,2949.043648565514
1972-05-23,2967.659664829538
1972-05-24,2975.6329528439323
1972-05-25,3001.02407002605
1972-05-26,3026.453930456899
1972-05-29,3058.1716125793705
1972-05-30,3077.558456987888
1972-05-31,3113.6524930526575
1972-06-01,3105.4770754809465
1972-06-02,3140.2183254105234
1972-06-05,3150.550258801856
1972-06-06,3126.0948108736943
1972-06-07,3132.1960507811214
1972-06-08,3141.3991621869377
1972-06-09,3097.600899562929
1972-06-12,3128.333032178939
1972-06-13,3125.542461682122
1972-06-14,3119.47811797549
1972-06-15,3144.7954757404395
1972-06-16,3154.664401338273
1972-06-19,3190.8148861123395
1972-06-20,3187.522865924597
1972-06-21,3186.0475874897775
1972-06-22,3161.380395100405
1972-06-23,3140.952904308218
1972-06-26,2889.531857408181
1972-06-27,3043.5631681005566
1972-06-28,3097.3171104025537
1972-06-29,3148.6272978726583
1972-06-30,3183.1245414075297
1972-07-03,3218.254327856478
1972-07-04,3194.044028861489
1972-07-05,3127.922127733921
1972-07-06,3160.2416016709813
1972-07-07,3171.326249257711
1972-07-10,3184.6700080540277
1972-07-11,3192.29953601231
1972-07-12,3182.5213844460727
1972-07-13,3187.052720834552
1972-07-14,3200.3681219437503
1972-07-17,3171.749083837105
1972-07-18,3196.263376355949
1972-07-19,3229.7565185145427
1972-07-21,3269.911941367482
1972-07-24,3277.2107207846648
1972-07-25,3296.502710832776
1972-07-26,3307.8084872560535
1972-07-27,3323.223199424914
1972-07-28,3363.0093206493066
1972-07-31,3363.3070691026815
1972-08-01,3396.125145062809
1972-08-02,3326.5059818073105
1972-08-03,3398.8498593370377
1972-08-04,3399.382692808965
1972-08-07,3392.754446183499
1972-08-08,3388.3087150502115
1972-08-09,3372.675172592242
1972-08-10,3360.702240546101
1972-08-11,3379.739838222979
1972-08-14,3404.027292613663
1972-08-15,3418.9689656860237
1972-08-16,3447.6170914438508
1972-08-17,3446.846914427773
1972-08-18,3453.983894520918
1972-08-21,3453.953990572691
1972-08-22,3451.3770356437026
1972-08-23,3467.561332997968
1972-08-24,3478.8165947719162
1972-08-25,3452.1645888038493
1972-08-28,3440.7968319046086
1972-08-29,3457.78664462141
1972-08-30,3466.677116950162
1972-08-31,3501.8842523657413
1972-09-01,3522.5264332484444
1972-09-04,3563.6354922263045
1972-09-05,3563.71001776508
1972-09-06,3568.7977255424576
1972-09-07,3591.184818347226
1972-09-08,3602.9183406331235
1972-09-11,3621.615941148599
1972-09-12,3584.9606822349747
1972-09-13,3611.70043569858
1972-09-14,3598.083608868457
1972-09-18,3601.8844172286153
1972-09-19,3583.8081480178357
1972-09-20,3602.039421547554
1972-09-21,3624.723212137087
1972-09-22,3648.3157530725334
1972-09-25,3668.8168645771566
1972-09-26,3685.1738425063854
1972-09-27,3666.603296922986
1972-09-28,3701.878254780772
1972-09-29,3727.0665945261203
1972-10-02,3790.408033978379
1972-10-03,3764.6101683715847
1972-10-04,3817.5082436070693
1972-10-05,3818.8734852287594
1972-10-06,3758.6197620138582
1972-10-09,3816.6064973136354
1972-10-11,3835.079108251805
1972-10-12,3867.332535508419
1972-10-13,3861.346814484329
1972-10-16,3827.9302398839563
1972-10-17,3800.1636442997137
1972-10-18,3837.8392626947343
1972-10-19,3844.9585090180444
1972-10-20,3735.290508299508
1972-10-23,3813.5850848011833
1972-10-24,3821.939011427267
1972-10-25,3837.897139922484
1972-10-26,3835.4550995028167
1972-10-27,3849.498762090978
1972-10-30,3907.8414232504265
1972-10-31,3921.850878858008
1972-11-01,3925.464984343465
1972-11-02,3931.1283795633653
1972-11-06,3927.9839913873793
1972-11-07,3923.9660404277392
1972-11-08,3939.1156617719603
1972-11-09,3946.8226881447426
1972-11-10,3926.106637986638
1972-11-13,3938.276518388837
1972-11-14,3939.697474200215
1972-11-15,3981.366957611068
1972-11-16,3970.015263253629
1972-11-17,3967.477304609895
1972-11-20,3972.2928266601807
1972-11-21,3996.18079925201
1972-11-22,4039.3186869791416
1972-11-24,4094.7968649596014
1972-11-27,4104.472704930279
1972-11-28,4169.375636662709
1972-11-29,4223.815200081969
1972-11-30,4215.340928582736
1972-12-01,4139.970942938932
1972-12-04,4219.118072634401
1972-12-05,4227.207705755968
1972-12-06,4246.158799569789
1972-12-07,4191.049676361277
1972-12-08,4211.898248061876
1972-12-11,4209.672269981214
1972-12-12,4216.369743715299
1972-12-13,4219.40288885978
1972-12-14,4239.056635893414
1972-12-15,4254.355010571039
1972-12-18,4266.995087916372
1972-12-19,4265.162392832117
1972-12-20,4298.8004488747965
1972-12-21,4304.2436587534585
1972-12-22,4357.068879094788
1972-12-25,4362.388169713676
1972-12-26,4428.226014250325
1972-12-27,4504.6815113971625
1972-12-28,4516.806147973686
1972-12-29,4517.2060493466915
1973-01-04,4539.178351161553
1973-01-05,4557.163899068653
1973-01-08,4604.380348102691
1973-01-09,4579.503462599252
1973-01-11,4550.526848151964
1973-01-12,4557.289410572731
1973-01-16,4502.739671926069
1973-01-17,4526.545464410893
1973-01-18,4503.891972277479
1973-01-19,4540.670204667795
1973-01-22,4575.466172441655
1973-01-23,4573.343688534177
1973-01-24,4653.635796099556
1973-01-25,4627.509522541695
1973-01-26,4564.993459033177
1973-01-29,4645.85082937242
1973-01-30,4544.155880407069
1973-01-31,4486.526317913539
1973-02-01,4400.820504720257
1973-02-02,4187.762108658131
1973-02-05,4300.376127337137
1973-02-06,4249.955357337333
1973-02-07,4199.135847876524
1973-02-08,4260.879515816533
1973-02-09,4209.417972594487
1973-02-13,4340.286733246048
1973-02-14,4332.935982486562
1973-02-15,4445.110623558246
1973-02-16,4509.5929375213855
1973-02-19,4588.578989898595
1973-02-20,4638.4576217881695
1973-02-21,4607.771115805484
1973-02-22,4590.106736429082
1973-02-23,4535.485995725468
1973-02-26,4461.287364254549
1973-02-27,4518.673530098066
1973-02-28,4455.039531246535
1973-03-01,4471.598312719743
1973-03-02,4371.156594849588
1973-03-05,4151.825006733094
1973-03-06,4254.180049208642
1973-03-07,4308.36571561963
1973-03-08,4320.671882932452
1973-03-09,4340.9617079708205
1973-03-12,4355.334969441452
1973-03-13,4396.671009814853
1973-03-14,4436.7331616433685
1973-03-15,4469.462675606117
1973-03-16,4436.596309961103
1973-03-19,4461.537157059392
1973-03-20,4468.39369124986
1973-03-22,4442.922713267268
1973-03-23,4407.4052784401565
1973-03-26,4412.839349927929
1973-03-27,4427.0991702136525
1973-03-28,4457.765615068917
1973-03-29,4511.011661840773
1973-03-30,4560.414811280476
1973-04-02,4515.365017758541
1973-04-03,4499.171129293135
1973-04-04,4436.320952328878
1973-04-05,4369.416431224925
1973-04-06,4378.556200542349
1973-04-09,4348.851605293943
1973-04-10,4285.8389819115655
1973-04-11,4277.963450069587
1973-04-12,4179.856378268727
1973-04-13,4129.564187006839
1973-04-16,3958.792996532541
1973-04-17,4011.8797526881876
1973-04-18,4130.505223206177
1973-04-19,4123.817247683211
1973-04-20,4060.755907135752
1973-04-23,3921.7734107573597
1973-04-24,3870.2988798146534
1973-04-25,3817.324142270234
1973-04-26,3926.374067064481
1973-04-27,3988.593676496115
1973-05-01,4010.133803166739
1973-05-02,4016.769343215528
1973-05-07,4077.4741425313405
1973-05-08,4076.485849151401
1973-05-09,4048.4240397188464
1973-05-10,4071.6800091571113
1973-05-11,4098.9474500983415
1973-05-14,4163.595146249048
1973-05-15,4105.663078801132
1973-05-16,4168.723043952261
1973-05-17,4140.401315673279
1973-05-18,4171.10941945832
1973-05-21,4077.603540382248
1973-05-22,4084.6782516403364
1973-05-23,4059.76631857967
1973-05-24,4013.93092518154
1973-05-25,4043.8196350215367
1973-05-28,4044.2866786954423
1973-05-29,4043.416705484398
1973-05-30,4032.5640979153327
1973-05-31,3983.8588255192194
1973-06-01,3974.888662883058
1973-06-04,3934.8176145847137
1973-06-05,3971.8774087921306
1973-06-06,4022.2866878417117
1973-06-07,4043.4605307549646
1973-06-08,4045.5892540020027
1973-06-11,4028.686293505022
1973-06-12,3998.6950115843506
1973-06-13,4033.7474487863633
1973-06-14,4013.68994643379
1973-06-15,4008.826672026153
1973-06-18,3975.05303360216
1973-06-19,3984.7465066300683
1973-06-20,4010.5616232076836
1973-06-21,4023.2875041993734
1973-06-22,4086.4745481364735
1973-06-25,4102.885351517004
1973-06-26,4059.902334574306
1973-06-27,4094.5753079654273
1973-06-28,4098.71549775219
1973-06-29,4093.5658210132256
1973-07-02,4105.841165043079
1973-07-03,4136.106243968915
1973-07-04,4181.641648610834
1973-07-05,4159.0843385160015
1973-07-06,4164.448679112591
1973-07-09,4185.643375047596
1973-07-10,4198.632750900799
1973-07-11,4261.074053431837
1973-07-12,4304.318756433961
1973-07-13,4331.9719109289135
1973-07-16,4351.452836159619
1973-07-17,4358.474143341469
1973-07-18,4349.701917113783
1973-07-19,4373.913608916402
1973-07-23,4383.384128408013
1973-07-24,4389.813738019202
1973-07-25,4415.384505804651
1973-07-26,4462.827835229871
1973-07-27,4492.670030169285
1973-07-30,4480.053254213907
1973-07-31,4421.398008763743
1973-08-01,4361.7771369993325
1973-08-02,4404.4453489329735
1973-08-03,4372.245737748795
1973-08-06,4339.347899414936
1973-08-07,4348.788476462849
1973-08-08,4362.907501506342
1973-08-09,4363.962035391518
1973-08-10,4323.1721574739095
1973-08-13,4307.889774946023
1973-08-14,4314.4877799306105
1973-08-15,4312.0450315830485
1973-08-16,4263.916244862229
1973-08-17,4244.42826529396
1973-08-20,4239.740122518049
1973-08-21,4280.106219168003
1973-08-22,4297.646860799173
1973-08-23,4272.858887164603
1973-08-24,4240.496356899618
1973-08-27,4242.271035947315
1973-08-28,4244.977165000421
1973-08-29,4279.125104956716
1973-08-30,4295.531393918415
1973-08-31,4289.631285594719
1973-09-03,4251.446427922234
1973-09-04,4205.733077101373
1973-09-05,4111.860043085494
1973-09-06,4093.7703256173795
1973-09-07,4106.33732236869
1973-09-10,4128.505560687265
1973-09-11,4032.926064561432
1973-09-12,4085.0903818397956
1973-09-13,4063.026002145477
1973-09-14,4083.7554765678624
1973-09-17,4066.1987256163447
1973-09-18,4008.5877463726297
1973-09-19,3972.191454342669
1973-09-20,3909.6994258489854
1973-09-21,3864.826884594968
1973-09-25,3934.9485286141194
1973-09-26,3972.7390760563844
1973-09-27,4067.3591238223194
1973-09-28,4063.077331345147
1973-10-01,4063.397388284754
1973-10-02,4054.21212027026
1973-10-03,4087.2387510128265
1973-10-04,4065.8452640683727
1973-10-05,4016.0846317388987
1973-10-08,3969.8819254673067
1973-10-09,3955.878335905134
1973-10-11,3951.6996548570373
1973-10-12,3920.8997468339394
1973-10-15,3935.131825738646
1973-10-16,3943.5179861963506
1973-10-17,3948.4527971691086
1973-10-18,3977.999650859641
1973-10-19,4010.2029682814873
1973-10-22,4008.1223432424954
1973-10-23,4049.0026707551074
1973-10-24,4107.52085125581
1973-10-25,4112.708711224846
1973-10-26,4079.077131352162
1973-10-29,4080.9847062556164
1973-10-30,4145.244363915482
1973-10-31,4142.758995932685
1973-11-01,4085.8722908524087
1973-11-02,4113.65675721076
1973-11-05,4123.661814817447
1973-11-06,4070.7809909165653
1973-11-07,4085.0435329612146
1973-11-08,4110.261493251871
1973-11-09,4100.301301862824
1973-11-12,3978.3022222886166
1973-11-13,3906.344288950246
1973-11-14,3946.6677153781147
1973-11-15,3921.4992441243458
1973-11-16,3871.718692884112
1973-11-19,3927.429093595453
1973-11-20,3919.796313203188
1973-11-21,3858.0275704968544
1973-11-22,3789.444688747609
1973-11-26,3858.7767690345986
1973-11-27,3785.8487046668715
1973-11-28,3842.585055681094
1973-11-29,3894.7654777191515
1973-11-30,4098.503419965701
1973-12-03,3982.868551785921
1973-12-04,3927.883269397796
1973-12-05,3916.0492719602353
1973-12-06,3829.042117375843
1973-12-07,3783.650861349388
1973-12-10,3679.331783192934
1973-12-11,3653.8432538252955
1973-12-12,3619.806834082094
1973-12-13,3563.5343800151645
1973-12-14,3568.082939829683
1973-12-17,3571.5012308197865
1973-12-18,3498.5170386479667
1973-12-19,3525.6351166253808
1973-12-20,3681.7395292138535
1973-12-21,3674.8250997677656
1973-12-25,3570.0260756364955
1973-12-26,3708.744621450456
1973-12-27,3792.6999515082825
1973-12-28,3808.3758627639522
1974-01-04,3766.6481684326986
1974-01-07,3697.5828164040245
1974-01-08,3709.8628225996395
1974-01-09,3711.1406460569965
1974-01-11,3690.1682074057676
1974-01-14,3782.223057388475
1974-01-16,3817.4338117752964
1974-01-17,3815.793118622852
1974-01-18,3867.325243764185
1974-01-21,3852.6334008757826
1974-01-22,3869.390406744937
1974-01-23,3943.0835111212814
1974-01-24,3973.558062665334
1974-01-25,3961.562501482651
1974-01-28,4017.6101564113555
1974-01-29,3999.68252198441
1974-01-30,3995.1526853747127
1974-01-31,3941.751613087753
1974-02-01,3977.602929783198
1974-02-04,4032.8639496133164
1974-02-05,4036.06164469064
1974-02-06,4064.5155861527946
1974-02-07,4122.361772232238
1974-02-08,4056.329960259422
1974-02-12,4078.526816953697
1974-02-13,4039.3471088749834
1974-02-14,4012.004339410064
1974-02-15,4036.278313100449
1974-02-18,4031.923403594238
1974-02-19,4011.4625995153683
1974-02-20,4009.0912858423376
1974-02-21,3975.4612633724228
1974-02-22,3956.834628679869
1974-02-25,3950.6508011488536
1974-02-26,3969.8063818056503
1974-02-27,3965.0692418324193
1974-02-28,3981.532008507279
1974-03-01,4028.164390569566
1974-03-04,4092.460266973692
1974-03-05,4080.8447285198
1974-03-06,4066.527611023128
1974-03-07,4040.532862950291
1974-03-08,4019.7627471107353
1974-03-11,4009.1831622164036
1974-03-12,3982.3578170561054
1974-03-13,3958.6628561729794
1974-03-14,3966.550848173091
1974-03-15,3967.110811298118
1974-03-18,3950.186250383491
1974-03-19,3927.429482937872
1974-03-20,3915.074550014411
1974-03-22,3913.1500644851526
1974-03-25,3901.742159780481
1974-03-26,3935.967363472915
1974-03-27,3964.953843199036
1974-03-28,3974.3956966264122
1974-03-29,3971.044854672223
1974-04-01,3971.5876204180445
1974-04-02,3961.432605116991
1974-04-03,3952.4668195159907
1974-04-04,3916.992706035993
1974-04-05,3935.5980457231267
1974-04-08,3957.6139680973524
1974-04-09,3939.702442597611
1974-04-10,3955.1739002184104
1974-04-11,3970.7017525929245
1974-04-12,4039.8908548931618
1974-04-15,4070.8816129333763
1974-04-16,4035.801126385212
1974-04-17,4080.062181870808
1974-04-18,4095.9567408749645
1974-04-19,4108.087383632478
1974-04-22,4103.79053680336
1974-04-23,4083.613725683065
1974-04-24,4071.573138657563
1974-04-25,4056.8582998750207
1974-04-26,4076.973349718453
1974-04-30,4118.2700751306
1974-05-01,4138.189497103685
1974-05-02,4174.607998960929
1974-05-07,4180.446616142219
1974-05-08,4194.83453249242
1974-05-09,4184.39981466546
1974-05-10,4184.116929685983
1974-05-13,4194.220408846398
1974-05-14,4177.229327239792
1974-05-15,4160.823168956349
1974-05-16,4171.265990452374
1974-05-17,4195.384010670506
1974-05-20,4174.978691378348
1974-05-21,4208.637330605407
1974-05-22,4239.7601415727895
1974-05-23,4241.864202790099
1974-05-24,4202.493472140996
1974-05-27,4232.9910031725485
1974-05-28,4238.441758997922
1974-05-29,4265.074462675051
1974-05-30,4265.485802118161
1974-05-31,4240.971575075728
1974-06-03,4260.505143041752
1974-06-04,4238.726752348139
1974-06-05,4269.927014843025
1974-06-06,4271.035246758997
1974-06-07,4224.010279891355
1974-06-10,4145.175697775169
1974-06-11,4197.42590900179
1974-06-12,4217.584615049679
1974-06-13,4192.856518529307
1974-06-14,4186.692736866909
1974-06-17,4187.918651984833
1974-06-18,4190.547853398662
1974-06-19,4209.678827291515
1974-06-20,4206.294662467895
1974-06-21,4172.279569152159
1974-06-24,4166.565799091566
1974-06-25,4158.526269906092
1974-06-26,4178.029555592843
1974-06-27,4152.835368353323
1974-06-28,4117.161554869538
1974-07-01,4134.805617061618
1974-07-02,4114.949404464239
1974-07-03,4092.3159917762564
1974-07-04,4092.576533822244
1974-07-05,4140.473046756937
1974-07-08,4083.3776968920206
1974-07-09,4034.112432925247
1974-07-10,4100.3321422338095
1974-07-11,4097.048222925694
1974-07-12,4053.7684242118376
1974-07-15,4011.4027733126964
1974-07-16,4052.177361152314
1974-07-17,4049.979764064402
1974-07-18,4024.1894889502473
1974-07-19,4046.01357548442
1974-07-22,4057.4856598868073
1974-07-23,4048.084145783959
1974-07-24,4064.8809397395057
1974-07-25,4079.5124015619876
1974-07-26,4073.2735855078704
1974-07-29,4031.71145988367
1974-07-30,4002.3762978185327
1974-07-31,4027.2894139496993
1974-08-01,4026.8710133357267
1974-08-02,3941.7024247469963
1974-08-05,3822.656895402146
1974-08-06,3763.0737876088674
1974-08-07,3846.7494704823002
1974-08-08,3854.690941793663
1974-08-09,3844.0556525625047
1974-08-12,3849.270937658951
1974-08-13,3794.013190991446
1974-08-14,3750.670277077927
1974-08-15,3759.683206474773
1974-08-16,3814.8472867203427
1974-08-19,3803.6364087519537
1974-08-20,3780.331465361447
1974-08-21,3695.3999912388613
1974-08-22,3628.4535494375746
1974-08-23,3682.0957531884283
1974-08-26,3587.584048720769
1974-08-27,3607.796289298968
1974-08-28,3568.6504548038133
1974-08-29,3582.0019339258965
1974-08-30,3656.067246768572
1974-09-02,3714.5230149046556
1974-09-03,3678.867681251135
1974-09-04,3641.848499707246
1974-09-05,3715.3099759861043
1974-09-06,3667.8343739807324
1974-09-09,3678.0848707488217
1974-09-10,3659.3723966600796
1974-09-11,3675.773420660564
1974-09-12,3668.5211743175023
1974-09-13,3628.859064135392
1974-09-17,3566.3646132723015
1974-09-18,3590.4168259109433
1974-09-19,3613.538355175762
1974-09-20,3641.9267280620898
1974-09-24,3631.61703750832
1974-09-25,3632.8848315305436
1974-09-26,3615.9402765254895
1974-09-27,3564.9750931631156
1974-09-30,3555.0588305547994
1974-10-01,3469.0910386830296
1974-10-02,3424.263003887521
1974-10-03,3380.6507612101186
1974-10-04,3302.6993712784365
1974-10-07,3246.9020735049367
1974-10-08,3194.1194398097955
1974-10-09,3021.7060494538687
1974-10-11,3164.3997391961043
1974-10-14,3244.5694553498083
1974-10-15,3306.836134168339
1974-10-16,3347.3293963221004
1974-10-17,3333.4786151783146
1974-10-18,3378.136346762832
1974-10-21,3331.4630449714227
1974-10-22,3296.236202851809
1974-10-23,3315.844296825927
1974-10-24,3270.151920226771
1974-10-25,3227.948938686633
1974-10-28,3068.917946090107
1974-10-29,3168.478689314673
1974-10-30,3136.985400570193
1974-10-31,3242.0197474674374
1974-11-01,3199.964875364242
1974-11-05,3209.9530116551036
1974-11-06,3228.0988543362314
1974-11-07,3259.4844627480165
1974-11-08,3292.554584259489
1974-11-11,3368.1452788476067
1974-11-12,3405.35684749402
1974-11-13,3408.221474530607
1974-11-14,3425.9002282425986
1974-11-15,3399.733684512111
1974-11-18,3375.4850982863054
1974-11-19,3347.520496123051
1974-11-20,3336.7899233414996
1974-11-21,3310.1168285752224
1974-11-22,3396.0263512849774
1974-11-25,3453.4526487604426
1974-11-26,3487.6724927999403
1974-11-27,3550.160207225976
1974-11-28,3540.725793881454
1974-11-29,3549.146011143102
1974-12-02,3592.172629857703
1974-12-03,3573.52934174424
1974-12-04,3532.781398718214
1974-12-05,3530.1297658603453
1974-12-06,3480.952453188485
1974-12-09,3590.2341080361716
1974-12-10,3565.956891397515
1974-12-11,3555.403160536292
1974-12-12,3545.770140774694
1974-12-13,3515.20383783625
1974-12-16,3530.034997413772
1974-12-17,3531.171710245315
1974-12-18,3543.763315539773
1974-12-19,3532.3143634715743
1974-12-20,3517.225149208008
1974-12-24,3470.202335371439
1974-12-25,3526.475358737634
1974-12-26,3521.2753036545496
1974-12-27,3473.6689270919187
1974-12-30,3474.003940479028
1975-01-06,3366.245714527776
1975-01-07,3389.187733374087
1975-01-08,3329.2118767051384
1975-01-09,3308.235408028382
1975-01-13,3313.3246517200937
1975-01-14,3371.5367158711624
1975-01-16,3389.4611427645
1975-01-17,3469.6536648021915
1975-01-20,3464.483377123207
1975-01-21,3436.0675045864227
1975-01-22,3413.1204103423624
1975-01-23,3400.9190412904095
1975-01-24,3396.556559180891
1975-01-27,3427.7573086496955
1975-01-28,3483.270334705845
1975-01-29,3523.578820407571
1975-01-30,3581.041981055975
1975-01-31,3588.999778718124
1975-02-03,3626.562285025673
1975-02-04,3631.568583081298
1975-02-05,3662.7645091451955
1975-02-06,3663.61097479108
1975-02-07,3662.1800436630533
1975-02-10,3713.222210899933
1975-02-12,3715.380026643098
1975-02-13,3739.8363035867405
1975-02-14,3728.1373536466926
1975-02-17,3757.4097179765204
1975-02-18,3708.201261644544
1975-02-19,3680.0280037552484
1975-02-20,3718.3650638505837
1975-02-21,3727.4707608796384
1975-02-24,3798.4653816150803
1975-02-25,3801.204608720184
1975-02-26,3820.4562853997154
1975-02-27,3857.3789276845773
1975-02-28,3882.0718867088976
1975-03-03,3908.4496445521254
1975-03-04,3875.8645537200327
1975-03-05,3868.6073002184726
1975-03-06,3871.5722133767417
1975-03-07,3890.7697858916813
1975-03-10,3935.7476038546106
1975-03-11,3927.747777589311
1975-03-12,3952.754881845865
1975-03-13,3910.606814715063
1975-03-14,3873.897734492076
1975-03-17,3885.830619243444
1975-03-18,3904.5138107226903
1975-03-19,3887.5116751098067
1975-03-20,3862.9389620925203
1975-03-24,3844.9932192240612
1975-03-25,3864.097776634492
1975-03-26,3876.2999136476565
1975-03-27,3931.2877429507066
1975-03-28,3997.2056576336627
1975-03-31,4081.6095126450987
1975-04-01,4076.515590940706
1975-04-02,4089.0061565858673
1975-04-03,4090.957481408684
1975-04-04,4044.7864129659833
1975-04-07,4001.2379566259633
1975-04-08,4011.103823629015
1975-04-09,4053.2078856432518
1975-04-10,4063.4990293090586
1975-04-11,4063.2270602092003
1975-04-14,4074.541184679101
1975-04-15,4047.9335283080827
1975-04-16,4028.3273915698537
1975-04-17,4029.6554031327328
1975-04-18,4028.860430359884
1975-04-21,4008.4271184670183
1975-04-22,3969.1333827159588
1975-04-23,3984.857688841389
1975-04-24,3979.172109491757
1975-04-25,4003.824874046463
1975-04-28,4079.4091246995486
1975-04-30,4089.2035798489233
1975-05-01,4107.325434542649
1975-05-02,4147.574149412966
1975-05-06,4148.275238489934
1975-05-07,4146.878741635925
1975-05-08,4152.861463637496
1975-05-09,4137.051284879443
1975-05-12,4164.474535732336
1975-05-13,4119.811043085436
1975-05-14,4126.997717459303
1975-05-15,4153.807075844345
1975-05-16,4148.138432752157
1975-05-19,4117.824006286225
1975-05-20,4124.958574840371
1975-05-21,4112.466356517103
1975-05-22,4128.174540251651
1975-05-23,4084.8722220774516
1975-05-26,4070.3820412540317
1975-05-27,4081.89885680529
1975-05-28,4072.7399598336006
1975-05-29,4040.44182319322
1975-05-30,4026.4904973989583
1975-06-02,4000.1572352619405
1975-06-03,4020.0969925633194
1975-06-04,4081.4059199776507
1975-06-05,4100.177173395224
1975-06-06,4144.304496185916
1975-06-09,4102.9620235145285
1975-06-10,4091.4295346932154
1975-06-11,4105.016143682911
1975-06-12,4090.2635355924613
1975-06-13,4085.968103021778
1975-06-16,4120.516448643951
1975-06-17,4124.572108025587
1975-06-18,4113.931406212548
1975-06-19,4113.203944192561
1975-06-20,4105.852944481914
1975-06-23,4116.92566748094
1975-06-24,4138.741086487604
1975-06-25,4131.7200167418405
1975-06-26,4104.081358731391
1975-06-27,4116.447830608616
1975-06-30,4148.329543300664
1975-07-01,4156.674853399148
1975-07-02,4148.068452336402
1975-07-03,4111.849905716806
1975-07-04,4070.332614322985
1975-07-07,4038.5410165958074
1975-07-08,4019.9760986853676
1975-07-09,4041.6206785868276
1975-07-10,4037.5879366137806
1975-07-11,4055.3083641385474
1975-07-14,4055.874681336848
1975-07-15,4060.3436023273844
1975-07-16,4063.6680181626984
1975-07-17,4027.821041087284
1975-07-18,4011.3584456854614
1975-07-22,3942.910602946704
1975-07-23,3960.8536319436107
1975-07-24,3947.7533994538817
1975-07-25,3962.9042245959804
1975-07-28,3933.9413392158367
1975-07-29,3970.0443787978797
1975-07-30,3953.3089977510563
1975-07-31,3973.591780992786
1975-08-01,3936.8143257945167
1975-08-04,3948.596657649447
1975-08-05,3906.958214488943
1975-08-06,3888.7142639251847
1975-08-07,3867.8888931948372
1975-08-08,3894.7812126791378
1975-08-11,3891.286586044583
1975-08-12,3870.4100289329767
1975-08-13,3849.648891366709
1975-08-14,3860.3116108694817
1975-08-15,3882.6343874555473
1975-08-18,3891.1816620540826
1975-08-19,3878.916349492564
1975-08-20,3841.7202161033993
1975-08-21,3819.861375429369
1975-08-22,3797.4295279296534
1975-08-25,3764.3390884160913
1975-08-26,3721.0015975672013
1975-08-27,3707.8325708457255
1975-08-28,3681.3398427025195
1975-08-29,3730.76126402523
1975-09-01,3717.6904213489615
1975-09-02,3719.7155919817487
1975-09-03,3686.5331745643234
1975-09-04,3630.045279005048
1975-09-05,3573.7125881907477
1975-09-08,3652.089529534437
1975-09-09,3628.8088654474022
1975-09-10,3643.754095567824
1975-09-11,3680.7428844443307
1975-09-12,3704.0088935006925
1975-09-16,3707.946998527216
1975-09-17,3702.016673809356
1975-09-18,3672.886609525523
1975-09-19,3655.554112972436
1975-09-22,3619.5144422681747
1975-09-24,3627.311172431018
1975-09-25,3619.37405697442
1975-09-26,3584.4808674369992
1975-09-29,3510.227267501269
1975-09-30,3577.154336461695
1975-10-01,3562.490168004919
1975-10-02,3582.124549796245
1975-10-03,3665.712790319761
1975-10-06,3776.6720655219774
1975-10-07,3776.2193526781975
1975-10-08,3821.389775202098
1975-10-09,3869.736511571675
1975-10-13,3850.759895176708
1975-10-14,3881.6614353207915
1975-10-15,3901.5043960911808
1975-10-16,3900.178026551845
1975-10-17,3923.297034906666
1975-10-20,3952.5301053390344
1975-10-21,3926.518429701549
1975-10-22,3957.8028453612205
1975-10-23,3960.4725090343804
1975-10-24,3974.1583258041455
1975-10-27,3994.4935915442948
1975-10-28,3983.1525267047605
1975-10-29,4020.6890366630882
1975-10-30,3985.925182997532
1975-10-31,4013.692651583033
1975-11-04,4002.459893118871
1975-11-05,3972.7672397162223
1975-11-06,3950.3938279864
1975-11-07,3988.197018695961
1975-11-10,4018.182317410074
1975-11-11,4000.4854932418816
1975-11-12,4002.930540928453
1975-11-13,3977.660999564237
1975-11-14,3981.6092025465637
1975-11-17,3980.3977436194978
1975-11-18,3986.5623461748496
1975-11-19,3953.7117452213756
1975-11-20,3977.501253457251
1975-11-21,3959.538439835871
1975-11-25,3920.6087820127887
1975-11-26,3972.986644534175
1975-11-27,3993.2026062118935
1975-11-28,3999.6119730175055
1975-12-01,3978.7049684970098
1975-12-02,3977.630784792029
1975-12-03,4002.640317773784
1975-12-04,3980.166209418638
1975-12-05,3983.139493407904
1975-12-08,3944.208138673548
1975-12-09,3912.7009372923335
1975-12-10,3927.9358210301048
1975-12-11,3928.6862016163805
1975-12-12,3911.1582156849454
1975-12-15,3906.7384492521996
1975-12-16,3895.1700545654303
1975-12-17,3863.1142646714006
1975-12-18,3867.5496051664813
1975-12-19,3903.703774839829
1975-12-22,3917.708647603471
1975-12-24,3939.6078732229457
1975-12-25,3988.028613597269
1975-12-26,4017.821832848977
1975-12-29,4018.183050729597
1975-12-30,4018.5443010851163
1976-01-05,4075.290840033835
1976-01-06,4118.7536287169605
1976-01-07,4137.006569635275
1976-01-08,4152.734801186674
1976-01-09,4151.439238694708
1976-01-12,4241.288464239553
1976-01-13,4248.712399701911
1976-01-14,4264.508653464994
1976-01-16,4287.382588540378
1976-01-19,4268.888059413973
1976-01-20,4285.643342152636
1976-01-21,4277.038909982469
1976-01-22,4231.7314404692515
1976-01-23,4245.402092903501
1976-01-26,4298.54353001969
1976-01-27,4318.160219650563
1976-01-28,4297.110727049165
1976-01-29,4287.632260420561
1976-01-30,4315.750549782636
1976-02-02,4328.50658573704
1976-02-03,4292.788129871859
1976-02-04,4310.030597797035
1976-02-05,4295.747899509558
1976-02-06,4253.242339273874
1976-02-09,4189.8050851311855
1976-02-10,4191.477050515699
1976-02-12,4207.809611494625
1976-02-13,4236.2461981526285
1976-02-16,4209.9974606524975
1976-02-17,4211.272283387924
1976-02-18,4180.139280695573
1976-02-19,4138.66760955311
1976-02-20,4164.567707807202
1976-02-23,4171.4898412814155
1976-02-24,4175.647627699384
1976-02-25,4225.866472738594
1976-02-26,4267.991084299356
1976-02-27,4295.542675034546
1976-03-01,4297.492659526917
1976-03-02,4290.542141697819
1976-03-03,4286.922739049843
1976-03-04,4279.617336959132
1976-03-05,4282.067994134779
1976-03-08,4263.722687834604
1976-03-09,4259.3295352771665
1976-03-10,4278.260835722995
1976-03-11,4282.021493600808
1976-03-12,4270.784193564921
1976-03-15,4278.993068087642
1976-03-16,4264.076308091774
1976-03-17,4256.977992897718
1976-03-18,4274.867526063672
1976-03-19,4283.3670011498225
1976-03-23,4298.334444617068
1976-03-24,4306.985578293618
1976-03-25,4295.446273480995
1976-03-26,4340.432631434419
1976-03-29,4244.017770906942
1976-03-30,4231.151280715287
1976-03-31,4272.304467044602
1976-04-01,4258.982877647453
1976-04-02,4252.352705836592
1976-04-05,4194.5709608021925
1976-04-06,4165.203341447444
1976-04-07,4205.073412185773
1976-04-08,4184.898407600867
1976-04-09,4151.478405605748
1976-04-12,4113.505748805311
1976-04-13,4099.951101732059
1976-04-14,4104.876449018502
1976-04-15,4146.601432878122
1976-04-16,4163.056967847106
1976-04-19,4165.51297940898
1976-04-20,4195.006925796484
1976-04-21,4220.448344484454
1976-04-22,4236.811553975619
1976-04-23,4255.940722330239
1976-04-26,4249.506884717306
1976-04-27,4295.296094131907
1976-04-28,4320.567337477894
1976-04-30,4335.025806574185
1976-05-06,4265.282897039583
1976-05-07,4296.422945826551
1976-05-10,4311.953364132605
1976-05-11,4307.419713707823
1976-05-12,4297.605542647548
1976-05-13,4328.598484082016
1976-05-14,4315.059033682432
1976-05-17,4312.983251458709
1976-05-18,4259.881436122962
1976-05-19,4273.702528455337
1976-05-20,4287.814882701039
1976-05-21,4268.631141427491
1976-05-24,4276.576449626157
1976-05-25,4257.482387260522
1976-05-26,4275.557523022356
1976-05-27,4259.6200036468945
1976-05-28,4295.555156793377
1976-05-31,4342.941043765824
1976-06-01,4367.990636070863
1976-06-02,4387.413247530713
1976-06-03,4407.500490344997
1976-06-04,4398.147330240448
1976-06-07,4413.949480150863
1976-06-08,4382.5703540154045
1976-06-09,4388.404390405863
1976-06-10,4373.302571998392
1976-06-11,4372.841213848632
1976-06-14,4390.437419501972
1976-06-15,4419.342260643259
1976-06-16,4434.341521581765
1976-06-17,4419.629235314593
1976-06-18,4381.663992525869
1976-06-21,4422.062080873104
1976-06-22,4386.536919025465
1976-06-23,4389.015564925776
1976-06-24,4394.33172161599
1976-06-25,4410.438504973509
1976-06-28,4475.373530960925
1976-06-29,4502.988110465277
1976-06-30,4529.645274641112
1976-07-01,4542.498185489209
1976-07-02,4531.740789869536
1976-07-05,4525.360551951185
1976-07-06,4522.677208019943
1976-07-07,4533.516353416108
1976-07-08,4496.137447765292
1976-07-09,4519.650483660592
1976-07-12,4491.045376369174
1976-07-13,4460.88579353889
1976-07-14,4434.103806397996
1976-07-15,4387.044072797316
1976-07-16,4399.3172452366825
1976-07-19,4380.9533981425075
1976-07-21,4389.302877482427
1976-07-22,4397.233716166079
1976-07-23,4412.726031469051
1976-07-26,4362.214252965535
1976-07-27,4374.126106560864
1976-07-28,4373.233514913777
1976-07-29,4343.98551592641
1976-07-30,4339.836563383456
1976-08-02,4339.268147698045
1976-08-03,4349.574436645047
1976-08-04,4389.526346029652
1976-08-05,4402.86749787844
1976-08-06,4412.50733896871
1976-08-09,4407.2296460063135
1976-08-10,4420.724671592316
1976-08-11,4437.832871553295
1976-08-12,4425.847563284996
1976-08-13,4431.918518644108
1976-08-16,4419.042408358226
1976-08-17,4425.9740543992775
1976-08-18,4428.845397541285
1976-08-19,4430.500670756434
1976-08-20,4414.728761382954
1976-08-23,4396.109061503172
1976-08-24,4397.05062299342
1976-08-25,4395.2304849543025
1976-08-26,4383.626919208918
1976-08-27,4390.78474511786
1976-08-30,4397.868591766751
1976-08-31,4436.857322295487
1976-09-01,4482.134896884087
1976-09-02,4478.391043835402
1976-09-03,4462.816846825365
1976-09-06,4439.250709081632
1976-09-07,4403.475548728801
1976-09-08,4402.516597085066
1976-09-09,4381.3953037328165
1976-09-10,4410.8762919766405
1976-09-13,4431.806168940319
1976-09-14,4406.952796947681
1976-09-16,4414.88741486082
1976-09-17,4426.374778282509
1976-09-20,4430.1215551387
1976-09-21,4441.733810127996
1976-09-22,4447.582213606669
1976-09-24,4434.925703639878
1976-09-27,4427.179898036598
1976-09-28,4483.500589630863
1976-09-29,4532.862138424235
1976-09-30,4529.726125930816
1976-10-01,4516.114255033052
1976-10-04,4534.941813577935
1976-10-05,4530.266832627336
1976-10-06,4526.247958399346
1976-10-07,4507.153097850051
1976-10-08,4483.242849954257
1976-10-12,4403.308327272457
1976-10-13,4414.188236828554
1976-10-14,4413.443757856585
1976-10-15,4413.759459914051
1976-10-18,4396.243836729873
1976-10-19,4359.907299727095
1976-10-20,4343.014537860649
1976-10-21,4353.575660590913
1976-10-22,4335.956662025166
1976-10-25,4333.159246588287
1976-10-26,4336.3138554379875
1976-10-27,4350.3989981492
1976-10-28,4358.062403842793
1976-10-29,4363.295229355536
1976-11-01,4362.921773160526
1976-11-02,4338.344247514259
1976-11-04,4297.983162238982
1976-11-05,4247.949718481575
1976-11-08,4254.322278251229
1976-11-09,4283.084073902722
1976-11-10,4321.010737699457
1976-11-11,4310.025410134349
1976-11-12,4290.102151600069
1976-11-15,4278.915682566431
1976-11-16,4246.844243451771
1976-11-17,4242.899649430828
1976-11-18,4192.181782093496
1976-11-19,4184.688711377009
1976-11-22,4209.919639527172
1976-11-24,4262.89840345301
1976-11-25,4289.059908871445
1976-11-26,4298.402927968212
1976-11-29,4270.809592463183
1976-11-30,4238.19048057081
1976-12-01,4236.781627876531
1976-12-02,4229.29693137252
1976-12-03,4273.2640171650855
1976-12-06,4314.039049662542
1976-12-07,4375.197274419776
1976-12-08,4438.509149899504
1976-12-09,4484.028083356858
1976-12-10,4484.04742708425
1976-12-13,4471.372733263778
1976-12-14,4452.455810574956
1976-12-15,4483.814435052283
1976-12-16,4485.114105909321
1976-12-17,4512.526257301836
1976-12-20,4537.569544194067
1976-12-21,4578.771825918675
1976-12-22,4624.574934725383
1976-12-24,4613.945560756473
1976-12-27,4683.48705628532
1976-12-28,4699.982133201821
1976-12-29,4700.318331896291
1976-12-30,4700.654554639696
1977-01-04,4708.503441410345
1977-01-05,4694.423799132193
1977-01-06,4663.838106293734
1977-01-07,4673.052282714256
1977-01-11,4651.552417528937
1977-01-12,4643.335679530398
1977-01-13,4671.904572667717
1977-01-14,4706.90442700819
1977-01-17,4696.088356064094
1977-01-18,4658.514062458045
1977-01-19,4702.841411986222
1977-01-20,4705.747279950667
1977-01-21,4724.603903637801
1977-01-24,4764.683292329504
1977-01-25,4755.987914139826
1977-01-26,4783.129709697009
1977-01-27,4757.989836305939
1977-01-28,4753.6014880243265
1977-01-31,4679.851933342298
1977-02-01,4723.405400519364
1977-02-02,4783.75390340395
1977-02-03,4760.142946315391
1977-02-04,4778.081021467397
1977-02-07,4791.107042474489
1977-02-08,4798.927048042974
1977-02-09,4781.707372254475
1977-02-10,4768.637376257699
1977-02-14,4698.28799081298
1977-02-15,4706.87745663194
1977-02-16,4732.077982060024
1977-02-17,4772.34492341718
1977-02-18,4755.135810247043
1977-02-21,4755.452992600013
1977-02-22,4742.167111266878
1977-02-23,4743.484183076987
1977-02-24,4756.385765790747
1977-02-25,4760.290737912896
1977-02-28,4760.608264115579
1977-03-01,4763.239549931612
1977-03-02,4791.406526248496
1977-03-03,4776.615188209121
1977-03-04,4776.2162071536895
1977-03-07,4776.534795634719
1977-03-08,4755.722084025509
1977-03-09,4732.44107397536
1977-03-10,4734.268432796214
1977-03-11,4829.424318802716
1977-03-14,4829.746456430336
1977-03-15,4689.348548299497
1977-03-16,4722.226035036122
1977-03-17,4724.00568665285
1977-03-18,4715.096575210602
1977-03-22,4715.411086822022
1977-03-23,4715.952240131414
1977-03-24,4706.104661055402
1977-03-25,4690.781965197078
1977-03-28,4691.094854948362
1977-03-29,4706.961511604476
1977-03-30,4716.48553761967
1977-03-31,4739.268122088683
1977-04-01,4736.397144839432
1977-04-04,4736.713077265118
1977-04-05,4701.371869998539
1977-04-06,4615.467795372477
1977-04-07,4628.820304971184
1977-04-08,4607.29554090445
1977-04-11,4607.602861851486
1977-04-12,4661.196423314983
1977-04-13,4701.6639795469
1977-04-14,4742.288463492326
1977-04-15,4751.623067249177
1977-04-18,4751.940015291259
1977-04-19,4765.16671525324
1977-04-20,4803.970008205994
1977-04-21,4845.002545055875
1977-04-22,4881.894357353496
1977-04-25,4882.219994895936
1977-04-26,4831.259337384168
1977-04-27,4822.11329176375
1977-04-28,4821.54491710697
1977-05-02,4828.580305487127
1977-05-06,4869.444370527412
1977-05-09,4869.769177616995
1977-05-10,4853.376965086989
1977-05-11,4819.942021946748
1977-05-12,4811.77600024534
1977-05-13,4783.089885887458
1977-05-16,4783.408932864245
1977-05-17,4779.482925805892
1977-05-18,4771.814388166426
1977-05-19,4769.081243765415
1977-05-20,4761.363286475627
1977-05-23,4761.6808842206365
1977-05-24,4765.059808727637
1977-05-25,4761.842222478668
1977-05-26,4760.415855449558
1977-05-27,4729.668459220869
1977-05-30,4729.98394282229
1977-05-31,4727.48340312043
1977-06-01,4791.42021774705
1977-06-02,4754.854116763213
1977-06-03,4733.9867587575045
1977-06-06,4734.30253040294
1977-06-07,4753.4916042793775
1977-06-08,4709.5814452559225
1977-06-09,4699.841001286297
1977-06-10,4700.600078175033
1977-06-13,4700.913622824999
1977-06-14,4673.894768439556
1977-06-15,4662.052471426711
1977-06-16,4667.003005673256
1977-06-17,4716.297513804003
1977-06-20,4716.6121055217645
1977-06-21,4720.466632138314
1977-06-22,4704.381139377152
1977-06-23,4684.392056637728
1977-06-24,4699.227606971841
1977-06-27,4699.541060073708
1977-06-28,4746.354173996074
1977-06-29,4753.563825830729
1977-06-30,4737.074802048031
1977-07-01,4718.456806240792
1977-07-04,4718.771541990077
1977-07-05,4727.472018929899
1977-07-06,4694.099869549168
1977-07-07,4722.888534197867
1977-07-08,4735.523078689833
1977-07-11,4735.838952812588
1977-07-12,4825.273799372033
1977-07-13,4805.340613490884
1977-07-14,4802.421085989421
1977-07-15,4778.264449729202
1977-07-18,4778.5831748343835
1977-07-19,4752.521526164339
1977-07-21,4717.133156519414
1977-07-22,4724.224309974567
1977-07-25,4724.539430434294
1977-07-26,4692.354843827935
1977-07-27,4673.826105884515
1977-07-28,4662.130750807973
1977-07-29,4610.540203611125
1977-08-01,4730.793296687303
1977-08-02,4726.554097761669
1977-08-03,4765.886887104917
1977-08-04,4811.272718814245
1977-08-05,4813.695476275054
1977-08-08,4814.016564739942
1977-08-09,4828.367849021481
1977-08-10,4819.7007716886965
1977-08-11,4844.899320870168
1977-08-12,4884.419887719099
1977-08-15,4884.745693722271
1977-08-16,4949.793162879524
1977-08-17,4978.261818329456
1977-08-18,4963.7862710013505
1977-08-19,4968.15236264066
1977-08-22,4968.4837538604215
1977-08-23,4916.255212855091
1977-08-24,4934.250395775866
1977-08-25,4902.822272904186
1977-08-26,4931.823898434409
1977-08-29,4932.1528664325815
1977-08-30,4983.726889907671
1977-08-31,4992.391191958729
1977-09-01,4902.972049931896
1977-09-02,4988.933519402522
1977-09-05,4989.266296790095
1977-09-06,5036.317467043412
1977-09-07,5020.574783996071
1977-09-08,5029.997466379586
1977-09-09,5002.724954169265
1977-09-12,5003.058651488447
1977-09-13,4957.496756805007
1977-09-14,4956.655451251872
1977-09-16,4961.026184097869
1977-09-19,4961.357099979352
1977-09-20,4934.564557551506
1977-09-21,4952.411639788561
1977-09-22,4945.498283287509
1977-09-26,4916.096488373428
1977-09-27,4918.7792489868925
1977-09-28,4943.160547263926
1977-09-29,4979.19609135374
1977-09-30,5019.851139506859
1977-10-03,5020.185979195887
1977-10-04,5018.1554358054445
1977-10-05,4981.134753047133
1977-10-06,5003.784886702818
1977-10-07,4995.477142741165
1977-10-11,4995.810356608775
1977-10-12,4901.351422185992
1977-10-13,4949.692949048827
1977-10-14,4916.125181104502
1977-10-17,4916.453101949386
1977-10-18,4874.24340752814
1977-10-19,4876.9732596907525
1977-10-20,4907.626871415125
1977-10-21,4915.083152022253
1977-10-24,4915.411003360556
1977-10-25,4900.562369339679
1977-10-26,4894.59880576728
1977-10-27,4889.1783964007345
1977-10-28,4888.530713090937
1977-10-31,4888.856793298952
1977-11-01,4922.420289586682
1977-11-02,4794.5552860470625
1977-11-04,4798.446364369465
1977-11-07,4798.766435671146
1977-11-08,4798.570749791151
1977-11-09,4753.187751249457
1977-11-10,4751.804279783661
1977-11-11,4720.177151597898
1977-11-14,4720.49200209957
1977-11-15,4773.487479869456
1977-11-16,4731.230593201383
1977-11-17,4685.403968164991
1977-11-18,4621.711360082897
1977-11-21,4622.019642609924
1977-11-22,4615.3607562443485
1977-11-24,4514.8439055882045
1977-11-25,4394.249829398982
1977-11-28,4394.542939534222
1977-11-29,4610.158665014234
1977-11-30,4636.336469297739
1977-12-01,4682.96830598751
1977-12-02,4697.728587235392
1977-12-05,4698.041940347979
1977-12-06,4690.016281980268
1977-12-07,4673.382837491737
1977-12-08,4606.018393412137
1977-12-09,4632.5428643565365
1977-12-12,4632.851869378597
1977-12-13,4600.29202744701
1977-12-14,4571.477426849931
1977-12-15,4600.9057554969095
1977-12-16,4589.797882973409
1977-12-19,4590.104036772222
1977-12-20,4699.02126170393
1977-12-21,4690.386756818964
1977-12-22,4686.268575950014
1977-12-26,4669.7166498947345
1977-12-27,4675.598759119854
1977-12-28,4655.090562811822
1977-12-29,4655.401071835522
1977-12-30,4655.71160157114
1978-01-04,4660.676206302276
1978-01-05,4731.104248178986
1978-01-06,4763.430125009511
1978-01-09,4782.937888587401
1978-01-11,4795.188837573493
1978-01-12,4784.6956142653935
1978-01-13,4818.497787364758
1978-01-17,4826.385203232363
1978-01-18,4849.839036412382
1978-01-19,4853.035399004956
1978-01-20,4851.356101307736
1978-01-23,4834.529828120429
1978-01-24,4815.315667517943
1978-01-25,4797.71846958063
1978-01-26,4811.682717220354
1978-01-27,4818.5771289224385
1978-01-30,4865.941980292425
1978-01-31,4898.936624130325
1978-02-01,4924.910153699863
1978-02-02,4922.198314384772
1978-02-03,4916.409696086297
1978-02-06,4920.551424955596
1978-02-07,4919.20986024589
1978-02-08,4932.258749660615
1978-02-09,4935.89413952065
1978-02-10,4932.750695160096
1978-02-13,4946.233840438734
1978-02-14,4925.359957660958
1978-02-15,4914.514722187899
1978-02-16,4921.8326818129535
1978-02-17,4878.337216010359
1978-02-20,4878.623092959334
1978-02-21,4855.427162685183
1978-02-22,4878.331637164896
1978-02-23,4896.701129299658
1978-02-24,4913.825264041355
1978-02-27,5010.365591434556
1978-02-28,5011.177376514309
1978-03-01,4999.879443011826
1978-03-02,5003.348838119392
1978-03-03,5026.741258813815
1978-03-06,4988.560341488916
1978-03-07,4999.7655781911135
1978-03-08,4982.186161139499
1978-03-09,4969.8555277671085
1978-03-10,5003.044499662222
1978-03-13,5064.595693161018
1978-03-14,5058.796421183644
1978-03-15,5068.454095795261
1978-03-16,5086.716075024612
1978-03-17,5080.301875139025
1978-03-20,5060.491083408957
1978-03-22,5064.571359372894
1978-03-23,5058.250816126155
1978-03-24,5054.417432837331
1978-03-27,5107.158076325907
1978-03-28,5149.01163760426
1978-03-29,5188.151892461403
1978-03-30,5198.552532574981
1978-03-31,5233.905114367604
1978-04-03,5217.465370728689
1978-04-04,5265.24721965874
1978-04-05,5311.8330398946
1978-04-06,5283.651662455355
1978-04-07,5271.439328846231
1978-04-10,5252.1516419222435
1978-04-11,5238.032489652469
1978-04-12,5252.59404183034
1978-04-13,5254.372828058397
1978-04-14,5290.604450798163
1978-04-17,5330.388148068811
1978-04-18,5321.19240695952
1978-04-19,5341.810265795183
1978-04-20,5335.123549276145
1978-04-21,5290.943437044549
1978-04-24,5303.264203740614
1978-04-25,5310.23035454801
1978-04-26,5328.680172919972
1978-04-27,5305.6970804396315
1978-04-28,5323.168101444719
1978-05-01,5322.277636703496
1978-05-02,5330.448862125934
1978-05-08,5316.850169208483
1978-05-09,5282.150916394049
1978-05-10,5278.486878255244
1978-05-11,5281.817203656531
1978-05-12,5290.51788923283
1978-05-15,5292.300066651007
1978-05-16,5214.965802157811
1978-05-17,5235.761683469603
1978-05-18,5204.075068206753
1978-05-19,5201.790836788069
1978-05-22,5205.984626913164
1978-05-23,5215.194314614295
1978-05-24,5251.919590157367
1978-05-25,5252.824391849578
1978-05-26,5237.216374205225
1978-05-29,5238.043278121401
1978-05-30,5236.973057046398
1978-05-31,5267.383546563
1978-06-01,5273.923398271091
1978-06-02,5278.383055792124
1978-06-05,5292.879827642929
1978-06-06,5287.911544016066
1978-06-07,5288.828647235621
1978-06-08,5302.904713409055
1978-06-09,5299.3134418569125
1978-06-12,5310.53055095277
1978-06-13,5293.190003732614
1978-06-14,5301.632611653714
1978-06-15,5295.969132366096
1978-06-16,5292.038930040586
1978-06-19,5278.673735987688
1978-06-20,5276.554304937288
1978-06-21,5280.757493142924
1978-06-22,5285.915645157634
1978-06-23,5283.805625141707
1978-06-26,5284.028652312771
1978-06-27,5275.497839471618
1978-06-28,5303.708809316113
1978-06-29,5335.13387841095
1978-06-30,5344.925092334607
1978-07-03,5364.360414346058
1978-07-04,5363.7485594661475
1978-07-05,5377.882965795717
1978-07-06,5389.5692253670295
1978-07-07,5417.625014642533
1978-07-10,5431.938331022436
1978-07-11,5429.285492431073
1978-07-12,5428.581024015659
1978-07-13,5425.937532900669
1978-07-14,5431.089425914744
1978-07-17,5438.78880355268
1978-07-18,5438.431891470254
1978-07-19,5443.073665289316
1978-07-21,5417.935185355854
1978-07-24,5383.277620505234
1978-07-25,5368.575832598407
1978-07-26,5381.283486544214
1978-07-27,5381.424920510459
1978-07-28,5384.549498157066
1978-07-31,5407.377348070427
1978-08-01,5392.315250015298
1978-08-02,5359.234790602941
1978-08-03,5365.245922866409
1978-08-04,5384.765746671782
1978-08-07,5367.06249897724
1978-08-08,5303.890908471612
1978-08-09,5293.1533918137275
1978-08-10,5308.936109604633
1978-08-11,5314.859047700848
1978-08-14,5320.521839624816
1978-08-15,5307.145561155376
1978-08-16,5311.282091885133
1978-08-17,5303.603609425061
1978-08-18,5309.614683360736
1978-08-21,5327.0956007403065
1978-08-22,5332.770427894572
1978-08-23,5334.87074805073
1978-08-24,5318.764641939556
1978-08-25,5325.541806070916
1978-08-28,5321.688200076159
1978-08-29,5342.926005659991
1978-08-30,5371.899221908668
1978-08-31,5399.271457469848
1978-09-01,5413.286361334442
1978-09-04,5450.43828218801
1978-09-05,5454.334724837787
1978-09-06,5450.651726877527
1978-09-07,5464.508545761575
1978-09-08,5425.248717586602
1978-09-11,5454.511241209546
1978-09-12,5475.933432612641
1978-09-13,5476.089983750685
1978-09-14,5474.8726558402095
1978-09-18,5486.859154308145
1978-09-19,5468.365937184122
1978-09-20,5438.889854233422
1978-09-21,5440.562940323315
1978-09-22,5454.0888476498985
1978-09-25,5478.501134172207
1978-09-26,5509.650983015838
1978-09-27,5552.8911925058665
1978-09-28,5568.642493574608
1978-09-29,5586.53443892428
1978-10-02,5595.0886648546075
1978-10-03,5594.1291336246895
1978-10-04,5602.510835326099
1978-10-05,5605.665735199566
1978-10-06,5607.707775109626
1978-10-09,5575.467761067667
1978-10-11,5574.506702763102
1978-10-12,5549.968722606474
1978-10-13,5546.440070227274
1978-10-16,5613.728136783685
1978-10-17,5653.346215107239
1978-10-18,5673.318720546344
1978-10-19,5687.81095690509
1978-10-20,5689.006458307876
1978-10-23,5676.553829279369
1978-10-24,5629.515913682046
1978-10-25,5652.650749032228
1978-10-26,5655.036032984605
1978-10-27,5704.140988799679
1978-10-30,5742.748493519267
1978-10-31,5719.935970403481
1978-11-01,5690.705015010749
1978-11-02,5713.76438694646
1978-11-06,5753.156574388504
1978-11-07,5761.015161310046
1978-11-08,5774.932197398441
1978-11-09,5765.877766374197
1978-11-10,5785.613060958036
1978-11-13,5790.906355198014
1978-11-14,5761.67563626902
1978-11-15,5720.622501433606
1978-11-16,5739.8654101447355
1978-11-17,5753.98090382104
1978-11-20,5766.042074193019
1978-11-21,5775.457117770117
1978-11-22,5798.567662527856
1978-11-24,5805.328373340665
1978-11-27,5799.848781861711
1978-11-28,5767.052555396845
1978-11-29,5768.84563058807
1978-11-30,5789.21737478171
1978-12-01,5823.8141882489135
1978-12-04,5876.393550715635
1978-12-05,5872.9632908368085
1978-12-06,5871.59984240972
1978-12-07,5881.1046342016225
1978-12-08,5895.57947533156
1978-12-11,5917.344473994704
1978-12-12,5900.472732385213
1978-12-13,5918.290163448912
1978-12-14,5905.70737080635
1978-12-15,5854.03998664107
1978-12-18,5803.997671851217
1978-12-19,5809.056113867718
1978-12-20,5800.998065399332
1978-12-21,5702.7826409153695
1978-12-22,5713.914974244926
1978-12-25,5718.192550919376
1978-12-26,5754.703339078288
1978-12-27,5806.981211545073
1978-12-28,5829.437422810215
1978-12-29,5829.779035476761
1979-01-04,5868.6881881889685
1979-01-05,5898.859198099763
1979-01-08,5903.64808376428
1979-01-09,5908.068412355169
1979-01-10,5927.112111026666
1979-01-11,5943.009527063424
1979-01-12,5940.543466559768
1979-01-16,5945.2970217327875
1979-01-17,5939.58457695344
1979-01-18,5934.8144009209545
1979-01-19,5934.71870349243
1979-01-22,5936.499073629358
1979-01-23,5954.706475449126
1979-01-24,5979.2933442683325
1979-01-25,5986.1897073965365
1979-01-26,5989.441073858864
1979-01-29,6020.479885728457
1979-01-30,6014.778572232092
1979-01-31,6041.076743343462
1979-02-01,6028.987295576274
1979-02-02,6016.973875623987
1979-02-05,5979.926519041798
1979-02-06,5928.0531208066195
1979-02-07,5938.947318102829
1979-02-08,5934.0854346212545
1979-02-09,5872.064325767172
1979-02-13,5859.785286002202
1979-02-14,5896.487594667211
1979-02-15,5936.6096151224665
1979-02-16,5963.182108326881
1979-02-19,5959.681963999127
1979-02-20,5951.403483432875
1979-02-21,5933.500199195616
1979-02-22,5942.065075235709
1979-02-23,5918.173463879551
1979-02-26,5926.466092194356
1979-02-27,5903.602698813476
1979-02-28,5911.3207755867425
1979-03-01,5816.915269708178
1979-03-02,5814.689871871146
1979-03-05,5855.21337600217
1979-03-06,5834.715073618254
1979-03-07,5858.83777888865
1979-03-08,5867.666009218736
1979-03-09,5884.480376260015
1979-03-12,5903.93565278065
1979-03-13,5900.097318719904
1979-03-14,5890.4053790530625
1979-03-15,5867.865392273271
1979-03-16,5869.382092548936
1979-03-19,5873.704250983271
1979-03-20,5897.334534575388
1979-03-22,5918.064305630952
1979-03-23,5923.412647696389
1979-03-26,5944.925902251356
1979-03-27,5952.488162354544
1979-03-28,5952.119244705946
1979-03-29,5979.465065243195
1979-03-30,5977.801838704504
1979-04-02,5934.298876727585
1979-04-03,5882.077245880333
1979-04-04,5886.412566362162
1979-04-05,5896.313709909769
1979-04-06,5897.608744055292
1979-04-09,5859.908730562824
1979-04-10,5777.260960091787
1979-04-11,5891.8119649137625
1979-04-12,5919.422802733505
1979-04-13,5963.301308510954
1979-04-16,5958.125349373508
1979-04-17,5927.837531647868
1979-04-18,5908.673576566454
1979-04-19,5915.090132174804
1979-04-20,5952.58216651822
1979-04-23,5970.033357620179
1979-04-24,5988.559591265109
1979-04-25,6027.534778513643
1979-04-26,6042.681279216836
1979-04-27,6071.488288823517
1979-05-01,6085.2725630972145
1979-05-02,6125.306149955929
1979-05-04,6133.942951487644
1979-05-07,6102.5318090703395
1979-05-08,6086.536223824389
1979-05-09,6098.646717854358
1979-05-10,6113.784282866011
1979-05-11,6123.965022501516
1979-05-14,6146.562888284926
1979-05-15,6158.581659309872
1979-05-16,6190.536322432894
1979-05-17,6137.909472890574
1979-05-18,6166.058882946974
1979-05-21,6157.85071659758
1979-05-22,6116.070909751559
1979-05-23,6087.068699559083
1979-05-24,6152.760831455875
1979-05-25,6166.161874169971
1979-05-28,6185.122057917247
1979-05-29,6146.555467531164
1979-05-30,6160.9747174852055
1979-05-31,6107.729911503592
1979-06-01,6034.160556721032
1979-06-04,6055.775577384012
1979-06-05,5983.083792121476
1979-06-06,6033.922070603484
1979-06-07,6044.62645934044
1979-06-08,6035.486330333693
1979-06-11,5926.991364319424
1979-06-12,5958.566324422485
1979-06-13,5981.524496476557
1979-06-14,5962.53621206327
1979-06-15,6005.290156641222
1979-06-18,6048.899393335172
1979-06-19,6047.517421758514
1979-06-20,6061.835065666541
1979-06-21,6108.827814375077
1979-06-22,6108.260000883316
1979-06-25,6101.072643063575
1979-06-26,6102.147196541514
1979-06-27,6119.552478761712
1979-06-28,6112.071302711329
1979-06-29,6109.694058088045
1979-07-02,6145.127973539415
1979-07-03,6164.974670617965
1979-07-04,6172.117249528302
1979-07-05,6155.236470296477
1979-07-06,6143.538335247392
1979-07-09,6122.9462054313435
1979-07-10,6043.552057085121
1979-07-11,6073.594652077312
1979-07-12,6022.310344784893
1979-07-13,5978.114124670756
1979-07-16,6056.177349395229
1979-07-17,6049.5972434850955
1979-07-18,6049.582883607123
1979-07-19,6048.94244998457
1979-07-20,6048.889301716465
1979-07-23,6049.727039826421
1979-07-24,6079.922115327765
1979-07-25,6118.833239816626
1979-07-26,6112.9389557528275
1979-07-27,6133.5674397958555
1979-07-30,6144.338076912699
1979-07-31,6182.341057199143
1979-08-01,6191.411961834012
1979-08-02,6198.524796952777
1979-08-03,6224.462166280704
1979-08-06,6260.519246577972
1979-08-07,6233.9830529961355
1979-08-08,6271.4943189273745
1979-08-09,6261.550020085017
1979-08-10,6264.67259270174
1979-08-13,6264.669905354851
1979-08-14,6265.598612766476
1979-08-15,6294.29391604736
1979-08-16,6313.6647815163005
1979-08-17,6322.8369247919045
1979-08-20,6319.427660776726
1979-08-21,6275.259242922369
1979-08-22,6287.870499942605
1979-08-23,6269.639194298903
1979-08-24,6257.88509745456
1979-08-27,6281.387602343091
1979-08-28,6308.716189392288
1979-08-29,6318.666504647647
1979-08-30,6311.010161946891
1979-08-31,6310.264881808093
1979-09-03,6280.869591084219
1979-09-04,6277.1908960925
1979-09-05,6287.308759104332
1979-09-06,6301.252225350004
1979-09-07,6287.344931159367
1979-09-10,6287.157306150673
1979-09-11,6303.398028304556
1979-09-12,6328.380844468334
1979-09-13,6324.958042484014
1979-09-14,6332.306115567266
1979-09-17,6316.100275294215
1979-09-18,6337.753181341385
1979-09-19,6360.4092887565575
1979-09-20,6344.182598286581
1979-09-21,6368.754742388134
1979-09-25,6369.758729290589
1979-09-26,6357.219525173873
1979-09-27,6418.276668995046
1979-09-28,6447.00045734733
1979-10-01,6456.469964817144
1979-10-02,6424.664109418564
1979-10-03,6422.647878729173
1979-10-04,6413.425355545943
1979-10-05,6449.019542496528
1979-10-08,6377.5801288093035
1979-10-09,6394.765699842642
1979-10-11,6280.346392930266
1979-10-12,6323.708159040751
1979-10-15,6409.577511530948
1979-10-16,6399.908853030052
1979-10-17,6380.103048346429
1979-10-18,6313.159476872461
1979-10-19,6302.972952247397
1979-10-22,6229.54427100431
1979-10-23,6258.774077975637
1979-10-24,6116.260679518665
1979-10-25,6126.044168373376
1979-10-26,6099.4362745804465
1979-10-29,6209.296218145788
1979-10-30,6294.376452923596
1979-10-31,6332.611136643151
1979-11-01,6332.965276668428
1979-11-02,6314.489229821891
1979-11-05,6313.102676081105
1979-11-06,6341.596448143241
1979-11-07,6259.6566871443765
1979-11-08,6282.134873934206
1979-11-09,6295.118855850881
1979-11-12,6306.629088909139
1979-11-13,6294.131665499487
1979-11-14,6306.6364176986835
1979-11-15,6266.142817904944
1979-11-16,6280.791249149538
1979-11-19,6269.204249490024
1979-11-20,6258.480787243207
1979-11-21,6199.711578413344
1979-11-22,6224.608259336016
1979-11-26,6282.931405899051
1979-11-27,6303.251364617709
1979-11-28,6315.851607944201
1979-11-29,6336.460979897613
1979-11-30,6346.014421618951
1979-12-03,6371.320988518139
1979-12-04,6383.583296644621
1979-12-05,6403.620573227885
1979-12-06,6399.3634568286925
1979-12-07,6358.761958539334
1979-12-10,6350.063398870355
1979-12-11,6342.387008089867
1979-12-12,6399.10236027286
1979-12-13,6391.96901082151
1979-12-14,6408.214813990896
1979-12-17,6390.341063195729
1979-12-18,6378.027676767513
1979-12-19,6377.133940191984
1979-12-20,6425.756651538866
1979-12-21,6435.775718591644
1979-12-25,6446.475292092591
1979-12-26,6431.8572585211905
1979-12-27,6429.853428732864
1979-12-28,6470.239279960374
1980-01-04,6461.447780761816
1980-01-07,6454.4280571976515
1980-01-08,6465.276758134421
1980-01-09,6493.780560957624
1980-01-10,6496.307798141663
1980-01-11,6517.870469887313
1980-01-14,6561.644308224218
1980-01-16,6555.8301950018185
1980-01-17,6559.209366443634
1980-01-18,6552.69473949699
1980-01-21,6569.802670722287
1980-01-22,6588.2427379703695
1980-01-23,6598.090390911246
1980-01-24,6650.462491919429
1980-01-25,6671.335376122439
1980-01-28,6667.683660367318
1980-01-29,6675.191907339293
1980-01-30,6681.271214977885
1980-01-31,6673.340327197543
1980-02-01,6683.078391576527
1980-02-04,6699.8089074150175
1980-02-05,6671.513466869294
1980-02-06,6706.628512592157
1980-02-07,6702.375474275349
1980-02-08,6722.898319949099
1980-02-12,6735.148043884936
1980-02-13,6743.3748591457415
1980-02-14,6747.586730155637
1980-02-15,6735.994726672716
1980-02-18,6666.229977703473
1980-02-19,6673.023230245809
1980-02-20,6715.764378680361
1980-02-21,6687.046666308473
1980-02-22,6694.060062379694
1980-02-25,6662.939301478218
1980-02-26,6651.623697970475
1980-02-27,6689.430716691004
1980-02-28,6656.903050837047
1980-02-29,6677.9236604276975
1980-03-03,6706.617286595294
1980-03-04,6691.914339050336
1980-03-05,6707.875793232865
1980-03-06,6651.04956344434
1980-03-07,6541.922722303066
1980-03-10,6425.761684195567
1980-03-11,6454.292333114111
1980-03-12,6527.545388567111
1980-03-13,6522.919925171504
1980-03-14,6512.446178923511
1980-03-17,6482.463016684922
1980-03-18,6498.202881436827
1980-03-19,6505.053507289452
1980-03-20,6505.4340123125285
1980-03-21,6492.980528632571
1980-03-24,6488.894237593072
1980-03-25,6453.710892851878
1980-03-26,6458.6539219461465
1980-03-27,6404.816885950665
1980-03-28,6400.16123561685
1980-03-31,6479.860964326394
1980-04-01,6427.468355135374
1980-04-02,6487.340957717578
1980-04-03,6538.343069358646
1980-04-04,6612.316028451206
1980-04-07,6660.573009494681
1980-04-08,6607.058414575383
1980-04-09,6632.8562751967775
1980-04-10,6655.264820903155
1980-04-11,6676.865742020935
1980-04-14,6732.844351092215
1980-04-15,6730.874349942905
1980-04-16,6696.246071786438
1980-04-17,6724.738034367013
1980-04-18,6737.6051383547165
1980-04-21,6737.286791473358
1980-04-22,6726.145684783229
1980-04-23,6770.901501262447
1980-04-24,6757.9010573782025
1980-04-25,6832.010879846963
1980-04-28,6803.566255258597
1980-04-30,6793.969442509246
1980-05-01,6793.891844054695
1980-05-02,6811.677893299744
1980-05-06,6785.7789523562205
1980-05-07,6765.152207904409
1980-05-08,6689.1903238987215
1980-05-09,6739.750428694802
1980-05-12,6687.240308563021
1980-05-13,6699.511898380587
1980-05-14,6680.894271376499
1980-05-15,6680.066711517699
1980-05-16,6667.0799566736705
1980-05-19,6569.760339053191
1980-05-20,6642.408392116421
1980-05-21,6756.5725191589945
1980-05-22,6771.537086579057
1980-05-23,6774.904676375331
1980-05-26,6767.406014005019
1980-05-27,6762.432809491283
1980-05-28,6785.167849399042
1980-05-29,6777.985745329275
1980-05-30,6792.550784909285
1980-06-02,6799.8840338244845
1980-06-03,6764.093926093579
1980-06-04,6734.215384143741
1980-06-05,6759.989680016439
1980-06-06,6753.704995289216
1980-06-09,6762.5643897566315
1980-06-10,6723.510608899126
1980-06-11,6766.299297401418
1980-06-12,6755.50363355861
1980-06-13,6762.927435938556
1980-06-16,6793.85876643221
1980-06-17,6740.607076382427
1980-06-18,6767.227851334511
1980-06-19,6734.831155129461
1980-06-20,6757.012049984822
1980-06-23,6804.05767399395
1980-06-24,6750.384105500164
1980-06-25,6706.027363052747
1980-06-26,6745.380869418035
1980-06-27,6770.07817074688
1980-06-30,6815.779523587674
1980-07-01,6770.195914649452
1980-07-02,6765.730625019153
1980-07-03,6810.168927293867
1980-07-04,6792.955043370106
1980-07-07,6656.812749949295
1980-07-08,6703.892228986413
1980-07-09,6738.195032470635
1980-07-10,6743.08533911922
1980-07-11,6737.24641464918
1980-07-14,6729.104156771169
1980-07-15,6743.404976045527
1980-07-16,6766.412985975108
1980-07-17,6761.110581994367
1980-07-18,6770.8084123729
1980-07-21,6793.753151643725
1980-07-22,6787.805551053529
1980-07-23,6789.563112693984
1980-07-24,6748.758319017258
1980-07-25,6763.563351957843
1980-07-28,6770.136209769188
1980-07-29,6765.238249353211
1980-07-30,6775.288906467188
1980-07-31,6774.224792419724
1980-08-01,6743.497739380755
1980-08-04,6709.220597293692
1980-08-05,6717.014935476271
1980-08-06,6696.662121080356
1980-08-07,6696.974265779194
1980-08-08,6728.796316653255
1980-08-11,6736.166045235369
1980-08-12,6759.5568971410075
1980-08-13,6792.391695238874
1980-08-14,6782.531895074186
1980-08-15,6795.67129684376
1980-08-18,6795.034961307813
1980-08-19,6824.03263643456
1980-08-20,6838.558714409121
1980-08-21,6814.033959136091
1980-08-22,6846.716765561144
1980-08-25,6883.738516039088
1980-08-26,6867.295805024961
1980-08-27,6892.171178510917
1980-08-28,6842.023574232308
1980-08-29,6876.487569404491
1980-09-01,6852.481760822943
1980-09-02,6878.604857903994
1980-09-03,6890.814863363574
1980-09-04,6881.558506324167
1980-09-05,6907.9564482155365
1980-09-08,6903.117314817873
1980-09-09,6903.083375496892
1980-09-10,6921.626511194973
1980-09-11,6944.600122353325
1980-09-12,6966.053553777122
1980-09-16,6986.484625920511
1980-09-17,6998.189117941931
1980-09-18,7002.908279319717
1980-09-19,7009.111314863501
1980-09-22,7014.3487793870645
1980-09-24,6941.202364070032
1980-09-25,6958.751520417512
1980-09-26,6967.8006388645035
1980-09-29,7030.168663302534
1980-09-30,7046.222717602264
1980-10-01,7093.058505503214
1980-10-02,7089.808525806011
1980-10-03,7112.96996331498
1980-10-06,7127.070266029217
1980-10-07,7121.441499031254
1980-10-08,7087.413652933949
1980-10-09,7102.74008863482
1980-10-13,7133.001461324845
1980-10-14,7130.96795789611
1980-10-15,7147.794509124509
1980-10-16,7125.804062083285
1980-10-17,7143.6383879529985
1980-10-20,7150.105218532953
1980-10-21,7140.587709337418
1980-10-22,7119.578465891627
1980-10-23,7107.068517200159
1980-10-24,7093.7092866032535
1980-10-27,7066.334226897861
1980-10-28,7065.999937627997
1980-10-29,7091.425133842258
1980-10-30,7103.0556355961535
1980-10-31,7129.363663596103
1980-11-04,7128.404850509572
1980-11-05,7155.764177873836
1980-11-06,7168.038914789083
1980-11-07,7130.613139095408
1980-11-10,7147.425802923124
1980-11-11,7115.659082439705
1980-11-12,7131.385760429775
1980-11-13,7136.3514503644865
1980-11-14,7141.9060861418575
1980-11-17,7109.004349002339
1980-11-18,7085.795632406969
1980-11-19,7119.593420376589
1980-11-20,7110.82047126559
1980-11-21,7102.425528413333
1980-11-25,7130.313005211595
1980-11-26,7171.515632984727
1980-11-27,7157.833483268743
1980-11-28,7109.796579098463
1980-12-01,7146.813361718089
1980-12-02,7130.032848525607
1980-12-03,7128.593331005339
1980-12-04,7137.266211988815
1980-12-05,7124.834797817607
1980-12-08,7113.7995811405835
1980-12-09,7104.201272357735
1980-12-10,7088.390766273193
1980-12-11,7032.445312658716
1980-12-12,7024.158521503731
1980-12-15,7033.527473433388
1980-12-16,7028.0360616508515
1980-12-17,7029.785906569827
1980-12-18,7055.608480384417
1980-12-19,7053.004384592727
1980-12-22,7043.696749482025
1980-12-23,7016.914340605938
1980-12-24,7035.738574802116
1980-12-25,7026.028653798091
1980-12-26,7057.675257339872
1980-12-29,7058.088087285645
1980-12-30,7058.500941379391
1981-01-05,7146.676165225953
1981-01-06,7133.735517982138
1981-01-07,7197.296963645681
1981-01-08,7219.073417888819
1981-01-09,7245.470295735071
1981-01-12,7249.637327940941
1981-01-13,7244.976960006891
1981-01-14,7243.375495398688
1981-01-16,7254.862371857305
1981-01-19,7295.507931493324
1981-01-20,7289.829040045131
1981-01-21,7315.6008280735505
1981-01-22,7293.970685875436
1981-01-23,7268.627984241384
1981-01-26,7250.943610747913
1981-01-27,7286.981522044401
1981-01-28,7281.780650920599
1981-01-29,7217.886251922618
1981-01-30,7257.209655125576
1981-02-02,7325.712765301043
1981-02-03,7295.368472809229
1981-02-04,7292.887860737878
1981-02-05,7283.33187346585
1981-02-06,7269.411713388456
1981-02-09,7245.602257673739
1981-02-10,7267.668625684016
1981-02-12,7268.048512265938
1981-02-13,7214.145838136338
1981-02-16,7172.819546637695
1981-02-17,7143.5918075992095
1981-02-18,7165.117884328493
1981-02-19,7130.139201992982
1981-02-20,7109.684847232784
1981-02-23,7104.5376512282055
1981-02-24,7120.939729513062
1981-02-25,7131.795753825015
1981-02-26,7130.785359850585
1981-02-27,7157.526937756689
1981-03-02,7167.00479653344
1981-03-03,7148.927957946684
1981-03-04,7146.605922743111
1981-03-05,7106.586616712819
1981-03-06,7094.133479121031
1981-03-09,7082.059479479283
1981-03-10,7073.130302093262
1981-03-11,7058.96940802108
1981-03-12,7000.776433672171
1981-03-13,6971.247149368336
1981-03-16,7139.8245365586345
1981-03-17,7136.287892629147
1981-03-18,7193.108479825459
1981-03-19,7213.700805399609
1981-03-20,7238.315387707067
1981-03-23,7311.542017773332
1981-03-24,7336.646231629522
1981-03-25,7344.859750864704
1981-03-26,7326.544439291643
1981-03-27,7322.725927855315
1981-03-30,7324.803023983472
1981-03-31,7354.929183679805
1981-04-01,7411.193626828182
1981-04-02,7438.680337081824
1981-04-03,7443.342002905475
1981-04-06,7470.40269735952
1981-04-07,7481.486429588398
1981-04-08,7532.236838586359
1981-04-09,7515.917669540024
1981-04-10,7541.925172054574
1981-04-13,7562.075857571852
1981-04-14,7540.357387514505
1981-04-15,7486.927814424346
1981-04-16,7444.75111264702
1981-04-17,7465.311869636939
1981-04-20,7511.819190678633
1981-04-21,7524.949207969394
1981-04-22,7561.377921250878
1981-04-23,7552.278287045461
1981-04-24,7563.445324108914
1981-04-27,7617.7112369981105
1981-04-28,7654.073219062885
1981-04-30,7705.097782590265
1981-05-01,7606.559680427388
1981-05-06,7496.231595236313
1981-05-07,7471.780366348255
1981-05-08,7527.174713591717
1981-05-11,7583.790615101568
1981-05-12,7512.968203822407
1981-05-13,7423.404519831895
1981-05-14,7500.988009581579
1981-05-15,7520.898804706177
1981-05-18,7486.22216781822
1981-05-19,7297.897395783031
1981-05-20,7406.085471417434
1981-05-21,7523.258392865323
1981-05-22,7577.511859715439
1981-05-25,7597.795934138598
1981-05-26,7613.720976668454
1981-05-27,7566.944926676944
1981-05-28,7540.073478731466
1981-05-29,7578.361994498921
1981-06-01,7629.320361176945
1981-06-02,7543.852495752423
1981-06-03,7520.250953380021
1981-06-04,7452.984138445235
1981-06-05,7470.637021145197
1981-06-08,7375.145776390378
1981-06-09,7416.094328879479
1981-06-10,7526.383440502112
1981-06-11,7612.076753491113
1981-06-12,7678.450473423413
1981-06-15,7756.207118842736
1981-06-16,7741.356222429461
1981-06-17,7750.634477308582
1981-06-18,7757.831655094359
1981-06-19,7760.8548374055445
1981-06-22,7715.315915509806
1981-06-23,7752.535053725723
1981-06-24,7754.189626073
1981-06-25,7740.781346227737
1981-06-26,7774.596861299258
1981-06-29,7901.573722877706
1981-06-30,7917.8202379124705
1981-07-01,7945.965324520912
1981-07-02,7956.116639939478
1981-07-03,7977.492374748441
1981-07-06,7979.986246808251
1981-07-07,7878.881559379017
1981-07-08,7969.8532983862
1981-07-09,7948.9490057476205
1981-07-10,7967.350064993745
1981-07-13,7978.765192840246
1981-07-14,7934.012080410535
1981-07-15,7909.284045056413
1981-07-16,7943.407705223298
1981-07-17,7933.301310899761
1981-07-20,7896.764041542876
1981-07-21,7813.212456717932
1981-07-22,7817.773426945159
1981-07-23,7774.130989227885
1981-07-24,7800.783784106643
1981-07-27,7875.467081844681
1981-07-28,7843.760124895489
1981-07-29,7883.2283727839695
1981-07-30,7891.533279330532
1981-07-31,7888.874499767405
1981-08-03,7876.94440301834
1981-08-04,7881.521029559089
1981-08-05,7950.987773215563
1981-08-06,7969.15713473507
1981-08-07,8032.951946246118
1981-08-10,8043.032827772868
1981-08-11,8050.725411902074
1981-08-12,8004.056334912688
1981-08-13,8019.319350209807
1981-08-14,8042.802342248799
1981-08-17,8086.365082657923
1981-08-18,8016.482690446114
1981-08-19,8029.18870477523
1981-08-20,8041.189971765145
1981-08-21,8064.115986242897
1981-08-24,7986.207253626917
1981-08-25,7885.482693394912
1981-08-26,7921.315932299418
1981-08-27,7865.378584784885
1981-08-28,7795.410552376726
1981-08-31,7885.850035099329
1981-09-01,7805.5128568403325
1981-09-02,7747.900772507067
1981-09-03,7748.640653486861
1981-09-04,7733.071793642224
1981-09-07,7674.557446486106
1981-09-08,7665.452326717791
1981-09-09,7700.677711212821
1981-09-10,7654.789382915888
1981-09-11,7615.0335066457055
1981-09-14,7614.836639122486
1981-09-16,7578.435883356493
1981-09-17,7612.131575167625
1981-09-18,7621.961152338647
1981-09-21,7596.177342423896
1981-09-22,7566.684007033643
1981-09-24,7436.914490054665
1981-09-25,7436.364350766915
1981-09-28,7107.589664631543
1981-09-29,7431.78872471413
1981-09-30,7531.028465235071
1981-10-01,7440.960475597589
1981-10-02,7452.724647788238
1981-10-05,7577.038579139499
1981-10-06,7583.800548927429
1981-10-07,7624.523916582101
1981-10-08,7601.348940348977
1981-10-09,7595.431837859099
1981-10-12,7668.208353420217
1981-10-13,7663.971728608387
1981-10-14,7574.420084003152
1981-10-15,7431.691859773763
1981-10-16,7309.739244931012
1981-10-19,7153.705872497681
1981-10-20,7187.752998011866
1981-10-21,7333.823731057958
1981-10-22,7296.129719255992
1981-10-23,7342.961243854439
1981-10-26,7342.990564001207
1981-10-27,7362.405727385946
1981-10-28,7404.698276191917
1981-10-29,7512.602440607836
1981-10-30,7534.488102153464
1981-11-02,7626.127360672124
1981-11-04,7659.462523143421
1981-11-05,7633.957447008256
1981-11-06,7624.311718249736
1981-11-09,7604.335866707537
1981-11-10,7616.774157839901
1981-11-11,7591.280883086598
1981-11-12,7594.187964935106
1981-11-13,7659.886006049358
1981-11-16,7767.002975592873
1981-11-17,7740.814124468334
1981-11-18,7760.197533687222
1981-11-19,7748.448451317016
1981-11-20,7740.9703158203265
1981-11-24,7696.1270148486765
1981-11-25,7745.265275855297
1981-11-26,7759.78467119367
1981-11-27,7649.408136647676
1981-11-30,7643.875851726973
1981-12-01,7616.369671825674
1981-12-02,7661.810960713688
1981-12-03,7721.810073958534
1981-12-04,7814.568507416225
1981-12-07,7888.985773289418
1981-12-08,7852.238249553138
1981-12-09,7843.260998138811
1981-12-10,7847.552969870563
1981-12-11,7831.766446977347
1981-12-14,7754.502981332311
1981-12-15,7782.022586918759
1981-12-16,7776.148984359495
1981-12-17,7784.582362730251
1981-12-18,7772.26395494006
1981-12-21,7771.668472288265
1981-12-22,7747.459493965204
1981-12-23,7785.832906692959
1981-12-24,7766.507158474759
1981-12-25,7769.530095044831
1981-12-28,7787.028675550615
1981-12-29,7787.478124899566
1981-12-30,7787.927600189696
1982-01-04,7825.92767336345
1982-01-05,7826.923768115712
1982-01-06,7805.368847486348
1982-01-07,7799.38708138179
1982-01-08,7770.464864103496
1982-01-11,7784.175111722541
1982-01-12,7740.551986816275
1982-01-13,7744.981609733979
1982-01-14,7777.276514361914
1982-01-18,7769.971491530303
1982-01-19,7788.444317293769
1982-01-20,7829.67642388728
1982-01-21,7850.742348893868
1982-01-22,7938.344919014879
1982-01-25,8022.964665550231
1982-01-26,7979.970867506046
1982-01-27,8044.559695049703
1982-01-28,8022.023387528539
1982-01-29,8037.719263848302
1982-02-01,8029.055688913059
1982-02-02,7946.529033580574
1982-02-03,7980.466494785311
1982-02-04,7954.324890279054
1982-02-05,7921.498527021498
1982-02-08,7904.742315040033
1982-02-09,7914.679937206231
1982-02-10,7881.5810496705935
1982-02-12,7810.150040248368
1982-02-15,7814.589195301082
1982-02-16,7814.813269688663
1982-02-17,7764.990518183155
1982-02-18,7805.469072260041
1982-02-19,7835.977160078378
1982-02-22,7882.236020238017
1982-02-23,7838.226737329979
1982-02-24,7787.363212057888
1982-02-25,7702.929840683819
1982-02-26,7670.952750008453
1982-03-01,7446.762392039748
1982-03-02,7428.903286859662
1982-03-03,7597.085400949925
1982-03-04,7475.989727410195
1982-03-05,7406.031418419853
1982-03-08,7368.809044831298
1982-03-09,7315.721411945706
1982-03-10,7414.9135647834455
1982-03-11,7379.209372228015
1982-03-12,7222.332447647079
1982-03-15,7198.449278293226
1982-03-16,7034.463224248247
1982-03-17,7006.974321017455
1982-03-18,7173.475893821137
1982-03-19,7186.720369153998
1982-03-23,7220.148305594633
1982-03-24,7318.779557970506
1982-03-25,7299.754552755419
1982-03-26,7329.369949263149
1982-03-29,7325.086866088762
1982-03-30,7320.121039379915
1982-03-31,7388.402762888946
1982-04-01,7422.641371234707
1982-04-02,7463.092582176956
1982-04-05,7475.152024583194
1982-04-06,7423.951710600144
1982-04-07,7360.224539755242
1982-04-08,7334.33881979841
1982-04-09,7339.439654505202
1982-04-12,7412.806380379371
1982-04-13,7384.872680128062
1982-04-14,7312.630417437343
1982-04-15,7251.306134569709
1982-04-16,7260.751743962298
1982-04-19,7266.827389185328
1982-04-20,7392.4971116086
1982-04-21,7395.434460813209
1982-04-22,7431.844426170252
1982-04-23,7471.090683375403
1982-04-26,7543.146233155744
1982-04-27,7556.811709183972
1982-04-28,7545.179202268331
1982-04-30,7530.804778620614
1982-05-04,7598.938235840191
1982-05-06,7661.240855289001
1982-05-07,7662.738835123779
1982-05-10,7709.9078453138645
1982-05-11,7683.409816300303
1982-05-12,7685.581797246915
1982-05-13,7750.722962504171
1982-05-14,7723.274143588968
1982-05-17,7768.188000524657
1982-05-18,7715.31815956013
1982-05-19,7720.990263855217
1982-05-20,7680.0621409761425
1982-05-21,7645.369569979847
1982-05-24,7616.506379099367
1982-05-25,7576.308476095287
1982-05-26,7598.731882368591
1982-05-27,7552.733784729225
1982-05-28,7472.342292928507
1982-05-31,7473.380672731951
1982-06-01,7517.7281157040015
1982-06-02,7493.95554048462
1982-06-03,7450.589398659054
1982-06-04,7449.626575851016
1982-06-07,7390.751075315652
1982-06-08,7388.804148643091
1982-06-09,7382.1216658638195
1982-06-10,7300.163431834289
1982-06-11,7344.69543992981
1982-06-14,7393.254894120691
1982-06-15,7341.08097311834
1982-06-16,7291.892010556933
1982-06-17,7279.952734988433
1982-06-18,7277.804235766289
1982-06-21,7240.89587176228
1982-06-22,7278.979269775042
1982-06-23,7306.670888181386
1982-06-24,7305.034065191769
1982-06-25,7356.426894619875
1982-06-28,7358.663726861035
1982-06-29,7335.1287309307045
1982-06-30,7369.47257569791
1982-07-01,7334.696785750093
1982-07-02,7238.594808841098
1982-07-05,7235.19516573097
1982-07-06,7172.764200709984
1982-07-07,7189.102681025159
1982-07-08,7114.7453411730185
1982-07-09,7145.492720089314
1982-07-12,7304.494593874853
1982-07-13,7348.208113549702
1982-07-14,7313.902308171233
1982-07-15,7358.08204545969
1982-07-16,7336.173331510052
1982-07-19,7399.928307605101
1982-07-20,7374.522665377214
1982-07-21,7372.9999340068825
1982-07-22,7390.650582758749
1982-07-23,7384.096725080192
1982-07-26,7367.611949445999
1982-07-27,7362.038106642254
1982-07-28,7356.923520093384
1982-07-29,7309.593184658366
1982-07-30,7285.713412605026
1982-08-02,7374.364964778401
1982-08-03,7380.064277235445
1982-08-04,7332.303281251326
1982-08-05,7257.4416418601095
1982-08-06,7232.936926995736
1982-08-09,7139.127516945169
1982-08-10,7090.582332128402
1982-08-11,7046.923599417767
1982-08-12,7042.266773022841
1982-08-13,7091.287649963622
1982-08-16,7103.749092340321
1982-08-17,7027.545323381906
1982-08-18,7157.240182278055
1982-08-19,7134.1074865660285
1982-08-20,7135.249829343744
1982-08-23,7222.766699746683
1982-08-24,7259.572363306693
1982-08-25,7298.543367304855
1982-08-26,7326.427146059376
1982-08-27,7359.374641586051
1982-08-30,7291.973473648327
1982-08-31,7297.069462440277
1982-09-01,7327.408575222437
1982-09-02,7300.573928634
1982-09-03,7351.930791468944
1982-09-06,7397.208249256058
1982-09-07,7387.54663279807
1982-09-08,7367.554045914556
1982-09-09,7300.908090502987
1982-09-10,7281.911909161378
1982-09-13,7250.491197230855
1982-09-14,7273.8737526471405
1982-09-16,7265.717740082842
1982-09-17,7240.143113810979
1982-09-20,7220.214460899422
1982-09-21,7218.25622214775
1982-09-22,7250.30878546803
1982-09-24,7245.57331106577
1982-09-27,7153.179890427208
1982-09-28,7117.7432214601795
1982-09-29,7157.755820877055
1982-09-30,7088.088915715497
1982-10-01,7026.013580912014
1982-10-04,7121.2774111967665
1982-10-05,7111.361244374684
1982-10-06,7155.130321988719
1982-10-07,7299.512977307443
1982-10-08,7553.3311544334265
1982-10-12,7606.832948684297
1982-10-13,7605.5947455760725
1982-10-14,7609.374317492091
1982-10-15,7567.473714356756
1982-10-18,7564.549844532612
1982-10-19,7566.510662815107
1982-10-20,7573.5430376412805
1982-10-21,7514.393581839737
1982-10-22,7519.051952425802
1982-10-25,7499.891457200999
1982-10-26,7392.232617833294
1982-10-27,7464.931439515189
1982-10-28,7487.4865164684925
1982-10-29,7454.763237416561
1982-11-01,7532.758491342724
1982-11-02,7595.860339169768
1982-11-04,7719.8792294544655
1982-11-05,7733.777070817841
1982-11-08,7757.579624262115
1982-11-09,7783.4804192672145
1982-11-10,7898.809556484179
1982-11-11,7919.995935885157
1982-11-12,7901.060785873991
1982-11-15,7976.383470837098
1982-11-16,7911.183938466947
1982-11-17,7954.637291154796
1982-11-18,8001.723893819741
1982-11-19,8073.6487716951615
1982-11-22,8122.095259366098
1982-11-24,8066.280128856645
1982-11-25,8057.007367041553
1982-11-26,8112.123892288013
1982-11-29,8159.731312199309
1982-11-30,8118.52612608907
1982-12-01,8192.196690567469
1982-12-02,8227.981260786795
1982-12-03,8218.807838120572
1982-12-06,8249.024152479433
1982-12-07,8256.184636833214
1982-12-08,8233.165510008374
1982-12-09,8173.132033947196
1982-12-10,8097.104270959798
1982-12-13,8112.754149845505
1982-12-14,8142.121432347905
1982-12-15,8111.072850174133
1982-12-16,8055.982482056065
1982-12-17,8094.520276513247
1982-12-20,8086.957958454939
1982-12-21,8038.175062034745
1982-12-22,7999.740455302383
1982-12-23,8060.5177573009405
1982-12-24,8137.299370442141
1982-12-27,8251.140313842932
1982-12-28,8253.303345046064
1983-01-04,8258.599627405885
1983-01-05,8305.102010016248
1983-01-06,8361.504233635203
1983-01-07,8412.166789854939
1983-01-10,8416.071921931389
1983-01-11,8320.700758434778
1983-01-12,8280.161866861894
1983-01-13,8341.572589033774
1983-01-14,8331.157437144197
1983-01-17,8325.613804765957
1983-01-18,8269.954666530784
1983-01-19,8208.985053797844
1983-01-20,8162.668475184244
1983-01-21,8231.190684702176
1983-01-24,8071.484364417556
1983-01-25,8040.155670373778
1983-01-26,8204.747856759303
1983-01-27,8184.3665389171765
1983-01-28,8259.286377409115
1983-01-31,8351.291002720678
1983-02-01,8353.835098916026
1983-02-02,8356.874146090253
1983-02-03,8236.956757543447
1983-02-04,8259.389920556983
1983-02-07,8258.033319851573
1983-02-08,8275.253423650669
1983-02-09,8243.44301169049
1983-02-10,8266.16951931268
1983-02-14,8384.61186275954
1983-02-15,8388.550768658268
1983-02-16,8399.28579829896
1983-02-17,8359.357633797808
1983-02-18,8300.016916076187
1983-02-21,8237.493473856213
1983-02-22,8166.640484619513
1983-02-23,8180.976226803732
1983-02-24,8235.655273228807
1983-02-25,8310.135158437226
1983-02-28,8341.027283479227
1983-03-01,8241.677579956164
1983-03-02,8267.328195008253
1983-03-03,8259.212649207362
1983-03-04,8269.627464413126
1983-03-07,8297.357735881737
1983-03-08,8283.164302369116
1983-03-09,8264.252966483195
1983-03-10,8284.690987449929
1983-03-11,8340.64442360744
1983-03-14,8348.909054118432
1983-03-15,8372.874448520692
1983-03-16,8433.486101199633
1983-03-17,8459.739108217913
1983-03-18,8501.22283908671
1983-03-22,8549.863994015122
1983-03-23,8580.794202500856
1983-03-24,8611.138736300172
1983-03-25,8573.058500090621
1983-03-28,8661.41829492132
1983-03-29,8699.268504667083
1983-03-30,8722.933876880175
1983-03-31,8756.525921459972
1983-04-01,8746.959790301991
1983-04-04,8764.784995935133
1983-04-05,8697.601273243796
1983-04-06,8759.059081435515
1983-04-07,8721.340825129033
1983-04-08,8714.477098392383
1983-04-11,8756.067359133523
1983-04-12,8749.74144760196
1983-04-13,8762.396751926286
1983-04-14,8839.075635123143
1983-04-15,8837.414157999154
1983-04-18,8869.255492392544
1983-04-19,8827.682955347036
1983-04-20,8851.517290533524
1983-04-21,8829.834672013947
1983-04-22,8851.025907094769
1983-04-25,8885.563204790997
1983-04-26,8897.78601291201
1983-04-27,8926.488986830058
1983-04-28,8928.779605075533
1983-05-02,8999.369685998303
1983-05-04,8957.081565309265
1983-05-06,8965.402322302321
1983-05-09,9016.782358447259
1983-05-10,8963.589031069123
1983-05-11,8988.447735600323
1983-05-12,8949.94347159886
1983-05-13,8925.179585635677
1983-05-16,8886.626612667302
1983-05-17,8866.853944121212
1983-05-18,8894.837426024764
1983-05-19,8880.379936067155
1983-05-20,8857.07590010817
1983-05-23,8823.588283787252
1983-05-24,8860.122087023141
1983-05-25,8880.063170290308
1983-05-26,8925.699057164566
1983-05-27,8917.798989008214
1983-05-30,8922.843819345702
1983-05-31,8918.358731627965
1983-06-01,8848.576835298863
1983-06-02,8816.099649729626
1983-06-03,8809.413821981976
1983-06-06,8804.630724316483
1983-06-07,8773.388570853385
1983-06-08,8742.940814358763
1983-06-09,8766.86222673196
1983-06-10,8800.818899038873
1983-06-13,8902.91732711134
1983-06-14,8923.80600789338
1983-06-15,8913.86058713048
1983-06-16,8952.636348425087
1983-06-17,9012.49013676076
1983-06-20,9022.329262962792
1983-06-21,9112.787598579538
1983-06-22,9142.528772528745
1983-06-23,9129.121855695228
1983-06-24,9162.637090060098
1983-06-27,9219.734083215146
1983-06-28,9156.187455683264
1983-06-29,9162.82510462854
1983-06-30,9191.02381749516
1983-07-01,9258.546931432591
1983-07-04,9296.245100658154
1983-07-05,9251.700515340433
1983-07-06,9310.988287961998
1983-07-07,9343.47169788589
1983-07-08,9340.482914094775
1983-07-11,9295.733936368439
1983-07-12,9263.502436674189
1983-07-13,9208.41055777875
1983-07-14,9210.317760285578
1983-07-15,9226.384186166842
1983-07-18,9211.362686761782
1983-07-19,9192.751389254818
1983-07-20,9256.120679462554
1983-07-21,9352.376056434301
1983-07-22,9325.598136556982
1983-07-25,9324.554865570932
1983-07-26,9339.08941868999
1983-07-27,9398.572131028226
1983-07-28,9450.604407521725
1983-07-29,9416.532678744403
1983-08-01,9351.49561455561
1983-08-02,9377.755612187984
1983-08-03,9353.105275923477
1983-08-04,9376.837282434199
1983-08-05,9281.925843576319
1983-08-08,9296.245876758512
1983-08-09,9207.722209805457
1983-08-10,9212.619048836063
1983-08-11,9244.36047311484
1983-08-12,9257.508899305527
1983-08-15,9361.226586738178
1983-08-16,9360.434235888166
1983-08-17,9351.586882517728
1983-08-18,9434.587592847749
1983-08-19,9487.13166702052
1983-08-22,9554.078196264038
1983-08-23,9518.68379859107
1983-08-24,9496.502120205712
1983-08-25,9492.560054015814
1983-08-26,9495.614779535352
1983-08-29,9524.140359285951
1983-08-30,9548.909784262785
1983-08-31,9542.66344464281
1983-09-01,9583.574554020652
1983-09-02,9537.086648287303
1983-09-05,9609.34627300121
1983-09-06,9612.855271069933
1983-09-07,9717.793778658955
1983-09-08,9694.206561981493
1983-09-09,9665.142815027475
1983-09-12,9718.749271188222
1983-09-13,9661.279768561144
1983-09-14,9635.57626258048
1983-09-16,9554.562048107418
1983-09-19,9498.519036232836
1983-09-20,9616.32876363145
1983-09-21,9635.956266348752
1983-09-22,9644.498131645738
1983-09-26,9713.050160385686
1983-09-27,9784.61260811166
1983-09-28,9817.516343346722
1983-09-29,9804.8121116915
1983-09-30,9774.11200686964
1983-10-03,9824.006575158846
1983-10-04,9797.733790731836
1983-10-05,9868.511416210897
1983-10-06,9908.572581820046
1983-10-07,9942.88860122607
1983-10-11,9871.24752728979
1983-10-12,9944.716314471525
1983-10-13,9850.698959081425
1983-10-14,9696.539970094893
1983-10-17,9798.207160278773
1983-10-18,9723.991511280237
1983-10-19,9653.493027665367
1983-10-20,9694.29998864682
1983-10-21,9747.50085861214
1983-10-24,9633.517625239498
1983-10-25,9605.518919306054
1983-10-26,9620.352575338613
1983-10-27,9700.4880161226
1983-10-28,9699.199788196001
1983-10-31,9736.558453977083
1983-11-01,9730.942674693093
1983-11-02,9724.379094044058
1983-11-04,9722.341659776384
1983-11-07,9696.3350382082
1983-11-08,9700.01043764569
1983-11-09,9677.444888028465
1983-11-10,9622.92020274747
1983-11-11,9687.325109078403
1983-11-14,9732.476823171924
1983-11-15,9765.01563396361
1983-11-16,9819.161229456648
1983-11-17,9805.237730303643
1983-11-18,9774.224072931042
1983-11-21,9798.784662414817
1983-11-22,9806.350867434525
1983-11-24,9762.054936029674
1983-11-25,9728.51217949522
1983-11-28,9680.95782073275
1983-11-29,9641.501511294393
1983-11-30,9708.552188302183
1983-12-01,9726.09565149099
1983-12-02,9771.654773401788
1983-12-05,9840.170261795101
1983-12-06,9834.073336912892
1983-12-07,9799.364331893064
1983-12-08,9858.263597157837
1983-12-09,9846.13313031636
1983-12-12,9839.45100577299
1983-12-13,9781.140122433984
1983-12-14,9797.91462896285
1983-12-15,9862.269194752786
1983-12-16,9933.844101560917
1983-12-19,9885.949569929213
1983-12-20,10036.31798756967
1983-12-21,10130.3677670892
1983-12-22,10122.310716179365
1983-12-23,10096.508606073752
1983-12-26,10266.35419811567
1983-12-27,10305.849952635828
1983-12-28,10316.684587441947
1984-01-04,10351.812021402427
1984-01-05,10372.822377967457
1984-01-06,10388.244274965307
1984-01-09,10485.191372610652
1984-01-10,10446.396824108951
1984-01-11,10505.535379728066
1984-01-12,10538.96851293711
1984-01-13,10588.2164592325
1984-01-17,10593.439459853666
1984-01-18,10536.135527182807
1984-01-19,10534.658546989493
1984-01-20,10540.985366955103
1984-01-23,10506.88545002983
1984-01-24,10457.16347515686
1984-01-25,10553.759510841786
1984-01-26,10621.53502793195
1984-01-27,10623.31669917661
1984-01-30,10680.904948312367
1984-01-31,10639.976566527099
1984-02-01,10645.317895812077
1984-02-02,10599.282872173819
1984-02-03,10576.579715542237
1984-02-06,10563.383208064359
1984-02-07,10501.014527920608
1984-02-08,10541.798166523142
1984-02-09,10439.873369937353
1984-02-10,10396.82517122809
1984-02-13,10400.644463736187
1984-02-14,10262.538566714005
1984-02-15,10327.354005458248
1984-02-16,10332.977595561117
1984-02-17,10362.541988936438
1984-02-20,10376.279722802201
1984-02-21,10410.953765951368
1984-02-22,10387.427475814373
1984-02-23,10379.332487094262
1984-02-24,10404.09106657092
1984-02-27,10517.932617147038
1984-02-28,10520.755704837044
1984-02-29,10476.183707367532
1984-03-01,10361.263545133748
1984-03-02,10391.144712734076
1984-03-05,10538.276571019764
1984-03-06,10507.130704249597
1984-03-07,10468.35781547596
1984-03-08,10404.133446192205
1984-03-09,10444.143830110861
1984-03-12,10537.879215058514
1984-03-13,10651.367982280859
1984-03-14,10786.828687836742
1984-03-15,10811.282554309191
1984-03-16,10928.034682082302
1984-03-19,10950.928694132914
1984-03-21,10882.48110534877
1984-03-22,10926.73512984027
1984-03-23,10979.928944561208
1984-03-26,10956.79115470293
1984-03-27,11003.875570321454
1984-03-28,11184.62469253834
1984-03-29,11290.307965434966
1984-03-30,11424.160267622303
1984-04-02,11551.124486251938
1984-04-03,11429.936754483359
1984-04-04,11501.702328633197
1984-04-05,11492.648686231498
1984-04-06,11411.351673453577
1984-04-09,11386.684035687971
1984-04-10,11412.67314474566
1984-04-11,11438.560163128992
1984-04-12,11467.993682243803
1984-04-13,11518.709319760868
1984-04-16,11523.834650997713
1984-04-17,11405.839668647983
1984-04-18,11433.957990976607
1984-04-19,11277.733534277853
1984-04-20,11299.981990468188
1984-04-23,11297.192481766848
1984-04-24,11256.892708263123
1984-04-25,11366.675630258338
1984-04-26,11403.931856815076
1984-04-27,11488.246392656552
1984-05-01,11527.84388591782
1984-05-02,11618.667038025085
1984-05-04,11707.760501340144
1984-05-07,11675.574538352486
1984-05-08,11564.586724838404
1984-05-09,11573.263555616331
1984-05-10,11384.764156487166
1984-05-11,11337.250386621805
1984-05-14,11054.593026841105
1984-05-15,11098.153717135983
1984-05-16,11114.6210276476
1984-05-17,10822.700363328446
1984-05-18,10599.533149541041
1984-05-21,10639.826870864308
1984-05-22,10532.406357504935
1984-05-23,10492.54686505822
1984-05-24,10731.9187298425
1984-05-25,10617.589130440752
1984-05-28,10590.731954670518
1984-05-29,10641.336892791656
1984-05-30,10617.68187900064
1984-05-31,10407.827886581641
1984-06-01,10380.004921363115
1984-06-04,10609.209264895917
1984-06-05,10742.729856492278
1984-06-06,10738.385234727988
1984-06-07,10803.535777196186
1984-06-08,10840.550390824861
1984-06-11,10868.111171676608
1984-06-12,10814.082365046988
1984-06-13,10763.295830760353
1984-06-14,10630.489546589448
1984-06-15,10534.878713907337
1984-06-18,10561.929368337023
1984-06-19,10682.689816485961
1984-06-20,10724.897323910298
1984-06-21,10655.698103958719
1984-06-22,10637.109328247017
1984-06-25,10658.37499069769
1984-06-26,10734.851663585765
1984-06-27,10804.365849897567
1984-06-28,10868.761775927087
1984-06-29,10875.400739037434
1984-07-02,10910.315030259755
1984-07-03,10846.173154891787
1984-07-04,10874.47522229824
1984-07-05,10921.792716114502
1984-07-06,10965.56012849232
1984-07-09,10873.035470667262
1984-07-10,10887.507324051008
1984-07-11,10854.68135477312
1984-07-12,10766.303611018084
1984-07-13,10645.062584033705
1984-07-16,10670.10567942662
1984-07-17,10738.093603891126
1984-07-18,10703.117078949786
1984-07-19,10578.289677654759
1984-07-20,10428.223305767702
1984-07-23,10174.962961185045
1984-07-24,10212.71308790902
1984-07-25,10277.249732691447
1984-07-26,10416.166295206418
1984-07-27,10525.687408702675
1984-07-30,10502.394925545763
1984-07-31,10486.978240432072
1984-08-01,10434.848903051403
1984-08-02,10580.513135424233
1984-08-03,10734.864625698066
1984-08-06,10942.455120447607
1984-08-07,10819.670205191931
1984-08-08,10750.327654924658
1984-08-09,10796.123661230164
1984-08-10,10886.334641517895
1984-08-13,10901.135090483162
1984-08-14,10871.457272087406
1984-08-15,10956.446742109933
1984-08-16,10932.477692439164
1984-08-17,10965.699079743647
1984-08-20,11054.154168546147
1984-08-21,11004.87238790883
1984-08-22,11060.256507242675
1984-08-23,11068.287321842528
1984-08-24,11077.694327068664
1984-08-27,11093.49429421432
1984-08-28,11100.730854149506
1984-08-29,11106.10838210973
1984-08-30,11113.250649984742
1984-08-31,11111.52329874083
1984-09-03,11160.135938843769
1984-09-04,11139.00753970427
1984-09-05,11072.277497305384
1984-09-06,10981.30926812187
1984-09-07,11026.070874769788
1984-09-10,10995.881888698867
1984-09-11,11018.97257708735
1984-09-12,11061.882729949702
1984-09-13,11109.815520705462
1984-09-14,11155.19011636745
1984-09-17,11171.202420335849
1984-09-18,11090.554165389103
1984-09-19,11083.802699704993
1984-09-20,11051.72593459166
1984-09-21,11035.120241229117
1984-09-25,11140.327492437444
1984-09-26,11156.762541048882
1984-09-27,11182.224221865488
1984-09-28,11188.324283968708
1984-10-01,11193.542424039222
1984-10-02,11074.483286553184
1984-10-03,11124.658759067996
1984-10-04,11182.572410680532
1984-10-05,11283.384917953555
1984-10-08,11220.100934809358
1984-10-09,11211.91205912631
1984-10-11,11241.945958129887
1984-10-12,11229.489632167964
1984-10-15,11330.418547481944
1984-10-16,11307.443628413052
1984-10-17,11292.109069993598
1984-10-18,11310.431171833658
1984-10-19,11400.552167727717
1984-10-22,11645.60352425874
1984-10-23,11595.72381280153
1984-10-24,11752.500586887247
1984-10-25,11724.468030115018
1984-10-26,11728.617563951904
1984-10-29,11752.12500451241
1984-10-30,11746.93870100821
1984-10-31,11833.03732932897
1984-11-01,11745.786734353513
1984-11-02,11830.798437933741
1984-11-05,11961.816341711217
1984-11-06,11881.923398858899
1984-11-07,11757.113785012018
1984-11-08,11745.362618778023
1984-11-09,11821.94465883249
1984-11-12,11818.04212296817
1984-11-13,11850.115331629217
1984-11-14,11909.226877837287
1984-11-15,11889.420792758507
1984-11-16,11858.156620969161
1984-11-19,11872.056016940396
1984-11-20,11843.882341265658
1984-11-21,11836.686260572116
1984-11-22,11792.977310875154
1984-11-26,11746.371117539975
1984-11-27,11769.108500276967
1984-11-28,11836.887949079386
1984-11-29,11962.132866835496
1984-11-30,12028.137125972342
1984-12-03,12117.7420066185
1984-12-04,12185.441360963667
1984-12-05,12149.879267534188
1984-12-06,12167.891045262464
1984-12-07,12070.577189530344
1984-12-10,11913.095209811101
1984-12-11,11844.05020775421
1984-12-12,11982.97395641275
1984-12-13,11938.93044810232
1984-12-14,12022.689910047075
1984-12-17,12061.622663466349
1984-12-18,12066.886105965612
1984-12-19,12170.79276759806
1984-12-20,12124.653132764153
1984-12-21,12083.183783093213
1984-12-24,12047.399306123507
1984-12-25,12103.087762027146
1984-12-26,12105.994620112388
1984-12-27,12126.470314742064
1984-12-28,12157.531809668435
1985-01-02,12158.392875842621
1985-01-04,12174.69525204282
1985-01-07,12193.527336160882
1985-01-08,12303.809363038337
1985-01-09,12392.513592673211
1985-01-10,12457.02450312062
1985-01-11,12444.685032047653
1985-01-14,12457.429929250105
1985-01-16,12572.839656155818
1985-01-17,12525.005899500233
1985-01-18,12549.555579205047
1985-01-21,12607.395270280918
1985-01-22,12506.268052837067
1985-01-23,12497.119422997748
1985-01-24,12494.778949325584
1985-01-25,12420.129897718807
1985-01-28,12435.081468952643
1985-01-29,12482.126373404
1985-01-30,12606.485034291763
1985-01-31,12640.332134611523
1985-02-01,12592.987039419388
1985-02-04,12534.538411095704
1985-02-05,12463.677652064855
1985-02-06,12510.238513048522
1985-02-07,12588.313196344681
1985-02-08,12660.679471688612
1985-02-12,12681.042103298823
1985-02-13,12679.202216101343
1985-02-14,12738.685047814599
1985-02-15,12809.369169284973
1985-02-18,12810.739256329854
1985-02-19,12819.099565351584
1985-02-20,12815.060445151104
1985-02-21,12790.3086046797
1985-02-22,12810.386097137442
1985-02-25,12867.779309351381
1985-02-26,12861.842041876233
1985-02-27,12959.77387745628
1985-02-28,12996.673663850741
1985-03-01,13092.30695403891
1985-03-04,13194.962214847785
1985-03-05,13161.018592607848
1985-03-06,13185.008234433206
1985-03-07,13097.005826813314
1985-03-08,13026.510479858604
1985-03-11,12938.69582818197
1985-03-12,12974.002181396374
1985-03-13,13103.604764762647
1985-03-14,13089.064152017594
1985-03-15,13156.013470026357
1985-03-18,13197.230185155424
1985-03-19,13167.474618247561
1985-03-20,13234.834864755665
1985-03-22,13236.610646940137
1985-03-25,13185.017157452803
1985-03-26,13177.990321159354
1985-03-27,13246.722183543798
1985-03-28,13303.35184263517
1985-03-29,13279.281360222356
1985-04-01,13381.507424528474
1985-04-02,13332.071652319068
1985-04-03,13388.92384611694
1985-04-04,13330.120767883223
1985-04-05,13243.126690396817
1985-04-08,13340.438523419909
1985-04-09,13335.081791326325
1985-04-10,13305.472569922442
1985-04-11,13276.251985443761
1985-04-12,13291.736103098232
1985-04-15,13254.963504343568
1985-04-16,12890.653713929156
1985-04-17,12991.20827123521
1985-04-18,12728.466831429876
1985-04-19,12794.383042387022
1985-04-22,12863.620919807576
1985-04-23,12805.172223017673
1985-04-24,12904.527754490195
1985-04-25,13027.625084159896
1985-04-26,13103.334579887094
1985-04-30,13126.192052970862
1985-05-01,13158.737922200613
1985-05-02,13154.078953185985
1985-05-07,13212.140526427866
1985-05-08,13228.359885515238
1985-05-09,13179.508763782369
1985-05-10,13235.770834121133
1985-05-13,13251.274601701329
1985-05-14,13212.309385623215
1985-05-15,13058.333768120336
1985-05-16,13070.714231476664
1985-05-17,13124.753380671842
1985-05-20,13272.236007680609
1985-05-21,13369.172174557081
1985-05-22,13394.174619516225
1985-05-23,13368.827619643449
1985-05-24,13310.883053719112
1985-05-27,13363.029829386607
1985-05-28,13418.687900808098
1985-05-29,13495.534328771613
1985-05-30,13520.440328541252
1985-05-31,13487.302178752449
1985-06-03,13186.445058038933
1985-06-04,13303.10751434336
1985-06-05,13419.77941741363
1985-06-06,13444.476462142247
1985-06-07,13445.46927252836
1985-06-10,13410.798075870322
1985-06-11,13491.210912792028
1985-06-12,13480.15136362185
1985-06-13,13448.015949949457
1985-06-14,13414.75665907675
1985-06-17,13504.10733960988
1985-06-18,13474.803251384903
1985-06-19,13509.64123731174
1985-06-20,13408.995746290027
1985-06-21,13363.77715172847
1985-06-24,13503.003424789162
1985-06-25,13578.688490502642
1985-06-26,13656.685745563806
1985-06-27,13584.514924112938
1985-06-28,13627.840052633825
1985-07-01,13667.412854399185
1985-07-02,13662.320390906729
1985-07-03,13673.975845814395
1985-07-04,13722.388800588931
1985-07-05,13716.282001068046
1985-07-08,13786.931831482369
1985-07-09,13778.28689433985
1985-07-10,13769.345763470832
1985-07-11,13606.885548222393
1985-07-12,13587.683456505905
1985-07-15,13333.417085047327
1985-07-16,13439.1943266545
1985-07-17,13596.565252639886
1985-07-18,13603.459852936787
1985-07-19,13536.209734614265
1985-07-22,13518.831490000954
1985-07-23,13509.973016321039
1985-07-24,13525.493243744517
1985-07-25,13388.361790854193
1985-07-26,13389.967317841274
1985-07-29,13330.455102148868
1985-07-30,12990.522488186009
1985-07-31,12951.160864867621
1985-08-01,13275.698669670363
1985-08-02,13263.070008974486
1985-08-05,13183.773069167639
1985-08-06,13170.123614383569
1985-08-07,13153.518612271268
1985-08-08,13116.80174128839
1985-08-09,13133.330915685861
1985-08-12,13103.82248093896
1985-08-13,13055.396774060691
1985-08-14,13154.295281695786
1985-08-15,13222.961223567941
1985-08-16,13328.366885863265
1985-08-19,13389.194708345873
1985-08-20,13383.322710681443
1985-08-21,13458.765277292565
1985-08-22,13490.228218294167
1985-08-23,13445.54238128916
1985-08-26,13404.03063936095
1985-08-27,13446.514145973924
1985-08-28,13440.73803408699
1985-08-29,13487.103073634657
1985-08-30,13471.008140359976
1985-09-02,13485.78883164096
1985-09-03,13384.885476390806
1985-09-04,13277.817217621478
1985-09-05,13238.37575478536
1985-09-06,13198.634389273013
1985-09-09,13201.093368978758
1985-09-10,13269.212293042998
1985-09-11,13381.735735334258
1985-09-12,13358.67770453475
1985-09-13,13340.780290051742
1985-09-17,13347.420716372402
1985-09-18,13282.338024199982
1985-09-19,13320.271769186642
1985-09-20,13428.845795821111
1985-09-24,13523.315988359303
1985-09-25,13469.955806893393
1985-09-26,13454.210388042902
1985-09-27,13401.151346338716
1985-09-30,13466.43335799565
1985-10-01,13451.27940822897
1985-10-02,13489.028152292256
1985-10-03,13468.68863733474
1985-10-04,13482.92965344187
1985-10-07,13566.318540055083
1985-10-08,13612.635957314438
1985-10-09,13636.450890113763
1985-10-11,13735.286510658958
1985-10-14,13807.24131189514
1985-10-15,13848.291161457824
1985-10-16,13828.679593606226
1985-10-17,13812.821862889054
1985-10-18,13762.485729870617
1985-10-21,13816.016518111914
1985-10-22,13793.685390767092
1985-10-23,13735.661505865039
1985-10-24,13760.083013151858
1985-10-25,13639.527530644225
1985-10-28,13727.080846736735
1985-10-29,13703.04398814272
1985-10-30,13697.957793867288
1985-10-31,13727.963836546483
1985-11-01,13592.230786418673
1985-11-05,13606.084092939022
1985-11-06,13682.68142088312
1985-11-07,13639.491085209604
1985-11-08,13639.781850089283
1985-11-11,13608.655200117824
1985-11-12,13517.67139895432
1985-11-13,13498.214440839762
1985-11-14,13364.121364957566
1985-11-15,13415.485892982653
1985-11-18,13482.712878092767
1985-11-19,13384.42474954164
1985-11-20,13422.725644116006
1985-11-21,13480.681480460386
1985-11-22,13547.327377648471
1985-11-25,13573.363306163774
1985-11-26,13573.54582501429
1985-11-27,13568.451117769884
1985-11-28,13530.022980317235
1985-11-29,13553.958816806586
1985-12-02,13590.184944302582
1985-12-03,13566.918373536038
1985-12-04,13606.3337486577
1985-12-05,13663.021514878394
1985-12-06,13588.549163634236
1985-12-09,13594.032661425379
1985-12-10,13650.523797485153
1985-12-11,13779.603130422214
1985-12-12,13863.257881183126
1985-12-13,13925.055739405725
1985-12-16,13936.043645179776
1985-12-17,13948.330252790753
1985-12-18,13920.572519920457
1985-12-19,13934.55898543031
1985-12-20,13824.62310644985
1985-12-23,13859.071823173555
1985-12-24,13825.218604266869
1985-12-25,13918.295635569304
1985-12-26,13904.728463982676
1985-12-27,13903.732332258738
1986-01-06,13872.904034143297
1986-01-07,13806.831970750425
1986-01-08,13876.508366849832
1986-01-09,13853.28665735114
1986-01-10,13815.448038020917
1986-01-13,13793.327593186596
1986-01-14,13742.262662515654
1986-01-16,13847.39782157041
1986-01-17,13829.273995910455
1986-01-20,13768.393362173732
1986-01-21,13693.796325271465
1986-01-22,13738.654489554558
1986-01-23,13702.505219361417
1986-01-24,13719.128328300494
1986-01-27,13803.455567281077
1986-01-28,13815.075908026323
1986-01-29,13776.616405120345
1986-01-30,13768.406100941269
1986-01-31,13848.831930844273
1986-02-03,13915.343509300776
1986-02-04,13970.64061801826
1986-02-05,14021.634377221722
1986-02-06,14023.053808691227
1986-02-07,14050.601873241081
1986-02-10,14065.837235835173
1986-02-12,14145.490437267426
1986-02-13,14138.69181774901
1986-02-14,14191.199154639879
1986-02-17,14303.43103538878
1986-02-18,14291.425137506376
1986-02-19,14324.199015628668
1986-02-20,14206.289404245192
1986-02-21,14248.082674326013
1986-02-24,14364.641631621314
1986-02-25,14442.515678084928
1986-02-26,14491.235422388301
1986-02-27,14513.402913946855
1986-02-28,14512.432973821396
1986-03-03,14637.122794242636
1986-03-04,14665.915014650074
1986-03-05,14690.995328688105
1986-03-06,14791.54775210896
1986-03-07,14891.010803416857
1986-03-10,14957.300835440814
1986-03-11,14968.059201916223
1986-03-12,15151.433083428237
1986-03-13,15339.73426647873
1986-03-14,15448.847182725998
1986-03-17,15596.960796311965
1986-03-18,15580.175380368544
1986-03-19,15407.382743556565
1986-03-20,15702.396157558436
1986-03-21,15980.333568505977
1986-03-24,15939.53363542068
1986-03-25,15782.080181458463
1986-03-26,16030.398492829252
1986-03-27,16326.218386193965
1986-03-28,16355.607026021185
1986-03-31,16883.472174909035
1986-04-01,16762.730421310294
1986-04-02,16560.55969672721
1986-04-03,16259.462187437928
1986-04-04,15991.180398380826
1986-04-07,16036.546319050613
1986-04-08,15985.991005383816
1986-04-09,16088.802677340602
1986-04-10,16188.713978322301
1986-04-11,16319.95720811139
1986-04-14,16395.377856571387
1986-04-15,16348.543323266947
1986-04-16,16355.441920850657
1986-04-17,16492.743466335265
1986-04-18,16782.655533819525
1986-04-21,16856.27947488315
1986-04-22,16734.961755575627
1986-04-23,16772.844025198054
1986-04-24,16703.068384295544
1986-04-25,16711.89567473921
1986-04-28,16784.867688052625
1986-04-30,16857.333188448312
1986-05-01,16812.18009649331
1986-05-02,16904.05938920967
1986-05-06,16938.332851162966
1986-05-07,16996.03400295216
1986-05-08,17129.05002142661
1986-05-09,17253.923157279478
1986-05-12,17158.805115928863
1986-05-13,17028.2865384183
1986-05-14,16987.751799167414
1986-05-15,16967.939085610757
1986-05-16,16770.626013300127
1986-05-19,16726.8730419678
1986-05-20,16719.315801953413
1986-05-21,16845.718089461443
1986-05-22,16962.570037192512
1986-05-23,17269.613187406834
1986-05-26,17488.068862715638
1986-05-27,17550.243140729228
1986-05-28,17642.456773087953
1986-05-29,17703.956358856223
1986-05-30,17768.59462463124
1986-06-02,17842.12595510787
1986-06-03,17768.31956472565
1986-06-04,17910.83354750567
1986-06-05,17920.13985213411
1986-06-06,17928.039219728427
1986-06-09,18131.567752623876
1986-06-10,18088.760390125826
1986-06-11,18226.559024674967
1986-06-12,18264.161663179802
1986-06-13,18344.390142147415
1986-06-16,18323.2056219797
1986-06-17,18206.76543270453
1986-06-18,18315.180063738146
1986-06-19,18422.897086382323
1986-06-20,18557.301278649287
1986-06-23,18616.235652845517
1986-06-24,18493.621930115685
1986-06-25,18679.962964927196
1986-06-26,18770.42861448444
1986-06-27,18663.774496347556
1986-06-30,18828.304617797574
1986-07-01,18795.312007498975
1986-07-02,18846.18057382621
1986-07-03,18870.068370487345
1986-07-04,18770.28045907782
1986-07-07,18894.923199425844
1986-07-08,18916.893579186555
1986-07-09,18674.18847815826
1986-07-10,18636.02159563358
1986-07-11,18850.9350214461
1986-07-14,19011.284505514006
1986-07-15,19078.239904109065
1986-07-16,18884.730526154824
1986-07-17,18911.666533971373
1986-07-18,19033.005531840565
1986-07-21,18695.73658298236
1986-07-22,18821.227641876292
1986-07-23,19057.3246258486
1986-07-24,19235.194800078232
1986-07-25,19261.739233421158
1986-07-28,19249.86856849784
1986-07-29,18919.610501742485
1986-07-30,18994.9844926188
1986-07-31,18686.748666879277
1986-08-01,18486.88357100866
1986-08-04,18424.6343554837
1986-08-05,18587.061803774857
1986-08-06,18522.176835704955
1986-08-07,18596.23687004437
1986-08-08,18610.836950082707
1986-08-11,18657.898880322115
1986-08-12,18995.315662978137
1986-08-13,19215.85019941838
1986-08-14,19498.18732961965
1986-08-15,19618.00214103008
1986-08-18,19854.544233649518
1986-08-19,20063.49194809083
1986-08-20,20217.425749010185
1986-08-21,19939.73229493557
1986-08-22,19690.158718947172
1986-08-25,19823.453248184953
1986-08-26,19904.350776770378
1986-08-27,19758.04230124617
1986-08-28,19614.150866718934
1986-08-29,19791.66914151374
1986-09-01,20098.81079627463
1986-09-02,19965.028698932296
1986-09-03,19763.251687897322
1986-09-04,19821.70456201053
1986-09-05,20052.37883875646
1986-09-08,19814.967192915814
1986-09-09,19732.062742649214
1986-09-10,19887.772994326573
1986-09-11,19826.314457839355
1986-09-12,19334.74625965614
1986-09-15,19819.726424664525
1986-09-16,18655.046485698454
1986-09-17,18520.37795187484
1986-09-18,18672.33048860295
1986-09-19,18721.05695666878
1986-09-22,18916.95689924779
1986-09-23,18725.94270763206
1986-09-24,19184.591521285834
1986-09-25,19219.972270035152
1986-09-26,19191.288953884385
1986-09-29,19347.138265932022
1986-09-30,19076.874445886184
1986-10-01,18769.175324175147
1986-10-02,18187.045291476777
1986-10-03,18423.844467567837
1986-10-06,18632.892479250902
1986-10-07,18814.08044345137
1986-10-08,18718.913592108693
1986-10-09,18864.20403017668
1986-10-13,18531.819719414856
1986-10-14,18510.277791451746
1986-10-15,18138.902063162277
1986-10-16,18034.434244155567
1986-10-17,17852.652489714448
1986-10-20,17662.928467911148
1986-10-21,17323.93038381601
1986-10-22,16911.555622741696
1986-10-23,17434.519616710797
1986-10-24,17409.08177989075
1986-10-27,17274.66608577398
1986-10-28,17531.799162311185
1986-10-29,17647.30216555811
1986-10-30,18188.37864417972
1986-10-31,18081.64401735868
1986-11-04,17949.8690872893
1986-11-05,17872.130444810336
1986-11-06,17920.385664525624
1986-11-07,18151.13450682585
1986-11-10,18236.74412140261
1986-11-11,18501.812712794643
1986-11-12,18659.916781858898
1986-11-13,18650.38645393023
1986-11-14,18599.624419243974
1986-11-17,18405.133230343192
1986-11-18,18475.598687686437
1986-11-19,18487.134604547562
1986-11-20,18509.8691048349
1986-11-21,18708.321380458132
1986-11-25,18984.76786176136
1986-11-26,18964.36542188147
1986-11-27,19131.536386917564
1986-11-28,19345.37077419838
1986-12-01,19586.60719081015
1986-12-02,19461.993104514913
1986-12-03,19745.111067412177
1986-12-04,19926.386608804376
1986-12-05,19941.435305339422
1986-12-08,20020.3502420563
1986-12-09,19905.415130478217
1986-12-10,20091.60693076314
1986-12-11,20044.11414825541
1986-12-12,20151.058735210157
1986-12-15,20107.019884315734
1986-12-16,20261.852755225063
1986-12-17,20171.15360452739
1986-12-18,20038.979220125548
1986-12-19,20260.37098941575
1986-12-22,20148.976760451904
1986-12-23,20131.52964072798
1986-12-24,20233.051488271303
1986-12-25,20095.998836210965
1986-12-26,20146.2430194845
1987-01-05,20146.60540908328
1987-01-06,20271.47414469613
1987-01-07,20170.900191823992
1987-01-08,20103.252966818833
1987-01-09,20137.571090991874
1987-01-12,19986.723955531266
1987-01-13,19853.396798584556
1987-01-14,20111.04494138712
1987-01-16,20502.68987027439
1987-01-19,20544.976067526513
1987-01-20,20574.833983060187
1987-01-21,20803.443715857586
1987-01-22,20751.814378912484
1987-01-23,20833.783572355773
1987-01-26,20939.326868095275
1987-01-27,21081.28125229581
1987-01-28,21192.176935568223
1987-01-29,21333.085461088533
1987-01-30,21469.907247025498
1987-02-02,21495.831242388333
1987-02-03,21372.358025103116
1987-02-04,21391.639594368164
1987-02-05,21200.653411524185
1987-02-06,21065.929295985017
1987-02-09,21077.655353230944
1987-02-10,21222.357069420774
1987-02-12,21288.113289112676
1987-02-13,21025.087683162845
1987-02-16,20921.30056108216
1987-02-17,21035.772132478123
1987-02-18,21297.454023569913
1987-02-19,21668.949226055873
1987-02-20,21511.230083702852
1987-02-23,21361.86878020854
1987-02-24,21508.04271368585
1987-02-25,21626.228658143646
1987-02-26,21913.3950082753
1987-02-27,21879.36361515653
1987-03-02,22428.604037586258
1987-03-03,22469.380155091676
1987-03-04,22534.47935252629
1987-03-05,22689.692621316353
1987-03-06,22615.022966994544
1987-03-09,22680.431433098744
1987-03-10,22732.45896095746
1987-03-11,22838.538798982438
1987-03-12,23007.567785966625
1987-03-13,23037.841141163964
1987-03-16,22949.880151014608
1987-03-17,23056.89794801283
1987-03-18,23261.41233954952
1987-03-19,23196.856778330104
1987-03-20,23211.7043191509
1987-03-23,23137.841859306773
1987-03-24,22974.44888298862
1987-03-25,23015.35946917531
1987-03-26,23107.880055960122
1987-03-27,23609.91932537706
1987-03-30,23182.682909524985
1987-03-31,23117.93124622703
1987-04-01,23626.060641906315
1987-04-02,23977.727775103358
1987-04-03,24024.52035158898
1987-04-06,24212.963200723403
1987-04-07,24426.373566092967
1987-04-08,24564.532662029873
1987-04-09,24574.97752722786
1987-04-10,24891.17431193118
1987-04-13,24573.269685978386
1987-04-14,25222.017771907937
1987-04-15,25208.247479126007
1987-04-16,25592.41366441547
1987-04-17,25667.981359325837
1987-04-20,25622.332724836222
1987-04-21,25613.148647968053
1987-04-22,25840.745568160204
1987-04-23,25762.872666885974
1987-04-24,25743.912009226715
1987-04-27,24742.930574592276
1987-04-28,24547.733973656235
1987-04-30,24961.168565327927
1987-05-01,25397.2407930336
1987-05-06,25652.73381942212
1987-05-07,25963.281211244273
1987-05-08,26373.25741665786
1987-05-11,26394.23991322108
1987-05-12,26317.228926555952
1987-05-13,26132.641473869637
1987-05-14,26442.44210443002
1987-05-15,26526.286622488948
1987-05-18,26065.58949860443
1987-05-19,25829.016583810317
1987-05-20,25123.44474185863
1987-05-21,25482.777467261956
1987-05-22,25915.389710097294
1987-05-25,26373.080575536955
1987-05-26,26371.65571795604
1987-05-27,26328.15385214554
1987-05-28,26214.93221887374
1987-05-29,26578.986330117707
1987-06-01,26816.071741320455
1987-06-02,26719.96876894807
1987-06-03,26878.074933958513
1987-06-04,27218.538187890044
1987-06-05,27117.43723622641
1987-06-08,27389.11706811891
1987-06-09,27235.217442700407
1987-06-10,27621.19025034807
1987-06-11,27784.93991083828
1987-06-12,27789.150046748502
1987-06-15,27641.877399547004
1987-06-16,27623.65349534736
1987-06-17,27828.816185254353
1987-06-18,27637.48782618905
1987-06-19,27141.80219552792
1987-06-22,26447.165212578053
1987-06-23,26613.67886904647
1987-06-24,26719.317538260362
1987-06-25,26868.712745220357
1987-06-26,26889.175708585477
1987-06-29,26309.686611279518
1987-06-30,25952.820643308125
1987-07-01,26034.99006001987
1987-07-02,26447.91667137445
1987-07-03,26264.975898596873
1987-07-06,25627.21558497647
1987-07-07,25569.011501845765
1987-07-08,25200.633317735843
1987-07-09,25505.57949024338
1987-07-10,25878.835795895568
1987-07-13,25895.564778130156
1987-07-14,25695.938456464
1987-07-15,25737.586731125644
1987-07-16,25774.53286334046
1987-07-17,25753.484886913644
1987-07-20,25050.933047467668
1987-07-21,24782.751133080903
1987-07-22,24379.95919267972
1987-07-23,24738.97315484809
1987-07-24,25712.9782667594
1987-07-27,25887.601215964856
1987-07-28,26189.819536700707
1987-07-29,26234.784292234664
1987-07-30,26324.807834892577
1987-07-31,26301.512538410374
1987-08-03,26297.518069095
1987-08-04,25963.847386037698
1987-08-05,26098.235248993187
1987-08-06,26486.697871211214
1987-08-07,26640.61975753272
1987-08-10,26983.641993162677
1987-08-11,27159.660898061564
1987-08-12,27458.140174270884
1987-08-13,27475.44120866685
1987-08-14,27388.277609962603
1987-08-17,27265.229078777473
1987-08-18,27228.754604365295
1987-08-19,27108.252443686237
1987-08-20,27286.138971142293
1987-08-21,27461.48619813517
1987-08-24,27671.805351598334
1987-08-25,27553.247616506727
1987-08-26,27803.549325371172
1987-08-27,27904.169648460484
1987-08-28,27911.461773108906
1987-08-31,27970.41789905212
1987-09-01,28066.92278321657
1987-09-02,27882.93334037392
1987-09-03,27564.71287656187
1987-09-04,27666.533825370552
1987-09-07,26871.962987993753
1987-09-08,27087.534129149775
1987-09-09,26802.10838548072
1987-09-10,26649.372903805786
1987-09-11,26685.493298345253
1987-09-14,26821.27415048542
1987-09-16,26836.6358066506
1987-09-17,26716.422895912357
1987-09-18,26705.789882134326
1987-09-21,26779.05532145707
1987-09-22,26729.844608811465
1987-09-24,26815.196994719034
1987-09-25,26978.12362367325
1987-09-28,27775.863962043783
1987-09-29,27949.228790152963
1987-09-30,27963.727395148275
1987-10-01,27653.522428706005
1987-10-02,27805.446405963958
1987-10-05,27973.689531197677
1987-10-06,28050.292034927214
1987-10-07,27903.963524495797
1987-10-08,28264.25599277622
1987-10-09,28320.84817375736
1987-10-12,28263.314363058493
1987-10-13,28388.68653622496
1987-10-14,28653.661896803227
1987-10-15,28419.67719713021
1987-10-16,28354.224054376522
1987-10-19,27687.940765490766
1987-10-20,23562.724867409168
1987-10-21,25754.31678707239
1987-10-22,26246.46259221686
1987-10-23,24952.996994887733
1987-10-26,23879.490292291932
1987-10-27,24560.226804060814
1987-10-28,24283.910581183907
1987-10-29,23699.736113787178
1987-10-30,24486.732192490133
1987-11-02,25125.767955521584
1987-11-04,24805.724951241587
1987-11-05,24342.80430290256
1987-11-06,24521.26339778466
1987-11-09,24116.65109025875
1987-11-10,23329.841007301227
1987-11-11,22631.432939754934
1987-11-12,23180.353227415526
1987-11-13,24151.044420575137
1987-11-16,24331.47183113068
1987-11-17,24040.30640907617
1987-11-18,24460.705486090323
1987-11-19,24390.596090177325
1987-11-20,24430.71667121936
1987-11-24,24593.179978680306
1987-11-25,24985.072107578184
1987-11-26,25052.896680301543
1987-11-27,25038.887698894534
1987-11-30,24413.350024463067
1987-12-01,24571.153131248848
1987-12-02,24660.615130437436
1987-12-03,24545.68277583608
1987-12-04,24325.19079367608
1987-12-07,24308.289382444647
1987-12-08,24698.266226647393
1987-12-09,24631.422360483353
1987-12-10,25057.287682847036
1987-12-11,24794.13859989594
1987-12-14,24676.821286123493
1987-12-15,24591.770985234332
1987-12-16,24562.946277684114
1987-12-17,24650.07405804053
1987-12-18,24572.218052698892
1987-12-21,24712.591714097223
1987-12-22,24480.835260149102
1987-12-23,24430.62532141048
1987-12-24,24269.193469224134
1987-12-25,23814.978778792676
1987-12-28,23215.92892351164
1988-01-04,22842.847850713548
1988-01-05,23229.006010276735
1988-01-06,24537.86551706689
1988-01-07,24540.1146365765
1988-01-08,24627.207643130358
1988-01-11,24311.001425916056
1988-01-12,24361.689656983424
1988-01-13,24039.080409366357
1988-01-14,24339.62500194449
1988-01-18,24670.21280913243
1988-01-19,24657.754979590583
1988-01-20,24598.991420225942
1988-01-21,24456.388137273032
1988-01-22,24635.991501394652
1988-01-25,25112.296426109817
1988-01-26,25307.039571676538
1988-01-27,25132.163456868664
1988-01-28,25403.3604502456
1988-01-29,25441.642356799846
1988-02-01,25560.627966896398
1988-02-02,25496.400283223993
1988-02-03,25414.147816682336
1988-02-04,25537.158119507516
1988-02-05,25474.876246204574
1988-02-08,25605.50635572612
1988-02-09,25488.254071067586
1988-02-10,25606.838613922388
1988-02-12,25833.630904613095
1988-02-15,26077.099966190643
1988-02-16,26226.489397995956
1988-02-17,26317.81918041346
1988-02-18,26582.72813936873
1988-02-19,26688.89450915012
1988-02-22,26768.400925672453
1988-02-23,26879.625414825285
1988-02-24,26900.852724454777
1988-02-25,27043.621621105172
1988-02-26,27113.680347816302
1988-02-29,27197.868681582648
1988-03-01,27406.464182885342
1988-03-02,27673.069612694857
1988-03-03,27580.410236832824
1988-03-04,27601.77029321728
1988-03-07,27603.360526347118
1988-03-08,27441.36279743277
1988-03-09,27592.41236150685
1988-03-10,27606.36146183632
1988-03-11,27527.073770307088
1988-03-14,27408.845857402295
1988-03-15,27454.832255212437
1988-03-16,27701.920754335486
1988-03-17,27883.38489606561
1988-03-18,27985.222559976562
1988-03-22,27852.66929897885
1988-03-23,27909.79238152679
1988-03-24,27787.534680718734
1988-03-25,27621.49322616749
1988-03-28,27617.73694293731
1988-03-29,27974.401933999852
1988-03-30,28370.534256746767
1988-03-31,28306.633094241777
1988-04-01,28138.999988012478
1988-04-04,28388.650301035537
1988-04-05,28367.72632003079
1988-04-06,28579.393380198348
1988-04-07,28858.155557878486
1988-04-08,28836.818601492945
1988-04-11,29027.116808276067
1988-04-12,29034.13723790626
1988-04-13,29093.705838666156
1988-04-14,29229.919754746064
1988-04-15,28995.70523819562
1988-04-18,28756.800027547502
1988-04-19,28741.79874168523
1988-04-20,28965.666898826774
1988-04-21,28927.507833935357
1988-04-22,28937.74948055623
1988-04-25,29344.125936824614
1988-04-26,29380.645571387024
1988-04-27,29322.14441472113
1988-04-28,29583.85695045345
1988-05-02,29838.51996456283
1988-05-06,29693.17927725389
1988-05-09,29402.50443099813
1988-05-10,29562.650738490192
1988-05-11,29292.334501901914
1988-05-12,29348.497081762125
1988-05-13,29624.89526759206
1988-05-16,29939.946382101596
1988-05-17,30005.381522765612
1988-05-18,29949.4667558011
1988-05-19,29524.73436644543
1988-05-20,29547.55746952077
1988-05-23,29392.730015779434
1988-05-24,29461.169133513467
1988-05-25,29603.058494687455
1988-05-26,29587.03044436759
1988-05-27,29439.030258679948
1988-05-30,29366.924301991014
1988-05-31,29576.364362631222
1988-06-01,29886.80012928568
1988-06-02,30065.889963539423
1988-06-03,30014.903937273884
1988-06-06,30203.985070614755
1988-06-07,30173.39100523205
1988-06-08,30115.013971662294
1988-06-09,30287.566390512246
1988-06-10,30124.54211764377
1988-06-13,30250.501643466538
1988-06-14,30278.366756890977
1988-06-15,30313.2001821867
1988-06-16,30371.86221608898
1988-06-17,30583.039889900712
1988-06-20,30364.136482392863
1988-06-21,30134.40378484509
1988-06-22,30065.09224843626
1988-06-23,29927.72882851391
1988-06-24,29947.173529048
1988-06-27,29607.421482839487
1988-06-28,29568.17237425787
1988-06-29,29794.584438007307
1988-06-30,29970.09750026557
1988-07-01,29683.752989752615
1988-07-04,29529.861124428222
1988-07-05,29764.427589771647
1988-07-06,29969.48406068329
1988-07-07,29928.564883867515
1988-07-08,30133.114264693755
1988-07-11,30208.101590038365
1988-07-12,30331.600576308705
1988-07-13,30246.13507339411
1988-07-14,30315.807725692437
1988-07-15,30132.5899970432
1988-07-18,29861.515602898995
1988-07-19,29308.219384128104
1988-07-20,29745.974588307592
1988-07-21,29878.453431147725
1988-07-22,29456.79059989862
1988-07-25,29347.822528720302
1988-07-26,29478.217954412703
1988-07-27,29948.25851916054
1988-07-28,30010.963303166714
1988-07-29,30136.316660144377
1988-08-01,30584.662940178998
1988-08-02,30628.48866962703
1988-08-03,30609.797059881552
1988-08-04,30550.171733852807
1988-08-05,30691.939691392745
1988-08-08,30508.70203376025
1988-08-09,30419.94655351943
1988-08-10,29755.90345481338
1988-08-11,30004.99872684099
1988-08-12,30058.00963418761
1988-08-15,30131.811569822203
1988-08-16,30127.300009721934
1988-08-17,30432.795081043078
1988-08-18,30379.946329396193
1988-08-19,30467.02474118906
1988-08-22,30326.970886356565
1988-08-23,30155.59980280823
1988-08-24,30026.29279587973
1988-08-25,30103.33566746983
1988-08-26,29774.466759831303
1988-08-29,29573.819915839467
1988-08-30,29717.59330498094
1988-08-31,29560.803631280603
1988-09-01,29095.075792181746
1988-09-02,29292.525088554587
1988-09-05,29536.260864601918
1988-09-06,29514.092450214914
1988-09-07,29712.922979375366
1988-09-08,29968.586641877162
1988-09-09,29868.705336452625
1988-09-12,29987.758935886985
1988-09-13,30028.790114620868
1988-09-14,30041.829054287064
1988-09-16,30108.027552552
1988-09-19,30146.03744186407
1988-09-20,29765.85851045282
1988-09-21,29943.746584158205
1988-09-22,29637.100264659595
1988-09-26,29535.518420034557
1988-09-27,29715.282452177806
1988-09-28,29988.674989178504
1988-09-29,29933.216531867674
1988-09-30,30175.382997272507
1988-10-03,29767.348092655968
1988-10-04,29719.845501125637
1988-10-05,29617.204011762205
1988-10-06,29365.827823591037
1988-10-07,29459.286276902803
1988-10-11,29688.27726406055
1988-10-12,29623.777467381624
1988-10-13,29477.308569810997
1988-10-14,29513.85986170713
1988-10-17,29473.564216641054
1988-10-18,29337.144877972045
1988-10-19,29501.695474193664
1988-10-20,29607.00893840872
1988-10-21,29619.352921982765
1988-10-24,29490.36134796451
1988-10-25,29642.239291476133
1988-10-26,29858.07378620534
1988-10-27,29969.285145046804
1988-10-28,29989.800369604272
1988-10-31,30251.157006374204
1988-11-01,30285.420419506907
1988-11-02,30255.314448085992
1988-11-04,30221.31558042478
1988-11-07,30127.980369012235
1988-11-08,30280.93533223056
1988-11-09,30503.741723454925
1988-11-10,30454.229913990566
1988-11-11,30804.247230323042
1988-11-14,30838.742580781258
1988-11-15,31172.950910530548
1988-11-16,31353.841823639403
1988-11-17,31441.726315658638
1988-11-18,31554.158132416207
1988-11-21,31667.321006078335
1988-11-22,31825.6896100842
1988-11-24,31728.90428441719
1988-11-25,31801.588855890197
1988-11-28,31344.41187753091
1988-11-29,31707.318401303757
1988-11-30,31989.796059713615
1988-12-01,31949.947166459675
1988-12-02,31940.627230775808
1988-12-05,32030.422886622375
1988-12-06,32090.231136665996
1988-12-07,32503.447120501078
1988-12-08,32188.348810768257
1988-12-09,32226.33414020969
1988-12-12,32095.956884133633
1988-12-13,32016.038351008745
1988-12-14,32186.425990752025
1988-12-15,32134.08845814202
1988-12-16,31951.873245421037
1988-12-19,31880.434854425337
1988-12-20,31986.941028824833
1988-12-21,32128.492731056453
1988-12-22,32211.81376452037
1988-12-23,32116.877789639704
1988-12-26,32314.15837863538
1988-12-27,32512.7126472216
1988-12-28,32630.29194030777
1989-01-04,32722.471072008037
1989-01-05,32658.273465918406
1989-01-06,32686.71557412632
1989-01-09,33194.603014087974
1989-01-10,33550.23063427274
1989-01-11,33699.00347016966
1989-01-12,33699.60258578176
1989-01-13,33867.85262007299
1989-01-17,33791.774614870694
1989-01-18,33929.84027453632
1989-01-19,33883.748138707146
1989-01-20,33731.743016607776
1989-01-23,33908.19894509517
1989-01-24,34152.0816409729
1989-01-25,34163.6294872798
1989-01-26,34103.65411973442
1989-01-27,34249.631159898876
1989-01-30,34165.13879849593
1989-01-31,34180.68289215235
1989-02-01,33942.50643239619
1989-02-02,34092.0635335079
1989-02-03,34295.5898880074
1989-02-06,34450.948897578244
1989-02-07,34507.738563974395
1989-02-08,34708.02529173008
1989-02-09,34723.05024557591
1989-02-10,34781.64480114093
1989-02-13,34623.49578699866
1989-02-14,34621.48120176093
1989-02-15,34802.43344043212
1989-02-16,34731.71245957593
1989-02-17,34829.55504337654
1989-02-20,34834.16837570274
1989-02-21,34621.51620268047
1989-02-22,34981.39726376162
1989-02-23,35134.19491633411
1989-02-27,34954.318705197096
1989-02-28,34629.95418315228
1989-03-01,34607.509767447766
1989-03-02,34726.60584675529
1989-03-03,34647.50081530885
1989-03-06,34514.678395515206
1989-03-07,34581.427659977395
1989-03-08,34473.46116629177
1989-03-09,34277.85739243363
1989-03-10,34327.551444357974
1989-03-13,34167.01429038915
1989-03-14,34353.21265473334
1989-03-15,34761.12987955504
1989-03-16,34759.32191870862
1989-03-17,34676.30519264867
1989-03-20,34280.33830356466
1989-03-22,34051.83571214187
1989-03-23,34209.92815620626
1989-03-24,34188.72404728781
1989-03-27,34128.553728625484
1989-03-28,34989.04907267176
1989-03-29,35456.382527428235
1989-03-30,35553.243905448806
1989-03-31,35567.46969787754
1989-04-03,35788.39768845918
1989-04-04,36081.6751170005
1989-04-05,36134.891901280396
1989-04-06,35740.1674056872
1989-04-07,35945.818261618544
1989-04-10,35744.94597190667
1989-04-11,36016.99445316804
1989-04-12,36025.0778973914
1989-04-13,35817.180402170874
1989-04-14,35911.52170857
1989-04-17,36083.20020854809
1989-04-18,36098.28467308931
1989-04-19,36144.60899405229
1989-04-20,35951.67601236006
1989-04-21,35784.02221204363
1989-04-24,35542.098414880544
1989-04-25,36018.20117360875
1989-04-26,36224.85660595351
1989-04-27,36296.89912913199
1989-04-28,36527.809751473746
1989-05-01,36614.944568628045
1989-05-02,36790.92692349657
1989-05-08,36986.88905654971
1989-05-09,36875.5421733465
1989-05-10,36833.37525550717
1989-05-11,36930.61842861162
1989-05-12,36698.12382638275
1989-05-15,36536.1885147798
1989-05-16,36764.5792553071
1989-05-17,36836.75539874979
1989-05-18,36689.89669798985
1989-05-19,36848.37318523326
1989-05-22,36920.44456656855
1989-05-23,36648.808336488466
1989-05-24,36687.62048727473
1989-05-25,36854.71074291473
1989-05-26,37057.20431631086
1989-05-29,37024.48882958905
1989-05-30,36934.171571147795
1989-05-31,37140.610575437095
1989-06-01,36831.931337651935
1989-06-02,36492.315923338225
1989-06-05,36264.96782269759
1989-06-06,36260.12085445002
1989-06-07,36450.32788433193
1989-06-08,36550.05026159624
1989-06-09,36465.81337520538
1989-06-12,36204.162355975
1989-06-13,36004.84283450056
1989-06-14,36210.844566767744
1989-06-15,35680.39958107722
1989-06-16,35835.06485096345
1989-06-19,35790.177462280095
1989-06-20,36029.63730686657
1989-06-21,36151.500095041185
1989-06-22,36130.120493808725
1989-06-23,36353.82747159118
1989-06-26,36457.592723167494
1989-06-27,36288.43975123576
1989-06-28,36046.63581717086
1989-06-29,35733.60438877939
1989-06-30,35725.980426050766
1989-07-03,36038.60477736413
1989-07-04,35989.31972045169
1989-07-05,36119.35714239586
1989-07-06,36243.36737724118
1989-07-07,36548.16977501933
1989-07-10,36518.511215977764
1989-07-11,36595.8836170731
1989-07-12,36547.46307329477
1989-07-13,36471.81056204075
1989-07-14,36411.304236756056
1989-07-17,36283.38284798568
1989-07-18,36162.031817949246
1989-07-19,36394.16088296207
1989-07-20,36511.614312413665
1989-07-21,36766.6611136761
1989-07-24,36977.61697459863
1989-07-25,37461.54844378588
1989-07-26,37437.19150545585
1989-07-27,37730.12147401175
1989-07-28,37644.39519650067
1989-07-31,37914.33181720585
1989-08-01,37854.90161924454
1989-08-02,37856.52800041492
1989-08-03,37727.539020061864
1989-08-04,37687.18328935073
1989-08-07,37566.780279619474
1989-08-08,37707.49907336648
1989-08-09,37816.42374375009
1989-08-10,37665.793317167234
1989-08-11,37659.04261625543
1989-08-14,37614.86299026433
1989-08-15,37766.41026897661
1989-08-16,38063.76279159949
1989-08-17,38070.90680671335
1989-08-18,38042.32346494222
1989-08-21,38127.28961043456
1989-08-22,38099.24025645534
1989-08-23,37860.05098517138
1989-08-24,37744.91688837585
1989-08-25,37695.001125189556
1989-08-28,37551.8767295895
1989-08-29,37639.61100329851
1989-08-30,37405.90685404787
1989-08-31,37362.66609726238
1989-09-01,37273.28333341339
1989-09-04,37421.05549464825
1989-09-05,37376.32475760096
1989-09-06,37191.807140893194
1989-09-07,37063.59654171287
1989-09-08,37024.3723312243
1989-09-11,37022.69892141661
1989-09-12,37261.27396259563
1989-09-13,37212.07982165385
1989-09-14,37337.48683054035
1989-09-18,37414.841779860246
1989-09-19,37413.91281806984
1989-09-20,37414.04376324533
1989-09-21,37712.590363064744
1989-09-22,37742.31726647056
1989-09-25,37948.05324250699
1989-09-26,38474.21306429708
1989-09-27,38394.29965459134
1989-09-28,38741.70403031445
1989-09-29,38684.62247378094
1989-10-02,38670.33733697697
1989-10-03,38392.47156780042
1989-10-04,38410.989926020964
1989-10-05,38563.86077656839
1989-10-06,38224.05538217963
1989-10-09,38406.03708471409
1989-10-11,38258.7646664024
1989-10-12,37776.295975691406
1989-10-13,38125.44317530197
1989-10-16,37423.304700509674
1989-10-17,37996.573859582444
1989-10-18,38118.29011866957
1989-10-19,38408.50117679527
1989-10-20,38530.96706512052
1989-10-23,38639.30048997349
1989-10-24,38575.957128817
1989-10-25,38485.26580021237
1989-10-26,38742.313638218846
1989-10-27,38578.8163201365
1989-10-30,38460.21732576193
1989-10-31,38604.24399345093
1989-11-01,38621.20684667671
1989-11-02,38546.34221913024
1989-11-06,38480.93489989488
1989-11-07,38304.01424723904
1989-11-08,38657.7942094594
1989-11-09,38725.633973053154
1989-11-10,38732.597032359794
1989-11-13,38827.69023054372
1989-11-14,38848.49467922118
1989-11-15,38939.974294948595
1989-11-16,38966.85282744152
1989-11-17,39062.474528428356
1989-11-20,38986.96229187635
1989-11-21,39168.28307741823
1989-11-22,39415.60669315851
1989-11-24,39630.890766291
1989-11-27,40062.90819509694
1989-11-28,40176.34307864194
1989-11-29,40216.33805574625
1989-11-30,40485.7298573502
1989-12-01,40338.58903456012
1989-12-04,40525.28098828009
1989-12-05,40732.73951905481
1989-12-06,40907.41412208815
1989-12-07,41129.57460369967
1989-12-08,40984.668607880056
1989-12-11,41016.484221785526
1989-12-12,41072.470707557855
1989-12-13,41354.48327635031
1989-12-14,41483.72806246854
1989-12-15,41582.62250616472
1989-12-18,41925.77753221749
1989-12-19,41766.71246641437
1989-12-20,41846.66555892678
1989-12-21,41525.20932322106
1989-12-22,41335.66911772783
1989-12-25,41752.86094897814
1989-12-26,42033.62323029585
1989-12-27,42165.12071627061
1989-12-28,42247.71271211499
1989-12-29,42290.76959461642
1990-01-04,42070.98269293316
1990-01-05,41595.66175761792
1990-01-08,41618.414213741366
1990-01-09,41245.89683192472
1990-01-10,40969.604523113194
1990-01-11,41485.14278693111
1990-01-12,40775.824655773715
1990-01-16,40052.294450701644
1990-01-17,40021.30680970724
1990-01-18,39922.42716861701
1990-01-19,40039.58409495613
1990-01-22,40497.39717206562
1990-01-23,40629.71113547478
1990-01-24,39979.327941683856
1990-01-25,40186.77415658922
1990-01-26,40084.234361911695
1990-01-29,40410.72563269246
1990-01-30,40457.13151731695
1990-01-31,40428.859108463526
1990-02-01,40448.632139510424
1990-02-02,40931.8129918475
1990-02-05,40912.22851499399
1990-02-06,40951.522155244675
1990-02-07,40555.51965951386
1990-02-08,40789.36969196405
1990-02-09,40542.1514423652
1990-02-13,40346.013439125
1990-02-14,40399.91484541769
1990-02-15,40744.39434942129
1990-02-16,40732.49103783929
1990-02-19,40474.786136567716
1990-02-20,40119.89837386061
1990-02-21,38857.97550378969
1990-02-22,38959.32345755243
1990-02-23,37942.355355499145
1990-02-26,36236.72952575055
1990-02-27,36863.909754473316
1990-02-28,37619.39870631868
1990-03-01,36790.971971648214
1990-03-02,37039.62210126105
1990-03-05,36809.376781905296
1990-03-06,36751.22276072404
1990-03-07,36285.62448472291
1990-03-08,36643.668590882335
1990-03-09,36973.09879997576
1990-03-12,36294.12590443251
1990-03-13,35481.58971597729
1990-03-14,35190.28350748278
1990-03-15,35538.5065709702
1990-03-16,35479.14416506509
1990-03-19,34007.83056228229
1990-03-20,33512.38793509227
1990-03-22,32464.526645848553
1990-03-23,33040.429699718065
1990-03-26,34638.42259009446
1990-03-27,34623.28263894817
1990-03-28,34012.11539031689
1990-03-29,33754.48262772354
1990-03-30,32617.443345349857
1990-04-02,30465.638017434438
1990-04-03,31290.54698561592
1990-04-04,30946.48465669035
1990-04-05,30736.131848307505
1990-04-06,31857.120781265992
1990-04-09,33075.46185728342
1990-04-10,32234.722031389847
1990-04-11,32034.691578797985
1990-04-12,32234.351368331187
1990-04-13,31789.607507228404
1990-04-16,30973.2730376198
1990-04-17,30972.149460390952
1990-04-18,31829.683344418416
1990-04-19,32588.09829203911
1990-04-20,32469.047294721335
1990-04-23,32299.496653376107
1990-04-24,32106.73630298483
1990-04-25,32175.89564183614
1990-04-26,32024.385176136137
1990-04-27,32199.38161288532
1990-05-01,32314.314623793147
1990-05-02,32841.52425856786
1990-05-07,33693.99961257934
1990-05-08,33710.22428370166
1990-05-09,33683.69269157266
1990-05-10,33722.05771318346
1990-05-11,34301.67069783241
1990-05-14,34879.81347671846
1990-05-15,34830.833646969826
1990-05-16,34799.4776452216
1990-05-17,34902.454849541595
1990-05-18,34851.004042702974
1990-05-21,34580.96049626375
1990-05-22,34770.237682083236
1990-05-23,35030.2423303801
1990-05-24,35178.153771558595
1990-05-25,35703.7396277111
1990-05-28,36137.456661084114
1990-05-29,35731.018567230574
1990-05-30,35849.938017968096
1990-05-31,36073.33303819852
1990-06-01,35813.055026673734
1990-06-04,35851.037382885654
1990-06-05,35847.64380611682
1990-06-06,35883.04638014548
1990-06-07,36143.98867673073
1990-06-08,35927.755013242626
1990-06-11,35435.02720327645
1990-06-12,35198.45308396764
1990-06-13,35252.99128582227
1990-06-14,35576.39102527086
1990-06-15,35435.81640191722
1990-06-18,35260.505329198844
1990-06-19,34894.79280167429
1990-06-20,34947.06491118096
1990-06-21,34947.203308706135
1990-06-22,34520.166965146615
1990-06-25,33899.588351566264
1990-06-26,34387.74148829544
1990-06-27,35195.489112203
1990-06-28,34971.17331752953
1990-06-29,34791.08499475479
1990-07-02,35031.384521364555
1990-07-03,35309.142137504896
1990-07-04,35343.93922401118
1990-07-05,35241.948946504315
1990-07-06,35344.42682105068
1990-07-09,35446.59372629034
1990-07-10,35026.930218553774
1990-07-11,35182.029825539066
1990-07-12,35488.99369489075
1990-07-13,35564.902739516045
1990-07-16,35976.7168799605
1990-07-17,36141.435156765845
1990-07-18,36006.84172181243
1990-07-19,36015.71882230057
1990-07-20,35325.51369471037
1990-07-23,34752.27256572068
1990-07-24,34543.37813435094
1990-07-25,34542.74449909299
1990-07-26,34182.16752754204
1990-07-27,33631.156003159645
1990-07-30,33173.551904287626
1990-07-31,33820.0771170111
1990-08-01,33605.31940329461
1990-08-02,32959.945508640805
1990-08-03,32165.672660527776
1990-08-06,31167.78300078208
1990-08-07,30136.911246501015
1990-08-08,31070.472834995544
1990-08-09,30097.375499728423
1990-08-10,29786.05174158459
1990-08-13,28529.831879664223
1990-08-14,29071.092790492406
1990-08-15,30640.729177940022
1990-08-16,30028.015635860596
1990-08-17,29197.238075964695
1990-08-20,28874.884252042462
1990-08-21,28665.466111097718
1990-08-22,27481.207516638864
1990-08-23,25875.754009903703
1990-08-24,26342.952621841345
1990-08-27,27407.411748039
1990-08-28,28028.226443622705
1990-08-29,27139.22945922144
1990-08-30,27984.826906538034
1990-08-31,28321.591599666754
1990-09-03,27713.85973637069
1990-09-04,27155.32928285858
1990-09-05,26251.696659264973
1990-09-06,25961.71797361715
1990-09-07,26125.937633344864
1990-09-10,27346.328470629727
1990-09-11,26827.588028302052
1990-09-12,27494.842140553425
1990-09-13,27341.56040419414
1990-09-14,27148.408949802135
1990-09-17,26568.97384576022
1990-09-18,26045.218873235404
1990-09-19,25872.716185443307
1990-09-20,25738.876742392644
1990-09-21,25930.047800076052
1990-09-25,25474.14726922679
1990-09-26,24265.53709072515
1990-09-27,23743.93511878534
1990-09-28,22884.553728425733
1990-10-01,22054.334609898542
1990-10-02,24973.910946370717
1990-10-03,24920.92773871229
1990-10-04,24298.408638693207
1990-10-05,24898.174499465844
1990-10-08,25773.795032018377
1990-10-09,25627.159681323537
1990-10-11,24635.624997725474
1990-10-12,24422.88216398187
1990-10-15,25207.685140299673
1990-10-16,25750.2031391525
1990-10-17,26026.966784429205
1990-10-18,26581.32495888032
1990-10-19,26706.64538892437
1990-10-22,27350.109236170567
1990-10-23,27598.75881354065
1990-10-24,27139.539898426334
1990-10-25,27659.093509058814
1990-10-26,27281.060576010692
1990-10-29,27634.714890628053
1990-10-30,27540.424234573264
1990-10-31,27488.255055448648
1990-11-01,26507.968824793566
1990-11-02,26399.183272720045
1990-11-05,26607.375181836418
1990-11-06,26150.065117170067
1990-11-07,25642.63127241728
1990-11-08,25064.31692449143
1990-11-09,25023.322631439525
1990-11-13,26160.719953232514
1990-11-14,26121.68681179094
1990-11-15,25631.162990682886
1990-11-16,25286.972526114267
1990-11-19,25665.630291382804
1990-11-20,25324.88666507072
1990-11-21,24901.393840464963
1990-11-22,25538.459498104745
1990-11-26,25934.668948558887
1990-11-27,25783.07948005116
1990-11-28,25161.861371900617
1990-11-29,24789.851255141766
1990-11-30,24508.76066925249
1990-12-03,24805.42096834601
1990-12-04,23863.4997477885
1990-12-05,24225.380802799547
1990-12-06,24618.13161859659
1990-12-07,25676.776638174924
1990-12-10,25963.46730636222
1990-12-11,26152.054834827482
1990-12-12,26198.88686570131
1990-12-13,26901.945421262244
1990-12-14,26582.084198972905
1990-12-17,26297.015316328147
1990-12-18,26664.462295186797
1990-12-19,27159.276714613938
1990-12-20,26775.66992853171
1990-12-21,26333.637386208564
1990-12-25,25950.13214789144
1990-12-26,26081.301996022758
1990-12-27,26139.8235979289
1990-12-28,26039.88649212282
1991-01-04,26281.253467864488
1991-01-07,25918.70879404527
1991-01-08,25003.48332846565
1991-01-09,25082.09423174943
1991-01-10,25167.98192796027
1991-01-11,25380.08100057726
1991-01-14,25350.35350795592
1991-01-16,24509.482084110474
1991-01-17,25606.689063141333
1991-01-18,26002.114280804053
1991-01-21,25504.597612547965
1991-01-22,25397.5964281277
1991-01-23,25175.89358314573
1991-01-24,25415.61353376028
1991-01-25,25748.549373212252
1991-01-28,25745.016060866124
1991-01-29,25626.230903023756
1991-01-30,25571.682118186392
1991-01-31,25445.078046186372
1991-02-01,25296.64941015879
1991-02-04,25440.00550989287
1991-02-05,26024.23373495491
1991-02-06,26167.405471336646
1991-02-07,26334.534239749915
1991-02-08,26544.564223703746
1991-02-12,27243.289212080792
1991-02-13,27467.34840858217
1991-02-14,27705.008061142624
1991-02-15,27691.885820720912
1991-02-18,28660.96999685914
1991-02-19,28592.797660996726
1991-02-20,28628.254372515486
1991-02-21,28438.354802387443
1991-02-22,28306.212022946886
1991-02-25,28918.822719697437
1991-02-26,28723.038002439593
1991-02-27,28517.50396663123
1991-02-28,28862.429575566486
1991-03-01,28286.455558309015
1991-03-04,28390.37437064135
1991-03-05,28322.714411906843
1991-03-06,28836.579927170977
1991-03-07,28853.64768843298
1991-03-08,29083.411012049168
1991-03-11,29151.727951177363
1991-03-12,29215.8956897796
1991-03-13,28878.72254901085
1991-03-14,29014.990384766366
1991-03-15,29344.496131726286
1991-03-18,29677.34243562685
1991-03-19,29524.740569200305
1991-03-20,28916.173137775066
1991-03-22,29096.004377855246
1991-03-25,29132.35689792566
1991-03-26,28798.05832006913
1991-03-27,28542.11387571457
1991-03-28,28654.632533840806
1991-03-29,28748.403985781337
1991-04-01,28437.867251221618
1991-04-02,28706.02659520131
1991-04-03,29284.16534848843
1991-04-04,29186.189325227133
1991-04-05,29271.67450277824
1991-04-08,29097.76598720051
1991-04-09,28781.04486536231
1991-04-10,28728.672197555585
1991-04-11,28900.346944904
1991-04-12,29073.102394315712
1991-04-15,29197.434976505756
1991-04-16,29326.96036768861
1991-04-17,29510.41168284688
1991-04-18,29312.64199100875
1991-04-19,29032.321416608742
1991-04-22,28699.44797334559
1991-04-23,28978.607798948964
1991-04-24,28802.80350873086
1991-04-25,28484.78776781363
1991-04-26,28578.273644964527
1991-04-30,28565.373815121904
1991-05-01,28979.335356715037
1991-05-02,28967.854946188
1991-05-07,28820.077093180378
1991-05-08,28785.385435009743
1991-05-09,28926.913903044428
1991-05-10,28747.949510711078
1991-05-13,28550.507892523445
1991-05-14,28482.140275416936
1991-05-15,28255.664076812718
1991-05-16,27925.669299192195
1991-05-17,28125.149429392004
1991-05-20,27930.05364547705
1991-05-21,27884.97262006477
1991-05-22,27795.313385186928
1991-05-23,28064.106755009863
1991-05-24,27939.47109459744
1991-05-27,27827.14179644929
1991-05-28,27789.28428157623
1991-05-29,27904.600768490942
1991-05-30,28071.639027954476
1991-05-31,28227.990067357285
1991-06-03,28363.30167059016
1991-06-04,27974.5898410096
1991-06-05,27682.6908901283
1991-06-06,27349.003299241747
1991-06-07,27405.489464641298
1991-06-10,26928.068280754265
1991-06-11,26999.0179285929
1991-06-12,26802.72924754649
1991-06-13,27159.71646680224
1991-06-14,27473.191485288928
1991-06-17,27308.759448385248
1991-06-18,27027.36720573158
1991-06-19,26273.949748373743
1991-06-20,26368.218151607976
1991-06-21,26579.99079192452
1991-06-24,26022.61913100461
1991-06-25,26178.700329045918
1991-06-26,26024.897812007686
1991-06-27,25780.95091446621
1991-06-28,25505.54479579238
1991-07-01,26401.747627710458
1991-07-02,26278.642080290127
1991-07-03,25597.775631146338
1991-07-04,25337.897470140848
1991-07-05,25078.654743722152
1991-07-08,24288.315135428315
1991-07-09,24762.93173742789
1991-07-10,25324.701138485012
1991-07-11,25124.458263110282
1991-07-12,25343.98813809564
1991-07-15,25696.50800249224
1991-07-16,25605.24367406267
1991-07-17,25261.4095146064
1991-07-18,25095.529809167005
1991-07-19,25049.747334997046
1991-07-22,24873.904855492994
1991-07-23,24933.33344608389
1991-07-24,25523.893554652175
1991-07-25,25563.12594445627
1991-07-26,25767.929165924266
1991-07-29,25685.8480865848
1991-07-30,26156.57447242136
1991-07-31,26429.07725535537
1991-08-01,26377.106616922756
1991-08-02,26328.7053195557
1991-08-05,26115.97757853574
1991-08-06,25713.042200073425
1991-08-07,25961.392687295276
1991-08-08,25733.47595448219
1991-08-09,25681.67538895096
1991-08-12,25190.293457208925
1991-08-13,25066.333404521934
1991-08-14,25638.273897643456
1991-08-15,25228.317974116675
1991-08-16,25005.005779485837
1991-08-19,23517.61315515571
1991-08-20,23770.61422966304
1991-08-21,24170.766278848096
1991-08-22,24680.145951557584
1991-08-23,24187.00855697378
1991-08-26,23669.02883979761
1991-08-27,23723.355431933265
1991-08-28,23702.372087064174
1991-08-29,24120.12121180482
1991-08-30,24486.540782217373
1991-09-02,24633.10292969592
1991-09-03,24634.571872496028
1991-09-04,24561.594906226834
1991-09-05,24668.502358313748
1991-09-06,24880.65865322044
1991-09-09,24751.206643181064
1991-09-10,24573.743236218776
1991-09-11,24676.547348352222
1991-09-12,24705.013098263935
1991-09-13,25368.188890812213
1991-09-17,25707.84957220261
1991-09-18,25570.491124634977
1991-09-19,25587.051233712857
1991-09-20,25434.614690567607
1991-09-24,25589.824234956806
1991-09-25,25857.741803465877
1991-09-26,26286.827282158854
1991-09-27,26288.99459347765
1991-09-30,26231.472261191684
1991-10-01,26737.277370590178
1991-10-02,26735.846045472834
1991-10-03,27105.411888031867
1991-10-04,26980.435656551294
1991-10-07,26689.234025865364
1991-10-08,26497.687023298564
1991-10-09,26859.944870870237
1991-10-11,26501.287009175703
1991-10-14,26176.058408378707
1991-10-15,26667.064295769134
1991-10-16,26697.358596601553
1991-10-17,26813.405296220863
1991-10-18,27313.229134269397
1991-10-21,27447.74057454121
1991-10-22,27380.219722726277
1991-10-23,27211.125051828167
1991-10-24,27375.631796702022
1991-10-25,27329.30396065651
1991-10-28,27324.804344960856
1991-10-29,27587.612161125486
1991-10-30,27413.334372297628
1991-10-31,27678.58341040898
1991-11-01,27483.877124702012
1991-11-05,27382.068600103197
1991-11-06,27162.519628648057
1991-11-07,26830.160303100336
1991-11-08,26874.420687810987
1991-11-11,26596.84895851553
1991-11-12,27074.658200454578
1991-11-13,26799.27297104325
1991-11-14,26536.83570966148
1991-11-15,26452.57007572659
1991-11-18,25685.870626961638
1991-11-19,25606.080231808584
1991-11-20,25467.29339683107
1991-11-21,25443.74329692578
1991-11-22,25378.0043643164
1991-11-25,25105.596337358562
1991-11-26,25373.42478988787
1991-11-27,25221.648811546012
1991-11-28,25010.52542629737
1991-11-29,24908.952372021628
1991-12-02,24146.419552037958
1991-12-03,24338.651259735587
1991-12-04,24891.11238515378
1991-12-05,24660.83819279533
1991-12-06,24645.94769708898
1991-12-09,24545.32874037705
1991-12-10,24106.88151962674
1991-12-11,23613.132813734777
1991-12-12,23843.961563891346
1991-12-13,24989.22126350767
1991-12-16,25079.632419044065
1991-12-17,24970.00232869045
1991-12-18,24853.76865978597
1991-12-19,24152.880784097164
1991-12-20,23918.352020453058
1991-12-24,23795.273032070698
1991-12-25,24670.867260760355
1991-12-26,24774.610597225426
1991-12-27,24645.875380574824
1991-12-30,25246.729498451557
1992-01-06,26145.53104112574
1992-01-07,25888.516914754804
1992-01-08,24954.10257929868
1992-01-09,25392.92247347379
1992-01-10,24589.879707911892
1992-01-13,23838.0889042391
1992-01-14,23924.917558838853
1992-01-16,23746.715962366263
1992-01-17,23427.988183627138
1992-01-20,22980.972061313772
1992-01-21,22920.76263056413
1992-01-22,23664.22929013467
1992-01-23,23716.26599848986
1992-01-24,23158.17551254216
1992-01-27,23087.49933288419
1992-01-28,23509.697844599094
1992-01-29,23479.4555327612
1992-01-30,23695.057305139577
1992-01-31,24207.4219872671
1992-02-03,24336.367053978473
1992-02-04,24183.328109808448
1992-02-05,24114.660528214517
1992-02-06,24300.794238661823
1992-02-07,24304.05779886448
1992-02-10,23988.71230854606
1992-02-12,23684.03229869721
1992-02-13,23519.249968761436
1992-02-14,22962.43073004343
1992-02-17,23448.27271312273
1992-02-18,22951.020742053413
1992-02-19,22672.808297056356
1992-02-20,22842.529801251527
1992-02-21,23415.059681508123
1992-02-24,23065.523859957273
1992-02-25,23123.857688403918
1992-02-26,23497.747586146303
1992-02-27,23464.391981084715
1992-02-28,23470.830675012265
1992-03-02,23635.55102958096
1992-03-03,23156.657994191766
1992-03-04,23216.54532973054
1992-03-05,22952.237493172954
1992-03-06,23094.477089358286
1992-03-09,22880.411458638147
1992-03-10,22943.819272977078
1992-03-11,22655.86619288863
1992-03-12,22623.361200368017
1992-03-13,22507.714974699662
1992-03-16,21827.50123108703
1992-03-17,21916.808668016285
1992-03-18,21748.856190949908
1992-03-19,22212.65926118631
1992-03-23,22273.419670982148
1992-03-24,21891.17979195287
1992-03-25,22260.860580283286
1992-03-26,21886.011917944383
1992-03-27,21613.26452503584
1992-03-30,21649.591054609202
1992-03-31,21294.415256967357
1992-04-01,20454.00305676949
1992-04-02,20129.14449403616
1992-04-03,20431.122580553267
1992-04-06,20296.05037107477
1992-04-07,19586.8707180635
1992-04-08,18909.34550430891
1992-04-09,18274.318011063566
1992-04-10,19653.99676621582
1992-04-13,18978.618098053437
1992-04-14,19202.724562422267
1992-04-15,19763.24441326295
1992-04-16,19776.87110107727
1992-04-17,19360.12146681776
1992-04-20,18799.89377951198
1992-04-21,18487.74897440852
1992-04-22,18545.429295976213
1992-04-23,19166.06992604032
1992-04-24,19321.37279484163
1992-04-27,19220.78976901804
1992-04-28,19306.14174458754
1992-04-30,19156.247282351615
1992-05-01,19060.725440142458
1992-05-06,19695.10489163395
1992-05-07,20282.10430495591
1992-05-08,20244.326903117624
1992-05-11,20500.783970121807
1992-05-12,20391.80648322483
1992-05-13,20679.02686351504
1992-05-14,20719.444705458624
1992-05-15,19915.439308289282
1992-05-18,20322.548264665853
1992-05-19,20665.970812442254
1992-05-20,20579.435505328307
1992-05-21,20598.18013657086
1992-05-22,20080.610920723186
1992-05-25,20449.41023202818
1992-05-26,20063.978511384445
1992-05-27,19643.558210056304
1992-05-28,19764.040735063638
1992-05-29,20223.81594102155
1992-06-01,19845.72860988382
1992-06-02,19980.287505363307
1992-06-03,20050.57405179209
1992-06-04,19803.6616554992
1992-06-05,19612.49151159009
1992-06-08,19464.36292095501
1992-06-09,19674.49530896669
1992-06-10,19562.53187564599
1992-06-11,19525.9247695063
1992-06-12,19167.83908647027
1992-06-15,18693.861690498907
1992-06-16,18694.841851852027
1992-06-17,18135.59526223743
1992-06-18,17694.845396046654
1992-06-19,18218.542220939034
1992-06-22,17558.94716372505
1992-06-23,17764.445122225796
1992-06-24,17485.666000371668
1992-06-25,17806.193608434096
1992-06-26,17441.72624615234
1992-06-29,17363.5078624859
1992-06-30,17596.27056067767
1992-07-01,18008.72656463943
1992-07-02,18486.54185409102
1992-07-03,18443.22063794418
1992-07-06,18376.885467380213
1992-07-07,18159.60439238396
1992-07-08,18315.484200036833
1992-07-09,18590.197609607818
1992-07-10,18519.190322026447
1992-07-13,18981.083730863287
1992-07-14,18830.457859722268
1992-07-15,18888.815132854597
1992-07-16,18746.82722240521
1992-07-17,18262.350995174707
1992-07-20,17530.627362375784
1992-07-21,17661.3930706946
1992-07-22,17153.793867437933
1992-07-23,17704.04645340396
1992-07-24,17106.244599796275
1992-07-27,16969.46881131978
1992-07-28,17028.89511083448
1992-07-29,16664.43927961577
1992-07-30,17172.444539030777
1992-07-31,17564.601933101763
1992-08-03,17343.49353279592
1992-08-04,17325.482417923427
1992-08-05,17647.43161051204
1992-08-06,17584.890349817884
1992-08-07,17134.8122119238
1992-08-10,16636.383886155123
1992-08-11,16367.769242401828
1992-08-12,16314.483432480749
1992-08-13,16308.84482805381
1992-08-14,16366.927740971285
1992-08-17,16488.20819462287
1992-08-18,15803.87544581534
1992-08-19,16181.416985536345
1992-08-20,16863.488258634687
1992-08-21,17912.430240842314
1992-08-24,18367.130981521874
1992-08-25,18094.714823940572
1992-08-26,18273.064869202506
1992-08-27,19393.156733843258
1992-08-28,19853.17338823645
1992-08-31,19953.659724871028
1992-09-01,19599.641038141646
1992-09-02,19432.008661659635
1992-09-03,20315.246010910185
1992-09-04,20502.478467491
1992-09-07,20375.985824817253
1992-09-08,20202.367934237875
1992-09-09,20858.513025213986
1992-09-10,20895.61858144085
1992-09-11,20011.377301184053
1992-09-14,20414.036187239904
1992-09-16,19832.63214376567
1992-09-17,20023.226279449445
1992-09-18,20079.498316110297
1992-09-21,19969.04521823963
1992-09-22,20209.02958280654
1992-09-24,20571.45160125851
1992-09-25,20334.288731744968
1992-09-28,19868.318630034395
1992-09-29,19620.800176748056
1992-09-30,19235.633713364703
1992-10-01,19204.053145165744
1992-10-02,19154.039562960083
1992-10-05,18908.61688440503
1992-10-06,19093.485614049376
1992-10-07,18921.256245993016
1992-10-08,19169.35591123313
1992-10-09,18865.113725695188
1992-10-12,19133.643920232804
1992-10-13,19342.949322260665
1992-10-14,19181.446896222897
1992-10-15,19496.72204033055
1992-10-16,19211.29662816326
1992-10-19,18696.543661944062
1992-10-20,18789.93990065967
1992-10-21,18960.782657562657
1992-10-22,18819.321288529452
1992-10-23,18935.698284253678
1992-10-26,18818.74076557843
1992-10-27,19011.81172491113
1992-10-28,18883.199849125158
1992-10-29,18739.256302565984
1992-10-30,18551.476680979707
1992-11-02,18647.23082362632
1992-11-04,18882.276074007266
1992-11-05,18845.743926845425
1992-11-06,18667.382078523122
1992-11-09,18167.01053928955
1992-11-10,18189.840335379537
1992-11-11,18058.82496659899
1992-11-12,18124.505115906133
1992-11-13,18074.070971160625
1992-11-16,17888.981459640043
1992-11-17,17701.986414364037
1992-11-18,18571.888294715274
1992-11-19,18674.890714212313
1992-11-20,18855.185066418348
1992-11-24,18925.016714384754
1992-11-25,19153.632414523472
1992-11-26,19350.280457030018
1992-11-27,19341.621480489368
1992-11-30,19578.159484079108
1992-12-01,19168.510451975242
1992-12-02,19258.463754409066
1992-12-03,19111.2060148649
1992-12-04,19151.300997221035
1992-12-07,19053.89134405475
1992-12-08,19137.30839046105
1992-12-09,19275.703404281827
1992-12-10,19381.669937054834
1992-12-11,19315.58422427767
1992-12-14,19148.96709128582
1992-12-15,19360.92176184908
1992-12-16,19126.752846506726
1992-12-17,19314.82943145197
1992-12-18,19584.47799772912
1992-12-21,19546.056553920687
1992-12-22,19596.84090999294
1992-12-24,19551.194911876097
1992-12-25,19450.165171944896
1992-12-28,19042.682324738536
1992-12-29,19150.83562577337
1992-12-30,18751.876701607765
1993-01-04,18829.058021490742
1993-01-05,18661.78248464742
1993-01-06,18596.216030937198
1993-01-07,18594.69126460026
1993-01-08,18433.164829170677
1993-01-11,18383.72031044563
1993-01-12,18485.693638296692
1993-01-13,18305.4755310092
1993-01-14,18303.48679428521
1993-01-18,18416.705863888797
1993-01-19,18618.331629477772
1993-01-20,18299.195257309162
1993-01-21,18331.35619769568
1993-01-22,18108.170535038633
1993-01-25,18054.023304865677
1993-01-26,18282.029507295807
1993-01-27,18301.499874781097
1993-01-28,18915.918529467493
1993-01-29,18872.57473832436
1993-02-01,18994.960551538257
1993-02-02,19053.947595350597
1993-02-03,19094.1444630361
1993-02-04,19059.928359157868
1993-02-05,19218.268620134757
1993-02-08,19162.131427006534
1993-02-09,18875.028621091216
1993-02-10,18950.6127181434
1993-02-12,18686.850459033347
1993-02-15,18982.947077453533
1993-02-16,18759.891901990093
1993-02-17,18863.960971337696
1993-02-18,18834.06228226992
1993-02-19,18865.58166408336
1993-02-22,18656.08159496467
1993-02-23,18703.84907042061
1993-02-24,18633.211341071095
1993-02-25,18754.090203940064
1993-02-26,18805.656577219583
1993-03-01,18724.433730676283
1993-03-02,18707.991000581078
1993-03-03,18697.115707139572
1993-03-04,18593.071977564032
1993-03-05,18658.099652539782
1993-03-08,19622.555915444464
1993-03-09,19802.719747469582
1993-03-10,19814.80006173097
1993-03-11,19866.634960532912
1993-03-12,20014.534156876893
1993-03-15,20069.154764750427
1993-03-16,19938.974528713952
1993-03-17,20167.16384863135
1993-03-18,20783.181880993532
1993-03-19,20572.16255606152
1993-03-22,20847.174239261716
1993-03-23,20522.893630385042
1993-03-24,20478.107681801994
1993-03-25,20827.517471818188
1993-03-26,20854.562095774512
1993-03-29,21143.456946760165
1993-03-30,21049.52071767563
1993-03-31,20637.558263318533
1993-04-01,21201.730424456142
1993-04-02,21588.549686586357
1993-04-05,21936.173210388773
1993-04-06,21634.152589924295
1993-04-07,22015.00419988787
1993-04-08,22168.95191806758
1993-04-09,22086.272367963946
1993-04-12,22075.815720581704
1993-04-13,23029.366572401686
1993-04-14,22800.334544630558
1993-04-15,22959.238792823326
1993-04-16,22540.219132701663
1993-04-19,22334.90256495861
1993-04-20,22020.306212734016
1993-04-21,21959.44613609433
1993-04-22,21758.334994312343
1993-04-23,21884.33995757858
1993-04-26,21795.59220657452
1993-04-27,22443.909335775108
1993-04-28,22719.920453622963
1993-04-30,23236.71145029041
1993-05-06,22907.35694354855
1993-05-07,23118.390818671345
1993-05-10,23389.449738887943
1993-05-11,23263.155490836663
1993-05-12,22902.632018113673
1993-05-13,22811.779610517307
1993-05-14,22747.35398744451
1993-05-17,22849.570700223405
1993-05-18,22476.823507052963
1993-05-19,22645.749441423308
1993-05-20,22590.45591372673
1993-05-21,22843.49346752507
1993-05-24,22753.851961388104
1993-05-25,22927.476216638865
1993-05-26,23221.833394110596
1993-05-27,23174.37191136209
1993-05-28,23165.158715717836
1993-05-31,22842.084506912506
1993-06-01,22886.211820341712
1993-06-02,22998.396098767134
1993-06-03,23426.270384380583
1993-06-04,23211.62888267701
1993-06-07,23170.05748653385
1993-06-08,22871.81255287832
1993-06-10,22781.460635429936
1993-06-11,22790.653381808494
1993-06-14,22676.191442694904
1993-06-15,22286.152031335987
1993-06-16,22127.349629967135
1993-06-17,22153.71288167
1993-06-18,22019.90239877134
1993-06-21,21362.22626555312
1993-06-22,21725.23983759484
1993-06-23,21675.011446248565
1993-06-24,21889.80519865367
1993-06-25,21862.132229716088
1993-06-28,22115.465830904617
1993-06-29,21734.326991531372
1993-06-30,21786.809597032265
1993-07-01,22159.634180265148
1993-07-02,21823.162167079376
1993-07-05,21825.623166244673
1993-07-06,22056.23387383252
1993-07-07,21935.55921424634
1993-07-08,21900.649439042263
1993-07-09,22111.2633290903
1993-07-12,22226.098623309834
1993-07-13,22449.75062053904
1993-07-14,22404.49460092258
1993-07-15,22426.232565688762
1993-07-16,22619.97264881317
1993-07-19,22419.734997608433
1993-07-20,22294.797850781768
1993-07-21,22343.238873534723
1993-07-22,22382.77047190233
1993-07-23,21959.25227974734
1993-07-26,22057.316176640215
1993-07-27,22135.13409423214
1993-07-28,22067.040776545575
1993-07-29,22765.799223459104
1993-07-30,22681.140780756377
1993-08-02,22641.103263469726
1993-08-03,22657.516198566747
1993-08-04,22813.945283972538
1993-08-05,22734.61897854086
1993-08-06,22659.97262140423
1993-08-09,22811.07474364277
1993-08-10,22812.565787509353
1993-08-11,23079.129074967874
1993-08-12,23116.262358504962
1993-08-13,23094.597806127756
1993-08-16,23269.34868167426
1993-08-17,23203.8222165952
1993-08-18,23127.94742476218
1993-08-19,23033.242428854857
1993-08-20,22944.65315926732
1993-08-23,22730.339505576045
1993-08-24,22750.75769030904
1993-08-25,22851.251251704314
1993-08-26,22930.260573240692
1993-08-27,23153.607767644226
1993-08-30,23289.09182620553
1993-08-31,23416.67771155768
1993-09-01,23335.776140892754
1993-09-02,23369.804296560236
1993-09-03,23518.679411822835
1993-09-06,23457.70880718701
1993-09-07,23348.493209254488
1993-09-08,23300.3121512986
1993-09-09,23197.881373985216
1993-09-10,23190.140602609237
1993-09-13,23558.62296852975
1993-09-14,23336.198747939114
1993-09-16,22840.463178264145
1993-09-17,22717.38913364166
1993-09-20,22578.82282537356
1993-09-21,22803.051574900244
1993-09-22,22478.385353166406
1993-09-24,22627.179637004774
1993-09-27,22390.081119763407
1993-09-28,22478.376945340093
1993-09-29,22372.871805244893
1993-09-30,22405.10823519052
1993-10-01,22603.525057614366
1993-10-04,22583.39004241663
1993-10-05,22648.17765450917
1993-10-06,22847.624093947623
1993-10-07,22586.845651525313
1993-10-08,22713.50913655542
1993-10-12,22445.23009125304
1993-10-13,22335.681763814384
1993-10-14,22385.88267951564
1993-10-15,22488.700321568875
1993-10-18,22375.46565458419
1993-10-19,22373.599882259794
1993-10-20,22489.693483363866
1993-10-21,22497.085269936437
1993-10-22,22593.010907263553
1993-10-25,22643.33085954102
1993-10-26,22325.46102169406
1993-10-27,22120.085341724152
1993-10-28,21720.113689279933
1993-10-29,21970.03261212526
1993-11-01,21675.51895350088
1993-11-02,21612.633682497402
1993-11-04,21132.1690751724
1993-11-05,20732.10613880965
1993-11-08,20771.45171648109
1993-11-09,20215.079478877276
1993-11-10,20211.24985644979
1993-11-11,20252.935459545843
1993-11-12,20627.253899347463
1993-11-15,20160.606787952955
1993-11-16,20352.54643568066
1993-11-17,20199.906218988686
1993-11-18,20264.801463510823
1993-11-19,20014.289937397152
1993-11-22,19394.260189608925
1993-11-24,19040.39984156235
1993-11-25,19214.825454417052
1993-11-26,18661.42945787573
1993-11-29,17939.403585841937
1993-11-30,18305.742330211102
1993-12-01,19108.315028873876
1993-12-02,19480.973342887184
1993-12-03,19482.251089552916
1993-12-06,18792.15357387931
1993-12-07,18863.16656590684
1993-12-08,18422.3447707815
1993-12-09,19041.142410989243
1993-12-10,19259.94452839878
1993-12-13,19338.560205275167
1993-12-14,19318.40525517225
1993-12-15,19520.383174052367
1993-12-16,19855.99014904399
1993-12-17,20149.762299127193
1993-12-20,19427.43220521156
1993-12-21,19328.901586523625
1993-12-22,19474.973355639086
1993-12-24,19135.50665376367
1993-12-27,18777.489319502663
1993-12-28,19125.651585700067
1993-12-29,19283.466699270626
1993-12-30,19446.19593067965
1994-01-04,19393.705160881345
1994-01-05,19856.210929409554
1994-01-06,19966.760968253235
1994-01-07,20237.56250319156
1994-01-10,20594.81902598506
1994-01-11,20642.08415365574
1994-01-12,20987.312794075948
1994-01-13,20745.99026978332
1994-01-14,21189.30331470585
1994-01-17,20912.56019668513
1994-01-18,20677.695972817182
1994-01-19,21264.46122000275
1994-01-20,21426.46962064977
1994-01-21,21565.020661308732
1994-01-24,20499.832667731178
1994-01-25,20830.051649257395
1994-01-26,21377.809561437403
1994-01-27,21103.14120404619
1994-01-28,20954.14478089826
1994-01-31,22598.275011027163
1994-02-01,22808.06036022983
1994-02-02,22622.899874527957
1994-02-03,22539.50857617449
1994-02-04,22681.592367128567
1994-02-07,22361.53702178879
1994-02-08,22626.77374265321
1994-02-09,22169.467496669935
1994-02-10,22336.931016293664
1994-02-14,21743.715946379194
1994-02-15,21202.762019454676
1994-02-16,21289.969269368383
1994-02-17,21155.66275703616
1994-02-18,21187.778804327198
1994-02-21,21673.769695554518
1994-02-22,21617.03434834885
1994-02-23,21616.74416307549
1994-02-24,22090.840755592588
1994-02-25,22133.81925587599
1994-02-28,22351.071229727793
1994-03-01,22596.951267548055
1994-03-02,22070.162886721384
1994-03-03,21915.50603069795
1994-03-04,22318.697018980318
1994-03-07,22147.036814565294
1994-03-08,22244.365493029585
1994-03-09,22178.794200966702
1994-03-10,22460.616642633275
1994-03-11,22488.74717983545
1994-03-14,22948.704671926895
1994-03-15,22930.003499523613
1994-03-16,23119.511909317436
1994-03-17,23024.43745615865
1994-03-18,22887.872629141933
1994-03-22,22647.07579237099
1994-03-23,22321.829650337095
1994-03-24,22407.217751197237
1994-03-25,22182.602162150266
1994-03-28,22300.989826400197
1994-03-29,22042.10526404468
1994-03-30,21875.1569306914
1994-03-31,21374.737447095304
1994-04-01,21560.14500546054
1994-04-04,21387.45448825262
1994-04-05,21881.296940772885
1994-04-06,22031.26475742157
1994-04-07,22249.149452010966
1994-04-08,22299.000624508226
1994-04-11,22258.3361463388
1994-04-12,21979.57638805251
1994-04-13,22441.17699948467
1994-04-14,22359.902944195226
1994-04-15,22559.028819232855
1994-04-18,22685.77766001811
1994-04-19,22591.292059141997
1994-04-20,22244.905635327796
1994-04-21,22152.86301245757
1994-04-22,22338.136079668424
1994-04-25,22053.154082896388
1994-04-26,21964.01810805119
1994-04-27,22076.778849921455
1994-04-28,22073.03186165331
1994-05-02,21900.15208519824
1994-05-06,22227.82883356665
1994-05-09,22143.946356378365
1994-05-10,22290.971169875473
1994-05-11,22551.638197237968
1994-05-12,22635.213230584093
1994-05-13,22687.90224324456
1994-05-16,22596.408873801814
1994-05-17,22535.57978831742
1994-05-18,22557.702855229058
1994-05-19,22635.133134181662
1994-05-20,22771.023579424113
1994-05-23,23025.2577371815
1994-05-24,23085.69040009907
1994-05-25,23132.80838494139
1994-05-26,22945.565570109065
1994-05-27,23261.205243804114
1994-05-30,23331.05836089606
1994-05-31,23482.433265697717
1994-06-01,23572.124317414662
1994-06-02,23523.395330730254
1994-06-03,23462.6813562023
1994-06-06,23208.552165806475
1994-06-07,23563.1184236362
1994-06-08,23809.28223977154
1994-06-09,23967.655290329785
1994-06-10,23959.8152617495
1994-06-13,24137.01656190562
1994-06-14,23915.004651795607
1994-06-15,23836.145357669324
1994-06-16,23931.462747171987
1994-06-17,24084.265558651343
1994-06-20,23691.49500594301
1994-06-21,23312.594187522736
1994-06-22,23053.55785411928
1994-06-23,23568.229980511962
1994-06-24,23262.563021117694
1994-06-27,22741.430191396554
1994-06-28,23121.011454604264
1994-06-29,22944.39633357407
1994-06-30,23127.569762844498
1994-07-01,23015.600768886736
1994-07-04,23115.419409217153
1994-07-05,23342.879784873345
1994-07-06,23113.463133984773
1994-07-07,23104.014651544887
1994-07-08,22999.883662676923
1994-07-11,22940.668618084987
1994-07-12,22859.94732274885
1994-07-13,23017.390770713762
1994-07-14,23217.08958287406
1994-07-15,23276.137861133902
1994-07-18,23217.94216968107
1994-07-19,23283.0547993683
1994-07-20,23289.981938098987
1994-07-21,23113.729983623492
1994-07-22,22935.01418775459
1994-07-25,22750.458684926052
1994-07-26,22804.57087859335
1994-07-27,22571.905380327793
1994-07-28,22696.53379943896
1994-07-29,22923.08958479885
1994-08-01,22724.1472400495
1994-08-02,23160.618284837867
1994-08-03,23130.54874228121
1994-08-04,23180.646548814457
1994-08-05,23007.363244303808
1994-08-08,23135.965313005294
1994-08-09,23085.47597691878
1994-08-10,23287.973891621565
1994-08-11,23345.931764393383
1994-08-12,23169.95038094472
1994-08-15,23128.549411518892
1994-08-16,23308.644255678104
1994-08-17,23352.134188369535
1994-08-18,23395.635297241635
1994-08-19,23003.707900123085
1994-08-22,22871.88454919449
1994-08-23,22857.04685897071
1994-08-24,23004.405435344626
1994-08-25,22928.434456100018
1994-08-26,22960.706198952572
1994-08-29,23105.959416560152
1994-08-30,23097.295223527042
1994-08-31,23138.78226809303
1994-09-01,23155.582826199043
1994-09-02,23168.458177138455
1994-09-05,22894.66182098654
1994-09-06,22878.25165060202
1994-09-07,22463.60736353575
1994-09-08,22345.29279450049
1994-09-09,22323.593731681034
1994-09-12,22345.98215306979
1994-09-13,22491.150923554902
1994-09-14,22349.59047784534
1994-09-16,22212.06974240303
1994-09-19,21940.982680867415
1994-09-20,22259.32952826547
1994-09-21,22313.939339067067
1994-09-22,22256.535711640016
1994-09-26,22235.488269283775
1994-09-27,21848.417715090898
1994-09-28,21892.470259267702
1994-09-29,22013.750282877383
1994-09-30,21956.781696255206
1994-10-03,22054.163390150443
1994-10-04,21963.396389427893
1994-10-05,22169.34619919443
1994-10-06,22061.852486125223
1994-10-07,22162.95298765058
1994-10-11,22249.681423270667
1994-10-12,22551.435153827442
1994-10-13,22618.42033549312
1994-10-14,22417.50059759036
1994-10-17,22405.778840523486
1994-10-18,22444.701168001422
1994-10-19,22306.641427910672
1994-10-20,22445.3956964662
1994-10-21,22341.809101114064
1994-10-24,22289.98771221644
1994-10-25,22155.62745970422
1994-10-26,22172.190903226492
1994-10-27,22228.966257782406
1994-10-28,22239.47066989142
1994-10-31,22447.20810806572
1994-11-01,22365.725091151427
1994-11-02,22180.122447710615
1994-11-04,22249.147439417353
1994-11-07,22033.758790804837
1994-11-08,22022.918279483598
1994-11-09,21815.599087615898
1994-11-10,21637.591202198113
1994-11-11,21660.109843383758
1994-11-14,21634.982520112884
1994-11-15,21781.87029254338
1994-11-16,21686.97809663487
1994-11-17,21721.183553428466
1994-11-18,21683.586281175132
1994-11-21,21481.040287804604
1994-11-22,21303.320963192153
1994-11-24,21009.854680857236
1994-11-25,20971.895310804448
1994-11-28,21134.750239796544
1994-11-29,21264.695817658077
1994-11-30,21432.84793268902
1994-12-01,21363.76214901317
1994-12-02,21347.169534209515
1994-12-05,21693.13640239756
1994-12-06,21732.859875225986
1994-12-07,21546.658751520805
1994-12-08,21553.789037402057
1994-12-09,21327.679997287978
1994-12-12,21324.679127968157
1994-12-13,21213.318180751532
1994-12-14,21276.86032780925
1994-12-15,21490.583062404152
1994-12-16,21538.739250133433
1994-12-19,21660.07985329507
1994-12-20,21813.698696625954
1994-12-21,21739.772976411703
1994-12-22,22069.577360357223
1994-12-26,22174.984880630465
1994-12-27,22158.30407245544
1994-12-28,22107.403185625742
1994-12-29,22206.334442648855
1994-12-30,22173.318742010444
1995-01-04,22130.192964147584
1995-01-05,22054.562519113642
1995-01-06,21946.63714189373
1995-01-09,21863.561724970674
1995-01-10,21927.859047590446
1995-01-11,21981.46951287511
1995-01-12,21826.509020998867
1995-01-13,21738.584120196818
1995-01-17,21638.272000146957
1995-01-18,21618.744988195667
1995-01-19,21453.506538573685
1995-01-20,21189.341663734
1995-01-23,20003.77258795805
1995-01-24,20314.02441502303
1995-01-25,20425.780877313486
1995-01-26,20326.760797976007
1995-01-27,20365.1380150871
1995-01-30,21095.363586095136
1995-01-31,20980.13424693807
1995-02-01,21081.694789060828
1995-02-02,20930.33329929342
1995-02-03,20857.53593719444
1995-02-06,21002.542018603814
1995-02-07,20815.709644515224
1995-02-08,20579.783206764827
1995-02-09,20365.896876873536
1995-02-10,20582.403380772113
1995-02-13,20608.424915917785
1995-02-14,20411.747323059204
1995-02-15,20246.474447332897
1995-02-16,20010.35809162812
1995-02-17,20281.046428394995
1995-02-20,20209.664088803198
1995-02-21,20367.656191588925
1995-02-22,20380.046691439253
1995-02-23,20069.357437651524
1995-02-24,19668.091109736113
1995-02-27,18921.03703254004
1995-02-28,19197.167546342687
1995-03-01,18708.430059967286
1995-03-02,19096.85558202096
1995-03-03,19183.554277975774
1995-03-06,19185.438978982635
1995-03-07,19089.885380980482
1995-03-08,18714.499935624834
1995-03-09,18874.757183647773
1995-03-10,18419.694948298198
1995-03-13,18554.607050956314
1995-03-14,18294.180950507365
1995-03-15,18768.90444354603
1995-03-16,18419.12955700196
1995-03-17,18302.1177780766
1995-03-20,18166.153362432546
1995-03-22,17913.22761520141
1995-03-23,17810.840043960754
1995-03-24,17739.756789705574
1995-03-27,18130.624253504477
1995-03-28,18790.73375800843
1995-03-29,18542.416564232266
1995-03-30,18601.043354307134
1995-03-31,18182.290862831596
1995-04-03,17328.21240136758
1995-04-04,17609.59239320028
1995-04-05,17894.055460284464
1995-04-06,17819.596358048748
1995-04-07,17711.61205320135
1995-04-10,18212.029305665383
1995-04-11,18331.84584772371
1995-04-12,18418.146862138732
1995-04-13,18524.544915121453
1995-04-14,18084.655686978374
1995-04-17,18374.05781043812
1995-04-18,18285.597484180118
1995-04-19,18456.359463690136
1995-04-20,18757.885059654465
1995-04-21,19125.027660186694
1995-04-24,18940.604840810927
1995-04-25,19061.272961601273
1995-04-26,18967.171753857616
1995-04-27,19032.626362066752
1995-04-28,18946.19313083898
1995-05-01,18952.140456477817
1995-05-02,19265.283929813962
1995-05-08,19282.87535705249
1995-05-09,19119.514717038543
1995-05-10,18971.632798902385
1995-05-11,18560.994817033243
1995-05-12,18515.421399222512
1995-05-15,18729.09151677668
1995-05-16,18480.739693648935
1995-05-17,18574.336538858435
1995-05-18,18395.890924728228
1995-05-19,18202.86284172772
1995-05-22,17806.797701217827
1995-05-23,17950.66411675604
1995-05-24,18012.84817608761
1995-05-25,17572.094189559735
1995-05-26,17702.182932139807
1995-05-29,17567.17238587259
1995-05-30,17780.889392973037
1995-05-31,17413.53834667872
1995-06-01,17592.114083579996
1995-06-02,17879.881443563336
1995-06-05,17934.849046149327
1995-06-06,17668.822588117826
1995-06-07,17690.435247274378
1995-06-08,17423.265398604348
1995-06-09,16974.64399410833
1995-06-12,16714.879926569098
1995-06-13,16474.21278821082
1995-06-14,16543.38691425588
1995-06-15,16777.276196921746
1995-06-16,16592.66294930094
1995-06-19,16589.710224001345
1995-06-20,16551.49010065347
1995-06-21,16874.27905125474
1995-06-22,16846.810205404192
1995-06-23,17229.790155905546
1995-06-26,17095.124528607295
1995-06-27,16659.64130938426
1995-06-28,16501.06158910183
1995-06-29,16376.426003417058
1995-06-30,16388.52524945693
1995-07-03,16352.961225691979
1995-07-04,16658.703627259456
1995-07-05,16743.59998446884
1995-07-06,17225.64079323514
1995-07-07,18305.833156557594
1995-07-10,18339.847505474325
1995-07-11,18730.619423388067
1995-07-12,18751.066903548217
1995-07-13,18638.694491273345
1995-07-14,18652.904980531883
1995-07-17,19020.29793424403
1995-07-18,18718.136098591098
1995-07-19,18547.20042927281
1995-07-20,18582.813493572405
1995-07-21,18736.671213279024
1995-07-24,18740.022957621848
1995-07-25,18240.156768605288
1995-07-26,18510.567234485014
1995-07-27,18779.967728475604
1995-07-28,18808.00364326256
1995-07-31,18840.35717095793
1995-08-01,18480.654804989088
1995-08-02,18890.452194294772
1995-08-03,19086.497941172285
1995-08-04,18914.825799812774
1995-08-07,18773.39273757121
1995-08-08,19026.570020020597
1995-08-09,18971.117777138894
1995-08-10,18903.549719223432
1995-08-11,18975.793635278173
1995-08-14,19116.819625180844
1995-08-15,19723.366887813096
1995-08-16,20521.91987280573
1995-08-17,20512.402408745365
1995-08-18,20380.620009632057
1995-08-21,20198.837042550276
1995-08-22,20207.109803044692
1995-08-23,20042.998860257423
1995-08-24,20258.453286530483
1995-08-25,20088.091474117606
1995-08-28,20175.3690042299
1995-08-29,20501.480038621477
1995-08-30,20331.12019147383
1995-08-31,20482.57601256295
1995-09-01,20487.23228086138
1995-09-04,20067.086100511893
1995-09-05,20119.22795690397
1995-09-06,19923.546764488696
1995-09-07,19925.119396690792
1995-09-08,20670.265829800162
1995-09-11,20904.541753333528
1995-09-12,20889.4804678832
1995-09-13,21050.871723548407
1995-09-14,21214.76318949086
1995-09-18,20718.535555000297
1995-09-19,20894.788453205518
1995-09-20,20583.613823498617
1995-09-21,20398.97444974094
1995-09-22,20036.72667074714
1995-09-25,19870.552806492626
1995-09-26,20273.420948977815
1995-09-27,20659.23261283436
1995-09-28,20388.905516093364
1995-09-29,20265.373086247677
1995-10-02,20070.07959497416
1995-10-03,20526.875934997403
1995-10-04,20529.930080065787
1995-10-05,20615.8535596099
1995-10-06,20940.009495998333
1995-10-09,20567.291654517547
1995-10-11,20245.390477931945
1995-10-12,20336.83914250631
1995-10-13,20235.027549024955
1995-10-16,20389.176289411957
1995-10-17,20276.86890082317
1995-10-18,20254.20286024332
1995-10-19,20322.100168864075
1995-10-20,20551.383563613603
1995-10-23,20550.840433621062
1995-10-24,20390.80834702226
1995-10-25,20342.321480506762
1995-10-26,20066.648132132537
1995-10-27,19626.40351371525
1995-10-30,19821.75831482777
1995-10-31,19987.114070949498
1995-11-01,19783.82744147123
1995-11-02,20412.07851869183
1995-11-06,20422.014527743166
1995-11-07,20404.867398209608
1995-11-08,20226.725837740763
1995-11-09,20179.563807430506
1995-11-10,20205.744713465287
1995-11-13,20145.16001652712
1995-11-14,20160.61408464379
1995-11-15,20025.652756190848
1995-11-16,20317.137134618282
1995-11-17,20557.518224324023
1995-11-20,20821.722401317355
1995-11-21,20822.988260057344
1995-11-22,20660.036631248007
1995-11-24,20632.855067977092
1995-11-27,21004.992913750546
1995-11-28,21170.271219004102
1995-11-29,20996.027332147503
1995-11-30,21235.1348808438
1995-12-01,21336.314917559186
1995-12-04,21409.84614962237
1995-12-05,21390.353044727974
1995-12-06,21604.455297204855
1995-12-07,21995.47879092666
1995-12-08,21854.183357103713
1995-12-11,21786.71203962077
1995-12-12,21884.886596489985
1995-12-13,21852.430889773714
1995-12-14,22097.745220827277
1995-12-15,21925.376597586168
1995-12-18,21885.91303927963
1995-12-19,21693.306477814433
1995-12-20,22043.238669502447
1995-12-21,22275.95103397596
1995-12-22,22380.039327709907
1995-12-25,22415.919417245736
1995-12-26,22563.254157059182
1995-12-27,22685.351793419944
1995-12-28,22528.958785922332
1995-12-29,22524.06943297015
1996-01-04,23374.823498770213
1996-01-05,23433.34421677273
1996-01-08,23314.456946993567
1996-01-09,23415.463772257262
1996-01-10,23371.05042955641
1996-01-11,23105.937129503665
1996-01-12,23003.977854500306
1996-01-16,23321.739564351286
1996-01-17,23326.021455756938
1996-01-18,23099.636335039577
1996-01-19,23095.44228973591
1996-01-22,22904.18258999625
1996-01-23,22773.723516613507
1996-01-24,23037.287402894843
1996-01-25,23153.57140466582
1996-01-26,23436.816803776117
1996-01-29,23352.82582592586
1996-01-30,23504.620847915518
1996-01-31,23607.718643941367
1996-02-01,23747.209290606024
1996-02-02,23712.61961461422
1996-02-05,23428.963144902493
1996-02-06,23540.543176539642
1996-02-07,23759.415172991623
1996-02-08,23958.412896232592
1996-02-09,23750.934279621244
1996-02-13,23580.759884969902
1996-02-14,23762.238846658904
1996-02-15,23697.789203912205
1996-02-16,23603.812866419245
1996-02-19,23511.987484295594
1996-02-20,23438.24353926413
1996-02-21,23117.280597033794
1996-02-22,23082.431591643533
1996-02-23,23037.063644556092
1996-02-26,23241.86586173125
1996-02-27,22697.93764732393
1996-02-28,22607.304831311034
1996-02-29,22841.064284356053
1996-03-01,22890.816535755293
1996-03-04,22772.577767271006
1996-03-05,22909.4182774979
1996-03-06,22975.12306029025
1996-03-07,22653.376458294348
1996-03-08,22879.594785205867
1996-03-11,22472.064427558933
1996-03-12,22647.503648504488
1996-03-13,22403.427630762097
1996-03-14,22618.58688407594
1996-03-15,22922.570835691706
1996-03-18,23030.26468949944
1996-03-19,23209.705213210407
1996-03-21,23533.874101906633
1996-03-22,23504.332367740688
1996-03-25,23748.580413989763
1996-03-26,23862.045981681487
1996-03-27,24220.655399865933
1996-03-28,24182.555485871362
1996-03-29,24309.32855592485
1996-04-01,24484.385946665436
1996-04-02,24530.157635499814
1996-04-03,24377.142918204394
1996-04-04,24385.140470969523
1996-04-05,24641.015550015225
1996-04-08,24333.24070799185
1996-04-09,24697.315069477987
1996-04-10,24752.00539683402
1996-04-11,24642.225022969687
1996-04-12,24604.353474202308
1996-04-15,24857.88012798112
1996-04-16,24841.698118047483
1996-04-17,24783.391915321074
1996-04-18,24779.871888055342
1996-04-19,24861.62585342135
1996-04-22,25135.05776355289
1996-04-23,25131.218989727833
1996-04-24,25316.18828227366
1996-04-25,25257.88329363249
1996-04-26,25264.204947145623
1996-04-30,25044.79822072437
1996-05-01,24788.378215670346
1996-05-02,24615.648147117066
1996-05-07,24426.46199978691
1996-05-08,24692.303030325096
1996-05-09,24333.078950598134
1996-05-10,24343.135434986478
1996-05-13,24061.63967343332
1996-05-14,24209.199726705247
1996-05-15,25067.900839821606
1996-05-16,25172.318615371853
1996-05-17,24910.91833336049
1996-05-20,24982.556573076658
1996-05-21,25111.41958330206
1996-05-22,24960.110502267242
1996-05-23,24694.913209573806
1996-05-24,24780.137078330186
1996-05-27,24668.674097918687
1996-05-28,24947.643973054026
1996-05-29,25035.86215786922
1996-05-30,24882.92167684931
1996-05-31,24963.035594288194
1996-06-03,24545.714222453214
1996-06-04,24852.952381308616
1996-06-05,24880.166342072593
1996-06-06,24793.356527604978
1996-06-07,24734.19438304796
1996-06-10,24697.760580997932
1996-06-11,24810.441134987657
1996-06-12,25137.73371254958
1996-06-13,25112.976051761994
1996-06-14,25349.096458232463
1996-06-17,25299.766937784116
1996-06-18,25399.45901364211
1996-06-19,25439.944695145055
1996-06-20,25520.221727836026
1996-06-21,25627.128605905356
1996-06-24,25710.381369984112
1996-06-25,25704.256329929794
1996-06-26,25784.196720019194
1996-06-27,25597.0163395463
1996-06-28,25630.896650555747
1996-07-01,25546.009993448548
1996-07-02,25424.41779174856
1996-07-03,25460.46696706716
1996-07-04,25363.224240304753
1996-07-05,25295.124340513124
1996-07-08,24945.997286696285
1996-07-09,24940.884086626505
1996-07-10,24781.293310912923
1996-07-11,24911.310427300028
1996-07-12,24643.322713676764
1996-07-15,24754.373680354925
1996-07-16,24360.118658040396
1996-07-17,24368.246106940853
1996-07-18,24543.676323335865
1996-07-19,24441.79992600197
1996-07-22,23906.83363724061
1996-07-23,24087.40954014781
1996-07-24,23481.833180651327
1996-07-25,23770.255115537006
1996-07-26,24045.319100761724
1996-07-29,23866.88398608931
1996-07-30,23768.2938057966
1996-07-31,23555.532435042343
1996-08-01,23888.609809655554
1996-08-02,23838.723151083414
1996-08-05,23995.43827407255
1996-08-06,23617.478220780376
1996-08-07,23313.839634754986
1996-08-08,23603.375104933166
1996-08-09,23398.809928507973
1996-08-12,23531.041461103643
1996-08-13,23757.5603806436
1996-08-14,23890.505749199383
1996-08-15,23876.544154637977
1996-08-16,23724.350309493853
1996-08-19,24035.23805657889
1996-08-20,24059.382339081094
1996-08-21,24228.62646336818
1996-08-22,24329.78871332692
1996-08-23,24177.370226126564
1996-08-26,23785.06092099975
1996-08-27,23815.9550890835
1996-08-28,23588.313113441967
1996-08-29,23410.557204016874
1996-08-30,22971.25292605472
1996-09-02,22903.80075398526
1996-09-03,23008.16082582814
1996-09-04,23013.053266537827
1996-09-05,23216.42930272045
1996-09-06,22958.15706422986
1996-09-09,23015.47851518741
1996-09-10,23423.22446909485
1996-09-11,23436.936807182778
1996-09-12,23292.783229228113
1996-09-13,23747.731661787133
1996-09-17,24281.59713462814
1996-09-18,24106.997300425246
1996-09-19,24296.95196442499
1996-09-20,24057.65300185716
1996-09-24,24126.426932725095
1996-09-25,24330.734314268204
1996-09-26,24457.582135899313
1996-09-27,24555.89047436612
1996-09-30,24567.28195320769
1996-10-01,24461.500151374457
1996-10-02,24502.805486632296
1996-10-03,24313.048849291037
1996-10-04,24104.62151971747
1996-10-07,24120.10462113937
1996-10-08,23981.180776323952
1996-10-09,23790.70403721581
1996-10-11,23902.33249465406
1996-10-14,23972.654622745347
1996-10-15,24430.113056997914
1996-10-16,24393.484900116
1996-10-17,24424.45022865956
1996-10-18,24640.12418819166
1996-10-21,24288.126024751746
1996-10-22,24084.422385604965
1996-10-23,24037.757803230004
1996-10-24,23948.752919988758
1996-10-25,23648.95522290207
1996-10-28,23815.473202374546
1996-10-29,23899.019755416055
1996-10-30,23584.495009985065
1996-10-31,23340.199877028717
1996-11-01,23530.405101091757
1996-11-05,23484.624940173257
1996-11-06,23940.56531399561
1996-11-07,23689.86592204077
1996-11-08,24180.89897156743
1996-11-11,24026.51584049925
1996-11-12,24188.426946339507
1996-11-13,23930.200376964043
1996-11-14,23989.741663414734
1996-11-15,23874.861615663856
1996-11-18,23723.410911462805
1996-11-19,23906.396238423255
1996-11-20,24173.778708922633
1996-11-21,24121.280705033216
1996-11-22,24204.989809632614
1996-11-25,24294.056143751048
1996-11-26,24437.00143879319
1996-11-27,24354.44061556317
1996-11-28,24001.719125082367
1996-11-29,23985.083032004746
1996-12-02,23591.332446829176
1996-12-03,23541.649543662086
1996-12-04,23575.81292923806
1996-12-05,23900.566679383013
1996-12-06,23139.836158481416
1996-12-09,23513.69362099181
1996-12-10,23763.626629363807
1996-12-11,23474.712643336105
1996-12-12,23398.705501895256
1996-12-13,23216.972745841394
1996-12-16,23309.686924812195
1996-12-17,23300.560394723023
1996-12-18,22935.46385281868
1996-12-19,22339.84671079535
1996-12-20,22477.228756760123
1996-12-24,21874.269242168328
1996-12-25,22317.488191290133
1996-12-26,22023.779052350466
1996-12-27,22112.838937734003
1996-12-30,22104.690627639622
1997-01-06,22202.147130414356
1997-01-07,21575.19901695466
1997-01-08,21329.574087375295
1997-01-09,20637.80343036092
1997-01-10,19759.045029438137
1997-01-13,20690.60878100342
1997-01-14,20662.064142757514
1997-01-16,20721.30168975195
1997-01-17,20660.04427550739
1997-01-20,19964.456696485955
1997-01-21,19825.6391129471
1997-01-22,20575.3235103134
1997-01-23,20456.803875575657
1997-01-24,20206.135154188898
1997-01-27,19801.969167757314
1997-01-28,20330.086446666835
1997-01-29,20946.27641340267
1997-01-30,20408.652564378182
1997-01-31,20941.76346659615
1997-02-03,20663.683527004592
1997-02-04,20925.37997648336
1997-02-05,20779.480413294772
1997-02-06,20611.652206826402
1997-02-07,20416.558891968474
1997-02-10,20776.274071456315
1997-02-11,20928.829059262658
1997-02-12,21039.26040762672
1997-02-13,21357.85902292019
1997-02-14,21397.42954165841
1997-02-17,21430.957819546486
1997-02-18,21111.819122906134
1997-02-19,21259.32071111617
1997-02-20,21777.442302928383
1997-02-21,21758.60928729502
1997-02-24,21602.16549820574
1997-02-25,21800.819826640676
1997-02-26,21711.12935713459
1997-02-27,21746.954080800777
1997-02-28,21216.6075043012
1997-03-03,21071.182537906592
1997-03-04,21227.054119355635
1997-03-05,20894.779251150812
1997-03-06,20630.048594055446
1997-03-07,20810.806239170353
1997-03-10,20714.53562543097
1997-03-11,20891.21529875878
1997-03-12,20795.396204007928
1997-03-13,20472.731559283824
1997-03-14,20499.969385835015
1997-03-17,20649.249712829962
1997-03-18,21098.03931195228
1997-03-19,21154.301666365573
1997-03-21,21314.59210024623
1997-03-24,20641.197233446135
1997-03-25,21094.730817627515
1997-03-26,21133.07204261596
1997-03-27,20834.06399063818
1997-03-28,20811.143553688227
1997-03-31,20598.724803160534
1997-04-01,20446.372126177936
1997-04-02,20639.02156544544
1997-04-03,20745.061504456535
1997-04-04,20438.316340837548
1997-04-07,20273.222203127963
1997-04-08,20624.186090746065
1997-04-09,20260.62730379662
1997-04-10,20012.30478408602
1997-04-11,20426.477174644886
1997-04-14,20250.375974962426
1997-04-15,20527.10574793722
1997-04-16,20639.5858970213
1997-04-17,20711.553600810843
1997-04-18,21008.49096729697
1997-04-21,21237.666217290338
1997-04-22,21230.18756228981
1997-04-23,21449.658474531458
1997-04-24,21407.62273683261
1997-04-25,21310.84308270087
1997-04-28,21377.470747834133
1997-04-30,21928.728736527562
1997-05-01,22071.761875951164
1997-05-02,22346.73357719277
1997-05-06,23110.42325627863
1997-05-07,22960.07907785125
1997-05-08,22975.703986777
1997-05-09,22679.87886945582
1997-05-12,23070.956903171264
1997-05-13,23055.3067686617
1997-05-14,23148.48314626053
1997-05-15,22973.60518172482
1997-05-16,23281.919521510812
1997-05-19,23471.80720209022
1997-05-20,23292.90106212378
1997-05-21,22731.42435720817
1997-05-22,22772.82376687532
1997-05-23,22924.442248437837
1997-05-26,22964.80887335881
1997-05-27,22789.64451539869
1997-05-28,23319.221280888298
1997-05-29,23275.259599522764
1997-05-30,22997.171938678744
1997-06-02,23436.9595590704
1997-06-03,23565.37847470811
1997-06-04,23621.709085014347
1997-06-05,23481.134522089484
1997-06-06,23479.242033901883
1997-06-09,23179.88533353839
1997-06-10,23534.60274416397
1997-06-11,23257.35861222158
1997-06-12,23572.902404062967
1997-06-13,23532.36873598796
1997-06-16,23708.30478255556
1997-06-17,23608.96308755657
1997-06-18,23499.983375871765
1997-06-19,23512.307754409067
1997-06-20,23372.93303836626
1997-06-23,23431.806820562
1997-06-24,23324.63872059711
1997-06-25,23712.309322180696
1997-06-26,23650.669408217724
1997-06-27,23535.70087425184
1997-06-30,23629.693937019045
1997-07-01,23138.05818530763
1997-07-02,23162.874545174316
1997-07-03,23077.691205470637
1997-07-04,22902.579171243095
1997-07-07,22601.948987456657
1997-07-08,22773.365281386705
1997-07-09,22594.4253197019
1997-07-10,22661.337105943352
1997-07-11,22800.642216656554
1997-07-14,23206.707560271316
1997-07-15,23024.78592959189
1997-07-16,23357.57620949046
1997-07-17,23542.58988937821
1997-07-18,23233.737902795066
1997-07-22,23128.679242085
1997-07-23,23099.105919603153
1997-07-24,23278.641592091735
1997-07-25,23398.044773025737
1997-07-28,23612.032248079704
1997-07-29,23414.906180914146
1997-07-30,23197.79563127625
1997-07-31,23334.774199568543
1997-08-01,22730.701277342192
1997-08-04,22575.074809102753
1997-08-05,22399.567100185803
1997-08-06,22615.754059638948
1997-08-07,22356.895732906018
1997-08-08,22505.3553755018
1997-08-11,21610.405242215264
1997-08-12,21926.82992395113
1997-08-13,21823.717749030344
1997-08-14,22070.23998603321
1997-08-15,22189.780635092822
1997-08-18,21863.429242187853
1997-08-19,21772.253166574064
1997-08-20,22107.471327539428
1997-08-21,21999.058756883205
1997-08-22,21417.687300422273
1997-08-25,21425.361102913725
1997-08-26,21608.534529485245
1997-08-27,21180.88076895233
1997-08-28,21192.577840684953
1997-08-29,20938.329743491522
1997-09-01,20646.054606121226
1997-09-02,20943.42159690116
1997-09-03,21521.595533546246
1997-09-04,21384.404610404556
1997-09-05,21425.520634562818
1997-09-08,21407.565704421653
1997-09-09,21479.70793538069
1997-09-10,21490.60270749928
1997-09-11,21005.90004208872
1997-09-12,20643.083807216037
1997-09-16,20653.83463718246
1997-09-17,20319.93548744797
1997-09-18,20604.311404637672
1997-09-19,20752.300237488576
1997-09-22,20917.52486631809
1997-09-24,21169.70451840573
1997-09-25,21080.69513623507
1997-09-26,20682.35170807711
1997-09-29,20674.487528063568
1997-09-30,20560.87414342799
1997-10-01,20509.266150962085
1997-10-02,20065.010609435503
1997-10-03,20286.93279742798
1997-10-06,20491.534988599342
1997-10-07,20131.765289994913
1997-10-08,20256.657146096884
1997-10-09,19978.86322018161
1997-10-13,19781.578297685755
1997-10-14,19899.228452514
1997-10-15,19928.67796884709
1997-10-16,20361.909786973618
1997-10-17,20099.235935273904
1997-10-20,19888.476477340035
1997-10-21,19792.118325110634
1997-10-22,20342.02391795546
1997-10-23,19726.239275244556
1997-10-24,19971.011618967044
1997-10-27,19597.489458282453
1997-10-28,18763.512500011173
1997-10-29,19390.353229681812
1997-10-30,18824.98926444183
1997-10-31,18933.81097735947
1997-11-04,18981.854343565923
1997-11-05,18922.668871934868
1997-11-06,19022.094226409954
1997-11-07,18220.281777695895
1997-11-10,18060.833618506735
1997-11-11,18257.134102909153
1997-11-12,17759.49589222574
1997-11-13,17752.205023514474
1997-11-14,17356.13482912624
1997-11-17,18738.635606678326
1997-11-18,19249.42589587593
1997-11-19,18232.632576696975
1997-11-20,18769.659791903512
1997-11-21,19245.794181354555
1997-11-25,18263.488717686785
1997-11-26,18469.06411901732
1997-11-27,19111.639559591087
1997-11-28,19150.395219946786
1997-12-01,19578.558050124982
1997-12-02,19467.260560437142
1997-12-03,19094.070234541658
1997-12-04,18773.880614143345
1997-12-05,18910.068171318984
1997-12-08,18573.509827087106
1997-12-09,19213.156596450983
1997-12-10,18973.9055833572
1997-12-11,18481.792232966145
1997-12-12,18314.514585738496
1997-12-15,18321.045710779
1997-12-16,18409.032553257377
1997-12-17,19049.8628412721
1997-12-18,18613.575363168817
1997-12-19,17639.00712651908
1997-12-22,17045.912895148387
1997-12-24,17191.18434589956
1997-12-25,17623.905896724285
1997-12-26,17051.468230933584
1997-12-29,17020.551076382457
1997-12-30,17578.193049727866
1998-01-05,17231.191894369273
1998-01-06,17162.349352971738
1998-01-07,17314.957253293185
1998-01-08,17305.3929626879
1998-01-09,17278.440146778223
1998-01-12,16898.20596090517
1998-01-13,17004.423877392313
1998-01-14,17427.039973238632
1998-01-16,18493.276057112966
1998-01-19,18742.59978469833
1998-01-20,18863.89408741484
1998-01-21,19231.172730965944
1998-01-22,18910.763737344078
1998-01-23,19353.618069507556
1998-01-26,19682.1560173763
1998-01-27,19577.32972824727
1998-01-28,19569.24789758113
1998-01-29,19617.140137060513
1998-01-30,19172.83987905017
1998-02-02,19344.776403945078
1998-02-03,19629.515829146116
1998-02-04,19468.55576998803
1998-02-05,19608.622030976854
1998-02-06,19651.915906060898
1998-02-09,19843.047225703194
1998-02-10,19844.06127563887
1998-02-12,19810.18393479776
1998-02-13,19368.24543734076
1998-02-16,19351.265443359025
1998-02-17,19369.67803376314
1998-02-18,19166.578376028014
1998-02-19,19170.44566902219
1998-02-20,19332.57357658853
1998-02-23,19164.139462422027
1998-02-24,18690.216806896206
1998-02-25,18878.746259108677
1998-02-26,19042.390307978287
1998-02-27,19424.05625067237
1998-03-02,19924.279398478804
1998-03-03,19814.386350898832
1998-03-04,19731.351611418548
1998-03-05,19447.10570045756
1998-03-06,19775.144794791897
1998-03-09,19592.003135252682
1998-03-10,19604.781878472204
1998-03-11,19343.99281606852
1998-03-12,19136.00920168668
1998-03-13,19696.750492252468
1998-03-16,19467.88862085963
1998-03-17,19625.88242007094
1998-03-18,19190.858481781208
1998-03-19,19260.26225379404
1998-03-20,19436.04369866328
1998-03-23,19481.23538175411
1998-03-24,19179.0329453733
1998-03-25,19239.912787964546
1998-03-26,19613.036119390723
1998-03-27,19335.147138906144
1998-03-30,18785.93819519661
1998-03-31,19091.918676573103
1998-04-01,18762.963255832678
1998-04-02,18141.40047014671
1998-04-03,17928.355628428923
1998-04-06,18146.635204490187
1998-04-07,18462.59276491387
1998-04-08,18923.214482211348
1998-04-09,19109.01774708684
1998-04-10,19045.710860151357
1998-04-13,18857.58900553897
1998-04-14,18811.9254460512
1998-04-15,18838.191732721523
1998-04-16,18358.777870091
1998-04-17,18151.598049363864
1998-04-20,18144.68593894139
1998-04-21,18294.14303041776
1998-04-22,18220.846187353192
1998-04-23,18221.856048621954
1998-04-24,18511.20614894417
1998-04-27,18094.3350949362
1998-04-28,17800.877407799697
1998-04-30,18085.946797249067
1998-05-01,18040.337393022473
1998-05-06,17628.02868938851
1998-05-07,17512.255605402526
1998-05-08,17519.963136983268
1998-05-11,17790.130860043108
1998-05-12,17722.221082130367
1998-05-13,17747.70490650602
1998-05-14,17706.739397292335
1998-05-15,17632.558000244513
1998-05-18,17797.184689726888
1998-05-19,17991.409388015803
1998-05-20,18109.43205778284
1998-05-21,18332.751354515403
1998-05-22,18283.14598156801
1998-05-25,18262.54358040625
1998-05-26,18381.063510906803
1998-05-27,18126.70932642636
1998-05-28,18280.598967161794
1998-05-29,18135.883905611594
1998-06-01,17731.92975171043
1998-06-02,18002.906320242288
1998-06-03,17763.61596915169
1998-06-04,17856.418638276587
1998-06-05,17737.96172746628
1998-06-08,17705.52891374219
1998-06-09,17978.92796114206
1998-06-10,17758.730329793085
1998-06-11,17383.011021679347
1998-06-12,17393.40709015681
1998-06-15,17165.915358267022
1998-06-16,17045.36205270942
1998-06-17,17040.354135769518
1998-06-18,17789.421312984094
1998-06-19,17681.885945738002
1998-06-22,17730.308267649536
1998-06-23,17436.3689426607
1998-06-24,17516.602637370546
1998-06-25,17527.877535744137
1998-06-26,17618.826311630684
1998-06-29,17799.98980040635
1998-06-30,18338.96313288963
1998-07-01,18956.859668077806
1998-07-02,19083.65607695597
1998-07-03,19130.48326368
1998-07-06,18945.055652551502
1998-07-07,19022.203707283214
1998-07-08,19155.980118727795
1998-07-09,19059.49101021659
1998-07-10,18646.766157719863
1998-07-13,18960.921532739838
1998-07-14,19110.747538485946
1998-07-15,19256.77390244107
1998-07-16,19394.176879767532
1998-07-17,19208.27803450737
1998-07-21,19192.826123967447
1998-07-22,18888.087971589775
1998-07-23,18767.167696370696
1998-07-24,18969.62133846942
1998-07-27,18486.395034662983
1998-07-28,18684.563973473898
1998-07-29,18735.91889903842
1998-07-30,18787.232068792182
1998-07-31,18993.780313110357
1998-08-03,18746.604462735715
1998-08-04,18583.35984367618
1998-08-05,18547.77152172129
1998-08-06,18414.148173225414
1998-08-07,18360.419479335185
1998-08-10,18126.07924794802
1998-08-11,17872.368755153577
1998-08-12,17840.68301003114
1998-08-13,17845.039714104794
1998-08-14,17546.428682031245
1998-08-17,17165.205417300174
1998-08-18,17478.259813442724
1998-08-19,17876.53469744903
1998-08-20,17860.030644352802
1998-08-21,17752.685264618383
1998-08-24,17393.931889489195
1998-08-25,17492.876823487808
1998-08-26,17253.551449247618
1998-08-27,16729.44785068428
1998-08-28,16151.996457327885
1998-08-31,16375.905406331023
1998-09-01,16680.48887180168
1998-09-02,16689.368939640746
1998-09-03,16556.18762526773
1998-09-04,16303.47142378788
1998-09-07,17171.681240889033
1998-09-08,17315.782199239453
1998-09-09,17133.17515798113
1998-09-10,17030.02355365793
1998-09-11,16160.97709717375
1998-09-14,16522.172503442012
1998-09-16,16488.473452786475
1998-09-17,16096.025247161904
1998-09-18,16240.761460361604
1998-09-21,15793.37320871928
1998-09-22,16017.709731907633
1998-09-24,16501.642303492958
1998-09-25,15942.544677748347
1998-09-28,16158.810601110818
1998-09-29,16057.385037311762
1998-09-30,15575.916700448208
1998-10-01,15333.485022015575
1998-10-02,15365.061504426016
1998-10-05,15045.557142846508
1998-10-06,15131.680168536292
1998-10-07,16066.664277036067
1998-10-08,15138.205326114641
1998-10-09,14969.114120009504
1998-10-12,15754.369149120108
1998-10-13,15392.196594073614
1998-10-14,15192.90747275561
1998-10-15,15106.004590365377
1998-10-16,15438.198489954879
1998-10-19,15772.155269519857
1998-10-20,16052.884494706315
1998-10-21,16528.29897304726
1998-10-22,16621.17594127916
1998-10-23,16446.52916183746
1998-10-26,16097.005304101298
1998-10-27,16071.254018688225
1998-10-28,15717.76284473808
1998-10-29,15896.007294383955
1998-10-30,15775.540321183185
1998-11-02,16227.808675865666
1998-11-04,16897.4095372083
1998-11-05,16681.32566990312
1998-11-06,16426.881295028557
1998-11-09,16512.053702136367
1998-11-10,16412.241940542837
1998-11-11,16785.193064249368
1998-11-12,16375.319658606717
1998-11-13,16600.797880428167
1998-11-16,16787.794435592023
1998-11-17,16770.797235233855
1998-11-18,16988.272226716676
1998-11-19,16704.213452511627
1998-11-20,17200.132080542848
1998-11-24,17648.63488816311
1998-11-25,17543.336044063766
1998-11-26,17700.453652736578
1998-11-27,17540.196848770873
1998-11-30,17324.856233546754
1998-12-01,17269.43819309363
1998-12-02,17446.25741284284
1998-12-03,17109.982414073063
1998-12-04,17044.27791322931
1998-12-07,17142.301389666933
1998-12-08,17241.718748068663
1998-12-09,17386.54500479776
1998-12-10,17242.8346988553
1998-12-11,16775.311870706166
1998-12-14,16433.681224100048
1998-12-15,16317.474507408671
1998-12-16,16417.34635681438
1998-12-17,16453.84505329719
1998-12-18,16532.988321427172
1998-12-21,16485.593534452284
1998-12-22,16051.270896168435
1998-12-24,15967.294421098295
1998-12-25,16074.295913932994
1998-12-28,15971.473131011226
1998-12-29,16132.802057579123
1998-12-30,16128.030605901002
1999-01-04,15631.96941008479
1999-01-05,15419.172346299729
1999-01-06,15694.456172050608
1999-01-07,15774.43043772642
1999-01-08,15606.3632051712
1999-01-11,15579.788123927561
1999-01-12,15571.646561684312
1999-01-13,15621.94341415221
1999-01-14,16013.319904557819
1999-01-18,16091.110309785054
1999-01-19,16051.388795926
1999-01-20,16352.311030043657
1999-01-21,16606.348666914393
1999-01-22,16500.892284722813
1999-01-25,16564.971881779373
1999-01-26,16767.551348546658
1999-01-27,16847.550218956654
1999-01-28,16722.59208333796
1999-01-29,16906.230004206212
1999-02-01,16867.166200513726
1999-02-02,16733.319611884188
1999-02-03,16514.134635838425
1999-02-04,16427.948731535864
1999-02-05,16208.444073211396
1999-02-08,16319.189520404347
1999-02-09,16215.059133035904
1999-02-10,16273.711670954863
1999-02-12,16299.183930573863
1999-02-15,16394.341933256816
1999-02-16,16602.531369753164
1999-02-17,16516.893536562504
1999-02-18,16503.683128894525
1999-02-19,16447.457191360343
1999-02-22,16633.175742086532
1999-02-23,16918.49080975917
1999-02-24,16749.737728587716
1999-02-25,16884.581224105998
1999-02-26,16765.160803020353
1999-03-01,16595.69343513142
1999-03-02,16245.448733958032
1999-03-03,16537.024545388445
1999-03-04,16552.95067676303
1999-03-05,17382.88827796489
1999-03-08,17249.406564469125
1999-03-09,17620.8450727714
1999-03-10,18068.94163452442
1999-03-11,18095.494679320276
1999-03-12,18080.703972742685
1999-03-15,18420.817812087887
1999-03-16,18763.855247187916
1999-03-17,18992.588141627824
1999-03-18,18350.97608120066
1999-03-19,19123.29437884438
1999-03-23,18704.07830862006
1999-03-24,18116.745974816648
1999-03-25,18666.943777253266
1999-03-26,18703.81896443282
1999-03-29,18695.03556904059
1999-03-30,18520.921065988357
1999-03-31,18495.335672150573
1999-04-01,19069.481387554082
1999-04-02,19026.58400095839
1999-04-05,19079.4132654726
1999-04-06,19249.451726579468
1999-04-07,19337.570014337616
1999-04-08,19679.653959649233
1999-04-09,19690.87228814849
1999-04-12,19284.82426141285
1999-04-13,19528.307221715397
1999-04-14,19586.93008730758
1999-04-15,19543.768315563153
1999-04-16,19690.006271852726
1999-04-19,19483.52681996491
1999-04-20,19511.04950756397
1999-04-21,19275.65876468492
1999-04-22,19476.08783798562
1999-04-23,19777.631387342753
1999-04-26,19772.86817756486
1999-04-27,19818.945538996395
1999-04-28,19802.157619567304
1999-04-30,19521.5803939535
1999-05-06,20222.609272022975
1999-05-07,19809.493128893493
1999-05-10,19845.913845860254
1999-05-11,19573.338090846217
1999-05-12,19812.809098090143
1999-05-13,19701.22333405455
1999-05-14,19654.22548625142
1999-05-17,19199.738029944016
1999-05-18,19150.916023135447
1999-05-19,18858.825916555306
1999-05-20,18943.53860831319
1999-05-21,19053.025470010416
1999-05-24,19167.80625393631
1999-05-25,18962.42454972385
1999-05-26,18982.21998079735
1999-05-27,18920.59260579772
1999-05-28,18682.133699311435
1999-05-31,18845.4181938875
1999-06-01,19193.389978450206
1999-06-02,19205.245168069945
1999-06-03,18983.16125096185
1999-06-04,19069.599069729553
1999-06-07,19275.246119833097
1999-06-08,19377.82325891382
1999-06-09,19448.292892709764
1999-06-10,20010.81724709586
1999-06-11,20123.851815963477
1999-06-14,20113.25620237766
1999-06-15,20223.08332603606
1999-06-16,20139.831451439528
1999-06-17,20445.209050717414
1999-06-18,20400.147837822733
1999-06-21,20760.94165852755
1999-06-22,20807.133350290256
1999-06-23,20584.546295262295
1999-06-24,20634.012948130327
1999-06-25,20410.311013695733
1999-06-28,20614.867127880607
1999-06-29,20817.271762331307
1999-06-30,20521.848246808273
1999-07-01,20910.17845874782
1999-07-02,20994.968826871034
1999-07-05,21232.990745740353
1999-07-06,21135.084983316152
1999-07-07,21028.38961693091
1999-07-08,21039.46142980329
1999-07-09,21005.251237384342
1999-07-12,21400.076887529078
1999-07-13,21291.89972223098
1999-07-14,21499.759129920672
1999-07-15,21587.27183645194
1999-07-16,21373.128614512625
1999-07-19,21706.94022309644
1999-07-21,21385.605703552108
1999-07-22,20768.919248453745
1999-07-23,20540.252639570106
1999-07-26,20490.56947731877
1999-07-27,20457.846473147023
1999-07-28,20595.94459084327
1999-07-29,20936.531087973122
1999-07-30,20927.909195598295
1999-08-02,20886.36229632151
1999-08-03,21056.184001911726
1999-08-04,20723.579076514157
1999-08-05,20340.97781940714
1999-08-06,20020.740121042098
1999-08-09,20145.995878974343
1999-08-10,20160.429634682136
1999-08-11,20171.852031223098
1999-08-12,20420.900566730103
1999-08-13,20436.001462092052
1999-08-16,20894.953698871162
1999-08-17,20935.700310596985
1999-08-18,20974.233802142775
1999-08-19,20960.380938600658
1999-08-20,21217.20787743663
1999-08-23,21376.831316857904
1999-08-24,21215.709846362515
1999-08-25,20934.854280460706
1999-08-26,20714.21983063774
1999-08-27,20636.564806042166
1999-08-30,21012.14653992409
1999-08-31,20447.26568659109
1999-09-01,20877.187533439246
1999-09-02,20677.19551730697
1999-09-03,20676.530148515983
1999-09-06,20825.73070309095
1999-09-07,20769.06524277385
1999-09-08,20692.3269846462
1999-09-09,20735.578031915138
1999-09-10,20775.640965358572
1999-09-13,21009.043101548516
1999-09-14,20854.93528354917
1999-09-16,20286.025368952396
1999-09-17,20346.280469073266
1999-09-20,20620.438872559313
1999-09-21,21040.7418537058
1999-09-22,20329.305989791945
1999-09-24,19797.344921983593
1999-09-27,19738.66386522206
1999-09-28,20331.630312286557
1999-09-29,20281.47374549965
1999-09-30,20661.552289650605
1999-10-01,20788.059485121117
1999-10-04,20848.910113452752
1999-10-05,20873.719264421074
1999-10-06,21006.317913147715
1999-10-07,21289.01289573997
1999-10-08,21202.547444573538
1999-10-12,21236.990230396816
1999-10-13,20842.998895138913
1999-10-14,20874.07099328783
1999-10-15,20665.10069572322
1999-10-18,20282.875345352564
1999-10-19,20258.82694311663
1999-10-20,20589.030224714596
1999-10-21,20488.336487212484
1999-10-22,20478.022202905235
1999-10-25,20725.421039892466
1999-10-26,20753.24556849424
1999-10-27,20414.149317296637
1999-10-28,20451.772349968727
1999-10-29,21073.150363680943
1999-11-01,21138.39047266872
1999-11-02,21133.395842158912
1999-11-04,21552.600232896348
1999-11-05,21561.398834499447
1999-11-08,21428.41930028627
1999-11-09,21489.38610941398
1999-11-10,21814.14206138024
1999-11-11,21532.334858792332
1999-11-12,21452.429675611907
1999-11-15,21382.23234931365
1999-11-16,21332.606050126848
1999-11-17,21474.075118748387
1999-11-18,21778.085331183178
1999-11-19,21823.631008682692
1999-11-22,22119.792056653096
1999-11-24,22207.737051645217
1999-11-25,22003.600737784345
1999-11-26,22230.977364021142
1999-11-29,22156.35484372996
1999-11-30,21813.952735214472
1999-12-01,21741.59917180523
1999-12-02,21764.154361689445
1999-12-03,21593.05887909796
1999-12-06,21757.386650830536
1999-12-07,21860.243762766848
1999-12-08,21634.47047237196
1999-12-09,21470.151703038697
1999-12-10,21484.08032806662
1999-12-13,21406.413265313284
1999-12-14,21360.77171119253
1999-12-15,21329.635166776854
1999-12-16,21298.66381366384
1999-12-17,21280.458682151246
1999-12-20,21375.817242056684
1999-12-21,21264.7962128689
1999-12-22,21714.39829514161
1999-12-24,21859.948888544743
1999-12-27,21816.051962418085
1999-12-28,22095.246297713584
1999-12-29,22127.946929522055
1999-12-30,22274.407311741932
2000-01-04,22355.824840613153
2000-01-05,21815.088309177205
2000-01-06,21375.526324158953
2000-01-07,21405.88155240165
2000-01-11,22180.29462480352
2000-01-12,21976.94897070368
2000-01-13,22161.157663788075
2000-01-14,22307.009102021133
2000-01-17,22873.475833332584
2000-01-18,22591.089649298003
2000-01-19,22240.235878181324
2000-01-20,22370.80904203138
2000-01-21,22218.710353864997
2000-01-24,22429.753452046527
2000-01-25,22240.84942231333
2000-01-26,22495.50672612698
2000-01-27,22612.306721592005
2000-01-28,22878.05948742639
2000-01-31,23002.40260835714
2000-02-01,22866.30052570892
2000-02-02,23050.234556456377
2000-02-03,23295.38068466313
2000-02-04,23268.805586819122
2000-02-07,23484.293324130005
2000-02-08,23395.01131330239
2000-02-09,23559.403191172623
2000-02-10,23209.640722131488
2000-02-14,23029.65237987712
2000-02-15,22808.348414545726
2000-02-16,23081.63247240196
2000-02-17,23308.853185231066
2000-02-18,23306.906158445487
2000-02-21,23018.85881857034
2000-02-22,22839.281990846546
2000-02-23,22992.024764025977
2000-02-24,23053.980584511075
2000-02-25,23345.120623443036
2000-02-28,23230.778714608765
2000-02-29,23513.674443107888
2000-03-01,23658.434153635953
2000-03-02,23639.78154091143
2000-03-03,23478.554276591138
2000-03-06,23324.83346160316
2000-03-07,23499.936455882744
2000-03-08,23291.70768862981
2000-03-09,23169.447775161538
2000-03-10,23274.07123748166
2000-03-13,22614.42725454674
2000-03-14,22558.57396782901
2000-03-15,22484.86128262471
2000-03-16,22691.493595552463
2000-03-17,23061.331933204958
2000-03-21,23104.64656772761
2000-03-22,23260.16731734945
2000-03-23,23226.83882460012
2000-03-24,23526.482905899502
2000-03-27,23908.041075522215
2000-03-28,24018.910363192193
2000-03-29,24411.550305493016
2000-03-30,24099.832598138848
2000-03-31,23977.87810589222
2000-04-03,24438.188854656833
2000-04-04,24283.36356357375
2000-04-05,24128.409554047863
2000-04-06,23847.27202948281
2000-04-07,23882.57181740085
2000-04-10,24315.344147429125
2000-04-11,24202.374626950615
2000-04-12,24569.666815941557
2000-04-13,24208.73073154422
2000-04-14,24101.40716909424
2000-04-17,22420.297953246587
2000-04-18,22374.96709941352
2000-04-19,22513.90538014794
2000-04-20,22364.559443314225
2000-04-21,21531.781829134576
2000-04-24,21800.90858843544
2000-04-25,21556.526346140057
2000-04-26,21394.475828880713
2000-04-27,21259.40655448095
2000-04-28,21206.52851529499
2000-05-01,21713.927407762952
2000-05-02,21757.522880657525
2000-05-08,21475.823733187357
2000-05-09,21057.19232574582
2000-05-10,20889.12432687447
2000-05-11,19923.351274235174
2000-05-12,20485.12219369374
2000-05-15,20433.73568500639
2000-05-16,20714.857725149617
2000-05-17,20541.84570138076
2000-05-18,20103.035859222993
2000-05-19,19899.01563334575
2000-05-22,19342.389753165593
2000-05-23,19263.670661235294
2000-05-24,18940.568279133386
2000-05-25,19181.35539469045
2000-05-26,18899.086093934566
2000-05-29,19179.937328767784
2000-05-30,19161.104659118602
2000-05-31,19284.063170626676
2000-06-01,19712.022739150078
2000-06-02,19837.61964323292
2000-06-05,20312.720117334833
2000-06-06,20276.01211131241
2000-06-07,20247.083592050472
2000-06-08,20081.74770577261
2000-06-09,19914.26381055084
2000-06-12,20055.177551272434
2000-06-13,19978.3534662115
2000-06-14,19671.354257283387
2000-06-15,19299.142253065518
2000-06-16,19275.756249803468
2000-06-19,19598.99163007442
2000-06-20,19973.23757109435
2000-06-21,20331.35918621381
2000-06-22,20209.147424733972
2000-06-23,20041.1709980244
2000-06-26,19997.22517184984
2000-06-27,20415.812413945092
2000-06-28,20524.205845261906
2000-06-29,20649.88369947425
2000-06-30,20574.002400823934
2000-07-03,20815.355248269745
2000-07-04,20645.33606738954
2000-07-05,20605.66634379637
2000-07-06,20424.907553323494
2000-07-07,20562.593980572623
2000-07-10,20769.51352576806
2000-07-11,20689.514860773357
2000-07-12,20498.51026388395
2000-07-13,20138.456421033836
2000-07-14,20264.48875545102
2000-07-17,20435.368221591092
2000-07-18,20032.088691084286
2000-07-19,20078.33089675767
2000-07-21,19875.615241365325
2000-07-24,19563.768572604895
2000-07-25,19595.775909401273
2000-07-26,19512.56001705155
2000-07-27,19134.17957775417
2000-07-28,18728.76404258019
2000-07-31,18598.088929659298
2000-08-01,19038.889907971028
2000-08-02,19165.5524672716
2000-08-03,18702.944679131975
2000-08-04,18529.67263095552
2000-08-07,18926.97475204782
2000-08-08,18711.686471907677
2000-08-09,18966.067761701925
2000-08-10,18897.026865083517
2000-08-11,19065.507320393248
2000-08-14,19109.27035840562
2000-08-15,19280.763983570756
2000-08-16,19349.772205242243
2000-08-17,19119.773772177512
2000-08-18,19261.803064340642
2000-08-21,18978.1748605737
2000-08-22,19469.374541718124
2000-08-23,19448.676013187327
2000-08-24,19726.473297987
2000-08-25,20011.792880506433
2000-08-28,20331.78165350645
2000-08-29,20285.928910221377
2000-08-30,20002.53840090412
2000-08-31,19955.438282836363
2000-09-01,19812.38386523525
2000-09-04,19752.066596490662
2000-09-05,19473.51417404468
2000-09-06,19412.195325002493
2000-09-07,19295.226624503262
2000-09-08,19533.9710269027
2000-09-11,19095.90049633912
2000-09-12,18989.253499608138
2000-09-13,19167.86878257347
2000-09-14,19195.511431831594
2000-09-18,19016.100533027176
2000-09-19,19091.419701384486
2000-09-20,19487.7326875519
2000-09-21,19314.066819150776
2000-09-22,18731.21744231687
2000-09-25,18938.717121556034
2000-09-26,18863.28100272036
2000-09-27,18522.09894424587
2000-09-28,18507.386221045446
2000-09-29,18650.536746113303
2000-10-02,18835.092996871994
2000-10-03,18847.123429351803
2000-10-04,19128.521135680083
2000-10-05,19070.200957213743
2000-10-06,18946.48852321248
2000-10-10,18749.91149775611
2000-10-11,18378.42895675262
2000-10-12,18423.0121159691
2000-10-13,18162.64353469241
2000-10-16,18378.948173151646
2000-10-17,18175.7032769297
2000-10-18,17622.14643041508
2000-10-19,17550.030801562134
2000-10-20,18010.021072828888
2000-10-23,17891.260184072253
2000-10-24,17951.435080152794
2000-10-25,17587.407192371516
2000-10-26,17609.3302911339
2000-10-27,17282.586404274643
2000-10-30,17143.782551192537
2000-10-31,17233.347161395
2000-11-01,17628.43260041496
2000-11-02,17588.047685591933
2000-11-06,18221.28579177514
2000-11-07,18185.067295687822
2000-11-08,18256.037584107493
2000-11-09,17854.106680339482
2000-11-10,17769.97448716543
2000-11-13,17386.5983715975
2000-11-14,17381.775546370234
2000-11-15,17547.33647898407
2000-11-16,17296.465882027955
2000-11-17,17246.424161989093
2000-11-20,17232.049769915062
2000-11-21,17086.586835323025
2000-11-22,16960.135444726722
2000-11-24,16977.40160155687
2000-11-27,17458.395339856324
2000-11-28,17386.063810999145
2000-11-29,17207.322039134622
2000-11-30,17375.03653697036
2000-12-01,17597.268061763898
2000-12-04,17739.541094985205
2000-12-05,17432.136088796353
2000-12-06,17663.291068674243
2000-12-07,17463.42792531434
2000-12-08,17435.76539205819
2000-12-11,17815.095397079156
2000-12-12,17933.130788106908
2000-12-13,17997.900788306044
2000-12-14,17712.012121828022
2000-12-15,17267.79658782987
2000-12-18,17187.268678667624
2000-12-19,16770.734903952165
2000-12-20,16512.70629826249
2000-12-21,15930.33775413722
2000-12-22,15935.5087853394
2000-12-25,16534.89452707157
2000-12-26,16625.983099043213
2000-12-27,16595.299036861055
2000-12-28,16554.913944818716
2000-12-29,16364.082103257688
2001-01-04,16253.004067469914
2001-01-05,16462.82450344552
2001-01-09,16158.346042600337
2001-01-10,15947.918946641134
2001-01-11,15673.68980324237
2001-01-12,15848.554013919475
2001-01-15,16037.469722228609
2001-01-16,16131.08405375611
2001-01-17,16230.596943562681
2001-01-18,16476.321658073237
2001-01-19,16613.887779652167
2001-01-22,16666.07151089232
2001-01-23,16610.10509962743
2001-01-24,16502.67804740388
2001-01-25,16396.28633252355
2001-01-26,16269.547898894174
2001-01-29,16447.556816816137
2001-01-30,16426.174055880638
2001-01-31,16447.000331473097
2001-02-01,16371.710542472232
2001-02-02,16282.250954330386
2001-02-05,15905.006497859365
2001-02-06,15768.283324134016
2001-02-07,15883.272355369376
2001-02-08,15613.3063026591
2001-02-09,15952.247948440961
2001-02-13,15776.92334418041
2001-02-14,15788.766552235844
2001-02-15,15840.988520456534
2001-02-16,15661.154085966476
2001-02-19,15595.418449138679
2001-02-20,15749.207370435415
2001-02-21,15573.646570989062
2001-02-22,15542.590017777657
2001-02-23,15748.554761885574
2001-02-26,15695.9343852804
2001-02-27,15528.66343925772
2001-02-28,15319.710231904932
2001-03-01,15080.343886134655
2001-03-02,14581.733296856104
2001-03-05,14654.181750437494
2001-03-06,15089.637190619183
2001-03-07,15133.319752929234
2001-03-08,15046.78950647232
2001-03-09,15020.522911017884
2001-03-12,14478.153227679006
2001-03-13,14060.473801114968
2001-03-14,14089.534621523253
2001-03-15,14458.076232714204
2001-03-16,14554.093548286783
2001-03-19,14504.77270275849
2001-03-21,15591.732670367403
2001-03-22,15295.001981200297
2001-03-23,15724.763089046564
2001-03-26,16496.334264095214
2001-03-27,16230.53543202375
2001-03-28,16382.634563296751
2001-03-29,15558.411401702353
2001-03-30,15472.638240231481
2001-04-02,15399.736479011686
2001-04-03,15622.566808635735
2001-04-04,15764.114962480811
2001-04-05,15929.829049565227
2001-04-06,15933.388398224353
2001-04-09,15288.833336541187
2001-04-10,15025.821680516234
2001-04-11,15686.920711916999
2001-04-12,15899.001102194132
2001-04-13,15939.35388000462
2001-04-16,15784.284380355368
2001-04-17,15561.356513601826
2001-04-18,16246.496880866138
2001-04-19,16516.985044648165
2001-04-20,16395.52441471037
2001-04-23,16336.633050853241
2001-04-24,16370.229780420588
2001-04-25,16471.41892008415
2001-04-26,16645.53432597498
2001-04-27,16600.177250880275
2001-05-01,17186.063038524226
2001-05-02,17182.29477894707
2001-05-07,17311.48423727823
2001-05-08,17025.87599054682
2001-05-09,16783.329658775394
2001-05-10,16704.183673334795
2001-05-11,16736.08394143479
2001-05-14,16533.17618132688
2001-05-15,16749.659228486646
2001-05-16,16321.638607037414
2001-05-17,16580.313072966786
2001-05-18,16541.852614770807
2001-05-21,16899.093356970006
2001-05-22,16797.774632813893
2001-05-23,16770.53685980228
2001-05-24,16566.352563060558
2001-05-25,16412.271406518506
2001-05-28,16379.455957633887
2001-05-29,16423.270297030085
2001-05-30,16089.502270685614
2001-05-31,15814.527767383708
2001-06-01,15814.891085633768
2001-06-04,15875.848142001376
2001-06-05,15721.114250173743
2001-06-06,15713.291097606365
2001-06-07,15836.464666520782
2001-06-08,16019.33633402621
2001-06-11,15777.038729859278
2001-06-12,15316.847366188178
2001-06-13,15297.683668212074
2001-06-14,15326.070440919757
2001-06-15,15259.6235673449
2001-06-18,15149.849324400153
2001-06-19,15003.148050544552
2001-06-20,15123.606979445809
2001-06-21,15467.708205417915
2001-06-22,15566.481615109014
2001-06-25,15390.402929055583
2001-06-26,15489.38454617634
2001-06-27,15311.25822895244
2001-06-28,15133.997978197398
2001-06-29,15479.840632703805
2001-07-02,15220.48488011372
2001-07-03,15300.238448149074
2001-07-04,15076.042295482883
2001-07-05,15050.800109615906
2001-07-06,14691.868724140535
2001-07-09,14613.261295387134
2001-07-10,14686.43831779143
2001-07-11,14334.509735137624
2001-07-12,14816.189501310324
2001-07-13,14753.814326419726
2001-07-16,14740.418846596875
2001-07-17,14484.56569496298
2001-07-18,14203.3813285829
2001-07-19,14222.911057342473
2001-07-23,13866.716200217368
2001-07-24,14194.179127809657
2001-07-25,14204.812749439983
2001-07-26,14165.978468448386
2001-07-27,14094.373380138044
2001-07-30,13833.60564286532
2001-07-31,14170.55597869325
2001-08-01,14288.961646703141
2001-08-02,14815.192030740793
2001-08-03,14627.991832830367
2001-08-06,14630.965653702002
2001-08-07,14721.92729003586
2001-08-08,14536.41856145635
2001-08-09,14048.143970539024
2001-08-10,14025.478336153617
2001-08-13,13718.345412489785
2001-08-14,14245.363624345458
2001-08-15,14051.710514531493
2001-08-16,13765.000840285591
2001-08-17,13682.569012053458
2001-08-20,13458.916529065447
2001-08-21,13486.357683251777
2001-08-22,13625.723093936915
2001-08-23,13304.100012998046
2001-08-24,13351.805505916976
2001-08-27,13482.395265081841
2001-08-28,13380.635431453456
2001-08-29,13130.53907933972
2001-08-30,13081.733798294492
2001-08-31,12813.302479134327
2001-09-03,12450.490748493114
2001-09-04,12885.136497254658
2001-09-05,12677.831715969614
2001-09-06,12740.062442177266
2001-09-07,12580.893543033742
2001-09-10,12197.328472461777
2001-09-11,12314.243734362733
2001-09-12,11497.821395895226
2001-09-13,11501.923247944793
2001-09-14,11976.037853877344
2001-09-17,11372.926273515262
2001-09-18,11583.420365631939
2001-09-19,11894.755912219158
2001-09-20,11710.47139104413
2001-09-21,11435.534849292395
2001-09-25,11602.396110140948
2001-09-26,11540.362408283361
2001-09-27,11606.518741403765
2001-09-28,11700.595050552705
2001-10-01,11937.673190396625
2001-10-02,12134.882664638806
2001-10-03,11881.236498992492
2001-10-04,12218.504422839695
2001-10-05,12219.527879506148
2001-10-09,11987.676877928543
2001-10-10,11932.077009716835
2001-10-11,12390.2090401542
2001-10-12,12732.474590281474
2001-10-15,12517.719181357365
2001-10-16,12740.187214855543
2001-10-17,12881.65158054761
2001-10-18,12546.15203877384
2001-10-19,12623.311437903209
2001-10-22,12655.773718632436
2001-10-23,13011.109244348687
2001-10-24,12940.532543543179
2001-10-25,13034.506602399992
2001-10-26,12933.337472703113
2001-10-29,12714.849537384183
2001-10-30,12596.223313751194
2001-10-31,12421.279877997342
2001-11-01,12399.007222176158
2001-11-02,12443.311832937257
2001-11-05,12520.288446345836
2001-11-06,12743.98626248938
2001-11-07,12326.601370318636
2001-11-08,12503.123262827618
2001-11-09,12244.696484160459
2001-11-12,12084.45269561605
2001-11-13,12023.868610241592
2001-11-14,12091.788239563692
2001-11-15,12575.624756567604
2001-11-16,12767.061093515142
2001-11-19,12862.180319891839
2001-11-20,12680.135016103695
2001-11-21,12783.183879582954
2001-11-22,12826.622881571091
2001-11-26,13267.874528456801
2001-11-27,13130.07764599101
2001-11-28,12742.016573403158
2001-11-29,12779.956799859268
2001-11-30,12830.290141879008
2001-12-03,12438.875525506803
2001-12-04,12537.836892099209
2001-12-05,12851.680161641476
2001-12-06,13024.373138894496
2001-12-07,12952.51901706702
2001-12-10,12682.119615377296
2001-12-11,12566.201237795332
2001-12-12,12959.845267402967
2001-12-13,12518.800062593395
2001-12-14,12613.205145837357
2001-12-17,12387.82271811538
2001-12-18,12518.975617258991
2001-12-19,12567.261552295728
2001-12-20,12522.936764874657
2001-12-21,12404.604579540524
2001-12-25,12308.38072297465
2001-12-26,12234.235398107725
2001-12-27,12552.937528577626
2001-12-28,12655.557002976282
2002-01-04,13051.013172724422
2002-01-07,13136.770177893899
2002-01-08,12841.186915786046
2002-01-09,12803.886430893555
2002-01-10,12653.795634147731
2002-01-11,12538.165121291258
2002-01-15,12258.365803779536
2002-01-16,12222.407702514447
2002-01-17,12163.710560684749
2002-01-18,12362.679453405266
2002-01-21,12347.619524922518
2002-01-22,12072.86747001398
2002-01-23,12061.394618765255
2002-01-24,12101.828127032377
2002-01-25,12186.655876098976
2002-01-28,12279.445844403868
2002-01-29,12046.010103912315
2002-01-30,11918.609191812175
2002-01-31,12013.333418005179
2002-02-01,11765.967528201514
2002-02-04,11574.900887674887
2002-02-05,11387.624030494966
2002-02-06,11322.411408682186
2002-02-07,11518.210328851812
2002-02-08,11642.356105274179
2002-02-12,11873.664603406116
2002-02-13,11982.898683594729
2002-02-14,12119.04932057063
2002-02-15,12080.01408977198
2002-02-18,12134.921773912632
2002-02-19,11839.664433026674
2002-02-20,11824.608576430532
2002-02-21,12379.905797802669
2002-02-22,12454.333155174814
2002-02-25,12382.447773797752
2002-02-26,12270.230796187147
2002-02-27,12716.422930631585
2002-02-28,12734.809278284794
2002-03-01,13005.107933414192
2002-03-04,13773.495963671461
2002-03-05,13651.782573396855
2002-03-06,13664.614628243407
2002-03-07,14013.987396510825
2002-03-08,14300.400002133729
2002-03-11,14341.458362421234
2002-03-12,13966.813976532403
2002-03-13,13736.470227618436
2002-03-14,13921.91483639307
2002-03-15,14017.93573579784
2002-03-18,13838.57694348235
2002-03-19,14193.676504047662
2002-03-20,13874.191276301477
2002-03-22,13656.193760504768
2002-03-25,13555.794276414366
2002-03-26,13492.486952374706
2002-03-27,13632.547038611396
2002-03-28,13644.605634235639
2002-03-29,13274.267444440104
2002-04-01,13279.480461967974
2002-04-02,13491.843571071857
2002-04-03,13728.830192716088
2002-04-04,13703.636048375267
2002-04-05,13651.702839904976
2002-04-08,13673.364056117896
2002-04-09,13386.928712957413
2002-04-10,13512.998727903965
2002-04-11,13427.797623982702
2002-04-12,13206.48878604681
2002-04-15,13417.174823535262
2002-04-16,13670.098912424774
2002-04-17,13908.216979366165
2002-04-18,13947.5169694793
2002-04-19,13871.457105167608
2002-04-22,14124.781598732225
2002-04-23,14143.817173452042
2002-04-24,14067.478978738243
2002-04-25,14039.08798593281
2002-04-26,13910.452087890171
2002-04-30,13852.291059092546
2002-05-01,13925.63169361737
2002-05-02,13924.20526005869
2002-05-07,13641.66507153115
2002-05-08,13889.163845809911
2002-05-09,14025.576155471826
2002-05-10,13903.090824371502
2002-05-13,13669.697742252942
2002-05-14,13693.604520235385
2002-05-15,14040.136310215114
2002-05-16,14156.29639733622
2002-05-17,14288.037106692453
2002-05-20,14299.895133381771
2002-05-21,14233.838246103765
2002-05-22,14428.555433010813
2002-05-23,14450.85591777035
2002-05-24,14447.296879568856
2002-05-27,14448.127085840844
2002-05-28,14400.290490441357
2002-05-29,14300.797435399501
2002-05-30,14201.427206814675
2002-05-31,14194.522951512487
2002-06-03,14361.40630604522
2002-06-04,14062.486013193886
2002-06-05,14076.246159094213
2002-06-06,13969.64545907765
2002-06-07,13805.727181365157
2002-06-10,13723.977167813451
2002-06-11,13820.323400187282
2002-06-12,13673.307158237303
2002-06-13,13454.03827137789
2002-06-14,13184.053502999599
2002-06-17,12875.032687391022
2002-06-18,13087.979813601793
2002-06-19,12649.446763412341
2002-06-20,12815.288844988798
2002-06-21,12503.635370192464
2002-06-24,12645.539480732581
2002-06-25,12676.807608971652
2002-06-26,12167.654495843766
2002-06-27,12394.194489253608
2002-06-28,12829.963826645677
2002-07-01,12798.73770059774
2002-07-02,12831.870241927916
2002-07-03,13062.042330299819
2002-07-04,12845.868882124716
2002-07-05,13080.053409384407
2002-07-08,13011.991841529069
2002-07-09,13243.51396299075
2002-07-10,12993.34992868753
2002-07-11,12671.462741787267
2002-07-12,12811.954132645973
2002-07-15,12539.1165725456
2002-07-16,12389.010982443275
2002-07-17,12444.767289545534
2002-07-18,12689.870153515261
2002-07-19,12332.836219020472
2002-07-22,12317.334200963522
2002-07-23,12350.153001268569
2002-07-24,12026.885330618183
2002-07-25,12005.97376851218
2002-07-26,11596.842911139716
2002-07-29,11688.905388331743
2002-07-30,12097.089982149533
2002-07-31,11945.607466070236
2002-08-01,11844.115643876168
2002-08-02,11743.316055309959
2002-08-05,11738.20134275703
2002-08-06,11492.163965018517
2002-08-07,11896.026696710118
2002-08-08,11854.507591134596
2002-08-09,12097.337822370748
2002-08-12,11793.124507036151
2002-08-13,11722.096716571157
2002-08-14,11661.962890423905
2002-08-15,11852.730763261592
2002-08-16,11844.339795932461
2002-08-19,11616.199828607929
2002-08-20,11642.929235328345
2002-08-21,11670.05967175477
2002-08-22,11878.123007231756
2002-08-23,11943.408451949506
2002-08-26,12186.46610410725
2002-08-27,11992.881161985615
2002-08-28,11823.33157243542
2002-08-29,11646.474610238478
2002-08-30,11646.059642205351
2002-09-02,11528.406634749752
2002-09-03,11160.198168764307
2002-09-04,10988.889516921849
2002-09-05,11167.50330700278
2002-09-06,11055.396133704191
2002-09-09,11270.556719733284
2002-09-10,11274.832848668062
2002-09-11,11385.356513981771
2002-09-12,11404.295917603387
2002-09-13,11194.962009041707
2002-09-17,11561.391968740727
2002-09-18,11474.909463289168
2002-09-19,11714.849161503185
2002-09-20,11487.02442702482
2002-09-24,11294.434250232816
2002-09-25,11105.714827209054
2002-09-26,11294.729417401559
2002-09-27,11549.21501805953
2002-09-30,11371.482253045708
2002-10-01,11104.192431489371
2002-10-02,10967.894132639185
2002-10-03,10831.617227772022
2002-10-04,10942.627012932859
2002-10-07,10531.590325018491
2002-10-08,10557.471296979737
2002-10-09,10352.454377363076
2002-10-10,10232.090382406222
2002-10-11,10341.727800869556
2002-10-15,10714.64929728444
2002-10-16,10773.575932788854
2002-10-17,10865.092359497397
2002-10-18,11018.757290594162
2002-10-21,10888.688129288834
2002-10-22,10538.71916390406
2002-10-23,10569.743503873646
2002-10-24,10448.728023100655
2002-10-25,10585.113702531702
2002-10-28,10623.532613920011
2002-10-29,10564.941028371408
2002-10-30,10623.514527426385
2002-10-31,10483.19206023947
2002-11-01,10538.623818314833
2002-11-05,10844.748432139102
2002-11-06,10864.397016749303
2002-11-07,10825.094913375826
2002-11-08,10546.930643630334
2002-11-11,10267.85344029849
2002-11-12,10273.723614799941
2002-11-13,10242.393133561902
2002-11-14,10078.897793016986
2002-11-15,10322.440041305908
2002-11-18,10131.678363188317
2002-11-19,10155.571751851028
2002-11-20,10270.657576070373
2002-11-21,10524.263606623877
2002-11-22,10651.69194207846
2002-11-25,10860.951871164276
2002-11-26,10715.24667736972
2002-11-27,10778.81486018749
2002-11-28,11144.8023500491
2002-11-29,11192.476465575859
2002-12-02,11143.147840027048
2002-12-03,11180.94114076662
2002-12-04,10940.545331191342
2002-12-05,10832.801551326169
2002-12-06,10767.383072799643
2002-12-09,10725.163031210186
2002-12-10,10697.12893716021
2002-12-11,10604.29590503611
2002-12-12,10581.794060000915
2002-12-13,10348.279073551843
2002-12-16,10269.667333116475
2002-12-17,10342.859223457011
2002-12-18,10140.77208282565
2002-12-19,10194.239523419754
2002-12-20,10218.23634160344
2002-12-24,10346.990279189617
2002-12-25,10333.87334731112
2002-12-26,10576.272952214205
2002-12-27,10593.778904527446
2002-12-30,10430.075569904677
2003-01-06,10593.990096338839
2003-01-07,10525.42927818017
2003-01-08,10357.310605933677
2003-01-09,10333.67487029755
2003-01-10,10300.783060749167
2003-01-14,10401.772051065414
2003-01-15,10473.680870253544
2003-01-16,10471.07549381956
2003-01-17,10570.22834254511
2003-01-20,10410.895695395488
2003-01-21,10593.601308202098
2003-01-22,10475.480937814655
2003-01-23,10694.851880409815
2003-01-24,10623.286067818246
2003-01-27,10475.168775544236
2003-01-28,10373.39584914476
2003-01-29,10137.482332135234
2003-01-30,10120.632307319709
2003-01-31,10149.296161445413
2003-02-03,10345.56835534514
2003-02-04,10326.755649342891
2003-02-05,10406.332928402144
2003-02-06,10326.941958094245
2003-02-07,10283.608972985969
2003-02-10,10328.892363893568
2003-02-12,10547.621889794853
2003-02-13,10469.621194627029
2003-02-14,10594.65575008053
2003-02-17,10680.387621771859
2003-02-18,10584.835432293468
2003-02-19,10567.68154884279
2003-02-20,10534.705773845739
2003-02-21,10367.937949035975
2003-02-24,10431.076637862547
2003-02-25,10182.586921570297
2003-02-26,10178.621750702996
2003-02-27,10182.270247560169
2003-02-28,10187.246657545451
2003-03-03,10342.913785368728
2003-03-04,10331.037224360958
2003-03-05,10322.303961207133
2003-03-06,10196.764024170145
2003-03-07,9923.097420316884
2003-03-10,9799.485377549036
2003-03-11,9580.850465329162
2003-03-12,9679.57077927184
2003-03-13,9589.295457072245
2003-03-14,9753.253550967464
2003-03-17,9594.024938730687
2003-03-18,9695.459565949837
2003-03-19,9813.677312093076
2003-03-20,9989.723603710374
2003-03-24,10282.830331426196
2003-03-25,10044.027429502954
2003-03-26,10182.500969858971
2003-03-27,10203.441173798701
2003-03-28,10096.039734931586
2003-03-31,9721.658631629587
2003-04-01,9739.237587561283
2003-04-02,9841.109067600106
2003-04-03,9778.07076164692
2003-04-04,9847.317917815846
2003-04-07,10062.311585432662
2003-04-08,9918.198517744524
2003-04-09,9828.681283302934
2003-04-10,9734.65428961506
2003-04-11,9535.533184998956
2003-04-14,9457.463022082147
2003-04-15,9563.758881158714
2003-04-16,9613.855214321375
2003-04-17,9544.073988873824
2003-04-18,9608.755823259447
2003-04-21,9724.648443441412
2003-04-22,9507.162275398074
2003-04-23,9511.20934901033
2003-04-24,9586.374418571413
2003-04-25,9397.592166917699
2003-04-28,9286.237897802448
2003-04-30,9559.578803013015
2003-05-01,9598.969879059112
2003-05-02,9653.050828009224
2003-05-06,9868.864335070832
2003-05-07,9901.366489693279
2003-05-08,9806.364729263947
2003-05-09,9954.133847300036
2003-05-12,10038.847442510632
2003-05-13,10001.672388729285
2003-05-14,10068.921708284517
2003-05-15,9921.03444897079
2003-05-16,9914.07673647789
2003-05-19,9819.114971721245
2003-05-20,9844.471557171782
2003-05-21,9794.925519451257
2003-05-22,9835.920260480016
2003-05-23,9999.023473381183
2003-05-26,10051.529344859431
2003-05-27,9921.211423486186
2003-05-28,10060.932947660378
2003-05-29,10233.95502684547
2003-05-30,10294.53485295356
2003-06-02,10444.95362498414
2003-06-03,10466.651989808155
2003-06-04,10459.081544668936
2003-06-05,10581.065937224743
2003-06-06,10738.838423962668
2003-06-09,10784.440756444286
2003-06-10,10743.866638608839
2003-06-11,10868.139382597054
2003-06-12,10903.28960840806
2003-06-13,10979.69405699343
2003-06-16,10808.09051597131
2003-06-17,11044.83301597898
2003-06-18,11118.724695371338
2003-06-19,11140.73894234577
2003-06-20,11153.387741670624
2003-06-23,11174.439740072112
2003-06-24,10908.534152909742
2003-06-25,10924.989180981991
2003-06-26,10914.72037946537
2003-06-27,11136.249112706104
2003-06-30,11111.18874267889
2003-07-01,11350.770353287166
2003-07-02,11735.190851747559
2003-07-03,11775.623262045587
2003-07-04,11681.925603135702
2003-07-07,11985.27255838129
2003-07-08,12112.6031658004
2003-07-09,12226.08309438438
2003-07-10,12183.468745632374
2003-07-11,11792.128469847297
2003-07-14,11939.939546085081
2003-07-15,11934.880002622864
2003-07-16,11917.089554957993
2003-07-17,11627.452630864007
2003-07-18,11663.385404263843
2003-07-22,11612.854533753178
2003-07-23,11771.82989873836
2003-07-24,11840.575478193998
2003-07-25,11813.028438712598
2003-07-28,12048.604147370384
2003-07-29,12042.358885817548
2003-07-30,11796.034037560608
2003-07-31,11711.581830141473
2003-08-01,11771.526978634172
2003-08-04,11577.533695826654
2003-08-05,11492.126808695239
2003-08-06,11420.84658423827
2003-08-07,11349.950253484778
2003-08-08,11426.443079146937
2003-08-11,11623.368147948704
2003-08-12,11718.307680047614
2003-08-13,11949.17023709707
2003-08-14,12146.703463903983
2003-08-15,12086.054500656206
2003-08-18,12294.374044754739
2003-08-19,12467.948314775078
2003-08-20,12613.144961153013
2003-08-21,12700.350541688462
2003-08-22,12601.081151482344
2003-08-25,12596.169250433228
2003-08-26,12665.3680988383
2003-08-27,12637.107011200045
2003-08-28,12535.055809962712
2003-08-29,12680.761093082718
2003-09-01,13081.861034747506
2003-09-02,13106.925914564665
2003-09-03,13138.994552510836
2003-09-04,13055.372997538094
2003-09-05,13060.720536240922
2003-09-08,13101.841805890019
2003-09-09,13394.733875438455
2003-09-10,13314.812701800702
2003-09-11,12935.280792691678
2003-09-12,13140.13943509665
2003-09-16,13354.514595373268
2003-09-17,13481.642841297475
2003-09-18,13535.337170458115
2003-09-19,13419.59878836486
2003-09-22,12851.836422043909
2003-09-24,12885.85154181907
2003-09-25,12650.612564043025
2003-09-26,12661.563940047961
2003-09-29,12553.151518285536
2003-09-30,12540.879146021705
2003-10-01,12716.022802001864
2003-10-02,13001.766269354182
2003-10-03,13144.510298893123
2003-10-06,13183.045361674795
2003-10-07,13282.151060461885
2003-10-08,12941.399765020582
2003-10-09,12928.848818786408
2003-10-10,13242.079702520366
2003-10-14,13464.229810625346
2003-10-15,13383.289071808791
2003-10-16,13537.702162195676
2003-10-17,13554.033932570921
2003-10-20,13706.776824830575
2003-10-21,13547.589679853483
2003-10-22,13374.006004657627
2003-10-23,12693.695698169548
2003-10-24,12695.004616682327
2003-10-27,12841.109028177001
2003-10-28,12973.064567945905
2003-10-29,13192.647285738456
2003-10-30,13139.681007159825
2003-10-31,12973.299625843976
2003-11-04,13328.275194298023
2003-11-05,13316.138067659429
2003-11-06,12966.321445091628
2003-11-07,13061.208405438807
2003-11-10,12908.948812254515
2003-11-11,12543.991300068903
2003-11-12,12568.20146082232
2003-11-13,12705.821874395853
2003-11-14,12496.763685535116
2003-11-17,12030.01932690244
2003-11-18,12166.120695015523
2003-11-19,11819.514991752483
2003-11-20,12128.817300365396
2003-11-21,12113.610946933393
2003-11-25,12246.240488231733
2003-11-26,12473.880554938556
2003-11-27,12497.324610746793
2003-11-28,12420.722979430024
2003-12-01,12793.604411471875
2003-12-02,12802.717387645826
2003-12-03,12700.351808686906
2003-12-04,12828.421843816765
2003-12-05,12759.541055979167
2003-12-08,12356.575878620097
2003-12-09,12454.312354462196
2003-12-10,12192.025390217503
2003-12-11,12395.12310430948
2003-12-12,12512.045006565113
2003-12-15,12907.772186479819
2003-12-16,12638.749769316004
2003-12-17,12419.179051432842
2003-12-18,12433.790528402376
2003-12-19,12656.603358893883
2003-12-22,12765.511965385194
2003-12-24,12764.634782319306
2003-12-25,12757.997570777463
2003-12-26,12822.727461086151
2003-12-29,12925.807479122346
2003-12-30,13143.148311606405
2004-01-05,13326.578294121127
2004-01-06,13313.401064230971
2004-01-07,13244.831495679038
2004-01-08,13343.70394580635
2004-01-09,13501.156721408606
2004-01-13,13359.690466326354
2004-01-14,13376.680926091589
2004-01-15,13133.627107270557
2004-01-16,13370.715644683642
2004-01-19,13591.913349745875
2004-01-20,13674.745782864182
2004-01-21,13551.306121682073
2004-01-22,13549.821462021779
2004-01-23,13634.559884687365
2004-01-26,13516.398717243555
2004-01-27,13462.08911325148
2004-01-28,13369.595380341234
2004-01-29,13280.211967846417
2004-01-30,13285.933865912823
2004-02-02,13278.041744508813
2004-02-03,13112.518214493217
2004-02-04,12873.220687094621
2004-02-05,12895.16645713754
2004-02-06,12891.19931349521
2004-02-09,12819.907344283833
2004-02-10,12774.612832001781
2004-02-12,12890.854976074455
2004-02-13,13012.741606933363
2004-02-16,13002.256980830542
2004-02-17,13190.696754104429
2004-02-18,13161.297529839972
2004-02-19,13256.78664570696
2004-02-20,13216.55246495816
2004-02-23,13399.929915638333
2004-02-24,13123.322832513002
2004-02-25,13141.902374760573
2004-02-26,13335.522496757832
2004-02-27,13615.561877991184
2004-03-01,13898.795416144487
2004-03-02,14010.874390776726
2004-03-03,13999.664294091328
2004-03-04,14061.784930771704
2004-03-05,14229.522667648855
2004-03-08,14187.683048359348
2004-03-09,14224.29927946308
2004-03-10,14103.054295182414
2004-03-11,13935.662702859483
2004-03-12,13770.612762790834
2004-03-15,13962.624032209933
2004-03-16,13869.955616887797
2004-03-17,14110.62380036595
2004-03-18,14169.753241233202
2004-03-19,14089.222943096562
2004-03-22,13966.448130350229
2004-03-23,13920.886421718424
2004-03-24,14025.036761357556
2004-03-25,14230.417405092643
2004-03-26,14526.922527946383
2004-03-29,14462.876119402863
2004-03-30,14433.19807918987
2004-03-31,14460.630370319628
2004-04-01,14421.803805069716
2004-04-02,14586.038576560872
2004-04-05,14762.43496872158
2004-04-06,14912.933467220184
2004-04-07,14839.414836909036
2004-04-08,14930.160134237167
2004-04-09,14689.950157899926
2004-04-12,14869.872208734814
2004-04-13,14975.63424383015
2004-04-14,14939.690848867442
2004-04-15,14572.613031090514
2004-04-16,14603.090344873857
2004-04-19,14529.199086181861
2004-04-20,14762.096513191345
2004-04-21,14752.914382049681
2004-04-22,14797.783346399987
2004-04-23,14972.062081266029
2004-04-26,15026.12251554542
2004-04-27,14879.76377581799
2004-04-28,14830.273230653223
2004-04-30,14531.324603279896
2004-05-06,14296.65837794456
2004-05-07,14133.549299652044
2004-05-10,13449.482709368256
2004-05-11,13477.852108203224
2004-05-12,13782.932130874868
2004-05-13,13377.604078222234
2004-05-14,13408.508437970919
2004-05-17,12983.230617858977
2004-05-18,13238.458766238346
2004-05-19,13556.264379176888
2004-05-20,13426.208362154715
2004-05-21,13684.171906371177
2004-05-24,13723.577152816675
2004-05-25,13552.703584678793
2004-05-26,13787.155692796761
2004-05-27,13804.99744542727
2004-05-28,13983.076828702588
2004-05-31,13893.183894326652
2004-06-01,13968.467143994421
2004-06-02,13901.788470870155
2004-06-03,13636.170159787773
2004-06-04,13761.673371697252
2004-06-07,14147.974839280952
2004-06-08,14250.024932356922
2004-06-09,14161.365977717373
2004-06-10,14318.12021442222
2004-06-11,14257.95548514471
2004-06-14,14215.090031446307
2004-06-15,14087.112234963024
2004-06-16,14401.979835398437
2004-06-17,14360.773780246165
2004-06-18,14082.018621538879
2004-06-21,14352.460889344304
2004-06-22,14329.718701763606
2004-06-23,14329.470746285262
2004-06-24,14532.533023370455
2004-06-25,14578.031194087598
2004-06-28,14706.954644834977
2004-06-29,14678.82779067462
2004-06-30,14677.073328205435
2004-07-01,14723.68687241955
2004-07-02,14508.32247507786
2004-07-05,14286.427304786366
2004-07-06,14204.811780007298
2004-07-07,14093.51771038152
2004-07-08,14016.60380952542
2004-07-09,14142.632398437989
2004-07-12,14339.80004093382
2004-07-13,14373.043307999103
2004-07-14,14061.689384252299
2004-07-15,14127.302648128318
2004-07-16,14161.185414348627
2004-07-20,13941.83997504304
2004-07-21,14159.781914873005
2004-07-22,13976.09662209559
2004-07-23,13855.696165682717
2004-07-26,13821.897989786246
2004-07-27,13663.9499789249
2004-07-28,13878.632426269412
2004-07-29,13770.816313461939
2004-07-30,14030.255420503847
2004-08-02,13902.602838204866
2004-08-03,13802.033846344752
2004-08-04,13640.894897929416
2004-08-05,13704.523568591672
2004-08-06,13595.693468573329
2004-08-09,13517.149192263754
2004-08-10,13573.320300186522
2004-08-11,13692.77185371636
2004-08-12,13666.86659519859
2004-08-13,13331.769279490554
2004-08-16,13246.353919743868
2004-08-17,13294.23414093539
2004-08-18,13354.674520606266
2004-08-19,13515.49974740181
2004-08-20,13498.255729274397
2004-08-23,13587.894673286402
2004-08-24,13618.692487080625
2004-08-25,13798.673494366976
2004-08-26,13798.425856988724
2004-08-27,13898.545482865826
2004-08-30,13868.084816017907
2004-08-31,13741.29826902531
2004-09-01,13798.398762495559
2004-09-02,13830.504892502024
2004-09-03,13669.571452147116
2004-09-06,13945.34998760115
2004-09-07,14013.645084007305
2004-09-08,13989.765457278816
2004-09-09,13856.135091940174
2004-09-10,13747.922875893864
2004-09-13,13959.260435722508
2004-09-14,14012.559838400452
2004-09-15,13843.215672089185
2004-09-16,13819.97995875712
2004-09-17,13750.029389342752
2004-09-21,13748.624247558657
2004-09-22,13672.96921527896
2004-09-24,13519.393704965716
2004-09-27,13475.514311795057
2004-09-28,13421.8147522784
2004-09-29,13385.831421429211
2004-09-30,13432.924587544474
2004-10-01,13634.08264479627
2004-10-04,14000.163312449411
2004-10-05,14003.510322916034
2004-10-06,14132.662788511081
2004-10-07,14095.06331651326
2004-10-08,14089.178251135314
2004-10-12,13906.632690815657
2004-10-13,13900.019796858613
2004-10-14,13699.868935885566
2004-10-15,13636.726819441872
2004-10-18,13615.808418987144
2004-10-19,13739.6377289882
2004-10-20,13513.391119069991
2004-10-21,13398.557162486999
2004-10-22,13483.471011964426
2004-10-25,13238.182730862407
2004-10-26,13255.295844210219
2004-10-27,13280.087218722283
2004-10-28,13480.863742350408
2004-10-29,13379.971114376454
2004-11-01,13334.95771207741
2004-11-02,13525.737468004052
2004-11-04,13598.959616146149
2004-11-05,13743.054271646777
2004-11-08,13646.82337251343
2004-11-09,13623.866077635137
2004-11-10,13661.853866905321
2004-11-11,13478.498872575776
2004-11-12,13694.148300025832
2004-11-15,13952.726929352384
2004-11-16,13871.54104973924
2004-11-17,13834.294884161343
2004-11-18,13774.163723107336
2004-11-19,13775.291745934503
2004-11-22,13485.720805983452
2004-11-24,13514.83025933173
2004-11-25,13550.243954447302
2004-11-26,13468.058517711564
2004-11-29,13647.847316462972
2004-11-30,13550.677764786828
2004-12-01,13408.292021405783
2004-12-02,13643.656729653007
2004-12-03,13770.86240335588
2004-12-06,13655.911594156722
2004-12-07,13521.799632096492
2004-12-08,13606.636047877544
2004-12-09,13402.355572312676
2004-12-10,13378.282536300785
2004-12-13,13419.231438968158
2004-12-14,13576.953046787981
2004-12-15,13628.39966920942
2004-12-16,13589.082026371627
2004-12-17,13781.190678829205
2004-12-20,13813.021818320392
2004-12-21,13841.621589982848
2004-12-22,13946.142063398915
2004-12-24,14140.900314425095
2004-12-27,14137.62695882368
2004-12-28,14215.122652614475
2004-12-29,14162.775280467418
2004-12-30,14296.800138094277
2005-01-04,14333.493185365904
2005-01-05,14234.261636102678
2005-01-06,14303.002956979468
2005-01-07,14230.161279438043
2005-01-11,14363.644026500566
2005-01-12,14256.46745180898
2005-01-13,14138.61458520403
2005-01-14,14239.02247606401
2005-01-17,14300.274525022372
2005-01-18,14221.412692140695
2005-01-19,14199.714612187732
2005-01-20,14050.208799809538
2005-01-21,13993.041239869124
2005-01-24,14057.296799577916
2005-01-25,14042.237092302827
2005-01-26,14166.945894676413
2005-01-27,14123.644704840639
2005-01-28,14098.436704337033
2005-01-31,14182.500026879918
2005-02-01,14179.138251940065
2005-02-02,14208.071459527398
2005-02-03,14186.52401759172
2005-02-04,14151.074269940724
2005-02-07,14325.40924469261
2005-02-08,14314.277738443485
2005-02-09,14293.615529296394
2005-02-10,14394.161652276605
2005-02-14,14492.761144107968
2005-02-15,14511.190130300887
2005-02-16,14455.979884543616
2005-02-17,14432.976713969041
2005-02-18,14530.049257088247
2005-02-21,14519.333853243186
2005-02-22,14453.522523767235
2005-02-23,14332.593546976675
2005-02-24,14371.810894051274
2005-02-25,14530.846692541245
2005-02-28,14634.117343014348
2005-03-01,14684.521318937916
2005-03-02,14726.51410181049
2005-03-03,14780.440968827917
2005-03-04,14801.759404740571
2005-03-07,14867.613448497661
2005-03-08,14820.314816661703
2005-03-09,14920.425347148237
2005-03-10,14794.159637177549
2005-03-11,14868.340341818053
2005-03-14,14777.152560593337
2005-03-15,14741.424804394419
2005-03-16,14807.020670543152
2005-03-17,14685.836807558826
2005-03-18,14816.564607993467
2005-03-22,14770.006464826858
2005-03-23,14642.356761166528
2005-03-24,14651.53118737248
2005-03-25,14671.035358322542
2005-03-28,14710.588480160093
2005-03-29,14471.098351692059
2005-03-30,14429.377976833317
2005-03-31,14558.593411904289
2005-04-01,14627.443499145427
2005-04-04,14558.087617101222
2005-04-05,14691.941077059442
2005-04-06,14758.523273985045
2005-04-07,14738.980219668392
2005-04-08,14819.184314734735
2005-04-11,14658.691200269792
2005-04-12,14565.293329334174
2005-04-13,14525.006787784072
2005-04-14,14432.831046845718
2005-04-15,14193.194518247506
2005-04-18,13654.2365936621
2005-04-19,13813.887090723294
2005-04-20,13842.844894200929
2005-04-21,13713.365289923062
2005-04-22,13790.813778373664
2005-04-25,13826.141363232726
2005-04-26,13779.365374204112
2005-04-27,13741.98683542283
2005-04-28,13746.924616523098
2005-05-02,13739.03735877977
2005-05-06,13976.97865080987
2005-05-09,13951.5419735777
2005-05-10,13937.329989982642
2005-05-11,13889.519955951904
2005-05-12,13836.709648268412
2005-05-13,13801.294151227461
2005-05-16,13674.612709507383
2005-05-17,13523.012087485535
2005-05-18,13536.112441398085
2005-05-19,13838.713924078354
2005-05-20,13789.497827699963
2005-05-23,13941.720296142876
2005-05-24,13911.084006259232
2005-05-25,13762.714702873325
2005-05-26,13780.189906057532
2005-05-27,13986.208548440789
2005-05-30,14079.286934359925
2005-05-31,14092.715099510051
2005-06-01,14159.660613518263
2005-06-02,14098.253093840205
2005-06-03,14123.857986828494
2005-06-06,14087.680556928543
2005-06-07,14021.824667279778
2005-06-08,14101.90698812698
2005-06-09,13952.313120398412
2005-06-10,14132.125392706921
2005-06-13,14141.834571611751
2005-06-14,14172.962763226715
2005-06-15,14273.548864469427
2005-06-16,14274.788625486573
2005-06-17,14397.508394449766
2005-06-20,14359.76257722041
2005-06-21,14367.12205021432
2005-06-22,14440.950427246014
2005-06-23,14478.428434189023
2005-06-24,14429.37432932826
2005-06-27,14276.465463107577
2005-06-28,14401.597914629197
2005-06-29,14481.785801944881
2005-06-30,14490.62702965899
2005-07-01,14548.945840382929
2005-07-04,14576.369107725417
2005-07-05,14533.397141376643
2005-07-06,14517.54559375621
2005-07-07,14501.416513576649
2005-07-08,14471.824195373236
2005-07-11,14608.587782634571
2005-07-12,14630.927166927839
2005-07-13,14591.137113475954
2005-07-14,14722.44219757218
2005-07-15,14716.092579953467
2005-07-19,14724.43602899314
2005-07-20,14755.74684675605
2005-07-21,14753.103879412707
2005-07-22,14638.980167759359
2005-07-25,14724.231425928741
2005-07-26,14693.957126150577
2005-07-27,14816.17313167286
2005-07-28,14845.89299962186
2005-07-29,14898.227095376462
2005-08-01,14958.11586140083
2005-08-02,14950.34612698563
2005-08-03,15003.079028104898
2005-08-04,14880.394592147997
2005-08-05,14734.734468881763
2005-08-08,14751.022866317886
2005-08-09,14903.620544146786
2005-08-10,15151.941578966596
2005-08-11,15359.553932603292
2005-08-12,15358.160327294127
2005-08-15,15352.395974234947
2005-08-16,15427.113281582559
2005-08-17,15374.475596887914
2005-08-18,15418.0442206538
2005-08-19,15399.114675179562
2005-08-22,15601.211140704258
2005-08-23,15627.467216422017
2005-08-24,15664.889635098696
2005-08-25,15543.89649648339
2005-08-26,15587.57160732923
2005-08-29,15425.774415278976
2005-08-30,15606.03135257269
2005-08-31,15557.15035888809
2005-09-01,15674.839881954786
2005-09-02,15792.113570265086
2005-09-05,15836.511843224818
2005-09-06,15792.758654163366
2005-09-07,15803.667428955918
2005-09-08,15711.960397269944
2005-09-09,15910.896160816896
2005-09-12,16167.817619544552
2005-09-13,16175.434924496218
2005-09-14,16091.250632045014
2005-09-15,16283.190213423257
2005-09-16,16248.656492370432
2005-09-20,16487.46681345899
2005-09-21,16548.368233311452
2005-09-22,16502.417820764713
2005-09-26,16795.671228512143
2005-09-27,16692.814171985563
2005-09-28,16851.399973753738
2005-09-29,17079.560615126393
2005-09-30,17026.435219775958
2005-10-03,16965.679787024677
2005-10-04,17234.30411476592
2005-10-05,17173.6393173397
2005-10-06,16759.90724727299
2005-10-07,16595.31291167401
2005-10-11,17008.76541831415
2005-10-12,16892.849372412227
2005-10-13,16875.3829032562
2005-10-14,16840.096490592125
2005-10-17,16815.410771425148
2005-10-18,16755.836690465672
2005-10-19,16477.015288930907
2005-10-20,16554.2427379115
2005-10-21,16566.866421180894
2005-10-24,16449.886082440764
2005-10-25,16669.548229337368
2005-10-26,16813.86382756949
2005-10-27,16842.280084918824
2005-10-28,16754.453483679543
2005-10-31,17081.52721787044
2005-11-01,17410.387205025076
2005-11-02,17444.9348750635
2005-11-04,17673.167387092115
2005-11-07,17655.89732205523
2005-11-08,17625.430219159192
2005-11-09,17670.729121718952
2005-11-10,17682.389682992092
2005-11-11,17776.30789291893
2005-11-14,17728.069386336385
2005-11-15,17698.350511696142
2005-11-16,17798.462038508405
2005-11-17,18101.834268049242
2005-11-18,18368.0648597734
2005-11-21,18440.84523668695
2005-11-22,18476.675600553164
2005-11-24,18520.51031086703
2005-11-25,18573.708545344914
2005-11-28,18829.111725372877
2005-11-29,18755.491708197645
2005-11-30,18686.502253326376
2005-12-01,19011.930931662067
2005-12-02,19378.540736628693
2005-12-05,19542.373637845678
2005-12-06,19382.446781451268
2005-12-07,19460.29510553839
2005-12-08,19082.459171554692
2005-12-09,19360.655419223374
2005-12-12,19782.114117340756
2005-12-13,19833.44570586665
2005-12-14,19439.24394335843
2005-12-15,19175.92039661696
2005-12-16,19074.453599471337
2005-12-19,19349.85568159931
2005-12-20,19664.719786718615
2005-12-21,20063.25990491184
2005-12-22,20043.754576551328
2005-12-26,20253.72233080277
2005-12-27,20080.72732582896
2005-12-28,20364.794462313213
2005-12-29,20553.78929587926
2005-12-30,20261.93912000778
2006-01-04,20577.34052348726
2006-01-05,20658.47899674972
2006-01-06,20662.91619015096
2006-01-10,20281.575516786223
2006-01-11,20583.357044267013
2006-01-12,20686.863200262953
2006-01-13,20700.00484604691
2006-01-16,20465.71924101523
2006-01-17,19885.237779339863
2006-01-18,19301.322858603904
2006-01-19,19748.913279946126
2006-01-20,19750.254231049385
2006-01-23,19328.241402329088
2006-01-24,19691.754094021435
2006-01-25,19695.232249648583
2006-01-26,19998.108288470496
2006-01-27,20715.864301475816
2006-01-30,20830.693026153505
2006-01-31,20955.649360683663
2006-02-01,20742.891056718523
2006-02-02,21033.842382933035
2006-02-03,20970.636807524406
2006-02-06,21082.438974408644
2006-02-07,21049.62008080549
2006-02-08,20486.109213834465
2006-02-09,20697.20210773379
2006-02-10,20469.12445184662
2006-02-13,19991.31340970045
2006-02-14,20378.96781895373
2006-02-15,20062.45283138012
2006-02-16,20202.865002478713
2006-02-17,19787.864879541
2006-02-20,19441.715368319747
2006-02-21,20018.086704137524
2006-02-22,19876.40297753307
2006-02-23,20273.119992643897
2006-02-24,20281.285481811832
2006-02-27,20396.807567708693
2006-02-28,20413.379457827246
2006-03-01,20110.67876980428
2006-03-02,20042.60918906338
2006-03-03,19733.00138700307
2006-03-06,20033.449088537905
2006-03-07,19813.621612636147
2006-03-08,19690.30437762775
2006-03-09,20207.008720014583
2006-03-10,20307.046190768768
2006-03-13,20617.7366070286
2006-03-14,20463.40621032284
2006-03-15,20565.936844959226
2006-03-16,20285.96433104202
2006-03-17,20593.732004640606
2006-03-20,20953.89471595634
2006-03-22,20791.76782324119
2006-03-23,20784.93289619099
2006-03-24,20875.930918262336
2006-03-27,20989.287717930478
2006-03-28,21040.76820124894
2006-03-29,21354.51873827289
2006-03-30,21490.224237115486
2006-03-31,21509.177193403855
2006-04-03,21855.114151875136
2006-04-04,21805.085083937185
2006-04-05,21744.296534740522
2006-04-06,22054.59837009837
2006-04-07,22148.889048169982
2006-04-10,22015.13853054796
2006-04-11,21967.566304667285
2006-04-12,21646.13543664071
2006-04-13,21693.20245925917
2006-04-14,21737.839369053
2006-04-17,21444.259604594445
2006-04-18,21738.443126367092
2006-04-19,21887.274968017537
2006-04-20,21847.075165835395
2006-04-21,21957.030796532807
2006-04-24,21340.287068814632
2006-04-25,21411.69407290514
2006-04-26,21520.647103534502
2006-04-27,21595.500574504036
2006-04-28,21333.54324893025
2006-05-01,21359.017246670974
2006-05-02,21647.714765806195
2006-05-08,21822.653759271918
2006-05-09,21696.397814763193
2006-05-10,21395.677658758177
2006-05-11,21283.240378559512
2006-05-12,20955.48991526633
2006-05-15,20811.366291084374
2006-05-16,20397.56620385169
2006-05-17,20586.83163823431
2006-05-18,20309.332619529934
2006-05-19,20396.372912682637
2006-05-22,20021.51213397275
2006-05-23,19695.7484631332
2006-05-24,20085.472075589598
2006-05-25,19816.7835639321
2006-05-26,20167.41115272593
2006-05-29,20098.697080810387
2006-05-30,20028.525665682555
2006-05-31,19534.14228650558
2006-06-01,19580.943559645326
2006-06-02,19942.445390408375
2006-06-05,19790.44477038432
2006-06-06,19433.23528250668
2006-06-07,19069.172951277524
2006-06-08,18485.112581561538
2006-06-09,18634.71331901322
2006-06-12,18739.30112761664
2006-06-13,17963.835585300396
2006-06-14,18079.509878980825
2006-06-15,18283.943010518575
2006-06-16,18800.973085275145
2006-06-19,18777.762019656915
2006-06-20,18510.72525408979
2006-06-21,18506.253477759947
2006-06-22,19128.083466774202
2006-06-23,19114.158341535058
2006-06-26,19150.800756771623
2006-06-27,19176.13252888073
2006-06-28,18815.814070189783
2006-06-29,19113.699367050296
2006-06-30,19599.945372935133
2006-07-03,19684.754228260965
2006-07-04,19770.125688790104
2006-07-05,19626.11967525505
2006-07-06,19370.867768817996
2006-07-07,19354.241359621607
2006-07-10,19665.081359375934
2006-07-11,19566.023990234182
2006-07-12,19282.958140548446
2006-07-13,19092.346133405073
2006-07-14,18773.561952212083
2006-07-18,18258.360285346895
2006-07-19,18338.825210447696
2006-07-20,18904.415281198933
2006-07-21,18746.367487771015
2006-07-24,18713.30253178959
2006-07-25,18980.656896354827
2006-07-26,18828.17117853421
2006-07-27,19203.042788636456
2006-07-28,19410.168802376913
2006-07-31,19555.129636944726
2006-08-01,19535.830488390686
2006-08-02,19566.22791266391
2006-08-03,19574.73831092633
2006-08-04,19612.01032975682
2006-08-07,19176.11076013538
2006-08-08,19569.96546477767
2006-08-09,19813.673054979994
2006-08-10,19782.001208579626
2006-08-11,19699.434825229095
2006-08-14,20069.94971125638
2006-08-15,20018.99450573723
2006-08-16,20342.819856996182
2006-08-17,20279.71897680503
2006-08-18,20388.344396216973
2006-08-21,20215.837687248353
2006-08-22,20485.236867296717
2006-08-23,20463.126882106648
2006-08-24,20207.710478142417
2006-08-25,20180.749890351697
2006-08-28,19958.651895146657
2006-08-29,20121.528058287302
2006-08-30,20098.891066613996
2006-08-31,20440.053118183965
2006-09-01,20432.662793084863
2006-09-04,20716.977558269704
2006-09-05,20753.166935156743
2006-09-06,20625.00646665795
2006-09-07,20281.751105531042
2006-09-08,20368.795556338162
2006-09-11,20007.259299584093
2006-09-12,19913.03531473334
2006-09-13,19952.77160960715
2006-09-14,20197.27872181627
2006-09-15,20102.518744139066
2006-09-19,20112.671561501065
2006-09-20,19916.345486690156
2006-09-21,20063.60449645971
2006-09-22,19811.568141078213
2006-09-25,19811.30538752899
2006-09-26,19715.36553361946
2006-09-27,20210.974005697626
2006-09-28,20309.379514925276
2006-09-29,20440.430532773946
2006-10-02,20601.885839421808
2006-10-03,20587.282268159153
2006-10-04,20385.912457079085
2006-10-05,20851.706558690992
2006-10-06,20835.75590249122
2006-10-10,20888.843626727812
2006-10-11,20792.502264631512
2006-10-12,20753.103050000518
2006-10-13,20966.633642364824
2006-10-16,21165.589463717155
2006-10-17,21063.5497862513
2006-10-18,21116.939976487734
2006-10-19,20988.930582657846
2006-10-20,21116.967750377633
2006-10-23,21291.835502808583
2006-10-24,21282.13527952783
2006-10-25,21180.074673690262
2006-10-26,21323.396241870563
2006-10-27,21143.49887119817
2006-10-30,20741.993883678362
2006-10-31,20803.167582983766
2006-11-01,20773.42442287759
2006-11-02,20742.271345530386
2006-11-06,20761.838527290474
2006-11-07,20799.05574741794
2006-11-08,20574.497259767177
2006-11-09,20553.570546781666
2006-11-10,20445.1248556398
2006-11-13,20331.849520340616
2006-11-14,20671.599982106545
2006-11-15,20613.984877964434
2006-11-16,20513.824754361503
2006-11-17,20423.124178363334
2006-11-20,19959.708474057526
2006-11-21,19970.94921627622
2006-11-22,20200.377678447116
2006-11-24,19973.201414393054
2006-11-27,20165.441262293833
2006-11-28,20128.046436919765
2006-11-29,20409.379869745382
2006-11-30,20661.776656793354
2006-12-01,20722.884615422343
2006-12-04,20700.653798447307
2006-12-05,20653.483602209097
2006-12-06,20788.336748238915
2006-12-07,20918.831025300082
2006-12-08,20849.17508380817
2006-12-11,20989.957783732618
2006-12-12,21130.268509721434
2006-12-13,21201.19596003129
2006-12-14,21375.160621476873
2006-12-15,21484.15983071145
2006-12-18,21545.772667712703
2006-12-19,21311.38003136029
2006-12-20,21609.729685007795
2006-12-21,21657.37117413159
2006-12-22,21730.857192849406
2006-12-25,21716.429579767686
2006-12-26,21814.27795137853
2006-12-27,21883.751913075266
2006-12-28,21886.775440312955
2006-12-29,21888.98513519038
2007-01-04,22052.51990011555
2007-01-05,21720.547836809474
2007-01-09,21907.39833985321
2007-01-10,21533.077262170107
2007-01-11,21401.66038608841
2007-01-12,21680.8797619108
2007-01-15,21876.320375935597
2007-01-16,21867.917576009422
2007-01-17,21943.85977050027
2007-01-18,22084.25511693042
2007-01-19,22008.437409053044
2007-01-22,22154.13915579849
2007-01-23,22135.384318431585
2007-01-24,22262.147064541758
2007-01-25,22200.807817782337
2007-01-26,22155.649451209454
2007-01-29,22218.463096376767
2007-01-30,22244.650533551954
2007-01-31,22109.947808986937
2007-02-01,22284.127060542123
2007-02-02,22320.34609326244
2007-02-05,22064.09301999161
2007-02-06,22144.129223581072
2007-02-07,21999.503549452875
2007-02-08,22000.792514421286
2007-02-09,22271.422061079924
2007-02-13,22421.543145266034
2007-02-14,22589.585428697148
2007-02-15,22774.694098435346
2007-02-16,22748.354970835277
2007-02-19,22831.486093182106
2007-02-20,22831.376907842434
2007-02-21,22799.527772922327
2007-02-22,23049.592110925798
2007-02-23,23152.091459787272
2007-02-26,23187.51408411065
2007-02-27,23067.17318391004
2007-02-28,22411.649604067643
2007-03-01,22221.006204812966
2007-03-02,21922.15781365701
2007-03-05,21190.237979008903
2007-03-06,21448.816770289603
2007-03-07,21348.15410184838
2007-03-08,21763.96478031478
2007-03-09,21858.933905662776
2007-03-12,22023.47991629349
2007-03-13,21879.94160673399
2007-03-14,21241.678472846153
2007-03-15,21476.465324836056
2007-03-16,21329.452681984847
2007-03-19,21668.60047584583
2007-03-20,21865.412962889808
2007-03-22,22192.644138176882
2007-03-23,22271.981326147332
2007-03-26,22325.768444699683
2007-03-27,22126.931353284308
2007-03-28,21987.443327524776
2007-03-29,22000.263383813723
2007-03-30,22031.566095168506
2007-04-02,21702.258061398552
2007-04-03,21978.170427054527
2007-04-04,22361.68414759859
2007-04-05,22295.65085991199
2007-04-06,22288.285699708413
2007-04-09,22619.530315916603
2007-04-10,22519.843252928917
2007-04-11,22527.814253847824
2007-04-12,22363.624307327857
2007-04-13,22139.720361740125
2007-04-16,22477.887779553435
2007-04-17,22350.394171732274
2007-04-18,22529.876692643473
2007-04-19,22154.318887638416
2007-04-20,22258.26703118741
2007-04-23,22262.872394166698
2007-04-24,22259.379358895876
2007-04-25,21985.458414114248
2007-04-26,22232.747266994662
2007-04-27,22197.15604611098
2007-05-01,22038.236397318437
2007-05-02,22192.341593910838
2007-05-07,22544.182449918684
2007-05-08,22528.72001679479
2007-05-09,22646.302175366196
2007-05-10,22633.180900865184
2007-05-11,22400.462829733016
2007-05-14,22560.092307976156
2007-05-15,22350.678732722143
2007-05-16,22372.226952884677
2007-05-17,22334.528670420892
2007-05-18,22209.239504637415
2007-05-21,22411.112471664845
2007-05-22,22569.465477887534
2007-05-23,22602.581383378852
2007-05-24,22593.293421859737
2007-05-25,22318.939065446608
2007-05-28,22455.864794324472
2007-05-29,22565.468598858046
2007-05-30,22458.93571828309
2007-05-31,22827.165929913368
2007-06-01,22934.454527609658
2007-06-04,22954.15392834745
2007-06-05,23057.959492515944
2007-06-06,23042.644923680196
2007-06-07,23059.68553471673
2007-06-08,22710.452285184234
2007-06-11,22782.330296357468
2007-06-12,22689.4684305435
2007-06-13,22654.636395251666
2007-06-14,22795.678337341385
2007-06-15,22961.88105149309
2007-06-18,23190.490086581474
2007-06-19,23209.638178813602
2007-06-20,23272.210821774734
2007-06-21,23309.934727118565
2007-06-22,23245.050466869485
2007-06-25,23116.920644004465
2007-06-26,23090.74603746288
2007-06-27,22814.7354547481
2007-06-28,22921.943229325414
2007-06-29,23186.52149805266
2007-07-02,23197.81736677241
2007-07-03,23203.563565517095
2007-07-04,23228.769994409024
2007-07-05,23297.372698052775
2007-07-06,23195.539805971704
2007-07-09,23351.458250895175
2007-07-10,23340.70422879393
2007-07-11,23082.050583781696
2007-07-12,22999.589783390584
2007-07-13,23326.610461025863
2007-07-17,23300.032634597985
2007-07-18,23043.20685016014
2007-07-19,23173.523593252954
2007-07-20,23227.573506310004
2007-07-23,22980.172995341927
2007-07-24,23030.418100310257
2007-07-25,22847.822253084505
2007-07-26,22648.932836174892
2007-07-27,22114.856370429512
2007-07-30,22122.972434303487
2007-07-31,22072.353314675733
2007-08-01,21589.82967767951
2007-08-02,21735.673115133308
2007-08-03,21731.306032291595
2007-08-06,21648.67509917252
2007-08-07,21659.097664078465
2007-08-08,21797.780487358857
2007-08-09,21979.75717636822
2007-08-10,21460.450335381178
2007-08-13,21507.54639888414
2007-08-14,21565.654381123673
2007-08-15,21094.275109598424
2007-08-16,20676.473394335597
2007-08-17,19557.33355448996
2007-08-20,20145.803245527542
2007-08-21,20363.035988826006
2007-08-22,20363.143761851014
2007-08-23,20896.515674892322
2007-08-24,20811.28547489905
2007-08-27,20879.453537692014
2007-08-28,20862.679701453646
2007-08-29,20511.878713034974
2007-08-30,20693.50303113234
2007-08-31,21226.52212619711
2007-09-03,21170.99320163579
2007-09-04,21038.20280251468
2007-09-05,20703.518631647294
2007-09-06,20830.81614662066
2007-09-07,20659.058895766597
2007-09-10,20202.348859001
2007-09-11,20347.77454732234
2007-09-12,20246.160379059154
2007-09-13,20277.394513531573
2007-09-14,20670.896365031494
2007-09-18,20254.54041949223
2007-09-19,20998.67965515715
2007-09-20,21041.055943076048
2007-09-21,20912.385124339282
2007-09-25,21027.672243205845
2007-09-26,21072.313532392633
2007-09-27,21581.706911491026
2007-09-28,21523.107758616534
2007-10-01,21601.45515398016
2007-10-02,21860.041368583552
2007-10-03,22057.47262176583
2007-10-04,21920.821549772823
2007-10-05,21886.695483370968
2007-10-09,22009.44512761272
2007-10-10,22033.606397487805
2007-10-11,22395.257254897413
2007-10-12,22232.406742442836
2007-10-15,22268.115657885122
2007-10-16,21986.67482170421
2007-10-17,21753.47360733057
2007-10-18,21948.00436553903
2007-10-19,21574.775705501368
2007-10-22,21093.4950965814
2007-10-23,21110.074865003404
2007-10-24,20992.807728259155
2007-10-25,20898.592006653977
2007-10-26,21183.852931038407
2007-10-29,21431.905545933965
2007-10-30,21372.545249265175
2007-10-31,21484.78825086476
2007-11-01,21656.282337603334
2007-11-02,21204.290201124903
2007-11-05,20886.231215860116
2007-11-06,20862.495500782883
2007-11-07,20667.145979254645
2007-11-08,20250.72444027344
2007-11-09,20010.126023273748
2007-11-12,19515.015642527494
2007-11-13,19425.49418400808
2007-11-14,19905.389288042363
2007-11-15,19773.752762802727
2007-11-16,19464.30662283026
2007-11-19,19321.343677632784
2007-11-20,19539.327289017176
2007-11-21,19060.041872275047
2007-11-22,19126.63898276854
2007-11-26,19444.184164055478
2007-11-27,19557.73941021983
2007-11-28,19469.96212520449
2007-11-29,19933.431071126135
2007-11-30,20148.91102316742
2007-12-03,20083.469382648014
2007-12-04,19893.266926526332
2007-12-05,20059.632496801714
2007-12-06,20401.458821117012
2007-12-07,20508.230041596235
2007-12-10,20468.13614446476
2007-12-11,20623.817600513314
2007-12-12,20480.27223422067
2007-12-13,19972.54941795413
2007-12-14,19945.23918325314
2007-12-17,19605.88624489676
2007-12-18,19552.943829036056
2007-12-19,19325.875143387442
2007-12-20,19328.22982403586
2007-12-21,19619.026358152812
2007-12-25,20000.112834640946
2007-12-26,20130.924404447956
2007-12-27,20017.648519750197
2007-12-28,19688.209157387344
2008-01-04,18896.91087734271
2008-01-07,18652.847394926404
2008-01-08,18690.454464013474
2008-01-09,18782.57855546493
2008-01-10,18512.472977800164
2008-01-11,18157.052277125145
2008-01-15,17980.654910357305
2008-01-16,17379.5893481829
2008-01-17,17739.93258883406
2008-01-18,17841.485503294018
2008-01-21,17153.729785529373
2008-01-22,16185.818626428254
2008-01-23,16516.658597461217
2008-01-24,16857.477405758025
2008-01-25,17549.43497124303
2008-01-28,16853.794141697275
2008-01-29,17358.567809641067
2008-01-30,17187.53582541405
2008-01-31,17507.5656710356
2008-02-01,17386.138200400233
2008-02-04,17854.50847492613
2008-02-05,17708.751412790007
2008-02-06,16877.45050165388
2008-02-07,17017.79139545604
2008-02-08,16774.374278783715
2008-02-12,16781.744370860866
2008-02-13,16842.756559258338
2008-02-14,17563.463077825516
2008-02-15,17559.796200283115
2008-02-18,17577.6975341004
2008-02-19,17736.98903884593
2008-02-20,17161.328204018904
2008-02-21,17649.930140000542
2008-02-22,17409.087315826608
2008-02-25,17944.467474590772
2008-02-26,17829.96320566772
2008-02-27,18097.781990350795
2008-02-28,17962.71117366902
2008-02-29,17548.073422231646
2008-03-03,16761.368579012335
2008-03-04,16762.785013320816
2008-03-05,16737.98079973389
2008-03-06,17053.300110370732
2008-03-07,16496.309322597303
2008-03-10,16174.05918446788
2008-03-11,16338.12387959768
2008-03-12,16601.21744262132
2008-03-13,16050.385521064205
2008-03-14,15803.950392027595
2008-03-17,15218.886885146583
2008-03-18,15448.146458411276
2008-03-19,15831.919330069572
2008-03-21,16119.993204252032
2008-03-24,16118.027103784058
2008-03-25,16461.70571485549
2008-03-26,16413.122961511708
2008-03-27,16282.555282628331
2008-03-28,16562.712133848614
2008-03-31,16182.935842522562
2008-04-01,16353.287239648083
2008-04-02,17043.20468885349
2008-04-03,17303.669392239917
2008-04-04,17180.048379251497
2008-04-07,17384.302150622658
2008-04-08,17127.37608650314
2008-04-09,16949.601590915394
2008-04-10,16735.537230929673
2008-04-11,17226.090344245982
2008-04-14,16702.174513950464
2008-04-15,16797.942856986014
2008-04-16,17000.38710397766
2008-04-17,17327.81967729942
2008-04-18,17430.228300763603
2008-04-21,17716.261520386543
2008-04-22,17525.22756282474
2008-04-23,17567.116651730375
2008-04-24,17518.92621952925
2008-04-25,17937.67645019846
2008-04-28,17979.037893979475
2008-04-30,17922.98693171381
2008-05-01,17816.777832446594
2008-05-02,18183.648876148978
2008-05-07,18253.932389018362
2008-05-08,18049.226115916586
2008-05-09,17677.8773674877
2008-05-12,17793.192376687028
2008-05-13,18066.94019078793
2008-05-14,18281.74739129214
2008-05-15,18455.62886200552
2008-05-16,18415.26682108985
2008-05-19,18481.607283861154
2008-05-20,18341.167150731417
2008-05-21,18039.73015360715
2008-05-22,18108.68690208005
2008-05-23,18153.78982799745
2008-05-26,17737.965072154868
2008-05-27,18002.52221643562
2008-05-28,17765.63389582663
2008-05-29,18304.862378414084
2008-05-30,18583.71711446687
2008-06-02,18716.83373071189
2008-06-03,18418.87215731291
2008-06-04,18713.78383899921
2008-06-05,18592.768940538816
2008-06-06,18786.503126358482
2008-06-09,18388.494017528785
2008-06-10,18182.1510381684
2008-06-11,18394.04142091246
2008-06-12,18013.00375963745
2008-06-13,18124.806570936285
2008-06-16,18619.949333752975
2008-06-17,18613.595089764734
2008-06-18,18750.533598906834
2008-06-19,18333.346602076057
2008-06-20,18090.69593007279
2008-06-23,17982.289131644968
2008-06-24,17973.404026544176
2008-06-25,17949.29421744525
2008-06-26,17940.808080642415
2008-06-27,17581.37688689319
2008-06-30,17500.96785989225
2008-07-01,17478.70936370854
2008-07-02,17250.462373812545
2008-07-03,17224.558277279426
2008-07-04,17190.156219539615
2008-07-07,17350.10723081921
2008-07-08,16926.823067468133
2008-07-09,16952.84001442579
2008-07-10,16973.72972634835
2008-07-11,16939.283283049583
2008-07-14,16902.2191848168
2008-07-15,16571.42629484844
2008-07-16,16580.806650042134
2008-07-17,16747.305601148044
2008-07-18,16639.10372851109
2008-07-22,17135.886804321024
2008-07-23,17303.5313530225
2008-07-24,17682.31096548997
2008-07-25,17334.56608970625
2008-07-28,17360.62441896008
2008-07-29,17109.298248854433
2008-07-30,17381.50607394555
2008-07-31,17394.56890570517
2008-08-01,17028.89084744431
2008-08-04,16820.275701652427
2008-08-05,16797.479414182144
2008-08-06,17241.323004601847
2008-08-07,17073.666623495294
2008-08-08,17131.464471243326
2008-08-11,17474.30555202058
2008-08-12,17309.996646134943
2008-08-13,16946.25963807245
2008-08-14,16861.345976222976
2008-08-15,16944.12461385996
2008-08-18,17135.50384758943
2008-08-19,16745.802805696105
2008-08-20,16729.697691562822
2008-08-21,16601.47320178029
2008-08-22,16490.558602230816
2008-08-25,16768.666612918532
2008-08-26,16639.80363301533
2008-08-27,16607.548009090842
2008-08-28,16628.73584744387
2008-08-29,17026.764916896176
2008-09-01,16717.16563675508
2008-09-02,16425.730387355783
2008-09-03,16531.367791738627
2008-09-04,16360.752151474684
2008-09-05,15911.930313923665
2008-09-08,16450.307569103203
2008-09-09,16159.912811855167
2008-09-10,16090.751047821526
2008-09-11,15773.79942151325
2008-09-12,15921.335322838018
2008-09-16,15133.85718670017
2008-09-17,15317.621667705489
2008-09-18,14979.183161488145
2008-09-19,15543.023586798148
2008-09-22,15765.535645906539
2008-09-24,15798.617426681534
2008-09-25,15658.329784533013
2008-09-26,15511.668655129399
2008-09-29,15317.793893231044
2008-09-30,14687.941340365127
2008-10-01,14830.481463577506
2008-10-02,14553.076752823707
2008-10-03,14271.558386903227
2008-10-06,13665.832728253892
2008-10-07,13252.964683456463
2008-10-08,12010.815121531872
2008-10-09,11951.921866783905
2008-10-10,10802.832631204481
2008-10-14,12332.41375920952
2008-10-15,12463.774440319632
2008-10-16,11042.95808989508
2008-10-17,11351.117619559409
2008-10-20,11759.083220555101
2008-10-21,12152.604165965051
2008-10-22,11328.74911405574
2008-10-23,11050.501882786735
2008-10-24,9990.882572220842
2008-10-27,9356.574193474771
2008-10-28,9956.935681662102
2008-10-29,10728.483299131249
2008-10-30,11797.88583891257
2008-10-31,11207.164612513428
2008-11-04,11910.562213286375
2008-11-05,12442.897573997607
2008-11-06,11630.793940138687
2008-11-07,11218.47407565998
2008-11-10,11870.86148700253
2008-11-11,11516.028732985726
2008-11-12,11368.148369124101
2008-11-13,10771.682156274699
2008-11-14,11065.075395513653
2008-11-17,11144.633377962975
2008-11-18,10891.56122944142
2008-11-19,10820.215927245252
2008-11-20,10075.273881308873
2008-11-21,10347.796992806103
2008-11-25,10889.044724379404
2008-11-26,10745.042971942132
2008-11-27,10955.42809831038
2008-11-28,11137.988236404559
2008-12-01,10988.29327638276
2008-12-02,10290.925702167578
2008-12-03,10475.479449221595
2008-12-04,10371.757830034016
2008-12-05,10363.744051148373
2008-12-08,10903.272510605479
2008-12-09,10991.588367859726
2008-12-10,11338.563075994884
2008-12-11,11418.40082693181
2008-12-12,10784.60499799241
2008-12-15,11346.962620198721
2008-12-16,11221.266454437693
2008-12-17,11280.412563468206
2008-12-18,11352.94268464228
2008-12-19,11250.705186006642
2008-12-22,11428.769978217813
2008-12-24,11158.860195806774
2008-12-25,11267.683707445267
2008-12-26,11452.026400234827
2008-12-29,11462.931126387688
2008-12-30,11611.10597837509
2009-01-05,11852.73188871384
2009-01-06,11903.23155830823
2009-01-07,12111.943334679694
2009-01-08,11637.350504391254
2009-01-09,11586.43945574595
2009-01-13,11032.94759648829
2009-01-14,11066.112508716207
2009-01-15,10522.638977025066
2009-01-16,10794.873828904167
2009-01-19,10830.858415330049
2009-01-20,10581.180470191299
2009-01-21,10366.762774345945
2009-01-22,10564.631999753547
2009-01-23,10163.39404064556
2009-01-26,10081.47908269018
2009-01-27,10579.701533543895
2009-01-28,10639.998732131955
2009-01-29,10831.219926602584
2009-01-30,10494.54700105282
2009-02-02,10337.841238608406
2009-02-03,10275.119810208165
2009-02-04,10556.30052756536
2009-02-05,10439.980064916404
2009-02-06,10607.67065859918
2009-02-09,10467.296492151901
2009-02-10,10437.898247316389
2009-02-12,10122.770991366133
2009-02-13,10220.950555578598
2009-02-16,10183.454318078539
2009-02-17,10046.829848995654
2009-02-18,9901.757363129816
2009-02-19,9933.145095565622
2009-02-20,9748.340300483333
2009-02-23,9696.33824230756
2009-02-24,9555.744013152877
2009-02-25,9809.902403809027
2009-02-26,9806.450631170668
2009-02-27,9952.620817086432
2009-03-02,9574.393322667138
2009-03-03,9508.918789983756
2009-03-04,9590.319275279284
2009-03-05,9778.670948898614
2009-03-06,9436.971712818517
2009-03-09,9323.252370320992
2009-03-10,9283.226722191832
2009-03-11,9706.660873845263
2009-03-12,9473.435597158088
2009-03-13,9962.62639628737
2009-03-16,10141.045121885953
2009-03-17,10464.447139889313
2009-03-18,10495.713010704565
2009-03-19,10462.138797399333
2009-03-23,10818.035695254059
2009-03-24,11178.208987367952
2009-03-25,11168.261429400389
2009-03-26,11375.176833263513
2009-03-27,11363.860739478658
2009-03-30,10849.928949731922
2009-03-31,10684.16808318962
2009-04-01,11004.480802381984
2009-04-02,11490.21061813307
2009-04-03,11530.848247759155
2009-04-06,11674.333247254568
2009-04-07,11642.316417270724
2009-04-08,11329.83647355178
2009-04-09,11754.087879088029
2009-04-10,11818.486703890489
2009-04-13,11767.219475298152
2009-04-14,11660.467959244173
2009-04-15,11529.999290448563
2009-04-16,11547.249025680796
2009-04-17,11749.190241938099
2009-04-20,11772.886711742753
2009-04-21,11492.382706299879
2009-04-22,11514.476832209542
2009-04-23,11673.458035107487
2009-04-24,11491.04850486943
2009-04-27,11516.28891497203
2009-04-28,11210.361224364333
2009-04-30,11652.871097403642
2009-05-01,11850.745572268428
2009-05-07,12390.873578524684
2009-05-08,12454.203690240814
2009-05-11,12480.600263062102
2009-05-12,12279.181314640375
2009-05-13,12335.584661157005
2009-05-14,12010.769991668269
2009-05-15,12238.09489128358
2009-05-18,11940.202552526907
2009-05-19,12273.662004103833
2009-05-20,12346.56508294247
2009-05-21,12241.309905840795
2009-05-22,12191.734238228897
2009-05-25,12352.98597913761
2009-05-26,12306.253440336623
2009-05-27,12476.492139115438
2009-05-28,12494.287301058852
2009-05-29,12589.413733303687
2009-06-01,12795.8054608101
2009-06-02,12832.065763685714
2009-06-03,12882.615637930136
2009-06-04,12787.60185269624
2009-06-05,12919.750711099325
2009-06-08,13050.031865208088
2009-06-09,12946.938143056732
2009-06-10,13218.873038705326
2009-06-11,13206.607952645843
2009-06-12,13412.214039208426
2009-06-15,13286.167155892595
2009-06-16,12907.789007004221
2009-06-17,13025.376393026805
2009-06-18,12845.015602334937
2009-06-19,12955.430118661256
2009-06-22,13009.555971327096
2009-06-23,12644.3980119969
2009-06-24,12699.432780026213
2009-06-25,12973.054493905247
2009-06-26,13081.899455438215
2009-06-29,12958.664043017723
2009-06-30,13191.596533866783
2009-07-01,13168.24951929304
2009-07-02,13084.921883328932
2009-07-03,13006.480825175471
2009-07-06,12828.481218450406
2009-07-07,12785.785007838904
2009-07-08,12486.0117067146
2009-07-09,12315.220954079594
2009-07-10,12311.308675885386
2009-07-13,11998.274453348746
2009-07-14,12279.733035522338
2009-07-15,12290.693210042191
2009-07-16,12391.12565273857
2009-07-17,12460.078637661241
2009-07-21,12801.654119818848
2009-07-22,12897.15861910686
2009-07-23,12990.875459032255
2009-07-24,13193.169391385374
2009-07-27,13385.549638080895
2009-07-28,13384.884433367213
2009-07-29,13420.55417409277
2009-07-30,13490.7217163496
2009-07-31,13746.254689451744
2009-08-03,13741.691968321988
2009-08-04,13772.83862738191
2009-08-05,13611.45995967027
2009-08-06,13792.6606614355
2009-08-07,13825.75848241527
2009-08-10,13975.949509056101
2009-08-11,14058.474663322515
2009-08-12,13859.88500360848
2009-08-13,13970.2962537737
2009-08-14,14078.002718257305
2009-08-17,13642.531413603456
2009-08-18,13665.470783280478
2009-08-19,13559.108855550354
2009-08-20,13798.739366278134
2009-08-21,13606.97930834479
2009-08-24,14063.893543938
2009-08-25,13953.900516881822
2009-08-26,14144.383096104688
2009-08-27,13925.289746907449
2009-08-28,14006.53472396159
2009-08-31,13952.452947384954
2009-09-02,13671.67061008733
2009-09-03,13585.348867676212
2009-09-04,13549.942762600771
2009-09-07,13729.174537383014
2009-09-08,13826.568748914491
2009-09-09,13719.91276498393
2009-09-10,13989.287875318774
2009-09-11,13898.264179710708
2009-09-14,13577.084900946018
2009-09-15,13599.005061029982
2009-09-16,13670.961880185578
2009-09-17,13902.513688410269
2009-09-18,13806.222570930406
2009-09-24,14038.692130182324
2009-09-25,13669.45945123904
2009-09-28,13329.161913147735
2009-09-29,13451.115409760443
2009-09-30,13496.30679623282
2009-10-01,13291.593970226682
2009-10-02,12964.051136439897
2009-10-05,12888.762665303551
2009-10-06,12912.973969208517
2009-10-07,13057.765871274003
2009-10-08,13102.732306782924
2009-10-09,13349.013304558748
2009-10-13,13430.39966358372
2009-10-14,13409.80336087991
2009-10-15,13648.8727039779
2009-10-16,13675.298731525336
2009-10-19,13648.451605598186
2009-10-20,13783.451148540144
2009-10-21,13780.07859537274
2009-10-22,13692.991642846162
2009-10-23,13715.312949342502
2009-10-26,13822.754050828305
2009-10-27,13623.668721891965
2009-10-28,13441.558120639955
2009-10-29,13197.31834436141
2009-10-30,13390.165864398934
2009-11-02,13082.035492589806
2009-11-04,13138.400427898654
2009-11-05,12970.234359640697
2009-11-06,13067.378781388219
2009-11-09,13094.76316805059
2009-11-10,13178.359294805998
2009-11-11,13180.801226183738
2009-11-12,13092.255696473363
2009-11-13,13047.775920244298
2009-11-16,13076.812319758561
2009-11-17,12996.16679725466
2009-11-18,12926.353719289571
2009-11-19,12757.401990939847
2009-11-20,12689.345075872185
2009-11-24,12562.07099008914
2009-11-25,12616.72158850443
2009-11-26,12539.800836984601
2009-11-27,12137.661721498274
2009-11-30,12491.657532631249
2009-12-01,12795.748360195841
2009-12-02,12846.006088289998
2009-12-03,13340.142229149416
2009-12-04,13401.3944467781
2009-12-07,13596.501427606863
2009-12-08,13561.430870195985
2009-12-09,13381.07710384513
2009-12-10,13192.465652139424
2009-12-11,13521.448199522221
2009-12-14,13519.722867372893
2009-12-15,13491.2262942772
2009-12-16,13618.113439173478
2009-12-17,13601.11389253317
2009-12-18,13573.217825700302
2009-12-21,13629.86522067654
2009-12-22,13891.508937404486
2009-12-24,14105.447659269925
2009-12-25,14050.194606972907
2009-12-28,14238.251897878756
2009-12-29,14244.648152475616
2009-12-30,14123.226277380065
2010-01-04,14269.406329617832
2010-01-05,14306.706559702254
2010-01-06,14374.257295411677
2010-01-07,14308.653011342849
2010-01-08,14466.024522910237
2010-01-12,14575.401880836502
2010-01-13,14383.423098306901
2010-01-14,14615.859306660841
2010-01-15,14716.697117671856
2010-01-18,14547.588250723624
2010-01-19,14427.82878765033
2010-01-20,14392.224564467278
2010-01-21,14568.772954372496
2010-01-22,14197.388218324646
2010-01-25,14094.082924852622
2010-01-26,13843.87888978224
2010-01-27,13746.778261860509
2010-01-28,13965.342843304197
2010-01-29,13676.39518912514
2010-02-01,13686.795067368726
2010-02-02,13910.582505262406
2010-02-03,13956.2274028313
2010-02-04,13892.427329837981
2010-02-05,13492.494087487843
2010-02-08,13352.279908229671
2010-02-09,13327.907746380253
2010-02-10,13370.639713803921
2010-02-12,13543.700001293731
2010-02-15,13438.849914097382
2010-02-16,13467.990364294461
2010-02-17,13834.898956239142
2010-02-18,13874.692411378077
2010-02-19,13590.986748573569
2010-02-22,13963.774161508341
2010-02-23,13899.887965541828
2010-02-24,13695.13158166262
2010-02-25,13566.083679230125
2010-02-26,13599.441266214528
2010-03-01,13662.297396473852
2010-03-02,13730.201394281848
2010-03-03,13773.290371176807
2010-03-04,13630.026095882447
2010-03-05,13930.991252117854
2010-03-08,14223.563696864365
2010-03-09,14200.095011631041
2010-03-10,14196.160772870102
2010-03-11,14333.017657368968
2010-03-12,14450.110060258537
2010-03-15,14452.176676537603
2010-03-16,14412.5838043739
2010-03-17,14582.085643224396
2010-03-18,14444.782448489297
2010-03-19,14554.370892800325
2010-03-23,14487.478565559599
2010-03-24,14543.552670770392
2010-03-25,14563.242676047814
2010-03-26,14789.657227825479
2010-03-29,14777.464293248482
2010-03-30,14927.456083179086
2010-03-31,14918.905385832608
2010-04-01,15127.844214118679
2010-04-02,15185.085468877367
2010-04-05,15257.83699975898
2010-04-06,15182.320461208274
2010-04-07,15197.617771344056
2010-04-08,15031.035827880523
2010-04-09,15080.821111322057
2010-04-12,15145.987345838575
2010-04-13,15025.079629568716
2010-04-14,15085.013459153486
2010-04-15,15178.911882883225
2010-04-16,14948.993224921485
2010-04-19,14689.684054735046
2010-04-20,14679.905583732805
2010-04-21,14936.064355305361
2010-04-22,14747.340054568702
2010-04-23,14701.813959612748
2010-04-26,15041.499148301837
2010-04-27,15105.785768676431
2010-04-28,14719.083076803206
2010-04-30,14898.882281188608
2010-05-06,14412.604624549134
2010-05-07,13967.502718751071
2010-05-10,14192.43416661551
2010-05-11,14032.312142743087
2010-05-12,14010.370109571928
2010-05-13,14316.789057792113
2010-05-14,14104.818374464203
2010-05-17,13800.178433107836
2010-05-18,13810.503324993162
2010-05-19,13736.310106533561
2010-05-20,13526.26653951351
2010-05-21,13195.839187142963
2010-05-24,13161.586080319845
2010-05-25,12759.940843990602
2010-05-26,12845.58454273672
2010-05-27,13004.479931960224
2010-05-28,13171.765728964338
2010-05-31,13180.483871918075
2010-06-01,13104.747083287964
2010-06-02,12959.204919641306
2010-06-03,13379.836795046382
2010-06-04,13363.307699610923
2010-06-07,12850.883423284402
2010-06-08,12874.997454526589
2010-06-09,12742.583958992578
2010-06-10,12883.312770577222
2010-06-11,13103.83028922659
2010-06-14,13340.584628311071
2010-06-15,13352.455364695634
2010-06-16,13595.559220980473
2010-06-17,13505.089714305448
2010-06-18,13500.198609126877
2010-06-21,13829.45436682766
2010-06-22,13661.480606539108
2010-06-23,13406.923539421952
2010-06-24,13414.210813403659
2010-06-25,13157.339710526749
2010-06-28,13099.503356688267
2010-06-29,12933.909498415152
2010-06-30,12680.766686556464
2010-07-01,12423.517284745194
2010-07-02,12440.830992218403
2010-07-05,12527.036047536614
2010-07-06,12624.325653201957
2010-07-07,12546.340426341705
2010-07-08,12893.560431685242
2010-07-09,12961.583862409438
2010-07-12,12912.248306934303
2010-07-13,12898.514983757872
2010-07-14,13248.463766152458
2010-07-15,13101.071865695641
2010-07-16,12727.12661425572
2010-07-21,12552.858657150662
2010-07-22,12475.408560681766
2010-07-23,12760.606289111716
2010-07-26,12859.950640766354
2010-07-27,12851.711269508649
2010-07-28,13199.717027543486
2010-07-29,13123.233979343173
2010-07-30,12909.392960821531
2010-08-02,12955.058178867537
2010-08-03,13123.504666092726
2010-08-04,12847.403759720288
2010-08-05,13071.218074301256
2010-08-06,13056.233280847391
2010-08-09,12962.933445575223
2010-08-10,12934.881804339084
2010-08-11,12586.160314913936
2010-08-12,12478.405149408165
2010-08-13,12534.71580076106
2010-08-16,12458.734660309661
2010-08-17,12412.276354950121
2010-08-18,12520.06781765296
2010-08-19,12686.519444464155
2010-08-20,12439.091501980014
2010-08-23,12355.078888956543
2010-08-24,12191.277601273985
2010-08-25,11989.229529980945
2010-08-26,12072.950537363211
2010-08-27,12188.525552057006
2010-08-30,12403.92840460826
2010-08-31,11963.95358389233
2010-09-01,12104.4697278207
2010-09-02,12289.567083383503
2010-09-03,12360.057413009832
2010-09-06,12614.872659421437
2010-09-07,12513.67052471262
2010-09-08,12241.431431262057
2010-09-09,12342.461722115213
2010-09-10,12534.39010513597
2010-09-13,12647.479242372543
2010-09-14,12617.896161597491
2010-09-16,12904.076289397397
2010-09-17,13063.277288391746
2010-09-21,13031.725488624945
2010-09-22,12984.138645076084
2010-09-24,12856.648672495136
2010-09-27,13036.093338082686
2010-09-28,12891.306414530889
2010-09-29,12978.662184681662
2010-09-30,12721.62671670044
2010-10-01,12769.957825441985
2010-10-04,12739.46202225466
2010-10-05,12927.440765623105
2010-10-06,13162.944042181342
2010-10-07,13154.951979142244
2010-10-08,13025.63952653531
2010-10-12,12754.599992268824
2010-10-13,12775.77186037231
2010-10-14,13021.312247360756
2010-10-15,12909.166225178606
2010-10-18,12907.755643988741
2010-10-19,12964.402178160148
2010-10-20,12750.84715336822
2010-10-21,12744.857811993319
2010-10-22,12814.105104387918
2010-10-25,12780.345180320399
2010-10-26,12748.98581262177
2010-10-27,12763.075607930296
2010-10-28,12735.490501104967
2010-10-29,12514.012668092299
2010-11-01,12450.051932519975
2010-11-02,12458.152804053863
2010-11-04,12729.500200315804
2010-11-05,13093.945035763725
2010-11-08,13240.404176334328
2010-11-09,13189.127463117724
2010-11-10,13375.208287042777
2010-11-11,13418.324636279569
2010-11-12,13233.392090983429
2010-11-15,13374.161220995722
2010-11-16,13333.789335959738
2010-11-17,13354.62072589472
2010-11-18,13630.55664804203
2010-11-19,13643.516971896686
2010-11-22,13770.893231487502
2010-11-24,13656.102083090187
2010-11-25,13724.742987804282
2010-11-26,13671.04445419271
2010-11-29,13789.786246331589
2010-11-30,13533.49806986282
2010-12-01,13604.00304402622
2010-12-02,13850.860136532381
2010-12-03,13865.26346305022
2010-12-06,13851.208797012436
2010-12-07,13816.659404769036
2010-12-08,13942.014826636674
2010-12-09,14016.043698907479
2010-12-10,13916.360742099401
2010-12-13,14029.089757860289
2010-12-14,14061.340015131305
2010-12-15,14052.881567149721
2010-12-16,14056.00733851998
2010-12-17,14046.905342081922
2010-12-20,13928.786560729179
2010-12-21,14139.984145347302
2010-12-22,14108.2646146236
2010-12-24,14017.574138697475
2010-12-27,14123.37783675578
2010-12-28,14038.034233573448
2010-12-29,14109.906034015492
2010-12-30,13953.260774387245
2011-01-04,14185.183150464269
2011-01-05,14162.683994545836
2011-01-06,14367.11343377206
2011-01-07,14383.665095743754
2011-01-11,14343.394474446714
2011-01-12,14347.445294748228
2011-01-13,14453.643318129773
2011-01-14,14330.978977608273
2011-01-17,14337.35041632231
2011-01-18,14360.514486060245
2011-01-19,14413.717695754392
2011-01-20,14251.316959138901
2011-01-21,14030.172099262933
2011-01-24,14127.705907206759
2011-01-25,14291.793050374352
2011-01-26,14207.553247921667
2011-01-27,14313.551310226765
2011-01-28,14153.07105395527
2011-01-31,13986.963952761243
2011-02-01,14038.072003591902
2011-02-02,14289.067398272638
2011-02-03,14254.690794059612
2011-02-04,14409.121439549152
2011-02-07,14476.59918927777
2011-02-08,14537.827438813525
2011-02-09,14514.189570161072
2011-02-10,14498.710185897364
2011-02-14,14663.79134889263
2011-02-15,14693.865349402817
2011-02-16,14779.310659789931
2011-02-17,14819.271731494715
2011-02-18,14828.892288276118
2011-02-21,14850.236227023579
2011-02-22,14587.672551657815
2011-02-23,14471.751724855047
2011-02-24,14300.009916179843
2011-02-25,14402.477070496807
2011-02-28,14536.814786970843
2011-03-01,14715.798042695546
2011-03-02,14358.914590065371
2011-03-03,14488.230238774611
2011-03-04,14636.730215373058
2011-03-07,14379.692395166532
2011-03-08,14408.465657230248
2011-03-09,14497.672005636025
2011-03-10,14286.455777327912
2011-03-11,14041.205989481814
2011-03-14,13174.227051193382
2011-03-15,11784.779135307861
2011-03-16,12454.881203076204
2011-03-17,12276.38412550442
2011-03-18,12611.724026325268
2011-03-22,13162.870932779178
2011-03-23,12946.298911321497
2011-03-24,12927.531000398281
2011-03-25,13067.13666540827
2011-03-28,12989.257282102119
2011-03-29,12963.64893558215
2011-03-30,13306.949553221137
2011-03-31,13371.50070165996
2011-04-01,13308.548250545602
2011-04-04,13324.016991164992
2011-04-05,13183.407924674786
2011-04-06,13141.719308011623
2011-04-07,13151.774670592618
2011-04-08,13395.776885009289
2011-04-11,13330.505099386539
2011-04-12,13106.033569831066
2011-04-13,13224.948724090045
2011-04-14,13243.493224441596
2011-04-15,13158.952490750273
2011-04-18,13112.17219283984
2011-04-19,12954.581195744211
2011-04-20,13183.134916099883
2011-04-21,13292.546916106434
2011-04-22,13288.734019164332
2011-04-25,13275.737133177687
2011-04-26,13121.321992586913
2011-04-27,13305.171201549594
2011-04-28,13523.031422212527
2011-05-02,13736.202854674226
2011-05-06,13538.20384632557
2011-05-09,13450.28076771566
2011-05-10,13484.848817589513
2011-05-11,13548.430560618728
2011-05-12,13346.767897851083
2011-05-13,13254.59633897382
2011-05-16,13131.376796708595
2011-05-17,13144.416664036886
2011-05-18,13276.09437917317
2011-05-19,13220.468443442656
2011-05-20,13202.652511685112
2011-05-23,13002.440543619849
2011-05-24,13026.223740099485
2011-05-25,12952.647985645426
2011-05-26,13145.010916171246
2011-05-27,13090.928525303078
2011-05-30,13068.651334510152
2011-05-31,13329.259262687961
2011-06-01,13365.923526317934
2011-06-02,13140.674874942099
2011-06-03,13055.320462624728
2011-06-06,12902.511880243626
2011-06-07,12989.665977851098
2011-06-08,12999.669632556712
2011-06-09,13025.057354027076
2011-06-10,13091.175991261354
2011-06-13,13001.096672576488
2011-06-14,13139.182768210238
2011-06-15,13176.755528254993
2011-06-16,12953.415147271946
2011-06-17,12872.036763012145
2011-06-20,12877.094953846641
2011-06-21,13023.155835074473
2011-06-22,13257.947995841787
2011-06-23,13214.0068036987
2011-06-24,13327.94844640013
2011-06-27,13190.757601601334
2011-06-28,13289.15416168249
2011-06-29,13494.462077225495
2011-06-30,13521.489044100661
2011-07-01,13594.188042415422
2011-07-04,13728.949204331544
2011-07-05,13740.211657523882
2011-07-06,13892.920568432814
2011-07-07,13878.413507741489
2011-07-08,13971.30544601308
2011-07-11,13878.435161196498
2011-07-12,13681.606576824863
2011-07-13,13734.017302308574
2011-07-14,13697.876535184838
2011-07-15,13751.854629182793
2011-07-19,13636.109562198448
2011-07-20,13797.414613310331
2011-07-21,13804.718790071423
2011-07-22,13973.703848175703
2011-07-25,13861.593196841432
2011-07-26,13928.521520004044
2011-07-27,13859.941044061003
2011-07-28,13659.858054431908
2011-07-29,13566.699611194605
2011-08-01,13749.902017183838
2011-08-02,13584.84048878327
2011-08-03,13299.646896115159
2011-08-04,13331.138655549863
2011-08-05,12836.285896379055
2011-08-08,12558.04375690438
2011-08-09,12347.733452057408
2011-08-10,12478.864614082475
2011-08-11,12401.447523604082
2011-08-12,12377.288675704813
2011-08-15,12547.714540614836
2011-08-16,12577.755902341114
2011-08-17,12509.478371070738
2011-08-18,12353.714036035148
2011-08-19,12044.564570540002
2011-08-22,11919.668478474969
2011-08-23,12065.53239705503
2011-08-24,11937.454857931587
2011-08-25,12121.855184615115
2011-08-26,12157.961982319557
2011-08-29,12232.978332242397
2011-08-30,12375.706815272299
2011-08-31,12378.502092883156
2011-09-01,12525.479836276205
2011-09-02,12374.333954574568
2011-09-05,12145.43261031154
2011-09-06,11878.318323016872
2011-09-07,12118.28447299813
2011-09-08,12160.3493642831
2011-09-09,12084.626648421905
2011-09-12,11806.21648925392
2011-09-13,11919.048162172492
2011-09-14,11784.466504188014
2011-09-15,11993.343228341384
2011-09-16,12264.529489561448
2011-09-20,12067.757906091874
2011-09-21,12096.297480712547
2011-09-22,11846.917576094282
2011-09-26,11590.259440993244
2011-09-27,11917.609366509634
2011-09-28,11926.461658708487
2011-09-29,12045.900247741405
2011-09-30,12045.570205646189
2011-10-03,11832.190687305107
2011-10-04,11709.405862929287
2011-10-05,11609.0641814741
2011-10-06,11802.562936829045
2011-10-07,11919.307182133552
2011-10-11,12153.060459423887
2011-10-12,12105.861875634542
2011-10-13,12223.696320361945
2011-10-14,12120.367707032023
2011-10-17,12303.74819147848
2011-10-18,12113.940368174619
2011-10-19,12157.366061821052
2011-10-20,12033.071042122463
2011-10-21,12029.522384671458
2011-10-24,12259.338447144677
2011-10-25,12147.108049387338
2011-10-26,12128.90060621812
2011-10-27,12376.77634154358
2011-10-28,12549.61918658717
2011-10-31,12464.543002672457
2011-11-01,12253.540835866474
2011-11-02,11983.93383665849
2011-11-04,12208.192625461079
2011-11-07,12161.582602007467
2011-11-08,12007.769131106565
2011-11-09,12147.382809832292
2011-11-10,11795.043608026815
2011-11-11,11814.964193970653
2011-11-14,11939.74673121664
2011-11-15,11854.981485753839
2011-11-16,11746.608356686376
2011-11-17,11770.417514656143
2011-11-18,11625.996024730375
2011-11-21,11589.94880029087
2011-11-22,11544.331329866814
2011-11-24,11337.594276306594
2011-11-25,11331.329261067174
2011-11-28,11509.282557135775
2011-11-29,11774.554166684144
2011-11-30,11715.48657982956
2011-12-01,11942.533412607154
2011-12-02,12007.9145148245
2011-12-05,12081.447959341487
2011-12-06,11914.551908798745
2011-12-07,12119.788991996307
2011-12-08,12040.73718938601
2011-12-09,11863.652218997768
2011-12-12,12027.725678480549
2011-12-13,11888.292596245685
2011-12-14,11842.433764436451
2011-12-15,11646.313325066587
2011-12-16,11681.106897025753
2011-12-19,11535.22
2011-12-20,11591.34
2011-12-21,11763.06
2011-12-22,11672.93
2011-12-26,11789.98
2011-12-27,11736.06
2011-12-28,11729.72
2011-12-29,11695.28
2011-12-30,11773.9
2012-01-04,11919.78
2012-01-05,11820.36
2012-01-06,11683.4
2012-01-10,11727.83
2012-01-11,11763.51
2012-01-12,11676.77
2012-01-13,11836.11
2012-01-16,11666.7
2012-01-17,11789.29
2012-01-18,11906.51
2012-01-19,12030.58
2012-01-20,12206.98
2012-01-23,12206.34
2012-01-24,12233.4
2012-01-25,12370.36
2012-01-26,12322.71
2012-01-27,12311.78
2012-01-30,12244.7
2012-01-31,12257.87
2012-02-01,12268.01
2012-02-02,12361.35
2012-02-03,12298.84
2012-02-06,12434.29
2012-02-07,12418.03
2012-02-08,12554.6
2012-02-09,12536.01
2012-02-10,12459.32
2012-02-13,12531.75
2012-02-14,12605.4
2012-02-15,12895.43
2012-02-16,12865.02
2012-02-17,13068.44
2012-02-20,13208.98
2012-02-21,13178.25
2012-02-22,13304.95
2012-02-23,13362.84
2012-02-24,13434.99
2012-02-27,13426.36
2012-02-28,13549.82
2012-02-29,13550.82
2012-03-01,13528.7
2012-03-02,13625.78
2012-03-05,13516.46
2012-03-06,13431.5
2012-03-07,13345.69
2012-03-08,13614.53
2012-03-09,13838.6
2012-03-12,13783.02
2012-03-13,13795.87
2012-03-14,14006.92
2012-03-15,14108.6
2012-03-16,14117.73
2012-03-19,14134.68
2012-03-21,14057.33
2012-03-22,14113.9
2012-03-23,13952.78
2012-03-26,13962.22
2012-03-27,14292.4
2012-03-28,14314.53
2012-03-29,14219.25
2012-03-30,14175.35
2012-04-02,14212.34
2012-04-03,14128.72
2012-04-04,13804.83
2012-04-05,13731.19
2012-04-06,13619.91
2012-04-09,13420.02
2012-04-10,13408.44
2012-04-11,13296.99
2012-04-12,13389.84
2012-04-13,13549.82
2012-04-16,13314.55
2012-04-17,13306.21
2012-04-18,13590.97
2012-04-19,13480.07
2012-04-20,13442.08
2012-04-23,13415.1
2012-04-24,13310.88
2012-04-25,13441.58
2012-04-26,13442.73
2012-04-27,13385.17
2012-05-01,13146.26
2012-05-02,13187.45
2012-05-07,12820.36
2012-05-08,12908.24
2012-05-09,12716.21
2012-05-10,12666.43
2012-05-11,12587.22
2012-05-14,12616.08
2012-05-15,12513.31
2012-05-16,12373.33
2012-05-17,12479.36
2012-05-18,12106.41
2012-05-21,12138.15
2012-05-22,12272.27
2012-05-23,12029.49
2012-05-24,12039.02
2012-05-25,12062.99
2012-05-28,12080.93
2012-05-29,12171.37
2012-05-30,12137.78
2012-05-31,12010.6
2012-06-01,11866.52
2012-06-04,11663.19
2012-06-05,11784.62
2012-06-06,11997.66
2012-06-07,12146.96
2012-06-08,11893.24
2012-06-11,12126.12
2012-06-12,12002.14
2012-06-13,12074.01
2012-06-14,12047.37
2012-06-15,12047.97
2012-06-18,12261.25
2012-06-19,12169.65
2012-06-20,12305.35
2012-06-21,12406.8
2012-06-22,12370.81
2012-06-25,12287.71
2012-06-26,12188.46
2012-06-27,12295.47
2012-06-28,12497.74
2012-06-29,12683.56
2012-07-02,12678.91
2012-07-03,12767.78
2012-07-04,12820.7
2012-07-05,12786.38
2012-07-06,12703.22
2012-07-09,12528.78
2012-07-10,12473.65
2012-07-11,12464.17
2012-07-12,12279.71
2012-07-13,12285.5
2012-07-17,12328.99
2012-07-18,12289.19
2012-07-19,12386.09
2012-07-20,12209.1
2012-07-23,11981.6
2012-07-24,11953.11
2012-07-25,11781.04
2012-07-26,11889.75
2012-07-27,12064.4
2012-07-30,12161.29
2012-07-31,12245.25
2012-08-01,12170.31
2012-08-02,12186.27
2012-08-03,12048.16
2012-08-06,12289.23
2012-08-07,12397.7
2012-08-08,12507.34
2012-08-09,12644.56
2012-08-10,12521.81
2012-08-13,12513.06
2012-08-14,12576.05
2012-08-15,12569.23
2012-08-16,12806.05
2012-08-17,12904.27
2012-08-20,12916.47
2012-08-21,12896.41
2012-08-22,12860.95
2012-08-23,12926.27
2012-08-24,12775.07
2012-08-27,12795.67
2012-08-28,12722.29
2012-08-29,12784.02
2012-08-30,12662.76
2012-08-31,12459.97
2012-09-03,12381.01
2012-09-04,12369.2
2012-09-05,12234.32
2012-09-06,12235.38
2012-09-07,12504.71
2012-09-10,12501.5
2012-09-11,12414.12
2012-09-12,12629.18
2012-09-13,12678.78
2012-09-14,12910.28
2012-09-18,12860.36
2012-09-19,13013.21
2012-09-20,12808.5
2012-09-21,12840.95
2012-09-24,12783.57
2012-09-25,12814.93
2012-09-26,12658.58
2012-09-27,12719.94
2012-09-28,12606.65
2012-10-01,12501.98
2012-10-02,12487.11
2012-10-03,12431.43
2012-10-04,12541.89
2012-10-05,12596.91
2012-10-09,12463.73
2012-10-10,12217.37
2012-10-11,12147.09
2012-10-12,12129.1
2012-10-15,12191.36
2012-10-16,12366.71
2012-10-17,12516.28
2012-10-18,12766.86
2012-10-19,12795.03
2012-10-22,12806.44
2012-10-23,12811.47
2012-10-24,12726.27
2012-10-25,12869.67
2012-10-26,12695.55
2012-10-29,12690.26
2012-10-30,12565.99
2012-10-31,12688.71
2012-11-01,12714.46
2012-11-02,12862.75
2012-11-05,12799.68
2012-11-06,12753.77
2012-11-07,12750.7
2012-11-08,12557.81
2012-11-09,12444.77
2012-11-12,12329.5
2012-11-13,12307.63
2012-11-14,12312.86
2012-11-15,12547.32
2012-11-16,12823.63
2012-11-19,13007.0
2012-11-20,12991.99
2012-11-21,13105.5
2012-11-22,13310.53
2012-11-26,13341.99
2012-11-27,13390.82
2012-11-28,13228.04
2012-11-29,13359.53
2012-11-30,13423.66
2012-12-03,13440.95
2012-12-04,13404.4
2012-12-05,13456.1
2012-12-06,13564.56
2012-12-07,13539.31
2012-12-10,13548.35
2012-12-11,13536.37
2012-12-12,13616.15
2012-12-13,13845.33
2012-12-14,13837.98
2012-12-17,13967.75
2012-12-18,14101.52
2012-12-19,14438.87
2012-12-20,14266.82
2012-12-21,14125.75
2012-12-25,14324.79
2012-12-26,14558.97
2012-12-27,14690.78
2012-12-28,14793.53
2013-01-04,15210.4
2013-01-07,15083.6
2013-01-08,14954.17
2013-01-09,15054.51
2013-01-10,15159.92
2013-01-11,15371.86
2013-01-15,15482.17
2013-01-16,15085.63
2013-01-17,15098.72
2013-01-18,15530.86
2013-01-21,15295.25
2013-01-22,15241.44
2013-01-23,14924.17
2013-01-24,15114.7
2013-01-25,15549.86
2013-01-28,15404.22
2013-01-29,15465.6
2013-01-30,15817.46
2013-01-31,15852.63
2013-02-01,15927.6
2013-02-04,16025.82
2013-02-05,15722.06
2013-02-06,16315.3
2013-02-07,16163.47
2013-02-08,15873.26
2013-02-12,16180.62
2013-02-13,16013.09
2013-02-14,16092.6
2013-02-15,15902.67
2013-02-18,16236.5
2013-02-19,16185.93
2013-02-20,16322.48
2013-02-21,16095.97
2013-02-22,16205.29
2013-02-25,16598.94
2013-02-26,16234.81
2013-02-27,16028.52
2013-02-28,16463.47
2013-03-01,16530.44
2013-03-04,16595.83
2013-03-05,16640.21
2013-03-06,16994.59
2013-03-07,17045.59
2013-03-08,17495.0
2013-03-11,17588.19
2013-03-12,17539.42
2013-03-13,17432.39
2013-03-14,17633.96
2013-03-15,17890.27
2013-03-18,17405.56
2013-03-19,17758.21
2013-03-21,17996.72
2013-03-22,17573.48
2013-03-25,17869.63
2013-03-26,17763.04
2013-03-27,17921.93
2013-03-28,17695.53
2013-03-29,17784.57
2013-04-01,17407.46
2013-04-02,17218.7
2013-04-03,17733.35
2013-04-04,18124.02
2013-04-05,18409.63
2013-04-08,18924.54
2013-04-09,18924.2
2013-04-10,19061.59
2013-04-11,19436.03
2013-04-12,19344.19
2013-04-15,19043.69
2013-04-16,18965.91
2013-04-17,19197.51
2013-04-18,18963.95
2013-04-19,19102.25
2013-04-22,19463.58
2013-04-23,19408.04
2013-04-24,19858.19
2013-04-25,19976.71
2013-04-26,19916.72
2013-04-30,19883.34
2013-05-01,19795.1
2013-05-02,19644.03
2013-05-07,20341.48
2013-05-08,20492.75
2013-05-09,20357.61
2013-05-10,20954.45
2013-05-13,21205.01
2013-05-14,21170.88
2013-05-15,21655.18
2013-05-16,21570.85
2013-05-17,21715.56
2013-05-20,22035.01
2013-05-21,22064.0
2013-05-22,22417.23
2013-05-23,20777.2
2013-05-24,20961.49
2013-05-27,20287.56
2013-05-28,20530.46
2013-05-29,20551.23
2013-05-30,19493.39
2013-05-31,19759.5
2013-06-03,19024.01
2013-06-04,19414.11
2013-06-05,18669.76
2013-06-06,18510.75
2013-06-07,18472.75
2013-06-10,19386.05
2013-06-11,19104.06
2013-06-12,19063.46
2013-06-13,17852.83
2013-06-14,18198.74
2013-06-17,18697.66
2013-06-18,18660.59
2013-06-19,19001.95
2013-06-20,18672.27
2013-06-21,18981.55
2013-06-24,18742.68
2013-06-25,18608.96
2013-06-26,18433.05
2013-06-27,18979.87
2013-06-28,19646.04
2013-07-01,19897.67
2013-07-02,20251.37
2013-07-03,20189.35
2013-07-04,20136.73
2013-07-05,20554.78
2013-07-08,20266.6
2013-07-09,20788.82
2013-07-10,20707.95
2013-07-11,20788.36
2013-07-12,20836.72
2013-07-16,20970.12
2013-07-17,20992.99
2013-07-18,21270.88
2013-07-19,20956.9
2013-07-22,21054.76
2013-07-23,21227.8
2013-07-24,21159.96
2013-07-25,20918.57
2013-07-26,20296.67
2013-07-29,19624.24
2013-07-30,19924.02
2013-07-31,19634.56
2013-08-01,20119.48
2013-08-02,20780.84
2013-08-05,20481.87
2013-08-06,20687.32
2013-08-07,19860.23
2013-08-08,19545.08
2013-08-09,19558.91
2013-08-12,19421.35
2013-08-13,19920.65
2013-08-14,20183.77
2013-08-15,19756.8
2013-08-16,19609.77
2013-08-19,19764.95
2013-08-20,19245.26
2013-08-21,19285.41
2013-08-22,19200.42
2013-08-23,19624.76
2013-08-26,19589.89
2013-08-27,19454.98
2013-08-28,19173.35
2013-08-29,19347.64
2013-08-30,19245.8
2013-09-02,19510.38
2013-09-03,20093.29
2013-09-04,20201.72
2013-09-05,20217.46
2013-09-06,19924.32
2013-09-09,20419.41
2013-09-10,20732.96
2013-09-11,20735.42
2013-09-12,20681.08
2013-09-13,20706.09
2013-09-17,20572.41
2013-09-18,20851.18
2013-09-19,21226.1
2013-09-20,21191.95
2013-09-24,21177.85
2013-09-25,21016.74
2013-09-26,21388.49
2013-09-27,21332.05
2013-09-30,20892.3
2013-10-01,20934.1
2013-10-02,20479.96
2013-10-03,20460.82
2013-10-04,20268.69
2013-10-07,20021.57
2013-10-08,20081.24
2013-10-09,20288.24
2013-10-10,20514.96
2013-10-11,20818.51
2013-10-15,20871.7
2013-10-16,20908.7
2013-10-17,21081.22
2013-10-18,21045.13
2013-10-21,21235.95
2013-10-22,21264.39
2013-10-23,20849.31
2013-10-24,20936.55
2013-10-25,20361.08
2013-10-28,20806.0
2013-10-29,20704.8
2013-10-30,20961.18
2013-10-31,20709.09
2013-11-01,20527.8
2013-11-05,20562.32
2013-11-06,20724.13
2013-11-07,20567.05
2013-11-08,20362.31
2013-11-11,20627.01
2013-11-12,21087.89
2013-11-13,21056.78
2013-11-14,21503.8
2013-11-15,21922.29
2013-11-18,21919.95
2013-11-19,21865.4
2013-11-20,21792.43
2013-11-21,22210.93
2013-11-22,22234.81
2013-11-25,22577.99
2013-11-26,22427.81
2013-11-27,22332.97
2013-11-28,22734.09
2013-11-29,22639.77
2013-12-02,22629.94
2013-12-03,22766.67
2013-12-04,22272.7
2013-12-05,21939.58
2013-12-06,22116.47
2013-12-09,22622.91
2013-12-10,22566.68
2013-12-11,22427.55
2013-12-12,22177.13
2013-12-13,22265.73
2013-12-16,21904.06
2013-12-17,22085.79
2013-12-18,22532.71
2013-12-19,22925.06
2013-12-20,22941.25
2013-12-24,22968.59
2013-12-25,23143.01
2013-12-26,23403.91
2013-12-27,23410.42
2013-12-30,23573.02
2014-01-06,23019.66
2014-01-07,22882.91
2014-01-08,23327.25
2014-01-09,22978.36
2014-01-10,23024.27
2014-01-14,22315.75
2014-01-15,22874.76
2014-01-16,22785.73
2014-01-17,22767.3
2014-01-20,22633.05
2014-01-21,22856.29
2014-01-22,22892.46
2014-01-23,22711.49
2014-01-24,22271.13
2014-01-27,21712.85
2014-01-28,21675.85
2014-01-29,22261.66
2014-01-30,21716.33
2014-01-31,21582.43
2014-02-03,21155.2
2014-02-04,20271.52
2014-02-05,20520.29
2014-02-06,20483.74
2014-02-07,20928.42
2014-02-10,21298.77
2014-02-12,21417.03
2014-02-13,21033.09
2014-02-14,20712.26
2014-02-17,20828.14
2014-02-18,21479.52
2014-02-19,21368.51
2014-02-20,20909.28
2014-02-21,21511.98
2014-02-24,21471.48
2014-02-25,21781.04
2014-02-26,21676.94
2014-02-27,21607.64
2014-02-28,21488.85
2014-03-03,21215.42
2014-03-04,21315.69
2014-03-05,21570.74
2014-03-06,21914.07
2014-03-07,22115.8
2014-03-10,21892.92
2014-03-11,22043.46
2014-03-12,21473.38
2014-03-13,21452.52
2014-03-14,20745.47
2014-03-17,20673.09
2014-03-18,20866.88
2014-03-19,20941.09
2014-03-20,20596.06
2014-03-24,20959.6
2014-03-25,20884.15
2014-03-26,20962.47
2014-03-27,21326.53
2014-03-28,21433.2
2014-03-31,21625.48
2014-04-01,21573.21
2014-04-02,21798.29
2014-04-03,21981.41
2014-04-04,21969.58
2014-04-07,21597.79
2014-04-08,21303.23
2014-04-09,20855.21
2014-04-10,20855.84
2014-04-11,20359.87
2014-04-14,20287.11
2014-04-15,20413.48
2014-04-16,21027.29
2014-04-17,21027.07
2014-04-18,21171.08
2014-04-21,21165.41
2014-04-22,20985.13
2014-04-23,21214.83
2014-04-24,21008.78
2014-04-25,21044.18
2014-04-28,20838.5
2014-04-30,20861.66
2014-05-01,21125.67
2014-05-02,21085.39
2014-05-07,20466.92
2014-05-08,20657.0
2014-05-09,20709.23
2014-05-12,20636.21
2014-05-13,21038.62
2014-05-14,21009.92
2014-05-15,20853.06
2014-05-16,20559.01
2014-05-19,20427.53
2014-05-20,20527.89
2014-05-21,20479.64
2014-05-22,20910.78
2014-05-23,21092.24
2014-05-26,21296.93
2014-05-27,21346.52
2014-05-28,21396.73
2014-05-29,21412.44
2014-05-30,21340.48
2014-06-02,21783.18
2014-06-03,21926.59
2014-06-04,21975.75
2014-06-05,21992.39
2014-06-06,21989.28
2014-06-09,22057.48
2014-06-10,21869.05
2014-06-11,21977.97
2014-06-12,21838.03
2014-06-13,22019.33
2014-06-16,21779.58
2014-06-17,21841.83
2014-06-18,22045.77
2014-06-19,22403.62
2014-06-20,22387.12
2014-06-23,22417.46
2014-06-24,22428.06
2014-06-25,22269.61
2014-06-26,22351.25
2014-06-27,22040.55
2014-06-30,22141.62
2014-07-01,22381.26
2014-07-02,22445.18
2014-07-03,22413.52
2014-07-04,22543.26
2014-07-07,22459.01
2014-07-08,22364.04
2014-07-09,22346.87
2014-07-10,22221.02
2014-07-11,22144.46
2014-07-14,22338.36
2014-07-15,22481.97
2014-07-16,22458.81
2014-07-17,22445.61
2014-07-18,22219.92
2014-07-22,22406.21
2014-07-23,22384.71
2014-07-24,22320.25
2014-07-25,22573.54
2014-07-28,22678.0
2014-07-29,22808.92
2014-07-30,22850.05
2014-07-31,22812.87
2014-08-01,22670.25
2014-08-04,22599.26
2014-08-05,22374.08
2014-08-06,22139.71
2014-08-07,22245.71
2014-08-08,21582.68
2014-08-11,22097.08
2014-08-12,22142.05
2014-08-13,22218.46
2014-08-14,22365.88
2014-08-15,22371.39
2014-08-18,22377.61
2014-08-19,22563.36
2014-08-20,22570.17
2014-08-21,22762.58
2014-08-22,22693.93
2014-08-25,22802.09
2014-08-26,22667.69
2014-08-27,22700.39
2014-08-28,22590.85
2014-08-29,22539.31
2014-09-01,22615.31
2014-09-02,22895.87
2014-09-03,22983.18
2014-09-04,22906.95
2014-09-05,22895.99
2014-09-08,22949.22
2014-09-09,23013.57
2014-09-10,23071.48
2014-09-11,23247.44
2014-09-12,23304.56
2014-09-16,23250.84
2014-09-17,23217.83
2014-09-18,23479.25
2014-09-19,23849.83
2014-09-22,23681.39
2014-09-24,23625.2
2014-09-25,23927.23
2014-09-26,23853.46
2014-09-29,23972.18
2014-09-30,23770.65
2014-10-01,23636.51
2014-10-02,23018.84
2014-10-03,23087.42
2014-10-06,23355.23
2014-10-07,23197.79
2014-10-08,22921.7
2014-10-09,22749.67
2014-10-10,22487.5
2014-10-14,21952.46
2014-10-15,22153.83
2014-10-16,21661.27
2014-10-17,21358.7
2014-10-20,22209.26
2014-10-21,21758.19
2014-10-22,22333.57
2014-10-23,22250.08
2014-10-24,22474.48
2014-10-27,22617.94
2014-10-28,22531.5
2014-10-29,22860.61
2014-10-30,23014.44
2014-10-31,24125.54
2014-11-04,24785.58
2014-11-05,24895.57
2014-11-06,24683.48
2014-11-07,24812.8
2014-11-10,24666.03
2014-11-11,25171.49
2014-11-12,25278.71
2014-11-13,25566.61
2014-11-14,25710.72
2014-11-17,24950.74
2014-11-18,25495.01
2014-11-19,25413.71
2014-11-20,25431.58
2014-11-21,25514.85
2014-11-25,25588.51
2014-11-26,25553.17
2014-11-27,25354.61
2014-11-28,25665.29
2014-12-01,25856.75
2014-12-02,25964.23
2014-12-03,26048.33
2014-12-04,26293.49
2014-12-05,26342.35
2014-12-08,26364.68
2014-12-09,26184.96
2014-12-10,25595.8
2014-12-11,25367.69
2014-12-12,25535.53
2014-12-15,25135.44
2014-12-16,24629.66
2014-12-17,24724.34
2014-12-18,25298.1
2014-12-19,25902.77
2014-12-22,25922.97
2014-12-24,26245.02
2014-12-25,26178.17
2014-12-26,26224.97
2014-12-29,26093.81
2014-12-30,25683.09
2015-01-01,25683.09
2015-01-05,25621.19
2015-01-06,24847.76
2015-01-07,24850.91
2015-01-08,25265.6
2015-01-09,25310.68
2015-01-13,25148.76
2015-01-14,24719.38
2015-01-15,25179.65
2015-01-16,24819.75
2015-01-19,25040.7
2015-01-20,25558.77
2015-01-21,25432.46
2015-01-22,25503.9
2015-01-23,25772.83
2015-01-26,25709.21
2015-01-27,26150.41
2015-01-28,26192.58
2015-01-29,25913.65
2015-01-30,26013.99
2015-02-02,25844.18
2015-02-03,25517.13
2015-02-04,26021.84
2015-02-05,25765.55
2015-02-06,25977.33
2015-02-09,26070.69
2015-02-10,25983.48
2015-02-12,26464.86
2015-02-13,26367.18
2015-02-16,26501.73
2015-02-17,26475.71
2015-02-18,26787.88
2015-02-19,26884.47
2015-02-20,26983.84
2015-02-23,27181.99
2015-02-24,27383.0
2015-02-25,27369.59
2015-02-26,27664.99
2015-02-27,27682.88
2015-03-02,27725.5
2015-03-03,27708.24
2015-03-04,27543.95
2015-03-05,27614.99
2015-03-06,27937.74
2015-03-09,27672.0
2015-03-10,27487.27
2015-03-11,27573.29
2015-03-12,27967.36
2015-03-13,28354.87
2015-03-16,28342.81
2015-03-17,28624.0
2015-03-18,28782.97
2015-03-19,28682.94
2015-03-20,28806.15
2015-03-23,29092.06
2015-03-24,29031.81
2015-03-25,29081.2
2015-03-26,28676.21
2015-03-27,28568.63
2015-03-30,28754.94
2015-03-31,28452.14
2015-04-01,28197.13
2015-04-02,28608.87
2015-04-03,28790.02
2015-04-06,28735.06
2015-04-07,29094.37
2015-04-08,29315.49
2015-04-09,29534.6
2015-04-10,29490.9
2015-04-13,29487.69
2015-04-14,29492.46
2015-04-15,29434.8
2015-04-16,29458.52
2015-04-17,29113.52
2015-04-20,29086.28
2015-04-21,29493.07
2015-04-22,29826.1
2015-04-23,29905.72
2015-04-24,29657.42
2015-04-27,29603.02
2015-04-28,29715.06
2015-04-30,28916.68
2015-05-01,28933.89
2015-05-07,28578.89
2015-05-08,28708.07
2015-05-11,29066.15
2015-05-12,29071.97
2015-05-13,29279.19
2015-05-14,28991.09
2015-05-15,29232.08
2015-05-18,29465.18
2015-05-19,29666.81
2015-05-20,29918.91
2015-05-21,29928.26
2015-05-22,30019.42
2015-05-25,30240.68
2015-05-26,30275.8
2015-05-27,30327.8
2015-05-28,30444.65
2015-05-29,30462.0
2015-06-01,30471.95
2015-06-02,30432.43
2015-06-03,30329.21
2015-06-04,30350.96
2015-06-05,30310.53
2015-06-08,30305.03
2015-06-09,29770.41
2015-06-10,29696.43
2015-06-11,30195.08
2015-06-12,30230.8
2015-06-15,30202.22
2015-06-16,30009.86
2015-06-17,29952.57
2015-06-18,29615.32
2015-06-19,29887.05
2015-06-22,30266.67
2015-06-23,30831.89
2015-06-24,30919.68
2015-06-25,30781.02
2015-06-26,30713.48
2015-06-29,29854.69
2015-06-30,30041.85
2015-07-01,30180.79
2015-07-02,30467.58
2015-07-03,30493.25
2015-07-06,29858.33
2015-07-07,30250.96
2015-07-08,29302.38
2015-07-09,29477.35
2015-07-10,29365.01
2015-07-13,29825.14
2015-07-14,30263.93
2015-07-15,30379.73
2015-07-16,30582.81
2015-07-17,30658.23
2015-07-21,30941.86
2015-07-22,30573.24
2015-07-23,30707.27
2015-07-24,30500.29
2015-07-27,30211.64
2015-07-28,30180.15
2015-07-29,30143.15
2015-07-30,30469.66
2015-07-31,30562.32
2015-08-03,30507.19
2015-08-04,30465.99
2015-08-05,30605.1
2015-08-06,30679.9
2015-08-07,30769.22
2015-08-10,30894.13
2015-08-11,30763.63
2015-08-12,30276.69
2015-08-13,30577.75
2015-08-14,30464.77
2015-08-17,30614.44
2015-08-18,30516.76
2015-08-19,30024.08
2015-08-20,29743.31
2015-08-21,28855.93
2015-08-24,27526.92
2015-08-25,26437.2
2015-08-26,27283.66
2015-08-27,27591.63
2015-08-28,28426.28
2015-08-31,28061.09
2015-09-01,26984.44
2015-09-02,26880.03
2015-09-03,27009.25
2015-09-04,26429.58
2015-09-07,26531.05
2015-09-08,25887.27
2015-09-09,27882.88
2015-09-10,27183.39
2015-09-11,27130.8
2015-09-14,26687.36
2015-09-15,26777.65
2015-09-16,26993.8
2015-09-17,27381.02
2015-09-18,26843.18
2015-09-24,26102.84
2015-09-25,26561.38
2015-09-28,26386.11
2015-09-29,25318.01
2015-09-30,26001.86
2015-10-01,26501.72
2015-10-02,26505.77
2015-10-05,26925.01
2015-10-06,27195.09
2015-10-07,27399.78
2015-10-08,27127.91
2015-10-09,27572.79
2015-10-13,27267.9
2015-10-14,26753.88
2015-10-15,27061.78
2015-10-16,27353.23
2015-10-19,27113.12
2015-10-20,27226.65
2015-10-21,27745.74
2015-10-22,27568.67
2015-10-23,28151.02
2015-10-26,28333.19
2015-10-27,28078.86
2015-10-28,28268.7
2015-10-29,28317.95
2015-10-30,28538.43
2015-11-02,27941.21
2015-11-04,28305.62
2015-11-05,28589.32
2015-11-06,28814.52
2015-11-09,29378.89
2015-11-10,29421.67
2015-11-11,29451.81
2015-11-12,29461.29
2015-11-13,29310.44
2015-11-16,29006.49
2015-11-17,29360.87
2015-11-18,29388.61
2015-11-19,29703.64
2015-11-20,29733.55
2015-11-24,29800.97
2015-11-25,29685.34
2015-11-26,29830.17
2015-11-27,29739.73
2015-11-30,29535.62
2015-12-01,29931.87
2015-12-02,29820.79
2015-12-03,29823.44
2015-12-04,29172.2
2015-12-07,29461.87
2015-12-08,29154.44
2015-12-09,28867.97
2015-12-10,28487.29
2015-12-11,28762.39
2015-12-14,28243.3
2015-12-15,27768.4
2015-12-16,28492.32
2015-12-17,28946.48
2015-12-18,28397.93
2015-12-21,28292.07
2015-12-22,28248.22
2015-12-24,28103.13
2015-12-25,28072.27
2015-12-28,28267.74
2015-12-29,28430.82
2015-12-30,28507.92
2016-01-04,27635.13
2016-01-05,27519.83
2016-01-06,27246.22
2016-01-07,26611.2
2016-01-08,26507.29
2016-01-12,25789.86
2016-01-13,26533.75
2016-01-14,25822.79
2016-01-15,25682.24
2016-01-18,25395.36
2016-01-19,25534.35
2016-01-20,24587.5
2016-01-21,23990.0
2016-01-22,25399.8
2016-01-25,25628.03
2016-01-26,25025.92
2016-01-27,25709.36
2016-01-28,25525.92
2016-01-29,26240.18
2016-02-01,26759.84
2016-02-02,26588.26
2016-02-03,25750.31
2016-02-04,25531.23
2016-02-05,25193.61
2016-02-08,25470.28
2016-02-09,24093.94
2016-02-10,23536.66
2016-02-12,22397.11
2016-02-15,23999.79
2016-02-16,24047.5
2016-02-17,23720.86
2016-02-18,24260.75
2016-02-19,23916.79
2016-02-22,24132.3
2016-02-23,24043.93
2016-02-24,23839.83
2016-02-25,24192.02
2016-02-26,24264.07
2016-02-29,24021.78
2016-03-01,24109.84
2016-03-02,25100.64
2016-03-03,25420.81
2016-03-04,25502.68
2016-03-07,25347.61
2016-03-08,25155.5
2016-03-09,24944.24
2016-03-10,25259.22
2016-03-11,25388.9
2016-03-14,25830.88
2016-03-15,25655.99
2016-03-16,25442.81
2016-03-17,25385.75
2016-03-18,25068.63
2016-03-22,25553.88
2016-03-23,25482.58
2016-03-24,25319.73
2016-03-25,25486.3
2016-03-28,25683.47
2016-03-29,25828.25
2016-03-30,25489.24
2016-03-31,25307.89
2016-04-01,24410.1
2016-04-04,24348.35
2016-04-05,23758.72
2016-04-06,23732.35
2016-04-07,23784.42
2016-04-08,23892.67
2016-04-11,23786.37
2016-04-12,24054.66
2016-04-13,24737.89
2016-04-14,25538.01
2016-04-15,25442.84
2016-04-18,24578.92
2016-04-19,25482.72
2016-04-20,25531.2
2016-04-21,26221.45
2016-04-22,26536.87
2016-04-25,26335.73
2016-04-26,26205.83
2016-04-27,26111.01
2016-04-28,25168.02
2016-05-02,24384.76
2016-05-06,24323.36
2016-05-09,24488.43
2016-05-10,25015.71
2016-05-11,25036.58
2016-05-12,25138.26
2016-05-13,24784.69
2016-05-16,24866.52
2016-05-17,25148.01
2016-05-18,25135.76
2016-05-19,25138.73
2016-05-20,25274.17
2016-05-23,25150.72
2016-05-24,24915.38
2016-05-25,25305.89
2016-05-26,25328.71
2016-05-27,25422.94
2016-05-30,25775.07
2016-05-31,26027.2
2016-06-01,25605.49
2016-06-02,25011.73
2016-06-03,25132.06
2016-06-06,25038.13
2016-06-07,25182.23
2016-06-08,25417.01
2016-06-09,25171.6
2016-06-10,25070.35
2016-06-13,24191.18
2016-06-14,23949.29
2016-06-15,24040.77
2016-06-16,23308.28
2016-06-17,23558.24
2016-06-20,24111.49
2016-06-21,24419.29
2016-06-22,24263.15
2016-06-23,24525.74
2016-06-24,22583.66
2016-06-27,23123.5
2016-06-28,23178.34
2016-06-29,23547.38
2016-06-30,23563.61
2016-07-01,23724.82
2016-07-04,23866.0
2016-07-05,23704.93
2016-07-06,23265.7
2016-07-07,23110.26
2016-07-08,22854.2
2016-07-11,23764.68
2016-07-12,24349.89
2016-07-13,24555.3
2016-07-14,24788.97
2016-07-15,24958.35
2016-07-19,25299.43
2016-07-20,25236.77
2016-07-21,25430.91
2016-07-22,25154.11
2016-07-25,25143.58
2016-07-26,24784.66
2016-07-27,25212.85
2016-07-28,24928.45
2016-07-29,25068.29
2016-08-01,25168.9
2016-08-02,24799.26
2016-08-03,24332.76
2016-08-04,24592.59
2016-08-05,24591.92
2016-08-08,25191.19
2016-08-09,25364.27
2016-08-10,25319.11
2016-08-12,25598.7
2016-08-15,25522.51
2016-08-16,25109.4
2016-08-17,25335.02
2016-08-18,24942.22
2016-08-19,25032.71
2016-08-22,25111.94
2016-08-23,24959.39
2016-08-24,25110.59
2016-08-25,25048.03
2016-08-26,24752.65
2016-08-29,25339.86
2016-08-30,25321.5
2016-08-31,25566.82
2016-09-01,25626.53
2016-09-02,25624.77
2016-09-05,25794.26
2016-09-06,25861.4
2016-09-07,25756.12
2016-09-08,25674.87
2016-09-09,25685.45
2016-09-12,25242.1
2016-09-13,25327.06
2016-09-14,25153.26
2016-09-15,24837.07
2016-09-16,25010.09
2016-09-20,24969.0
2016-09-21,25446.62
2016-09-23,25365.47
2016-09-26,25048.35
2016-09-27,25259.36
2016-09-28,25102.09
2016-09-29,25450.16
2016-09-30,25078.37
2016-10-03,25305.27
2016-10-04,25514.1
2016-10-05,25641.54
2016-10-06,25763.29
2016-10-07,25703.82
2016-10-11,25954.87
2016-10-12,25673.2
2016-10-13,25572.95
2016-10-14,25698.16
2016-10-17,25764.86
2016-10-18,25861.65
2016-10-19,25915.47
2016-10-20,26276.16
2016-10-21,26198.55
2016-10-24,26274.52
2016-10-25,26473.98
2016-10-26,26514.52
2016-10-27,26430.38
2016-10-28,26596.36
2016-10-31,26566.39
2016-11-01,26595.01
2016-11-02,26125.64
2016-11-04,25775.81
2016-11-07,26190.33
2016-11-08,26181.5
2016-11-09,24780.85
2016-11-10,26447.31
2016-11-11,26493.62
2016-11-14,26947.76
2016-11-15,26940.94
2016-11-16,27236.85
2016-11-17,27237.49
2016-11-18,27397.26
2016-11-21,27608.62
2016-11-22,27695.41
2016-11-24,27955.35
2016-11-25,28028.25
2016-11-28,27991.15
2016-11-29,27915.14
2016-11-30,27917.34
2016-12-01,28229.38
2016-12-02,28096.66
2016-12-05,27866.27
2016-12-06,27996.72
2016-12-07,28204.33
2016-12-08,28614.17
2016-12-09,28966.25
2016-12-12,29208.18
2016-12-13,29353.79
2016-12-14,29358.5
2016-12-15,29389.27
2016-12-16,29583.47
2016-12-19,29568.91
2016-12-20,29725.86
2016-12-21,29649.56
2016-12-22,29623.91
2016-12-26,29576.59
2016-12-27,29586.38
2016-12-28,29626.12
2016-12-29,29234.33
2016-12-30,29187.34
2017-01-04,29919.97
2017-01-05,29807.78
2017-01-06,29706.45
2017-01-10,29472.99
2017-01-11,29569.54
2017-01-12,29218.38
2017-01-13,29451.37
2017-01-16,29158.13
2017-01-17,28727.96
2017-01-18,28851.4
2017-01-19,29123.02
2017-01-20,29223.28
2017-01-23,28846.3
2017-01-24,28688.96
2017-01-25,29100.5
2017-01-26,29627.14
2017-01-27,29728.61
2017-01-30,29578.11
2017-01-31,29077.97
2017-02-01,29240.97
2017-02-02,28884.39
2017-02-03,28889.92
2017-02-06,28979.5
2017-02-07,28878.82
2017-02-08,29026.67
2017-02-09,28874.07
2017-02-10,29593.74
2017-02-13,29716.24
2017-02-14,29380.02
2017-02-15,29683.91
2017-02-16,29545.78
2017-02-17,29373.35
2017-02-20,29398.49
2017-02-21,29597.56
2017-02-22,29595.16
2017-02-23,29582.32
2017-02-24,29465.89
2017-02-27,29196.85
2017-02-28,29214.45
2017-03-01,29633.97
2017-03-02,29895.66
2017-03-03,29749.53
2017-03-06,29611.96
2017-03-07,29558.49
2017-03-08,29420.78
2017-03-09,29519.41
2017-03-10,29956.47
2017-03-13,30001.0
2017-03-14,29963.95
2017-03-15,29915.45
2017-03-16,29934.95
2017-03-17,29830.2
2017-03-21,29729.79
2017-03-22,29096.53
2017-03-23,29163.66
2017-03-24,29434.46
2017-03-27,29011.46
2017-03-28,29343.48
2017-03-29,29570.37
2017-03-30,29333.07
2017-03-31,29096.37
2017-04-03,29210.19
2017-04-04,28944.02
2017-04-05,29022.53
2017-04-06,28615.98
2017-04-07,28719.95
2017-04-10,28924.99
2017-04-11,28848.04
2017-04-12,28547.59
2017-04-13,28354.06
2017-04-14,28213.71
2017-04-17,28243.92
2017-04-18,28341.37
2017-04-19,28362.31
2017-04-20,28359.68
2017-04-21,28652.44
2017-04-24,29045.02
2017-04-25,29358.08
2017-04-26,29681.37
2017-04-27,29623.58
2017-04-28,29538.81
2017-05-01,29713.89
2017-05-02,29921.9
2017-05-08,30614.33
2017-05-09,30533.41
2017-05-10,30621.26
2017-05-11,30715.83
2017-05-12,30596.35
2017-05-15,30574.73
2017-05-16,30651.62
2017-05-17,30490.14
2017-05-18,30088.5
2017-05-19,30145.28
2017-05-22,30279.95
2017-05-23,30179.93
2017-05-24,30379.51
2017-05-25,30487.45
2017-05-26,30293.12
2017-05-29,30286.55
2017-05-30,30279.29
2017-05-31,30237.31
2017-06-01,30559.62
2017-06-02,31047.79
2017-06-05,31037.85
2017-06-06,30744.07
2017-06-07,30751.33
2017-06-08,30635.37
2017-06-09,30795.4
2017-06-12,30634.32
2017-06-13,30619.19
2017-06-14,30595.75
2017-06-15,30516.78
2017-06-16,30688.26
2017-06-19,30879.82
2017-06-20,31130.12
2017-06-21,30992.25
2017-06-22,30949.08
2017-06-23,30983.68
2017-06-26,31016.6
2017-06-27,31127.84
2017-06-28,31025.06
2017-06-29,31165.62
2017-06-30,30884.9
2017-07-03,30919.39
2017-07-04,30883.24
2017-07-05,30959.21
2017-07-06,30824.21
2017-07-07,30724.05
2017-07-10,30958.21
2017-07-11,31134.73
2017-07-12,30985.03
2017-07-13,30987.23
2017-07-14,31016.6
2017-07-18,30833.22
2017-07-19,30865.52
2017-07-20,31056.27
2017-07-21,30987.14
2017-07-24,30795.85
2017-07-25,30764.29
2017-07-26,30910.69
2017-07-27,30958.31
2017-07-28,30773.61
2017-07-31,30720.17
2017-08-01,30813.62
2017-08-02,30958.93
2017-08-03,30880.76
2017-08-04,30762.27
2017-08-07,30921.94
2017-08-08,30829.62
2017-08-09,30433.3
2017-08-10,30419.62
2017-08-14,30122.76
2017-08-15,30456.12
2017-08-16,30419.07
2017-08-17,30377.98
2017-08-18,30019.94
2017-08-21,29900.79
2017-08-22,29886.47
2017-08-23,29964.79
2017-08-24,29840.1
2017-08-25,29992.49
2017-08-28,29988.31
2017-08-29,29871.39
2017-08-30,30093.53
2017-08-31,30309.05
2017-09-01,30378.83
2017-09-04,30096.17
2017-09-05,29907.28
2017-09-06,29864.33
2017-09-07,29923.8
2017-09-08,29736.05
2017-09-11,30154.06
2017-09-12,30510.2
2017-09-13,30647.81
2017-09-14,30557.74
2017-09-15,30716.06
2017-09-19,31317.56
2017-09-20,31334.65
2017-09-21,31391.76
2017-09-22,31313.03
2017-09-25,31469.05
2017-09-26,31365.08
2017-09-27,31469.23
2017-09-28,31618.39
2017-09-29,31607.78
2017-10-02,31676.88
2017-10-03,32008.06
2017-10-04,32027.61
2017-10-05,32030.56
2017-10-06,32127.06
2017-10-10,32333.26
2017-10-11,32422.95
2017-10-12,32537.0
2017-10-13,32848.26
2017-10-16,33004.12
2017-10-17,33129.21
2017-10-18,33171.02
2017-10-19,33303.73
2017-10-20,33317.89
2017-10-23,33689.01
2017-10-24,33857.81
2017-10-25,33706.34
2017-10-26,33762.61
2017-10-27,34179.99
2017-10-30,34185.43
2017-10-31,34186.47
2017-11-01,34823.62
2017-11-02,35008.75
2017-11-06,35023.94
2017-11-07,35629.55
2017-11-08,35593.08
2017-11-09,35523.38
2017-11-10,35232.58
2017-11-13,34765.9
2017-11-14,34764.38
2017-11-15,34218.08
2017-11-16,34719.51
2017-11-17,34790.47
2017-11-20,34580.7
2017-11-21,34821.04
2017-11-22,34986.74
2017-11-24,35029.77
2017-11-27,34944.55
2017-11-28,34929.4
2017-11-29,35101.76
2017-11-30,35300.22
2017-12-01,35446.35
2017-12-04,35272.57
2017-12-05,35140.88
2017-12-06,34449.1
2017-12-07,34947.72
2017-12-08,35434.0
2017-12-11,35632.29
2017-12-12,35519.58
2017-12-13,35351.66
2017-12-14,35252.83
2017-12-15,35033.45
2017-12-18,35574.88
2017-12-19,35522.42
2017-12-20,35559.27
2017-12-21,35519.47
2017-12-22,35576.42
2017-12-25,35632.99
2017-12-26,35560.77
2017-12-27,35641.3
2017-12-28,35443.38
2017-12-29,35413.76
2018-01-04,36567.09
2018-01-05,36890.97
2018-01-09,37101.7
2018-01-10,37005.58
2018-01-11,36884.6
2018-01-12,36796.54
2018-01-15,36891.53
2018-01-16,37260.1
2018-01-17,37130.25
2018-01-18,36966.96
2018-01-19,37036.48
2018-01-22,37049.35
2018-01-23,37528.2
2018-01-24,37242.94
2018-01-25,36820.91
2018-01-26,36762.4
2018-01-29,36761.16
2018-01-30,36236.3
2018-01-31,35934.98
2018-02-01,36538.33
2018-02-02,36209.17
2018-02-05,35287.58
2018-02-06,33620.07
2018-02-07,33674.72
2018-02-08,34056.64
2018-02-09,33265.95
2018-02-13,33051.35
2018-02-14,32910.54
2018-02-15,33394.08
2018-02-16,33791.22
2018-02-19,34458.57
2018-02-20,34109.91
2018-02-21,34181.02
2018-02-22,33816.4
2018-02-23,34059.63
2018-02-26,34484.4
2018-02-27,34852.12
2018-02-28,34351.49
2018-03-01,33816.38
2018-03-02,32971.41
2018-03-05,32754.19
2018-03-06,33338.96
2018-03-07,33082.06
2018-03-08,33261.61
2018-03-09,33419.03
2018-03-12,33971.36
2018-03-13,34195.62
2018-03-14,33898.6
2018-03-15,33940.1
2018-03-16,33741.73
2018-03-19,33437.24
2018-03-20,33281.69
2018-03-22,33610.16
2018-03-23,32094.06
2018-03-26,32325.96
2018-03-27,33184.03
2018-03-28,32986.26
2018-03-29,33186.85
2018-03-30,33650.39
2018-04-02,33547.31
2018-04-03,33396.28
2018-04-04,33439.04
2018-04-05,33950.16
2018-04-06,33827.98
2018-04-09,34001.67
2018-04-10,34183.71
2018-04-11,34015.54
2018-04-12,33973.47
2018-04-13,34160.73
2018-04-16,34249.81
2018-04-17,34268.73
2018-04-18,34755.93
2018-04-19,34807.66
2018-04-20,34762.27
2018-04-23,34645.88
2018-04-24,34944.03
2018-04-25,34845.53
2018-04-26,35009.11
2018-04-27,35241.8
2018-05-01,35304.79
2018-05-02,35249.5
2018-05-07,35240.68
2018-05-08,35305.82
2018-05-09,35149.26
2018-05-10,35287.76
2018-05-11,35697.62
2018-05-14,35866.05
2018-05-15,35791.01
2018-05-16,35632.92
2018-05-17,35822.93
2018-05-18,35967.22
2018-05-21,36080.17
2018-05-22,36014.24
2018-05-23,35589.79
2018-05-24,35193.37
2018-05-25,35215.08
2018-05-28,35262.61
2018-05-29,35070.21
2018-05-30,34537.05
2018-05-31,34824.56
2018-06-01,34776.77
2018-06-04,35254.53
2018-06-05,35354.29
2018-06-06,35489.48
2018-06-07,35799.31
2018-06-08,35597.34
2018-06-11,35769.16
2018-06-12,35885.72
2018-06-13,36023.8
2018-06-14,35666.53
2018-06-15,35844.81
2018-06-18,35575.99
2018-06-19,34945.65
2018-06-20,35382.28
2018-06-21,35598.73
2018-06-22,35322.98
2018-06-25,35044.25
2018-06-26,35052.88
2018-06-27,34990.11
2018-06-28,34989.72
2018-06-29,35050.37
2018-07-02,34276.31
2018-07-03,34234.84
2018-07-04,34127.2
2018-07-05,33859.98
2018-07-06,34238.93
2018-07-09,34653.86
2018-07-10,34881.26
2018-07-11,34465.33
2018-07-12,34867.23
2018-07-13,35510.57
2018-07-17,35667.73
2018-07-18,35819.89
2018-07-19,35773.52
2018-07-20,35668.55
2018-07-23,35195.72
2018-07-24,35374.06
2018-07-25,35537.13
2018-07-26,35494.1
2018-07-27,35694.19
2018-07-30,35430.31
2018-07-31,35444.27
2018-08-01,35747.55
2018-08-02,35379.54
2018-08-03,35399.42
2018-08-06,35371.35
2018-08-07,35615.6
2018-08-08,35586.64
2018-08-09,35514.77
2018-08-10,35042.81
2018-08-13,34350.3
2018-08-14,35133.96
2018-08-15,34895.3
2018-08-16,34876.16
2018-08-17,34999.28
2018-08-20,34887.1
2018-08-21,34919.68
2018-08-22,35144.13
2018-08-23,35219.99
2018-08-24,35520.08
2018-08-27,35831.04
2018-08-28,35852.77
2018-08-29,35928.98
2018-08-30,35962.44
2018-08-31,35955.6
2018-09-03,35707.51
2018-09-04,35691.03
2018-09-05,35508.51
2018-09-06,35362.44
2018-09-07,35078.0
2018-09-10,35181.83
2018-09-11,35640.37
2018-09-12,35545.89
2018-09-13,35886.67
2018-09-14,36316.51
2018-09-18,36828.94
2018-09-19,37225.18
2018-09-20,37228.97
2018-09-21,37535.61
2018-09-25,37646.2
2018-09-26,38037.01
2018-09-27,37661.84
2018-09-28,38173.51
2018-10-01,38372.48
2018-10-02,38411.82
2018-10-03,38159.13
2018-10-04,37944.93
2018-10-05,37641.22
2018-10-09,37143.75
2018-10-10,37201.75
2018-10-11,35753.34
2018-10-12,35917.62
2018-10-15,35247.59
2018-10-16,35687.47
2018-10-17,36149.41
2018-10-18,35859.85
2018-10-19,35660.31
2018-10-22,35791.26
2018-10-23,34835.28
2018-10-24,34962.52
2018-10-25,33660.87
2018-10-26,33528.2
2018-10-29,33473.71
2018-10-30,33983.42
2018-10-31,34722.2
2018-11-01,34355.3
2018-11-02,35236.17
2018-11-05,34690.38
2018-11-06,35084.55
2018-11-07,34986.41
2018-11-08,35621.89
2018-11-09,35247.15
2018-11-12,35278.25
2018-11-13,34550.57
2018-11-14,34607.54
2018-11-15,34539.64
2018-11-16,34344.35
2018-11-19,34567.43
2018-11-20,34192.48
2018-11-21,34072.74
2018-11-22,34292.96
2018-11-26,34555.07
2018-11-27,34777.49
2018-11-28,35133.34
2018-11-29,35268.92
2018-11-30,35411.41
2018-12-03,35765.82
2018-12-04,34912.33
2018-12-05,34727.41
2018-12-06,34065.62
2018-12-07,34346.14
2018-12-10,33618.65
2018-12-11,33505.4
2018-12-12,34225.84
2018-12-13,34564.0
2018-12-14,33864.74
2018-12-17,34073.95
2018-12-18,33453.8
2018-12-19,33251.75
2018-12-20,32308.54
2018-12-21,31949.86
2018-12-25,30348.98
2018-12-26,30678.24
2018-12-27,31869.62
2018-12-28,31769.86
2019-01-04,31051.11
2019-01-07,31808.28
2019-01-08,32070.3
2019-01-09,32424.3
2019-01-10,32006.42
2019-01-11,32317.38
2019-01-15,32627.84
2019-01-16,32449.2
2019-01-17,32384.95
2019-01-18,32803.69
2019-01-21,32888.23
2019-01-22,32735.18
2019-01-23,32688.85
2019-01-24,32658.55
2019-01-25,32974.32
2019-01-28,32776.6
2019-01-29,32804.12
2019-01-30,32632.52
2019-01-31,32976.92
2019-02-01,33000.51
2019-02-04,33151.92
2019-02-05,33089.5
2019-02-06,33136.5
2019-02-07,32941.59
2019-02-08,32277.86
2019-02-12,33120.86
2019-02-13,33565.77
2019-02-14,33558.2
2019-02-15,33178.67
2019-02-18,33783.84
2019-02-19,33816.86
2019-02-20,34021.39
2019-02-21,34073.36
2019-02-22,34011.89
2019-02-25,34174.95
2019-02-26,34074.0
2019-02-27,34244.17
2019-02-28,33971.97
2019-03-01,34317.53
2019-03-04,34665.98
2019-03-05,34513.86
2019-03-06,34308.19
2019-03-07,34084.52
2019-03-08,33400.72
2019-03-11,33558.83
2019-03-12,34160.27
2019-03-13,33821.19
2019-03-14,33816.07
2019-03-15,34076.33
2019-03-18,34288.64
2019-03-19,34260.6
2019-03-20,34327.43
2019-03-22,34356.99
2019-03-25,33324.04
2019-03-26,34040.94
2019-03-27,34235.27
2019-03-28,33682.94
2019-03-29,33960.15
2019-04-01,34445.74
2019-04-02,34439.78
2019-04-03,34772.72
2019-04-04,34791.52
2019-04-05,34923.72
2019-04-08,34850.29
2019-04-09,34915.85
2019-04-10,34731.65
2019-04-11,34769.78
2019-04-12,35024.7
2019-04-15,35502.81
2019-04-16,35586.97
2019-04-17,35677.15
2019-04-18,35376.32
2019-04-19,35553.18
2019-04-22,35580.95
2019-04-23,35647.95
2019-04-24,35552.28
2019-04-25,35724.56
2019-04-26,35646.44
2019-05-07,35109.94
2019-05-08,34595.66
2019-05-09,34274.63
2019-05-10,34183.01
2019-05-13,33936.96
2019-05-14,33738.3
2019-05-15,33932.6
2019-05-16,33731.49
2019-05-17,34031.14
2019-05-20,34113.84
2019-05-21,34066.95
2019-05-22,34084.44
2019-05-23,33872.68
2019-05-24,33818.36
2019-05-27,33923.03
2019-05-28,34047.24
2019-05-29,33637.04
2019-05-30,33539.6
2019-05-31,32992.94
2019-06-03,32688.16
2019-06-04,32684.41
2019-06-05,33273.06
2019-06-06,33269.76
2019-06-07,33447.0
2019-06-10,33846.91
2019-06-11,33958.79
2019-06-12,33839.38
2019-06-13,33682.88
2019-06-14,33818.83
2019-06-17,33830.22
2019-06-18,33587.93
2019-06-19,34169.15
2019-06-20,34377.86
2019-06-21,34051.39
2019-06-24,34095.52
2019-06-25,33948.51
2019-06-26,33831.32
2019-06-27,34235.92
2019-06-28,34152.83
2019-07-01,34881.69
2019-07-02,34920.7
2019-07-03,34734.32
2019-07-04,34837.52
2019-07-05,34908.04
2019-07-08,34567.68
2019-07-09,34617.12
2019-07-10,34566.28
2019-07-11,34742.94
2019-07-12,34810.95
2019-07-16,34569.12
2019-07-17,34463.06
2019-07-18,33784.14
2019-07-19,34459.54
2019-07-22,34378.96
2019-07-23,34706.57
2019-07-24,34848.94
2019-07-25,34924.35
2019-07-26,34766.39
2019-07-29,34700.01
2019-07-30,34850.87
2019-07-31,34549.42
2019-08-01,34580.66
2019-08-02,33852.11
2019-08-05,33263.16
2019-08-06,33046.47
2019-08-07,32936.1
2019-08-08,33059.37
2019-08-09,33206.21
2019-08-13,32837.98
2019-08-14,33158.55
2019-08-15,32758.05
2019-08-16,32779.18
2019-08-19,33010.91
2019-08-20,33194.02
2019-08-21,33099.87
2019-08-22,33115.02
2019-08-23,33248.1
2019-08-26,32525.9
2019-08-27,32839.01
2019-08-28,32876.48
2019-08-29,32871.79
2019-08-30,33262.89
2019-09-02,33127.65
2019-09-03,33135.63
2019-09-04,33174.16
2019-09-05,33875.91
2019-09-06,34058.46
2019-09-09,34249.4
2019-09-10,34367.77
2019-09-11,34698.18
2019-09-12,34958.2
2019-09-13,35325.59
2019-09-17,35346.52
2019-09-18,35281.28
2019-09-19,35415.81
2019-09-20,35471.46
2019-09-24,35503.19
2019-09-25,35376.77
2019-09-26,35421.9
2019-09-27,35406.98
2019-09-30,35207.83
2019-10-01,35417.24
2019-10-02,35244.68
2019-10-03,34537.69
2019-10-04,34648.48
2019-10-07,34591.92
2019-10-08,34935.86
2019-10-09,34723.21
2019-10-10,34877.92
2019-10-11,35277.47
2019-10-15,35938.29
2019-10-16,36368.29
2019-10-17,36334.21
2019-10-18,36400.27
2019-10-21,36491.25
2019-10-23,36615.02
2019-10-24,36817.67
2019-10-25,36897.31
2019-10-28,37006.48
2019-10-29,37180.69
2019-10-30,36969.25
2019-10-31,37104.01
2019-11-01,36983.56
2019-11-05,37632.64
2019-11-06,37716.53
2019-11-07,37759.53
2019-11-08,37859.29
2019-11-11,37762.13
2019-11-12,38066.74
2019-11-13,37742.23
2019-11-14,37453.63
2019-11-15,37715.45
2019-11-18,37899.05
2019-11-19,37698.18
2019-11-20,37466.03
2019-11-21,37288.01
2019-11-22,37408.26
2019-11-25,37699.48
2019-11-26,37829.79
2019-11-27,37934.1
2019-11-28,37887.76
2019-11-29,37701.26
2019-12-02,38082.56
2019-12-03,37840.29
2019-12-04,37444.44
2019-12-05,37711.27
2019-12-06,37799.17
2019-12-09,37922.66
2019-12-10,37889.46
2019-12-11,37859.79
2019-12-12,37913.12
2019-12-13,38881.45
2019-12-16,38766.94
2019-12-17,38951.08
2019-12-18,38737.94
2019-12-19,38625.32
2019-12-20,38547.28
2019-12-23,38554.53
2019-12-24,38569.86
2019-12-25,38492.64
2019-12-26,38722.55
2019-12-27,38646.24
2019-12-30,38352.64
2020-01-06,37620.24
2020-01-07,38221.49
2020-01-08,37620.08
2020-01-09,38487.61
2020-01-10,38667.08
2020-01-14,38950.15
2020-01-15,38774.1
2020-01-16,38800.93
2020-01-17,38976.23
2020-01-20,39044.73
2020-01-21,38689.76
2020-01-22,38960.16
2020-01-23,38577.7
2020-01-24,38629.16
2020-01-27,37845.02
2020-01-28,37637.83
2020-01-29,37903.21
2020-01-30,37254.45
2020-01-31,37623.19
2020-02-03,37245.03
2020-02-04,37427.67
2020-02-05,37808.63
2020-02-06,38706.89
2020-02-07,38632.94
2020-02-10,38402.71
2020-02-12,38686.82
2020-02-13,38632.54
2020-02-14,38405.33
2020-02-17,38138.86
2020-02-18,37604.73
2020-02-19,37940.18
2020-02-20,38067.37
2020-02-21,37917.54
2020-02-25,36650.75
2020-02-26,36360.18
2020-02-27,35610.96
2020-02-28,34304.41
2020-03-02,34630.73
2020-03-03,34206.69
2020-03-04,34234.81
2020-03-05,34606.46
2020-03-06,33666.43
2020-03-09,31961.2
2020-03-10,32234.36
2020-03-11,31502.52
2020-03-12,30112.96
2020-03-13,28281.84
2020-03-16,27585.77
2020-03-17,27601.17
2020-03-18,27138.79
2020-03-19,26856.93
2020-03-23,27400.5
2020-03-24,29354.92
2020-03-25,31714.5
2020-03-26,30283.56
2020-03-27,31459.31
2020-03-30,31254.49
2020-03-31,30978.96
2020-04-01,29584.36
2020-04-02,29180.37
2020-04-03,29182.78
2020-04-06,30421.0
2020-04-07,31033.27
2020-04-08,31693.33
2020-04-09,31681.1
2020-04-10,31930.62
2020-04-13,31185.35
2020-04-14,32160.39
2020-04-15,32015.1
2020-04-16,31589.51
2020-04-17,32583.63
2020-04-20,32210.03
2020-04-21,31574.09
2020-04-22,31340.19
2020-04-23,31817.53
2020-04-24,31543.33
2020-04-27,32396.88
2020-04-28,32377.18
2020-04-30,33069.06
2020-05-01,32128.52
2020-05-07,32219.28
2020-05-08,33045.15
2020-05-11,33391.62
2020-05-12,33352.02
2020-05-13,33189.19
2020-05-14,32612.31
2020-05-15,32813.23
2020-05-18,32970.86
2020-05-19,33459.32
2020-05-20,33724.1
2020-05-21,33653.95
2020-05-22,33385.16
2020-05-25,33963.99
2020-05-26,34831.07
2020-05-27,35073.51
2020-05-28,35889.83
2020-05-29,35827.13
2020-06-01,36129.27
2020-06-02,36560.32
2020-06-03,37032.19
2020-06-04,37166.44
2020-06-05,37441.54
2020-06-08,37956.35
2020-06-09,37813.76
2020-06-10,37869.31
2020-06-11,36801.53
2020-06-12,36527.35
2020-06-15,35258.98
2020-06-16,36980.52
2020-06-17,36773.45
2020-06-18,36609.2
2020-06-19,36810.17
2020-06-22,36742.18
2020-06-23,36925.45
2020-06-24,36900.58
2020-06-25,36450.6
2020-06-26,36861.45
2020-06-29,36067.42
2020-06-30,36547.19
2020-07-01,36273.43
2020-07-02,36313.16
2020-07-03,36576.37
2020-07-06,37245.31
2020-07-07,37081.75
2020-07-08,36793.09
2020-07-09,36941.71
2020-07-10,36553.342852570975
2020-07-13,37366.03812385392
2020-07-14,37044.474836298476
2020-07-15,37635.17677100123
2020-07-16,37350.64029344698
2020-07-17,37232.076311518795
2020-07-20,37269.34782842603
2020-07-21,37545.638055400355
2020-07-22,37330.793042032565
2020-07-27,37274.84188423274
2020-07-28,37181.61605130862
2020-07-29,36757.18630422995
2020-07-30,36664.87672251565
2020-07-31,35634.73846178285
2020-08-03,36434.10332704889
2020-08-04,37057.76289597041
2020-08-05,36963.91798151379
2020-08-06,36807.850607601824
2020-08-07,36665.69796336075
2020-08-11,37358.56017499866
2020-08-12,37515.201503100325
2020-08-13,38184.16226847887
2020-08-14,38252.24076725733
2020-08-17,37938.656159335595
2020-08-18,37866.405486831565
2020-08-19,37966.9692454045
2020-08-20,37591.8792825787
2020-08-21,37659.82604072042
2020-08-24,37769.72899148689
2020-08-25,38283.987338409665
2020-08-26,38277.07169179674
2020-08-27,38145.09679057477
2020-08-28,37611.7015436339
2020-08-31,38037.085564983616
2020-09-01,38037.08752801431
2020-09-02,38219.19860674346
2020-09-03,38581.040651617404
2020-09-04,38156.18354930634
2020-09-07,37969.075638285496
2020-09-08,38274.74007992112
2020-09-09,37880.20550704306
2020-09-10,38216.74694891286
2020-09-11,38500.84580853196
2020-09-14,38755.032215341926
2020-09-15,38586.09678044534
2020-09-16,38622.87174211988
2020-09-17,38368.7541750764
2020-09-18,38438.90989440556
2020-09-23,38418.99189963269
2020-09-24,37996.10068003893
2020-09-25,38191.109248922316
2020-09-28,38699.20983732468
2020-09-29,38747.27258928445
2020-09-30,38167.38054736398
2020-10-02,37914.629325829155
2020-10-05,38382.091893400706
2020-10-06,38585.10166374152
2020-10-07,38569.95542460811
2020-10-08,38942.069245840226
2020-10-09,38899.820476791334
2020-10-12,38802.19312904625
2020-10-13,38876.00436416561
2020-10-14,38919.94662573963
2020-10-15,38725.92553980894
2020-10-16,38569.604863917404
2020-10-19,39001.634739402594
2020-10-20,38832.96557881004
2020-10-21,38955.14603966319
2020-10-22,38685.75584450607
2020-10-23,38758.331785519775
2020-10-26,38724.49026056288
2020-10-27,38713.24425490081
2020-10-28,38605.1444788606
2020-10-29,38465.244677144525
2020-10-30,37883.0718763012
2020-11-02,38410.75062951754
2020-11-04,39072.7331259456
2020-11-05,39751.795859849146
2020-11-06,40117.446406293224
2020-11-09,40969.1393383036
2020-11-10,41080.5843559384
2020-11-11,41816.01249882103
2020-11-12,42101.62945446451
2020-11-13,41881.961507390784
2020-11-16,42744.73751068664
2020-11-17,42925.55430208289
2020-11-18,42455.95090912647
2020-11-19,42304.25399683766
2020-11-20,42130.79882928276
2020-11-24,43187.28436657012
2020-11-25,43407.1210661086
2020-11-26,43807.22437698982
2020-11-27,43987.732494503274
2020-11-30,43642.42983405232
2020-12-01,44229.99020025814
2020-12-02,44255.41725891263
2020-12-03,44272.50380372534
2020-12-04,44179.73866627465
2020-12-07,43846.364699915415
2020-12-08,43716.83535702498
2020-12-09,44299.60179034567
2020-12-10,44200.912468419236
2020-12-11,44032.784546049574
2020-12-14,44168.04774505286
2020-12-15,44097.58096049895
2020-12-16,44215.74965496241
2020-12-17,44300.40267732736
2020-12-18,44232.11150158246
2020-12-21,44154.4031807502
2020-12-22,43698.06061632448
2020-12-23,43847.382506293194
2020-12-24,44087.9195780097
2020-12-25,44071.73069687621
2020-12-28,44401.371780596884
2020-12-29,45585.454639813724
2020-12-30,45383.7619563247
2021-01-04,45079.820705721184
2021-01-05,44918.13631196616
2021-01-06,44751.56285080387
2021-01-07,45473.054482632404
2021-01-08,46549.83688547803
2021-01-12,46595.11197254819
2021-01-13,47082.050593854015
2021-01-14,47485.36816462907
2021-01-15,47192.5026065387
2021-01-18,46737.599542671844
2021-01-19,47388.535458664075
2021-01-20,47209.601161145925
2021-01-21,47599.71580033807
2021-01-22,47395.59380684129
2021-01-25,47714.99021061261
2021-01-26,47261.347132818446
2021-01-27,47412.21223292797
2021-01-28,46690.75932894859
2021-01-29,45809.83273002353
2021-02-01,46521.42544435781
2021-02-02,46973.85629710091
2021-02-03,47448.23477163624
2021-02-04,46947.226368618205
2021-02-05,47674.97936123026
2021-02-08,48687.90721911946
2021-02-09,48886.02463166431
2021-02-10,48984.042284890034
2021-02-12,48916.60077788009
2021-02-15,49854.95923312911
2021-02-16,50494.34343651105
2021-02-17,50207.05437737729
2021-02-18,50117.735164933176
2021-02-19,49759.743868571204
2021-02-22,49992.33591540801
2021-02-24,49193.01296458689
2021-02-25,50019.936532151245
2021-02-26,48030.06134825502
2021-03-01,49190.20047619334
2021-03-02,48770.3566161871
2021-03-03,49024.23945828684
2021-03-04,47984.55496329207
2021-03-05,47878.932929871145
2021-03-08,47681.59026877087
2021-03-09,48157.37428216067
2021-03-10,48175.19648070476
2021-03-11,48469.21696963998
2021-03-12,49312.71130014276
2021-03-15,49397.8626354385
2021-03-16,49657.24922723109
2021-03-17,49649.65819811932
2021-03-18,50155.257545987624
2021-03-19,49453.93398269044
2021-03-22,48431.77592853854
2021-03-23,48139.414122330294
2021-03-24,47162.66931580022
2021-03-25,47704.70310114398
2021-03-26,48450.165214787216
2021-03-29,48798.83227553808
2021-03-30,48882.415686536624
2021-03-31,48464.277000290575
2021-04-01,48816.75489750982
2021-04-02,49592.9898124012
2021-04-05,49987.43557335835
2021-04-06,49338.78005944557
2021-04-07,49399.140637094955
2021-04-08,49366.511443878844
2021-04-09,49468.29729150779
2021-04-12,49090.78530721337
2021-04-13,49448.18422667632
2021-04-14,49234.68798946132
2021-04-15,49274.35556694028
2021-04-16,49345.58177698983
2021-04-19,49352.512388379815
2021-04-20,48383.49283503617
2021-04-21,47402.95512529189
2021-04-22,48536.546687001406
2021-04-23,48261.47472749191
2021-04-26,48440.62667073335
2021-04-27,48220.725543763365
2021-04-28,48327.511081203986
2021-04-30,47929.575411830476
2021-05-06,48796.057452249916
2021-05-07,48843.63060975201
2021-05-10,49114.2809670995
2021-05-11,47604.06560534102
2021-05-12,46840.260738622725
2021-05-13,45679.560503670546
2021-05-14,46742.18740443837
2021-05-17,46313.440165064385
2021-05-18,47285.62952598734
2021-05-19,46685.810123507385
2021-05-20,46778.79046992525
2021-05-21,47147.79855537017
2021-05-24,47229.13446657643
2021-05-25,47547.9250572111
2021-05-26,47698.29510746074
2021-05-27,47546.59535723594
2021-05-28,48550.07195151418
2021-05-31,48071.68777608256
2021-06-01,47999.00605995009
2021-06-02,48222.083384495476
2021-06-03,48412.151972503256
2021-06-04,48221.43108457276
2021-06-07,48354.45972066659
2021-06-08,48265.20760723569
2021-06-09,48097.4816811148
2021-06-10,48263.92785296041
2021-06-11,48251.06984549487
2021-06-14,48609.76202849729
2021-06-15,49079.246009040435
2021-06-16,48832.27564041705
2021-06-17,48381.21470201535
2021-06-18,48294.29413328697
2021-06-21,46708.43739487539
2021-06-22,48168.02623555883
2021-06-23,48156.135353527454
2021-06-24,48160.2208314762
2021-06-25,48482.24213213393
2021-06-28,48455.49135875872
2021-06-29,48066.31154811025
2021-06-30,48034.65447377667
2021-07-01,47897.19377731501
2021-07-02,48027.908314112115
2021-07-05,47722.55330069753
2021-07-06,47801.17430985234
2021-07-07,47343.594444402355
2021-07-08,46931.58343501355
2021-07-09,46638.54453792547
2021-07-12,47691.296348483826
2021-07-13,47943.8987568385
2021-07-14,47764.165496777605
2021-07-15,47217.65500224326
2021-07-16,46760.2173391892
2021-07-19,46178.58535301832
2021-07-20,45740.09276946964
2021-07-21,46010.39782644267
2021-07-26,46490.28149739111
2021-07-27,46722.41373682186
2021-07-28,46076.71538082458
2021-07-29,46415.487095167235
2021-07-30,45585.4330729547
2021-08-02,46419.930351574905
2021-08-03,46190.73037120099
2021-08-04,46097.59554930186
2021-08-05,46341.69466844868
2021-08-06,46498.71671295764
2021-08-10,46615.964605634894
2021-08-11,46924.21272215459
2021-08-12,46834.87405511954
2021-08-13,46774.98277922441
2021-08-16,46019.368017723515
2021-08-17,45857.65860500124
2021-08-18,46130.97902708139
2021-08-19,45624.70575319552
2021-08-20,45179.94060277595
2021-08-23,45987.761732921375
2021-08-24,46389.00236444854
2021-08-25,46380.18186388561
2021-08-26,46412.828641925145
2021-08-27,46246.986299933844
2021-08-30,46498.25390970535
2021-08-31,47004.07957467292
2021-09-01,47612.44738156483
2021-09-02,47770.71894879006
2021-09-03,48752.67300902903
2021-09-06,49646.3600309084
2021-09-07,50078.94429728242
2021-09-08,50526.35759746523
2021-09-09,50240.373058327335
2021-09-10,50869.66345030145
2021-09-13,50983.107011708635
2021-09-14,51359.81424728989
2021-09-15,51098.31167230093
2021-09-16,50786.555034193036
2021-09-17,51086.24897411748
2021-09-21,49983.860605338414
2021-09-22,49651.952391698855
2021-09-24,50676.53943025314
2021-09-27,50665.58210161107
2021-09-28,50575.285400928704
2021-09-29,49507.088650851845
2021-09-30,49357.15310417866
2021-10-01,48218.45888755882
2021-10-04,47675.28603366697
2021-10-05,46634.89217400048
2021-10-06,46146.72384922099
2021-10-07,46400.456070478744
2021-10-08,47025.39056327449
2021-10-11,47782.08715603965
2021-10-12,47336.88573323727
2021-10-13,47188.8686321411
2021-10-14,47880.99291163842
2021-10-15,48752.75942481558
2021-10-18,48683.91350248831
2021-10-19,49006.276077296374
2021-10-20,49077.010406218826
2021-10-21,48162.97055052568
2021-10-22,48328.00816271543
2021-10-25,47988.51126028149
2021-10-26,48840.42317791045
2021-10-27,48830.95346911461
2021-10-28,48367.71172384159
2021-10-29,48493.09603946068
2021-11-01,49762.89077676501
2021-11-02,49554.71762393981
2021-11-04,50017.425316963694
2021-11-05,49714.183237560384
2021-11-08,49542.327487540926
2021-11-09,49173.8709836512
2021-11-10,48877.413756452384
2021-11-11,49168.29147836389
2021-11-12,49729.66188726259
2021-11-15,50013.50551246069
2021-11-16,50069.76645918756
2021-11-17,49872.1962601978
2021-11-18,49725.196515847674
2021-11-19,49976.15624127757
2021-11-22,50027.257887781714
2021-11-24,49238.71375433587
2021-11-25,49572.72455594003
2021-11-26,48319.83266661777
2021-11-29,47537.29280238226
2021-11-30,46763.94860545439
2021-12-01,46958.75900841622
2021-12-02,46655.812179074324
2021-12-03,47123.5731834681
2021-12-06,46955.18228690716
2021-12-07,47846.80893623788
2021-12-08,48531.37685425058
2021-12-09,48307.643714291364
2021-12-10,47827.31083680496
2021-12-13,48171.77083871988
2021-12-14,47825.67318660669
2021-12-15,47874.721599710414
2021-12-16,48898.71142039059
2021-12-17,48026.33872336438
2021-12-20,47007.070980478
2021-12-21,47986.091005739145
2021-12-22,48064.685927558516
2021-12-23,48465.63560105843
2021-12-24,48442.61948687689
2021-12-27,48267.52547319028
2021-12-28,48932.08239745049
2021-12-29,48662.47325070568
2021-12-30,48472.135186474276
2022-01-04,49334.47905787919
2022-01-05,49389.2223877737
2022-01-06,47971.11780192461
2022-01-07,47958.9469293977
2022-01-11,47531.17137071329
2022-01-12,48449.512686982016
2022-01-13,47987.26515689183
2022-01-14,47376.16838602221
2022-01-17,47732.12708636478
2022-01-18,47607.11774190488
2022-01-19,46279.49361667851
2022-01-20,46797.98492660621
2022-01-21,46378.98926922983
2022-01-24,46493.79007956608
2022-01-25,45726.914243133295
2022-01-26,45527.97725694071
2022-01-27,44113.63358211888
2022-01-28,45039.033659234854
2022-01-31,45522.195517313296
2022-02-01,45654.501240358
2022-02-02,46425.2271303027
2022-02-03,45935.745963415895
2022-02-04,46274.15111633558
2022-02-07,45955.20661947515
2022-02-08,46018.69322650805
2022-02-09,46520.2354988221
2022-02-10,46719.667292070575
2022-02-14,45683.06655639524
2022-02-15,45324.68622488566
2022-02-16,46332.26116371669
2022-02-17,45951.718887453404
2022-02-18,45768.105042422365
2022-02-21,45415.02422336227
2022-02-22,44639.85960110794
2022-02-24,43834.99453536029
2022-02-25,44691.774118316665
2022-02-28,44779.98548039843
2022-03-01,45319.94503582115
2022-03-02,44560.64374433674
2022-03-03,44874.984229400754
2022-03-04,43878.954186093666
2022-03-07,42591.87669563932
2022-03-08,41868.008073600424
2022-03-09,41747.0635331192
2022-03-10,43393.38003876834
2022-03-11,42505.28644235377
2022-03-14,42753.46472944936
2022-03-15,42821.853904949574
2022-03-16,43527.054043362594
2022-03-17,45035.56161656449
2022-03-18,45333.79359641712
2022-03-22,46007.47622280505
2022-03-23,47390.02644665328
2022-03-24,47512.19269488714
2022-03-25,47582.34626127884
2022-03-28,47237.6766803302
2022-03-29,47762.71888237823
2022-03-30,47385.515266863644
2022-03-31,47040.97294050729
2022-04-01,46781.55458423394
2022-04-04,46904.17638050162
2022-04-05,46994.71629369146
2022-04-06,46257.897102436975
2022-04-07,45480.28963309894
2022-04-08,45648.083886142536
2022-04-11,45373.50749914587
2022-04-12,44553.69286008677
2022-04-13,45417.3113196576
2022-04-14,45976.48606134414
2022-04-15,45846.484031277185
2022-04-18,45353.17992120555
2022-04-19,45670.23362412569
2022-04-20,46067.52781546654
2022-04-21,46638.29605906121
2022-04-22,45883.66855590196
2022-04-25,45016.04718664206
2022-04-26,45204.43694756721
2022-04-27,44676.96850613888
2022-04-28,45461.29629587755
2022-05-02,45414.88062194296
2022-05-06,45731.556442884845
2022-05-09,44576.059504086734
2022-05-10,44321.45427389689
2022-05-11,44403.52900203543
2022-05-12,43619.18375782771
2022-05-13,44772.58427834078
2022-05-16,44978.153478536486
2022-05-17,45172.39798548306
2022-05-18,45601.78642842718
2022-05-19,44743.626201507795
2022-05-20,45316.6612872215
2022-05-23,45764.867091815024
2022-05-24,45338.72782002633
2022-05-25,45222.80421785971
2022-05-26,45102.41996820952
2022-05-27,45405.528908910535
2022-05-30,46405.38787837976
2022-05-31,46256.8
2022-06-01,46558.78
2022-06-02,46484.15
2022-06-03,47073.71
2022-06-06,47335.38
2022-06-08,47875.27
2022-06-09,47896.02
2022-06-10,47180.05
2022-06-13,45761.05
2022-06-14,45154.72
2022-06-15,44639.75
2022-06-16,44818.17
2022-06-17,44024.86
2022-06-20,43699.75
2022-06-21,44508.89
2022-06-22,44351.91
2022-06-23,44392.68
2022-06-24,44940.04
2022-06-27,45588.02
2022-06-28,45892.29
2022-06-29,45536.88
2022-06-30,44843.6
2022-07-01,44066.41
2022-07-04,44437.13
2022-07-05,44895.3
2022-07-06,44358.7
2022-07-07,45009.24
2022-07-08,45054.54
2022-07-11,45555.95
2022-07-12,44747.8
2022-07-13,44989.25
2022-07-14,45268.95
2022-07-15,45515.45
2022-07-19,45809.75
2022-07-20,47030.67
2022-07-21,47239.21
2022-07-22,47428.93
2022-07-25,47062.93
2022-07-26,46988.1
2022-07-27,47091.86
2022-07-28,47264.11
2022-07-29,47240.59
2022-08-01,47566.34
2022-08-02,46889.0
2022-08-03,47139.07
2022-08-04,47462.5
2022-08-05,47876.56
2022-08-08,48001.23
2022-08-09,47577.72
2022-08-10,47270.79
2022-08-12,48507.22
2022-08-15,49059.43
2022-08-16,49054.55
2022-08-17,49655.84
2022-08-18,49178.99
2022-08-19,49158.92
2022-08-22,48928.12
2022-08-23,48347.41
2022-08-24,48110.74
2022-08-25,48392.03
2022-08-26,48667.93
2022-08-29,47372.41
2022-08-30,47937.59
2022-08-31,47760.69
2022-09-01,47029.51
2022-09-02,47011.44
2022-09-05,46958.34
2022-09-06,46970.07
2022-09-07,46636.48
2022-09-08,47716.06
2022-09-09,47970.49
2022-09-12,48527.06
2022-09-13,48650.36
2022-09-14,47296.99
2022-09-15,47394.39
2022-09-16,46870.88
2022-09-20,47076.21
2022-09-21,46438.14
2022-09-22,46167.3
2022-09-26,44939.27
2022-09-27,45177.84
2022-09-28,44501.34
2022-09-29,45302.28
2022-09-30,44470.99
2022-10-03,44948.63
2022-10-04,46279.85
2022-10-05,46499.86
2022-10-06,46826.95
2022-10-07,46492.28
2022-10-11,45266.61
2022-10-12,45259.03
2022-10-13,44985.71
2022-10-14,46448.82
2022-10-17,45908.78
2022-10-18,46560.91
2022-10-19,46734.49
2022-10-20,46305.13
2022-10-21,46105.59
2022-10-24,46250.16
2022-10-25,46722.32
2022-10-26,47033.62
2022-10-27,46885.43
2022-10-28,46474.82
2022-10-31,47302.96
2022-11-01,47461.03
2022-11-02,47433.97
2022-11-04,46639.08
2022-11-07,47202.89
2022-11-08,47793.69
2022-11-09,47527.42
2022-11-10,47064.74
2022-11-11,48473.18
2022-11-14,47958.5
2022-11-15,48004.34
2022-11-16,48069.73
2022-11-17,47902.12
2022-11-18,47849.3
2022-11-21,47926.65
2022-11-22,48219.84
2022-11-24,48678.36
2022-11-25,48506.75
2022-11-28,48300.6
2022-11-29,48069.09
2022-11-30,47968.16
2022-12-01,48409.08
2022-12-02,47640.43
2022-12-05,47713.32
2022-12-06,47825.6
2022-12-07,47483.5
2022-12-08,47291.47
2022-12-09,47851.57
2022-12-12,47750.93
2022-12-13,47943.91
2022-12-14,48289.25
2022-12-15,48110.01
2022-12-16,47210.33
2022-12-19,46713.86
2022-12-20,45565.45
2022-12-21,45256.21
2022-12-22,45462.27
2022-12-23,44994.71
2022-12-26,45287.33
2022-12-27,45359.36
2022-12-28,45175.22
2022-12-29,44825.86
2022-12-30,44827.29
2023-01-04,44178.55
2023-01-05,44357.11
2023-01-06,44620.03
2023-01-10,44966.54
2023-01-11,45431.12
2023-01-12,45437.68
2023-01-13,44870.26
2023-01-16,44359.71
2023-01-17,44903.18
2023-01-18,46024.0
2023-01-19,45361.09
2023-01-20,45615.85
2023-01-23,46221.42
2023-01-24,46896.81
2023-01-25,47061.42
2023-01-26,47006.0
2023-01-27,47040.03
2023-01-30,47130.42
2023-01-31,46947.81
2023-02-01,46981.77
2023-02-02,47076.55
2023-02-03,47261.08
2023-02-06,47577.52
2023-02-07,47563.47
2023-02-08,47427.73
2023-02-09,47389.75
2023-02-10,47538.58
2023-02-13,47119.97
2023-02-14,47421.39
2023-02-15,47248.03
2023-02-16,47582.32
2023-02-17,47267.39
2023-02-20,47299.71
2023-02-21,47198.62
2023-02-22,46565.06
2023-02-24,47164.91
2023-02-27,47141.63
2023-02-28,47178.76
2023-03-01,47300.76
2023-03-02,47270.4
2023-03-03,48007.16
2023-03-06,48540.58
2023-03-07,48663.28
2023-03-08,48895.4
2023-03-09,49203.03
2023-03-10,48379.32
2023-03-13,47844.7
2023-03-14,46794.53
2023-03-15,46807.32
2023-03-16,46431.08
2023-03-17,46987.5
2023-03-20,46320.31
2023-03-22,47215.82
2023-03-23,47135.61
2023-03-24,47076.54
2023-03-27,47234.21
2023-03-28,47305.34
2023-03-29,47931.69
2023-03-30,48201.91
2023-03-31,48651.96
2023-04-03,48906.43
2023-04-04,49078.66
2023-04-05,48255.99
2023-04-06,47665.0
2023-04-07,47744.25
2023-04-10,47944.38
2023-04-11,48447.03
2023-04-12,48723.47
2023-04-13,48852.33
2023-04-14,49437.94
2023-04-17,49474.91
2023-04-18,49724.85
2023-04-19,49634.51
2023-04-20,49722.67
2023-04-21,49560.96
2023-04-24,49611.54
2023-04-25,49657.61
2023-04-26,49304.72
2023-04-27,49376.22
2023-04-28,50068.1
2023-05-01,50530.91
2023-05-02,50591.24
2023-05-08,50230.22
2023-05-09,50738.49
2023-05-10,50529.17
2023-05-11,50537.05
2023-05-12,50990.91
2023-05-15,51403.93
2023-05-16,51779.83
2023-05-17,52214.64
2023-05-18,53048.07
2023-05-19,53454.81
2023-05-22,53937.98
2023-05-23,53714.07
2023-05-24,53236.82
2023-05-25,53442.34
2023-05-26,53642.78
2023-05-29,54193.2
2023-05-30,54357.37
2023-05-31,53593.44
2023-06-01,54044.79
2023-06-02,54697.55
2023-06-05,55900.34
2023-06-06,56402.39
2023-06-07,55373.41
2023-06-08,54900.65
2023-06-09,55983.18
2023-06-12,56276.12
2023-06-13,57290.54
2023-06-14,58129.93
2023-06-15,58102.64
2023-06-16,58485.4
2023-06-19,57902.98
2023-06-20,57935.53
2023-06-21,58266.1
2023-06-22,57730.38
2023-06-23,56892.06
2023-06-26,56751.78
2023-06-27,56472.96
2023-06-28,57612.4
2023-06-29,57744.08
2023-06-30,57670.18
2023-07-03,58650.71
2023-07-04,58075.89
2023-07-05,57930.24
2023-07-06,56947.3
2023-07-07,56279.01
2023-07-10,55933.76
2023-07-11,55957.81
2023-07-12,55506.65
2023-07-13,56332.72
2023-07-14,56283.94
2023-07-18,56462.27
2023-07-19,57161.04
2023-07-20,56456.41
2023-07-21,56132.74
2023-07-24,56822.04
2023-07-25,56790.02
2023-07-26,56765.4
2023-07-27,57152.58
2023-07-28,56927.7
2023-07-31,57645.38
2023-08-01,58174.28
2023-08-02,56838.13
2023-08-03,55885.12
2023-08-04,55943.28
2023-08-07,56050.74
2023-08-08,56264.02
2023-08-09,55963.91
2023-08-10,56432.1
2023-08-14,55713.15
2023-08-15,56024.18
2023-08-16,55203.82
2023-08-17,54959.11
2023-08-18,54654.58
2023-08-21,54854.22
2023-08-22,55360.04
2023-08-23,55626.88
2023-08-24,56108.16
2023-08-25,54956.13
2023-08-28,55904.46
2023-08-29,56003.48
2023-08-30,56223.19
2023-08-31,56720.29
2023-09-01,56879.01
2023-09-04,57276.44
2023-09-05,57446.12
2023-09-06,57801.3
2023-09-07,57366.69
2023-09-08,56698.55
2023-09-11,56456.71
2023-09-12,56993.34
2023-09-13,56871.88
2023-09-14,57674.5
2023-09-15,58309.16
2023-09-19,57804.91
2023-09-20,57424.43
2023-09-21,56637.15
2023-09-22,56343.94
2023-09-25,56824.24
2023-09-26,56192.03
2023-09-27,56290.89
2023-09-28,55813.22
2023-09-29,55787.13
2023-10-02,55615.97
2023-10-03,54701.98
2023-10-04,53456.81
2023-10-05,54417.27
2023-10-06,54275.97
2023-10-10,55592.58
2023-10-11,55925.26
2023-10-12,56902.66
2023-10-13,56589.78
2023-10-16,55439.44
2023-10-17,56107.08
2023-10-18,56110.51
2023-10-19,55039.46
2023-10-20,54739.56
2023-10-23,54284.6
2023-10-24,54394.57
2023-10-25,54758.05
2023-10-26,53588.04
2023-10-27,54272.89
2023-10-30,53757.28
2023-10-31,54040.84
2023-11-01,55340.93
2023-11-02,55950.77
2023-11-06,57280.46
2023-11-07,56515.76
2023-11-08,56332.23
2023-11-09,57172.98
2023-11-10,57037.48
2023-11-13,57071.14
2023-11-14,57265.25
2023-11-15,58708.57
2023-11-16,58541.67
2023-11-17,58823.29
2023-11-20,58477.95
2023-11-21,58418.59
2023-11-22,58589.69
2023-11-24,58893.92
2023-11-27,58582.4
2023-11-28,58513.6
2023-11-29,58360.92
2023-11-30,58651.09
2023-12-01,58555.88
2023-12-04,58205.16
2023-12-05,57407.43
2023-12-06,58581.09
2023-12-07,57551.92
2023-12-08,56587.8
2023-12-11,57435.43
2023-12-12,57526.33
2023-12-13,57671.09
2023-12-14,57250.55
2023-12-15,57748.51
2023-12-18,57377.94
2023-12-19,58184.36
2023-12-20,58984.02
2023-12-21,58046.13
2023-12-22,58096.19
2023-12-25,58245.03
2023-12-26,58335.79
2023-12-27,58993.29
2023-12-28,58836.77
2023-12-29,58704.41
