date,value
1969-05-02,319.9562223516419
1969-05-05,321.1546046336633
1969-05-06,321.1702513919568
1969-05-07,323.6562692735004
1969-05-08,320.12782191280206
1969-05-09,321.9184806360737
1969-05-12,324.7232533958858
1969-05-13,324.2132151872376
1969-05-14,329.44686938417817
1969-05-16,333.6896053286553
1969-05-19,337.58247454732884
1969-05-20,337.33137009791966
1969-05-21,335.1720209248176
1969-05-22,340.1248113558744
1969-05-23,339.9397171711716
1969-05-27,341.1423303539982
1969-05-28,339.55292806979
1969-05-29,339.3676880637259
1969-05-30,341.48699244635776
1969-06-02,343.03605905889543
1969-06-03,342.69198405316547
1969-06-04,347.0354672634192
1969-06-06,349.041352649218
1969-06-09,351.0422107978423
1969-06-10,344.97731870677643
1969-06-11,338.0103670735334
1969-06-12,336.0671853870262
1969-06-13,338.9243461077944
1969-06-16,339.33204599890416
1969-06-18,336.87736455318844
1969-06-19,334.24077266284974
1969-06-20,325.31122898215705
1969-06-23,315.1484273419375
1969-06-24,322.6059686271853
1969-06-25,322.29185688147743
1969-06-26,321.4113651442413
1969-06-27,323.88488388893484
1969-06-30,323.81826965872057
1969-07-01,322.14013407468457
1969-07-02,323.50346061372176
1969-07-03,323.1947082668822
1969-07-04,324.03028187529065
1969-07-07,322.98416474238326
1969-07-08,320.52346975572164
1969-07-09,314.6663037781519
1969-07-10,314.90676694411934
1969-07-11,309.4769563422344
1969-07-14,301.9811756316723
1969-07-15,304.8633409898325
1969-07-16,310.0977148857153
1969-07-17,312.5518814801832
1969-07-18,315.0892415409605
1969-07-21,313.69373762230134
1969-07-22,315.6753372525459
1969-07-23,314.7920270951348
1969-07-24,311.5498112424293
1969-07-25,312.9586357573417
1969-07-28,311.0053053936323
1969-07-29,309.25549010470456
1969-07-30,310.2785799958798
1969-07-31,313.700582027572
1969-08-01,318.67856042411006
1969-08-04,318.85922757338045
1969-08-05,318.42212734282094
1969-08-06,322.6907205211435
1969-08-07,324.5326446741089
1969-08-08,325.4314087143538
1969-08-11,323.8690441837504
1969-08-12,326.5948319925274
1969-08-13,327.3506192466756
1969-08-14,325.6885475224848
1969-08-15,326.0303018006492
1969-08-18,326.74762159411245
1969-08-19,326.6201532670822
1969-08-20,325.98451594302685
1969-08-21,327.519598596182
1969-08-22,329.81741510931334
1969-08-25,332.05498624002814
1969-08-26,329.6072156386682
1969-08-27,330.14313693207305
1969-08-28,333.8185565500811
1969-08-29,337.45613260661054
1969-09-01,339.9999366440801
1969-09-02,342.83736549624984
1969-09-03,340.9863202031629
1969-09-04,339.4224109162721
1969-09-05,338.45547129319846
1969-09-08,336.8466368474759
1969-09-09,333.61647613834543
1969-09-10,333.59462598634906
1969-09-11,333.4897631522763
1969-09-12,331.38703178762705
1969-09-15,328.7469237148396
1969-09-16,329.9422822771004
1969-09-17,332.6160621686286
1969-09-18,334.8364450936789
1969-09-19,336.2987151574964
1969-09-22,335.96699036545147
1969-09-23,332.66643550028
1969-09-24,332.9324498863018
1969-09-25,332.66114093398744
1969-09-26,338.10218293645084
1969-09-29,336.5347432020426
1969-09-30,333.3763925244675
1969-10-01,331.3535283105634
1969-10-02,333.12731367726246
1969-10-03,337.3519114059288
1969-10-06,342.8139186421859
1969-10-07,351.5987495281445
1969-10-08,350.0482166924214
1969-10-09,349.4513067883953
1969-10-10,349.9858628604652
1969-10-13,347.408246836996
1969-10-14,343.7536290306703
1969-10-15,341.5686499878228
1969-10-16,342.78513223621337
1969-10-17,343.3580512382946
1969-10-20,346.1848116564397
1969-10-21,346.7638038844578
1969-10-22,347.7982158939932
1969-10-23,347.27803741406524
1969-10-24,345.9357988551956
1969-10-27,343.43240124361034
1969-10-28,340.6673303872998
1969-10-29,342.3571696999652
1969-10-30,346.36433940422734
1969-10-31,348.61647004108767
1969-11-03,348.2682106168931
1969-11-04,349.04816966798575
1969-11-05,350.4953621836996
1969-11-06,352.17082506685887
1969-11-07,353.86891449030344
1969-11-10,354.7555270481394
1969-11-11,359.0403513694278
1969-11-12,364.8946603643546
1969-11-13,366.34468576419147
1969-11-14,364.02867636548245
1969-11-17,366.81984824621287
1969-11-18,364.2139826748916
1969-11-20,359.78765484615474
1969-11-21,360.5755621831634
1969-11-24,361.46384722392094
1969-11-25,363.4323783780199
1969-11-26,365.7354367130198
1969-11-27,365.71138181030045
1969-12-01,366.1718349907167
1969-12-02,366.7939159027139
1969-12-03,363.8510291143413
1969-12-04,360.2890498605116
1969-12-05,353.1602788799229
1969-12-08,347.5678179266767
1969-12-09,350.4674730521865
1969-12-10,351.54517624507645
1969-12-11,352.210619306358
1969-12-12,353.49504582372833
1969-12-15,350.17422302839896
1969-12-16,346.1946023946338
1969-12-17,343.3517564427938
1969-12-18,345.5281636779056
1969-12-19,345.8586420324724
1969-12-22,343.1151666337396
1969-12-23,343.1776075816465
1969-12-29,343.85947231508123
1969-12-30,345.0047110730338
1969-12-31,347.4284005591991
1970-01-02,351.2408234671156
1970-01-05,350.96764821941025
1970-01-06,347.62304994260296
1970-01-07,348.2427519235192
1970-01-08,348.52749003406626
1970-01-09,345.7393755991781
1970-01-12,342.5590937126692
1970-01-13,339.48945928857273
1970-01-14,336.6423344317655
1970-01-15,330.8868014226958
1970-01-16,325.4088209469805
1970-01-19,324.34746512003346
1970-01-20,324.9639629419537
1970-01-21,330.2805595806202
1970-01-22,331.84963018357564
1970-01-23,330.3968297787287
1970-01-26,330.7908625378847
1970-01-27,331.8569076477378
1970-01-28,332.30731553531274
1970-01-29,327.4369218370745
1970-01-30,326.20609064907694
1970-02-02,322.00523035298903
1970-02-03,320.436746350106
1970-02-04,322.90328491613553
1970-02-05,323.07223509012425
1970-02-06,327.2782359275705
1970-02-09,328.401341777286
1970-02-10,328.4591404131256
1970-02-11,325.99249809964795
1970-02-12,326.8915057345094
1970-02-13,325.7705456571597
1970-02-16,323.58273623045073
1970-02-17,323.63968679171865
1970-02-18,320.83307624055016
1970-02-19,323.8097809090122
1970-02-20,323.5859303365536
1970-02-23,324.42937504066333
1970-02-24,323.1941511559213
1970-02-25,320.27254436581586
1970-02-26,319.09233880294886
1970-02-27,317.40574667532894
1970-03-02,314.1441718129522
1970-03-03,309.02558653476285
1970-03-04,311.32988829969145
1970-03-05,314.36633831923723
1970-03-06,315.8846209373668
1970-03-09,310.14365223402973
1970-03-10,312.50602149866785
1970-03-11,315.3195876911809
1970-03-12,320.1611848229121
1970-03-13,324.0470777061677
1970-03-16,320.83716570039
1970-03-17,321.2316528821959
1970-03-18,320.8937638379967
1970-03-19,317.681565639142
1970-03-20,316.2155822302579
1970-03-23,314.2980599595461
1970-03-24,315.3683324779485
1970-03-25,316.1005933824427
1970-03-26,319.879039214207
1970-03-31,323.15105313383543
1970-04-01,323.8850383592849
1970-04-02,324.33709270396656
1970-04-03,322.8136959422217
1970-04-06,323.43506815824475
1970-04-07,327.3316548519225
1970-04-08,329.14000388753124
1970-04-09,328.3506526139985
1970-04-10,328.012975265865
1970-04-13,325.47146405699743
1970-04-14,320.61191817987964
1970-04-15,324.7946981386565
1970-04-16,322.9296653582715
1970-04-17,317.727796920527
1970-04-20,318.06649362063484
1970-04-21,320.72447558295426
1970-04-22,318.12189145295486
1970-04-23,315.9710588196942
1970-04-24,311.8386241673253
1970-04-27,306.1763719796391
1970-04-28,301.5877918421302
1970-04-29,296.82769774709686
1970-04-30,301.8638809216639
1970-05-04,300.72745341940885
1970-05-05,301.8568361636158
1970-05-06,304.6299044224442
1970-05-08,303.15328534683783
1970-05-11,298.9552386043111
1970-05-12,295.4360398138126
1970-05-13,289.8174791704764
1970-05-14,284.9342168532206
1970-05-15,280.2761152255794
1970-05-19,278.7368342616088
1970-05-20,272.3168367516194
1970-05-21,265.5540057796979
1970-05-22,265.2601438755952
1970-05-25,261.0485867688258
1970-05-26,253.25796291129956
1970-05-27,252.56417490462573
1970-05-29,276.0131336352243
1970-06-01,269.243767105759
1970-06-02,277.01955255777057
1970-06-03,280.8194960309299
1970-06-04,283.25645443874464
1970-06-05,275.1759035229221
1970-06-08,273.57521251388374
1970-06-09,276.35342624180834
1970-06-10,275.6056568761431
1970-06-11,279.06794121974986
1970-06-12,280.0844623567338
1970-06-15,278.8246853595767
1970-06-16,278.4752748784712
1970-06-18,275.4497281860736
1970-06-19,275.669046532629
1970-06-22,274.6923488222444
1970-06-23,271.49360552505004
1970-06-24,266.5274456320593
1970-06-25,267.7710780795708
1970-06-26,268.5021676743181
1970-06-29,265.0150006169724
1970-06-30,265.06164325682823
1970-07-01,265.90667254933334
1970-07-02,264.35643505108004
1970-07-03,263.3761133088783
1970-07-06,261.0831216107947
1970-07-07,260.21599465617373
1970-07-08,268.2526326033966
1970-07-09,267.61479897342923
1970-07-10,270.74515054211275
1970-07-13,277.474341999134
1970-07-14,275.0671468725295
1970-07-15,274.03014315728643
1970-07-16,280.42060471627804
1970-07-17,277.0982824273275
1970-07-20,272.8602589891992
1970-07-21,270.79308658840324
1970-07-22,273.3565603204321
1970-07-23,273.46185863970845
1970-07-24,277.28503136313395
1970-07-27,275.6176068023952
1970-07-28,276.06663932231555
1970-07-29,280.2928523968684
1970-07-30,280.8573229362892
1970-07-31,281.99446053822743
1970-08-03,284.7352062118044
1970-08-04,283.35362609308453
1970-08-05,285.92372263949574
1970-08-06,288.09369613359445
1970-08-07,288.9465708199152
1970-08-10,292.0347455774398
1970-08-11,291.34101087736684
1970-08-12,294.545328138265
1970-08-13,292.4183239519727
1970-08-14,286.9643651602768
1970-08-17,284.31902336427925
1970-08-18,285.63117378532723
1970-08-19,285.6240661705993
1970-08-20,286.64994563524766
1970-08-21,288.4797609262256
1970-08-24,291.28616093092995
1970-08-25,289.55744089859144
1970-08-26,288.3449631626597
1970-08-27,286.67253480520816
1970-08-28,286.4357421421975
1970-08-31,285.3944238193615
1970-09-01,284.00791127322645
1970-09-02,286.1846509088348
1970-09-03,285.60263066465546
1970-09-04,285.1353964906211
1970-09-07,284.1503973558654
1970-09-08,283.2225623285554
1970-09-09,281.834147452086
1970-09-10,280.2726118116547
1970-09-11,278.5954144616309
1970-09-14,275.8815175241125
1970-09-15,276.56335662184455
1970-09-16,273.0419863610295
1970-09-17,272.85967517254875
1970-09-18,275.1541682517136
1970-09-21,273.4742400568492
1970-09-22,274.7324345319395
1970-09-23,276.0486946270027
1970-09-24,280.3628050692841
1970-09-25,282.37232481667473
1970-09-28,282.6526715796485
1970-09-29,280.85690008790607
1970-09-30,280.79096557032733
1970-10-01,276.80188722710835
1970-10-02,276.1581668674964
1970-10-05,278.22673639746745
1970-10-06,278.3911510813962
1970-10-07,276.82360868061045
1970-10-08,274.73581033610367
1970-10-09,275.01517986565113
1970-10-12,271.5399685963175
1970-10-13,269.56565348141
1970-10-14,271.1154993921178
1970-10-15,272.43470175399364
1970-10-16,272.598260149532
1970-10-19,273.224388578052
1970-10-20,275.2963604300185
1970-10-21,280.66566661430966
1970-10-22,276.6080435055755
1970-10-23,283.0787078698745
1970-10-26,284.4015737886527
1970-10-27,283.9307464620923
1970-10-28,278.65520784006685
1970-10-29,279.5726966410269
1970-10-30,276.37913610564715
1970-11-02,274.6902737865717
1970-11-03,275.89716112935304
1970-11-04,276.81477770583257
1970-11-05,276.11018077607514
1970-11-06,276.27469144083415
1970-11-09,273.8886668058792
1970-11-10,273.82091495915284
1970-11-11,276.1886408152668
1970-11-12,273.4533241948854
1970-11-13,269.150794509463
1970-11-16,267.9797630907087
1970-11-17,269.2455449009756
1970-11-19,263.2568172923701
1970-11-20,260.516749779717
1970-11-23,258.8788508402864
1970-11-24,259.6212610301436
1970-11-25,262.3967528658902
1970-11-26,266.1607545266476
1970-11-27,267.0210130438953
1970-11-30,266.31256300318324
1970-12-01,268.3936853682543
1970-12-02,267.2782902746944
1970-12-03,266.80205420056456
1970-12-04,264.81368618813104
1970-12-07,260.49810880097226
1970-12-08,260.5439564678728
1970-12-09,262.8007702981518
1970-12-10,264.5346278257337
1970-12-11,267.3749509663231
1970-12-14,264.2784758957832
1970-12-15,264.26676496459305
1970-12-16,263.4979972218271
1970-12-17,263.1949060292701
1970-12-18,262.7751904289313
1970-12-21,259.0924782884818
1970-12-22,259.0215277419715
1970-12-23,261.4568280952832
1970-12-28,260.8615902918627
1970-12-29,259.44984887891326
1970-12-30,260.25362579345443
1970-12-31,258.957916896328
1971-01-04,259.1740323090211
1971-01-05,263.2994083827925
1971-01-06,267.3093667813929
1971-01-07,270.9120307630448
1971-01-08,275.2163078808865
1971-01-11,277.59530321502587
1971-01-12,278.9239887352424
1971-01-13,284.63317588981585
1971-01-14,281.348971184689
1971-01-15,284.13935268361865
1971-01-18,282.4900183810593
1971-01-19,286.45021413327004
1971-01-20,286.3787878215037
1971-01-21,283.5014157464254
1971-01-22,286.2358498996804
1971-01-25,291.5440474886377
1971-01-26,292.2336512056684
1971-01-27,293.976349725248
1971-01-28,298.17670832452
1971-01-29,299.5698119572441
1971-02-01,296.6913047793975
1971-02-02,296.7383986362464
1971-02-03,293.4487296541921
1971-02-04,293.0269149943149
1971-02-05,297.75811009559874
1971-02-08,298.56675319048463
1971-02-09,296.62252817712783
1971-02-10,294.1503994418404
1971-02-11,295.31040822529
1971-02-12,300.6903345192241
1971-02-15,312.4608832019132
1971-02-16,316.7899631821031
1971-02-17,314.2604289826648
1971-02-18,311.61279717745646
1971-02-19,313.1285346859291
1971-02-22,318.1057005181053
1971-02-23,315.1053826356373
1971-02-24,311.9280630407002
1971-02-25,309.51266881762484
1971-02-26,313.2010516455792
1971-03-01,312.25274962513737
1971-03-02,310.0123817670243
1971-03-03,310.53139478860504
1971-03-04,311.2855042362639
1971-03-05,315.3295200842644
1971-03-08,316.4371336626585
1971-03-09,317.1337514660661
1971-03-10,315.53847395085927
1971-03-11,314.0602434153272
1971-03-12,316.6380969546364
1971-03-15,313.45435597865094
1971-03-16,318.032438106328
1971-03-17,316.7300905049764
1971-03-18,313.19185555215023
1971-03-19,309.4759704310142
1971-03-22,308.40700205424906
1971-03-23,308.3382429493405
1971-03-24,312.33118367036525
1971-03-25,316.7375004041881
1971-03-26,318.1421101825195
1971-03-29,317.1325278510518
1971-03-30,316.59383862009025
1971-03-31,317.29212514566274
1971-04-01,319.16905459686217
1971-04-02,318.7482701841103
1971-04-05,318.7988651465007
1971-04-06,315.90199342509527
1971-04-07,316.7186028003199
1971-04-08,318.24308245793634
1971-04-13,317.82177650169245
1971-04-14,314.33300640046446
1971-04-15,311.1970930300473
1971-04-16,311.0694717063236
1971-04-19,306.2205806610859
1971-04-20,304.91161706374805
1971-04-21,304.01546861238603
1971-04-22,299.5173682504427
1971-04-23,294.30918399827044
1971-04-26,294.0605864916731
1971-04-27,299.1283856853675
1971-04-28,305.43847923500897
1971-04-29,300.7597264115355
1971-04-30,297.8524677551076
1971-05-03,296.30379104570534
1971-05-04,295.7596346632977
1971-05-05,292.61365375239427
1971-05-06,294.4342332677863
1971-05-07,294.8358514225232
1971-05-10,290.68254132256374
1971-05-11,292.089499329382
1971-05-12,296.04143546292687
1971-05-13,299.16602605477715
1971-05-14,298.5031857928487
1971-05-17,295.5311974609914
1971-05-18,295.28204306096137
1971-05-19,295.32891322547897
1971-05-21,294.3096214678802
1971-05-24,296.1335692934624
1971-05-25,296.9508300031869
1971-05-26,298.47945991583583
1971-05-27,303.0905624705123
1971-05-28,305.6876441510259
1971-06-01,307.2776475241942
1971-06-02,303.05702950629666
1971-06-03,298.5385210222367
1971-06-04,300.06881351728435
1971-06-07,298.0400479798766
1971-06-08,297.1379948304329
1971-06-09,296.3543363574639
1971-06-11,299.96261449642924
1971-06-14,305.4716486524485
1971-06-15,303.67958789428803
1971-06-16,305.212341197425
1971-06-18,303.6572201328202
1971-06-21,300.1413678110009
1971-06-22,299.0602115953049
1971-06-23,298.92942185559224
1971-06-24,296.89684517091194
1971-06-25,296.9439716532191
1971-06-28,298.35841519510404
1971-06-29,301.55702835685275
1971-06-30,301.0696917790757
1971-07-01,302.5449149527607
1971-07-02,304.43699858393404
1971-07-05,305.25875966886287
1971-07-06,303.5220744937239
1971-07-07,304.4629645835145
1971-07-08,305.88033371560925
1971-07-09,306.7623475482172
1971-07-12,308.4782266547053
1971-07-13,307.9316736394178
1971-07-14,306.1341528649667
1971-07-15,307.13587780018656
1971-07-16,307.8995918018914
1971-07-19,306.87585150387514
1971-07-20,306.9841610720313
1971-07-21,307.8078001901075
1971-07-22,308.3932206853788
1971-07-23,307.1303678795114
1971-07-26,307.9543992707445
1971-07-27,308.0629273273162
1971-07-28,308.8276966776139
1971-07-29,311.5019910288721
1971-07-30,312.5659058739739
1971-08-02,311.3621523092997
1971-08-03,313.2620784613151
1971-08-04,314.32675501699333
1971-08-05,311.9284344442059
1971-08-06,313.5904431078288
1971-08-09,312.02746851725817
1971-08-10,308.7912393109822
1971-08-11,308.661001911912
1971-08-12,309.06855641986425
1971-08-13,307.384296773166
1971-08-16,302.59097823783395
1971-08-17,297.377596560067
1971-08-18,301.1323020641063
1971-08-19,302.5556803739088
1971-08-20,302.9027913635372
1971-08-23,304.62601992790934
1971-08-24,306.11044171319145
1971-08-25,304.3038158728457
1971-08-26,303.0353037553199
1971-08-27,301.8262450981136
1971-08-30,299.71867994756326
1971-08-31,299.3470673751807
1971-09-01,297.7175683985843
1971-09-02,297.88463101695135
1971-09-03,297.0931401888414
1971-09-06,294.3838870891342
1971-09-07,294.2508199699016
1971-09-08,292.01976495731225
1971-09-09,286.8504080921012
1971-09-10,283.5381592051615
1971-09-13,282.62364526386204
1971-09-14,281.5288946860948
1971-09-15,281.4536035906161
1971-09-16,280.5383005815782
1971-09-17,280.0427567358241
1971-09-20,276.42612606273974
1971-09-21,273.8287981113231
1971-09-22,273.452003935845
1971-09-23,276.37764357545325
1971-09-24,277.3824088038119
1971-09-27,283.25278978215186
1971-09-28,284.1387980614616
1971-09-29,286.46710400895586
1971-09-30,288.4956700958346
1971-10-01,291.6067295530865
1971-10-04,286.9041126786366
1971-10-05,283.52267597552054
1971-10-06,282.24477419286603
1971-10-07,282.0490083405165
1971-10-08,283.35695336463573
1971-10-11,281.6572700107719
1971-10-12,285.4325373806413
1971-10-13,284.93622641360395
1971-10-14,282.3933137564412
1971-10-15,281.4749547568903
1971-10-18,279.2919171006725
1971-10-19,276.08446745026595
1971-10-20,274.2612270099999
1971-10-21,275.32879762457577
1971-10-22,273.6253375589654
1971-10-25,272.282867758865
1971-10-26,269.37304155018563
1971-10-27,265.4978650283609
1971-10-28,263.8520102203382
1971-10-29,266.30570145631657
1971-11-01,263.45334501189205
1971-11-02,257.0415210800056
1971-11-03,259.01269650818097
1971-11-04,258.81247471963815
1971-11-05,255.7760470383361
1971-11-08,257.0237065658892
1971-11-09,260.625893994544
1971-11-10,262.6595389537746
1971-11-11,266.5656471484497
1971-11-12,263.1052841358193
1971-11-15,259.88541112464964
1971-11-16,258.47681389972
1971-11-18,261.78052264486246
1971-11-19,259.1027483490693
1971-11-22,258.3581664779845
1971-11-23,260.6962300678589
1971-11-24,260.737610420913
1971-11-25,262.7744382383554
1971-11-26,266.5657491954682
1971-11-29,272.4752900977051
1971-11-30,270.7641477331868
1971-12-01,275.28456682362696
1971-12-02,278.71712533611594
1971-12-03,275.61407179091395
1971-12-06,271.0571898211444
1971-12-07,269.40497212743844
1971-12-08,274.9581534456896
1971-12-09,276.27363046441576
1971-12-10,277.6500902766524
1971-12-13,279.32989212168195
1971-12-14,278.4047555189905
1971-12-15,276.5096885477733
1971-12-16,279.46293124235194
1971-12-17,279.08294325269674
1971-12-20,285.37220045334067
1971-12-21,287.72182053759127
1971-12-22,286.797096668374
1971-12-23,286.84262001603406
1971-12-27,287.07015732821094
1971-12-28,284.5672254756517
1971-12-29,286.615107274892
1971-12-30,287.87455814057773
1971-12-31,287.4953006144582
1972-01-03,286.134174614768
1972-01-04,294.48863977200887
1972-01-05,293.6746209397858
1972-01-06,293.28557232641964
1972-01-07,289.676842834062
1972-01-10,286.8570222274045
1972-01-11,288.04678666542605
1972-01-12,289.78376319148947
1972-01-13,289.57630400963615
1972-01-14,289.855063605934
1972-01-17,290.7418048778917
1972-01-18,295.7631056568803
1972-01-19,297.5628794399179
1972-01-20,298.0859963598256
1972-01-21,301.2853818100511
1972-01-24,301.3832735614343
1972-01-25,301.6636938838349
1972-01-26,303.2218989789618
1972-01-27,303.2592000849726
1972-01-28,304.6962572550188
1972-01-31,306.6814585143886
1972-02-01,307.08442711281737
1972-02-02,309.86185428704584
1972-02-03,310.50885775880016
1972-02-04,308.7201743717513
1972-02-07,310.2198374289338
1972-02-08,308.61340178580537
1972-02-09,309.7479001298898
1972-02-10,312.83230517972777
1972-02-11,316.2830614224091
1972-02-14,319.18618966078543
1972-02-15,319.7130409401758
1972-02-16,323.95831920739164
1972-02-17,318.75533805474714
1972-02-18,321.72114838040045
1972-02-21,322.30952926946026
1972-02-22,319.17792102609246
1972-02-23,320.62003079749417
1972-02-24,324.624521997987
1972-02-25,326.9217586000118
1972-02-28,327.9992409163338
1972-02-29,332.0060924769348
1972-03-01,330.521171202947
1972-03-02,322.1996144022366
1972-03-03,325.71885939411777
1972-03-06,322.76732083985786
1972-03-07,316.212461331479
1972-03-08,314.968922922392
1972-03-09,320.8709649298009
1972-03-10,319.9331031630487
1972-03-13,317.7120962894585
1972-03-14,321.7836796033864
1972-03-15,326.8339480618912
1972-03-16,328.4019864165985
1972-03-17,327.8311772069699
1972-03-20,331.17243489504284
1972-03-21,333.2306545805369
1972-03-22,329.1750502017932
1972-03-23,333.9241597599335
1972-03-24,335.4941945067538
1972-03-27,334.4344819343326
1972-03-28,337.47311483904343
1972-03-29,340.3901254718601
1972-03-30,342.9407163042332
1972-04-04,343.8396432888891
1972-04-05,338.9856840866884
1972-04-06,335.8444205360467
1972-04-07,334.6001472652771
1972-04-10,339.96797130546537
1972-04-11,338.11155661054823
1972-04-12,341.9500916488888
1972-04-13,344.9320824968356
1972-04-14,342.5855337583398
1972-04-17,341.89251512655875
1972-04-18,335.2560277857183
1972-04-19,339.03527319786355
1972-04-20,338.8931213092726
1972-04-21,338.5670480661206
1972-04-24,334.9919208265008
1972-04-25,328.96354739652503
1972-04-26,330.5982466776041
1972-04-27,335.7288161718735
1972-04-28,336.4447630167194
1972-05-02,334.21660571468107
1972-05-03,339.2267991517889
1972-05-04,343.19519160336284
1972-05-05,343.66694096191594
1972-05-08,342.8500500975894
1972-05-09,346.881709313233
1972-05-10,349.74805117300014
1972-05-11,353.2290063758341
1972-05-12,354.4820213651887
1972-05-15,358.4740742364229
1972-05-16,357.3513044262945
1972-05-17,360.2820830274172
1972-05-18,353.32347804267
1972-05-19,353.0597580544456
1972-05-23,354.5164121513735
1972-05-24,353.20807996719634
1972-05-25,348.1503868507604
1972-05-26,348.31614933247346
1972-05-29,346.084430587544
1972-05-30,346.0040396648632
1972-05-31,345.9236237208246
1972-06-02,347.31912354502833
1972-06-05,350.4371027498063
1972-06-06,351.40290060274765
1972-06-07,353.5993327844501
1972-06-08,350.8125597887836
1972-06-09,350.3634331617065
1972-06-12,346.46779115825206
1972-06-13,344.4176950343369
1972-06-14,341.5668321225479
1972-06-15,347.02663707479195
1972-06-16,347.62348578955783
1972-06-19,349.8215761881164
1972-06-20,346.1077231483254
1972-06-21,343.1936936071147
1972-06-22,340.2789387507862
1972-06-23,335.2686758865747
1972-06-26,328.5934543270559
1972-06-27,330.11291684159454
1972-06-28,332.6805292538516
1972-06-29,328.89966568718467
1972-06-30,338.6807342218105
1972-07-03,343.65494033437705
1972-07-04,336.97581062764334
1972-07-05,333.9336639764504
1972-07-06,337.3054446047417
1972-07-07,338.58068192431074
1972-07-10,338.560637991132
1972-07-11,343.4767697202599
1972-07-12,346.234254195445
1972-07-13,341.03087295538086
1972-07-14,339.0358986842567
1972-07-17,342.3494377148426
1972-07-18,342.57677274464686
1972-07-19,341.81619377547486
1972-07-20,346.2428766949062
1972-07-21,350.2382963408931
1972-07-24,355.40832628868844
1972-07-25,358.91161021142125
1972-07-26,357.28755520572435
1972-07-27,358.1966102847664
1972-07-28,360.89810242092994
1972-07-31,362.54951191607046
1972-08-01,363.3977163163119
1972-08-02,362.0204826985039
1972-08-03,362.8688199139883
1972-08-04,364.1502302486125
1972-08-07,364.6897958409403
1972-08-08,365.2294885902959
1972-08-09,369.2954062247866
1972-08-10,369.34083542084176
1972-08-11,367.6537281729439
1972-08-14,367.57518711889225
1972-08-15,364.4639247304879
1972-08-16,362.5279773780165
1972-08-17,358.42479837545727
1972-08-18,360.0786752093242
1972-08-21,359.441824354014
1972-08-22,358.06165098958024
1972-08-23,355.7520669221855
1972-08-24,354.0613606534721
1972-08-25,351.7507020485182
1972-08-28,350.49279897719225
1972-08-29,355.7412537528108
1972-08-30,355.9709430575336
1972-08-31,356.2006834777699
1972-09-01,358.35219816704017
1972-09-04,357.3423041213919
1972-09-05,355.09202981401995
1972-09-06,356.5000192537954
1972-09-07,356.916003870601
1972-09-08,357.7042605767286
1972-09-11,357.5001166281127
1972-09-12,355.1243612952584
1972-09-13,352.0654405417412
1972-09-14,347.7025019362788
1972-09-15,347.74527486240527
1972-09-18,341.890908974606
1972-09-19,339.8221460446403
1972-09-20,341.9750317774387
1972-09-21,346.7986649507702
1972-09-22,347.7108075841038
1972-09-25,344.0267775921486
1972-09-26,344.81455181841574
1972-09-27,347.1557331596326
1972-09-28,347.5091205259354
1972-09-29,344.9418226205024
1972-10-02,342.62249210870345
1972-10-03,343.47271202834696
1972-10-04,346.68548196498386
1972-10-05,346.6659551972292
1972-10-06,345.65150263168204
1972-10-09,342.6467178135242
1972-10-10,343.3108450510283
1972-10-11,341.3003040633039
1972-10-12,339.475900587388
1972-10-13,338.7087929795258
1972-10-16,336.32355471837565
1972-10-17,334.74679083958
1972-10-18,333.29412043898066
1972-10-19,336.6966977646231
1972-10-20,338.2323329165034
1972-10-23,333.5416769989372
1972-10-24,331.58992717501746
1972-10-25,331.50615378866735
1972-10-26,337.215303340134
1972-10-27,336.3846239266978
1972-10-30,335.9898696663522
1972-10-31,339.7699614301144
1972-11-01,339.9363990126118
1972-11-02,338.23303521842143
1972-11-03,339.27201305513995
1972-11-06,341.86982249807977
1972-11-07,341.9118779120649
1972-11-08,342.3904482834809
1972-11-09,346.3616384607076
1972-11-10,349.0863192745357
1972-11-13,349.6906950399971
1972-11-14,349.6713234829785
1972-11-15,347.1560723201057
1972-11-16,349.50774345469546
1972-11-17,351.2982771714532
1972-11-20,345.97339509371847
1972-11-21,340.5847598281116
1972-11-23,344.6849540222061
1972-11-24,348.53637425569883
1972-11-27,349.3911065729163
1972-11-28,344.00022482309686
1972-11-29,340.0447187424336
1972-11-30,343.21023803526674
1972-12-01,340.8156843960012
1972-12-04,338.42053428325295
1972-12-05,335.58730950247605
1972-12-06,333.3159210951084
1972-12-07,336.6700794981582
1972-12-08,339.64993420949537
1972-12-11,337.19061246091763
1972-12-12,334.85574892072805
1972-12-13,330.95672629211754
1972-12-14,333.2492710395909
1972-12-15,331.8514198778145
1972-12-18,330.2029539671822
1972-12-19,332.3085158958116
1972-12-20,337.35592643026825
1972-12-21,339.1499248825152
1972-12-22,339.0038550498449
1972-12-27,339.9220221648648
1972-12-28,338.89942935239617
1972-12-29,335.9353594553166
1973-01-02,341.62157720887683
1973-01-03,346.11935612151615
1973-01-04,348.4258391299365
1973-01-05,349.2919243904853
1973-01-08,348.1529940912217
1973-01-09,348.32986834764534
1973-01-10,347.0650765160808
1973-01-11,347.30451932103466
1973-01-12,350.3028986191337
1973-01-15,350.981852110844
1973-01-16,348.21139153838703
1973-01-17,348.2629268249989
1973-01-18,352.5179675045106
1973-01-19,358.0919595200869
1973-01-22,359.77664148891466
1973-01-23,353.9926191271559
1973-01-24,360.0714848423792
1973-01-25,360.0619905082904
1973-01-26,357.10115768420064
1973-01-29,354.83027618447875
1973-01-30,350.9255760899958
1973-01-31,350.6634013894872
1973-02-01,351.2807843634749
1973-02-02,345.04868117669804
1973-02-05,335.5464879925787
1973-02-06,336.0361686216523
1973-02-07,342.2470889771055
1973-02-08,343.0522822538396
1973-02-09,337.38027531488893
1973-02-12,341.9588018958078
1973-02-13,346.4128547963273
1973-02-14,343.6958410061019
1973-02-15,339.27903960758795
1973-02-16,341.5948892306885
1973-02-19,337.11350644601504
1973-02-20,342.1996421056832
1973-02-21,344.64285184840264
1973-02-22,345.8273454397489
1973-02-23,341.72179782032845
1973-02-26,342.528254964817
1973-02-27,344.279935515432
1973-02-28,342.314608211462
1973-03-01,340.53774433117496
1973-03-02,339.3275933189436
1973-03-05,342.2775108668744
1973-03-06,342.51730636842285
1973-03-07,345.34243955637794
1973-03-08,347.3485567439798
1973-03-09,347.7153343662175
1973-03-12,350.1639629101544
1973-03-13,352.48712099080427
1973-03-14,357.8398472957712
1973-03-15,354.73725338489606
1973-03-16,359.7762746089325
1973-03-19,361.5340239398192
1973-03-20,360.8298627456506
1973-03-21,363.15660736841295
1973-03-22,365.7998190517101
1973-03-23,367.0541295136921
1973-03-26,363.2547010470172
1973-03-27,357.9376765912652
1973-03-28,362.0983401001512
1973-03-29,362.91038415163376
1973-03-30,361.9526742052532
1973-04-02,361.1843419327882
1973-04-03,359.40405318316107
1973-04-04,354.71409805626087
1973-04-05,356.600887619989
1973-04-06,358.9943125637345
1973-04-09,356.2635611437566
1973-04-10,357.20220109216257
1973-04-11,358.2676884249618
1973-04-12,359.7132719632051
1973-04-13,356.34790398678075
1973-04-16,355.64083984401645
1973-04-17,351.51393490450005
1973-04-18,352.0726457205519
1973-04-19,355.10197707676025
1973-04-24,351.6700346251347
1973-04-25,346.14605241309
1973-04-26,344.2327035555407
1973-04-27,346.12175502359486
1973-04-30,343.9542518451294
1973-05-02,337.72838823954373
1973-05-03,334.67122014083293
1973-05-04,333.7060197173651
1973-05-07,326.5878012467334
1973-05-08,330.8231593348477
1973-05-09,327.5727724316809
1973-05-10,326.4155417194404
1973-05-11,326.5273191459072
1973-05-14,320.5453000655682
1973-05-15,313.2282617039215
1973-05-16,316.9574168071026
1973-05-17,315.22616427926783
1973-05-18,311.6524487487736
1973-05-21,306.68011765520856
1973-05-22,310.28342771131963
1973-05-23,312.99818110788675
1973-05-24,314.25201051259734
1973-05-25,317.6037594035227
1973-05-28,315.55290165797487
1973-05-29,309.0507522144434
1973-05-30,308.90571965709245
1973-06-01,303.73622893089845
1973-06-04,308.4882983207703
1973-06-05,306.62538602906
1973-06-06,309.597674193612
1973-06-07,308.4980150743438
1973-06-08,307.20708142226886
1973-06-12,309.41687479456
1973-06-13,311.6909793193296
1973-06-14,310.3362512508439
1973-06-15,309.1721689555156
1973-06-18,314.31347104288767
1973-06-19,316.6533183706316
1973-06-20,320.39553365903384
1973-06-22,320.7615635089477
1973-06-25,318.5146956117154
1973-06-26,311.93275266867863
1973-06-27,310.958905628032
1973-06-28,307.4981119203423
1973-06-29,302.8246543494762
1973-07-02,304.974193037805
1973-07-03,304.8917516439561
1973-07-04,300.3434029059813
1973-07-05,300.64308500522657
1973-07-06,297.24144845020453
1973-07-09,292.0516418658557
1973-07-10,296.18039667430827
1973-07-11,301.2680449836846
1973-07-12,299.14156153803566
1973-07-13,302.82611395334925
1973-07-16,297.1222820910127
1973-07-17,292.82217638236506
1973-07-18,289.4152854975729
1973-07-19,291.05568622410993
1973-07-20,288.6061907133189
1973-07-23,286.21988222697064
1973-07-24,284.2803762637123
1973-07-25,282.65999141921804
1973-07-26,274.1324950418865
1973-07-27,276.92334599997264
1973-07-30,282.78554213318574
1973-07-31,287.24191982545176
1973-08-01,286.13264848091177
1973-08-02,289.6308590116588
1973-08-03,296.3304336251378
1973-08-06,291.70111670083764
1973-08-07,288.09482322260345
1973-08-08,293.0041442009592
1973-08-09,292.7913303281268
1973-08-10,294.9484490287784
1973-08-13,293.3264498631447
1973-08-14,290.93508605447454
1973-08-15,289.7605747043658
1973-08-16,292.4312370985256
1973-08-17,290.9360799010507
1973-08-20,289.6328057667016
1973-08-21,286.91848509353514
1973-08-22,287.2174698033171
1973-08-23,287.19583831324496
1973-08-24,284.54407811824365
1973-08-27,283.046380524008
1973-08-28,288.0933989519741
1973-08-29,286.2107077560632
1973-08-30,286.5740029222452
1973-08-31,288.22133300628525
1973-09-03,290.25437990071947
1973-09-04,293.7007628005466
1973-09-05,290.9183320746346
1973-09-06,290.1905732422788
1973-09-07,290.3620096359573
1973-09-10,286.99954251672426
1973-09-11,286.7207023473287
1973-09-12,287.2130462062707
1973-09-13,283.8485950427304
1973-09-14,280.7403031275026
1973-09-17,278.33839609215767
1973-09-18,278.8940788926709
1973-09-19,279.77152288883576
1973-09-20,278.590657533049
1973-09-21,277.98849251317466
1973-09-24,277.38614292977934
1973-09-25,279.5510342967898
1973-09-26,279.9786169698511
1973-09-27,282.53078410273605
1973-09-28,280.44782293566897
1973-10-01,280.81131293723104
1973-10-02,283.9443737049683
1973-10-03,285.21029563533966
1973-10-04,284.2217037937092
1973-10-05,282.33072595989023
1973-10-08,278.37696080298304
1973-10-09,281.0607758733892
1973-10-10,278.5882971212633
1973-10-11,280.69266762690825
1973-10-12,287.37591580859095
1973-10-15,287.8698907594588
1973-10-16,284.7519253386569
1973-10-17,287.9551117463963
1973-10-18,290.25594754648733
1973-10-19,293.33181550613176
1973-10-22,293.2461497086728
1973-10-23,297.2270397128491
1973-10-24,301.2736523522607
1973-10-25,299.96231571420697
1973-10-26,308.01431555161923
1973-10-29,306.63899268744524
1973-10-30,302.421014501128
1973-10-31,304.1455306364673
1973-11-01,305.8059336520872
1973-11-02,301.5213117908067
1973-11-05,293.4219529614665
1973-11-06,292.10784228566445
1973-11-07,288.5304369808336
1973-11-08,294.97486814161573
1973-11-09,296.44133676625364
1973-11-12,290.14629430829285
1973-11-13,288.96007663111567
1973-11-14,284.02077243626485
1973-11-15,279.4035467192814
1973-11-16,274.8496582739924
1973-11-19,278.38583332653087
1973-11-20,279.9160749342338
1973-11-22,270.63344172493134
1973-11-23,265.4279083057108
1973-11-26,257.88908883728857
1973-11-27,256.50209692671626
1973-11-28,265.3514472602922
1973-11-29,269.6026470092832
1973-11-30,265.4948151706428
1973-12-03,266.9601059462148
1973-12-04,270.37065186299736
1973-12-05,265.6127222984392
1973-12-06,259.4915816590062
1973-12-07,257.065432526298
1973-12-10,255.7412843972639
1973-12-11,258.3092990219707
1973-12-12,253.48111397162805
1973-12-13,252.0260368520056
1973-12-14,252.0633367059404
1973-12-17,254.89196927014692
1973-12-18,251.61856479691508
1973-12-19,253.73368668653367
1973-12-20,250.91373166727044
1973-12-21,253.548989930502
1973-12-27,260.7973627044996
1973-12-28,262.46025918692754
1973-12-31,257.56050966919304
1974-01-02,251.43307123414348
1974-01-03,255.313893552521
1974-01-04,257.83079056137086
1974-01-07,263.5999223128306
1974-01-08,265.9891290137116
1974-01-09,272.4122854791088
1974-01-10,269.46888849195045
1974-01-11,272.7063799376192
1974-01-14,273.08128822646273
1974-01-15,274.9535510851635
1974-01-16,277.9984367257572
1974-01-17,280.9792921856639
1974-01-18,283.5052909609541
1974-01-21,273.6548942489528
1974-01-22,277.7442168593985
1974-01-23,278.25078704257777
1974-01-24,273.9994368049834
1974-01-25,274.57068561359216
1974-01-28,274.6857101118053
1974-01-29,276.5615731438679
1974-01-30,281.1776307176946
1974-01-31,282.7943731599485
1974-02-01,284.80319270114103
1974-02-04,283.4843695454256
1974-02-05,278.18335180728553
1974-02-06,278.2991145581164
1974-02-07,280.30854561578894
1974-02-08,279.57569357570213
1974-02-11,280.67156581796803
1974-02-12,280.26516150243816
1974-02-13,280.708086708668
1974-02-14,278.4715285061288
1974-02-15,274.9921368322512
1974-02-18,267.1309436460044
1974-02-19,267.1794149885114
1974-02-20,263.5652152634664
1974-02-21,263.94012475051085
1974-02-22,263.8571593424408
1974-02-25,263.7741551240304
1974-02-26,264.41109116738403
1974-02-27,261.05491530152204
1974-02-28,262.1499085794802
1974-03-01,261.3461274137398
1974-03-04,259.1010392023752
1974-03-05,258.2963939583965
1974-03-06,264.10939180304416
1974-03-07,267.6962496585763
1974-03-08,280.5921460383523
1974-03-11,281.6920025398546
1974-03-12,281.2841206614434
1974-03-13,266.38230875437523
1974-03-14,268.79207324260983
1974-03-15,270.7434503746905
1974-03-18,271.0550526853721
1974-03-19,267.8883286590801
1974-03-20,268.79029402737655
1974-03-21,265.6876414218075
1974-03-22,263.3061813907029
1974-03-25,265.2586429993649
1974-03-26,263.7958908087508
1974-03-27,261.412761244621
1974-03-28,260.8030488064157
1974-03-29,262.8878957609523
1974-04-01,264.38184218347857
1974-04-02,268.1775801794036
1974-04-03,274.9339690420581
1974-04-04,274.12879845770885
1974-04-05,275.56003819664573
1974-04-08,274.7546711761611
1974-04-09,272.83024079403606
1974-04-10,273.0113893427346
1974-04-11,277.2742696157794
1974-04-16,278.64148611012126
1974-04-17,279.87747426766384
1974-04-18,277.2934976107831
1974-04-19,278.46379145397725
1974-04-22,278.8437841286716
1974-04-23,276.9172327056794
1974-04-24,272.8147100503051
1974-04-25,274.4465116680772
1974-04-26,279.63970973790254
1974-04-29,279.0968759607069
1974-04-30,280.400848875042
1974-05-02,277.2188712174982
1974-05-03,279.11685891371303
1974-05-06,281.0155240486903
1974-05-07,283.7730302713924
1974-05-08,283.6264480364479
1974-05-09,280.1119455314894
1974-05-10,279.76648093418123
1974-05-13,275.3911873477284
1974-05-14,274.2518481744875
1974-05-15,278.2006137955241
1974-05-16,281.09324779684346
1974-05-17,280.81371023283435
1974-05-20,280.26957994838693
1974-05-21,278.402592510162
1974-05-22,279.1806996361147
1974-05-24,279.9590796292111
1974-05-27,276.6352832758112
1974-05-28,278.2738157508358
1974-05-29,274.02178804743136
1974-05-30,270.49644896816733
1974-05-31,273.591513031752
1974-06-04,273.0450967137952
1974-06-05,274.8169052633293
1974-06-06,275.264288456752
1974-06-07,274.5853219889244
1974-06-10,274.237484359012
1974-06-11,275.9444695383245
1974-06-12,273.6740075688162
1974-06-14,272.5963441040104
1974-06-18,269.79382593659835
1974-06-19,268.9140581710305
1974-06-20,267.9012628995328
1974-06-21,265.6935839660483
1974-06-24,266.20640980777046
1974-06-25,269.7067665866294
1974-06-26,270.8844633252381
1974-06-27,263.0972914860892
1974-06-28,263.9420941569354
1974-07-01,268.1088919461821
1974-07-02,269.81868629008426
1974-07-03,266.4782972980962
1974-07-04,265.8619500489985
1974-07-05,262.25367518840216
1974-07-08,259.70798230016413
1974-07-09,259.88811978542293
1974-07-10,261.1991300606368
1974-07-11,262.2444840447943
1974-07-12,263.7560064752601
1974-07-15,262.8055459504824
1974-07-16,263.9183005112649
1974-07-17,261.03672241030887
1974-07-18,263.0818179649456
1974-07-19,260.26562593577376
1974-07-22,258.98054735287536
1974-07-23,259.8936954695359
1974-07-24,261.47356001081545
1974-07-25,262.3874734022966
1974-07-26,260.9018239002324
1974-07-29,260.4157597477268
1974-07-30,261.6633925517353
1974-07-31,263.9786656668996
1974-08-01,268.6963923160261
1974-08-02,268.478252859666
1974-08-05,266.2579503794965
1974-08-06,272.58057951943874
1974-08-07,275.1001551718671
1974-08-08,277.88771971597055
1974-08-09,278.9399010750278
1974-08-12,277.1870244322829
1974-08-13,280.8449606981633
1974-08-14,279.02495713567754
1974-08-15,276.6696229639541
1974-08-16,278.1235608200954
1974-08-19,279.5111592947407
1974-08-20,276.1515734292451
1974-08-21,275.33222881757246
1974-08-22,270.96724002106043
1974-08-23,271.35093492257613
1974-08-26,267.5189502321215
1974-08-27,269.17381041927507
1974-08-28,265.47390004747587
1974-08-29,264.04907555884466
1974-08-30,264.8336196546576
1974-09-02,267.8957138214095
1974-09-03,266.67150108634064
1974-09-04,260.55562320799373
1974-09-05,261.1390241294524
1974-09-06,261.8566829310466
1974-09-09,260.69748442583494
1974-09-10,257.6604045889481
1974-09-11,260.72504353742534
1974-09-12,261.04065716887635
1974-09-13,256.52601758827603
1974-09-16,251.07030635988156
1974-09-17,255.14265266956104
1974-09-18,256.33007607725386
1974-09-19,260.20341166457047
1974-09-20,260.7878201353868
1974-09-23,264.7976646870959
1974-09-24,264.98005951419583
1974-09-25,262.4750872635432
1974-09-26,261.04435948722266
1974-09-27,258.0000578879547
1974-09-30,253.20685048629343
1974-10-01,254.3285546018377
1974-10-02,255.18166820119063
1974-10-03,252.0667856653001
1974-10-04,250.83436268250412
1974-10-07,251.21629646183973
1974-10-08,255.9053101370524
1974-10-09,252.7209568567114
1974-10-10,255.4596313511827
1974-10-11,253.75533904928977
1974-10-14,253.3299695202436
1974-10-15,256.8785046980534
1974-10-16,257.3293305177986
1974-10-17,253.4005243889744
1974-10-18,254.99656072385025
1974-10-21,253.89692977856444
1974-10-22,256.504891272569
1974-10-23,256.753725424374
1974-10-24,255.58634819897907
1974-10-25,256.91436651254486
1974-10-28,256.42124797647705
1974-10-29,257.8173615430196
1974-10-30,257.86414292096487
1974-10-31,259.8685401551916
1974-11-01,259.3080509944752
1974-11-04,255.303414563648
1974-11-05,253.32352220593916
1974-11-06,251.54555880957344
1974-11-07,252.13172444467085
1974-11-08,255.4887725994177
1974-11-11,258.5766644582626
1974-11-12,257.54195573547963
1974-11-13,258.53528398498906
1974-11-14,265.00669261741126
1974-11-15,266.2046288874665
1974-11-18,263.9528159143082
1974-11-19,261.49718476935897
1974-11-21,262.83046369948295
1974-11-22,264.29959167860443
1974-11-25,264.27984957721844
1974-11-26,268.5259462112429
1974-11-27,271.1481854222336
1974-11-28,271.8747481414937
1974-11-29,271.7885832462198
1974-12-02,276.3778735662887
1974-12-03,274.1237442845434
1974-12-04,275.4614051401678
1974-12-05,276.0537683786459
1974-12-06,278.816251495285
1974-12-09,279.9519951927884
1974-12-10,277.2894224954264
1974-12-11,278.4931308423145
1974-12-12,277.52577962194164
1974-12-13,276.2187109583593
1974-12-16,274.3680881337223
1974-12-17,273.5352235349984
1974-12-18,271.95505422231207
1974-12-19,274.04202618888473
1974-12-20,273.5482869552658
1974-12-23,271.2198328087757
1974-12-27,274.73489711998224
1974-12-30,273.1534672792422
1975-01-02,279.58236707038435
1975-01-03,285.1971535638726
1975-01-06,286.2574215942458
1975-01-07,283.10131362489744
1975-01-08,290.6915427427974
1975-01-09,292.977552760375
1975-01-10,297.5094992105142
1975-01-13,298.640267771288
1975-01-14,292.9655088193701
1975-01-15,291.3051498975835
1975-01-16,296.315945069151
1975-01-17,299.1493432976335
1975-01-20,297.8977223187449
1975-01-21,296.0327830319057
1975-01-22,294.03107738587346
1975-01-23,289.57626900229604
1975-01-24,294.3866281105289
1975-01-27,294.0193042938204
1975-01-28,298.8316267936009
1975-01-29,302.69099292513494
1975-01-30,302.8018850592768
1975-01-31,304.5492008507035
1975-02-03,304.6603744198195
1975-02-04,303.2711192515091
1975-02-05,303.85961663195854
1975-02-06,303.4249478867253
1975-02-07,304.69593480032177
1975-02-10,306.1037556597149
1975-02-11,307.37546584286514
1975-02-12,306.39494316046427
1975-02-13,305.27759747655455
1975-02-14,302.5895014293372
1975-02-17,305.43206331331675
1975-02-18,309.1633017887818
1975-02-19,312.4857314276947
1975-02-20,315.26254523568383
1975-02-21,319.2016987656999
1975-02-24,323.5519726169339
1975-02-25,326.3314921657461
1975-02-26,324.6686472850672
1975-02-27,329.6367969170444
1975-02-28,333.92258009561226
1975-03-03,339.44048374082246
1975-03-04,338.3940812251058
1975-03-05,332.49069936686845
1975-03-06,329.93790194002133
1975-03-07,334.3635669026419
1975-03-10,339.1326313054265
1975-03-11,346.7776112470059
1975-03-12,346.4842918537753
1975-03-13,343.1101095204292
1975-03-14,338.7763636874764
1975-03-17,335.67404090207503
1975-03-18,336.33783261191763
1975-03-19,332.686268491986
1975-03-20,330.1298268137207
1975-03-21,334.0820632395996
1975-03-24,333.30685607010577
1975-03-25,332.05164770599066
1975-03-26,338.13082713325633
1975-03-27,342.360619483821
1975-04-01,345.6316381123332
1975-04-02,348.1492141862335
1975-04-03,350.87325345806374
1975-04-04,352.08891952643245
1975-04-07,354.814265742501
1975-04-08,355.2074212356666
1975-04-09,356.28693912818994
1975-04-10,361.6907914402768
1975-04-11,364.07576836021934
1975-04-14,360.48845197809504
1975-04-15,361.15730756807056
1975-04-16,358.1866151451871
1975-04-17,356.3140160642477
1975-04-18,357.11993258021585
1975-04-21,356.62070589514764
1975-04-22,357.9078702486016
1975-04-23,360.56984439514525
1975-04-24,357.7339730785903
1975-04-25,356.6158437516106
1975-04-28,351.57853573210457
1975-04-29,352.86586414279554
1975-04-30,354.63494783880464
1975-05-02,356.4045226682862
1975-05-05,355.7669148753703
1975-05-06,358.6379406844853
1975-05-07,357.03711389400183
1975-05-09,356.1240250195342
1975-05-12,353.14578482581766
1975-05-13,350.09785390655657
1975-05-14,346.0163147493934
1975-05-15,345.58313492048217
1975-05-16,348.180048621702
1975-05-20,346.23171484619814
1975-05-21,344.0072700774766
1975-05-22,343.50463620207086
1975-05-23,340.5900857209482
1975-05-26,332.85047992691
1975-05-27,326.83184240276114
1975-05-28,321.9834180205464
1975-05-30,331.06094226119626
1975-06-02,335.7277610374271
1975-06-03,342.3959030767394
1975-06-04,336.9951363720904
1975-06-05,337.3876246614455
1975-06-06,341.2299881852505
1975-06-09,338.3109283548981
1975-06-10,338.4276887262879
1975-06-11,335.50739224157644
1975-06-12,331.82688216156527
1975-06-13,328.5595864046105
1975-06-16,329.22744293911603
1975-06-18,328.2379485194986
1975-06-19,331.32351268779024
1975-06-20,336.27518644186216
1975-06-23,336.599016268334
1975-06-24,334.8498512186279
1975-06-25,334.4824335159321
1975-06-26,333.4928053643831
1975-06-27,334.369454974416
1975-06-30,335.4537703132513
1975-07-01,339.99595798663154
1975-07-02,344.1936071700265
1975-07-03,343.0662802840797
1975-07-04,346.22782103693163
1975-07-07,351.18918888914413
1975-07-08,349.3703561949921
1975-07-09,349.0044045443681
1975-07-10,352.86072826824665
1975-07-11,357.41041873257075
1975-07-14,357.2531434743956
1975-07-15,359.38101803246167
1975-07-16,361.85577559995056
1975-07-17,360.6600208390566
1975-07-18,358.07836554235297
1975-07-21,360.831117563601
1975-07-22,357.0706890025858
1975-07-23,352.3388853158738
1975-07-24,352.8045132399226
1975-07-25,356.7366097098699
1975-07-28,359.0750621371659
1975-07-29,362.87043742679793
1975-07-30,366.0426676512137
1975-07-31,369.0076852542665
1975-08-01,368.08850752926287
1975-08-04,361.8957871390903
1975-08-05,361.80807081088665
1975-08-06,359.7769835515288
1975-08-07,361.6325437062525
1975-08-08,361.7530051194437
1975-08-11,363.9565240688298
1975-08-12,367.5495379618472
1975-08-13,364.8927114636516
1975-08-14,362.7908343366177
1975-08-15,359.0904634087488
1975-08-18,358.51579045934045
1975-08-19,358.35790762998977
1975-08-20,353.4737632810457
1975-08-21,352.3419271622387
1975-08-22,354.8944763139453
1975-08-25,351.9546597043497
1975-08-26,350.89165051262205
1975-08-27,345.51608751982883
1975-08-28,346.886534119714
1975-08-29,349.9966626648348
1975-09-01,345.4536558173924
1975-09-02,348.4948564165888
1975-09-03,345.96878258035804
1975-09-04,350.8207971496294
1975-09-05,354.00325831251274
1975-09-08,356.62956002307203
1975-09-09,355.4960004505384
1975-09-10,352.2029486824972
1975-09-11,351.6257112040341
1975-09-12,352.5810489461469
1975-09-15,350.6797669910215
1975-09-16,349.68390902043546
1975-09-17,345.5512714237816
1975-09-18,344.20584357641445
1975-09-19,347.6009635484881
1975-09-22,346.673808804363
1975-09-23,343.37525057216016
1975-09-24,345.3766880420799
1975-09-25,345.6347076467422
1975-09-26,345.3346426656354
1975-09-29,344.266920674134
1975-09-30,343.1291013695493
1975-10-01,346.87684384789054
1975-10-02,348.60119454896085
1975-10-03,352.4205634391268
1975-10-06,355.6125481527178
1975-10-07,352.58988542367354
1975-10-08,353.8270526011632
1975-10-09,356.0425631188007
1975-10-10,358.6080254005341
1975-10-13,358.7285122604139
1975-10-14,360.3865337320726
1975-10-15,358.340498689269
1975-10-16,357.55219345303203
1975-10-17,358.6513996383172
1975-10-20,360.5900227414959
1975-10-21,366.72534457641694
1975-10-22,367.6863943675035
1975-10-23,367.8082411472199
1975-10-24,367.5103224417423
1975-10-27,367.7721147448707
1975-10-28,372.7229805857469
1975-10-29,372.9155724713845
1975-10-30,373.6682496908557
1975-10-31,374.1410730999671
1975-11-03,375.5243413708733
1975-11-04,375.9275106540797
1975-11-05,376.3307862095581
1975-11-06,373.371569820655
1975-11-07,373.9847761605586
1975-11-10,375.43903566384125
1975-11-11,380.25772092319926
1975-11-12,379.960918382039
1975-11-13,382.1877501037426
1975-11-14,382.8025945140756
1975-11-17,383.9084671996264
1975-11-18,384.5938455293947
1975-11-20,381.9826904356236
1975-11-21,380.6335407325659
1975-11-24,383.6340994913921
1975-11-25,389.0915385767602
1975-11-26,388.7253559505737
1975-11-27,392.0090654945666
1975-11-28,394.2406574476762
1975-12-01,394.8579926456704
1975-12-02,390.7706238601969
1975-12-03,387.8057986726212
1975-12-04,386.2449645102418
1975-12-05,391.21710812165406
1975-12-08,388.9536843358849
1975-12-09,386.0571669223407
1975-12-10,383.5112293193969
1975-12-11,384.6197286023191
1975-12-12,382.1431541511687
1975-12-15,380.50960897526295
1975-12-16,384.1497061689438
1975-12-17,389.6194329975921
1975-12-18,390.7998774427247
1975-12-19,391.5585407818796
1975-12-22,393.0913804592247
1975-12-23,396.52465625319365
1975-12-29,398.551275962964
1975-12-30,396.495806715184
1976-01-02,403.73307954241807
1976-01-05,407.170225635542
1976-01-06,406.3126988836095
1976-01-07,401.8629716188292
1976-01-08,401.4270702985263
1976-01-09,402.6818492153957
1976-01-12,399.0752009814737
1976-01-13,398.56822131021806
1976-01-14,400.3164707902312
1976-01-15,404.461891224441
1976-01-16,399.7254029158312
1976-01-19,401.6155601582203
1976-01-20,398.7108363531752
1976-01-21,394.4651886918566
1976-01-22,395.3678099446315
1976-01-23,400.85649489407984
1976-01-26,402.1836300301503
1976-01-27,402.5231413876729
1976-01-28,399.3336938381098
1976-01-29,399.39051602134816
1976-01-30,403.8952166292429
1976-02-02,403.17596631244913
1976-02-03,402.032776205312
1976-02-04,406.0453295080322
1976-02-05,406.4563124559798
1976-02-06,408.2097767626719
1976-02-09,405.1587689602416
1976-02-10,405.0044060000601
1976-02-11,404.849990891395
1976-02-12,403.9886090234435
1976-02-13,402.0664503997532
1976-02-16,403.18433620613376
1976-02-17,406.6363472712133
1976-02-18,405.4210385809105
1976-02-19,405.2665016612607
1976-02-20,406.24394187253887
1976-02-23,408.283079917474
1976-02-24,408.695035021396
1976-02-25,406.9128583022145
1976-02-26,403.2187788653
1976-02-27,402.0725157210708
1976-03-01,402.9794758020607
1976-03-02,407.1445161545196
1976-03-03,408.05243831053815
1976-03-04,408.32302841720485
1976-03-05,410.2232950351357
1976-03-08,407.73061496977954
1976-03-09,409.6313220446524
1976-03-10,415.5728764574271
1976-03-11,420.523604113009
1976-03-12,419.9453176309992
1976-03-15,416.5303478430114
1976-03-16,418.575458925289
1976-03-17,421.25953897560805
1976-03-18,416.06969897980815
1976-03-19,414.0003058843316
1976-03-22,418.4589440126008
1976-03-23,417.66680722781376
1976-03-24,417.3713206660267
1976-03-25,415.86885046907145
1976-03-26,414.64995832896017
1976-03-29,416.7683619894684
1976-03-30,416.9697128347513
1976-03-31,414.6849217441693
1976-04-01,413.6782654810405
1976-04-02,413.3818571766077
1976-04-05,412.8721627745675
1976-04-06,410.08792867903
1976-04-07,406.0233655494485
1976-04-08,405.7967597483795
1976-04-09,405.7833964853722
1976-04-12,404.2766017611077
1976-04-13,405.2587570899762
1976-04-14,408.37524745819087
1976-04-15,411.7060498072981
1976-04-20,410.9107658060112
1976-04-21,408.9765956516576
1976-04-22,406.2589307008435
1976-04-23,404.1811560396847
1976-04-26,401.3196214068841
1976-04-27,399.88139046482127
1976-04-28,393.52879367256514
1976-04-29,394.5819668958801
1976-04-30,389.93646827625537
1976-05-03,391.41689928802936
1976-05-04,394.6079205796213
1976-05-05,398.3699781897513
1976-05-06,391.5127452108597
1976-05-07,390.4991371287293
1976-05-10,389.1287422533432
1976-05-11,391.6085904935521
1976-05-12,391.6643134526465
1976-05-13,383.3032916567777
1976-05-14,384.8559473186911
1976-05-17,389.619736591492
1976-05-18,389.960612256087
1976-05-19,386.0194326590746
1976-05-20,381.8629796782531
1976-05-21,379.4186798494663
1976-05-24,382.40006117650296
1976-05-25,375.81335232045865
1976-05-26,376.8667112274186
1976-05-28,380.2775646226032
1976-05-31,387.5471616467915
1976-06-01,388.1024597429347
1976-06-02,382.15499431630377
1976-06-03,383.5673195266856
1976-06-04,385.33744349673657
1976-06-08,383.67648587312175
1976-06-09,381.8005424868212
1976-06-10,382.78452090245344
1976-06-11,384.62703254949344
1976-06-14,381.67742223655074
1976-06-15,380.7301418286228
1976-06-16,382.28691656148015
1976-06-18,387.0644386299246
1976-06-21,389.3382645461185
1976-06-22,391.6843106151216
1976-06-23,389.2342956972714
1976-06-24,392.082200593554
1976-06-25,391.6366986325447
1976-06-28,389.4721004892394
1976-06-29,389.0260839621096
1976-06-30,388.5799325276999
1976-07-01,385.1958299600136
1976-07-02,381.7390877490562
1976-07-05,379.5714927733772
1976-07-06,384.64344524688994
1976-07-07,383.7661426748836
1976-07-08,379.8769646141072
1976-07-09,379.7875872656962
1976-07-12,379.9850795870559
1976-07-13,379.3935254785386
1976-07-14,379.66274871003856
1976-07-15,385.1702530415844
1976-07-16,383.1438343587988
1976-07-19,382.9830228536335
1976-07-20,384.3296823601945
1976-07-21,387.5434403912448
1976-07-22,391.76340231649846
1976-07-23,390.31098388551806
1976-07-26,387.1342818157568
1976-07-27,387.3330438544985
1976-07-28,386.81337372929465
1976-07-29,382.3413397700731
1976-07-30,383.8331175268245
1976-08-02,380.5094276294325
1976-08-03,376.9691122810101
1976-08-04,382.91851168071696
1976-08-05,380.3842532392104
1976-08-06,379.5034206000108
1976-08-09,376.60828532918055
1976-08-10,378.3165043375488
1976-08-11,382.111769600536
1976-08-12,382.4539843743376
1976-08-13,387.8342599602932
1976-08-16,388.5372759161336
1976-08-17,389.81641467414494
1976-08-18,390.5198966082815
1976-08-19,387.04688731091767
1976-08-20,386.16567357902585
1976-08-23,386.6528164264112
1976-08-24,385.1949389030879
1976-08-25,379.1252505933024
1976-08-26,380.9087175129602
1976-08-27,379.0890056321984
1976-08-30,379.6475341496862
1976-08-31,382.3690368653029
1976-09-01,380.6929422042165
1976-09-02,386.1557065053955
1976-09-03,387.2925242357604
1976-09-06,387.05909326769046
1976-09-07,388.70136365818337
1976-09-08,389.2617610316366
1976-09-09,385.0593740254557
1976-09-10,382.804530596894
1976-09-13,382.8590008044364
1976-09-14,383.3466588503336
1976-09-15,382.6791367715464
1976-09-16,381.9391995338314
1976-09-17,379.9711756606346
1976-09-20,382.842519480777
1976-09-21,386.7261427693535
1976-09-22,391.0444076190275
1976-09-23,388.3538504304416
1976-09-24,387.97543762302433
1976-09-27,385.86197151773615
1976-09-28,385.5553797070791
1976-09-29,383.5855694283344
1976-09-30,384.1463911538078
1976-10-01,386.2986319145652
1976-10-04,379.1918830968115
1976-10-05,380.0417008648307
1976-10-06,373.510896986889
1976-10-07,374.5772500810949
1976-10-08,371.6628844387316
1976-10-11,363.8973837031816
1976-10-12,358.5189399729626
1976-10-13,359.94580987786003
1976-10-14,363.98033119229314
1976-10-15,357.36820435631216
1976-10-18,356.1150560418666
1976-10-19,359.4261919196467
1976-10-20,363.8976980062544
1976-10-21,362.9348258976726
1976-10-22,358.63733966558715
1976-10-25,355.2810626009412
1976-10-26,358.3768826767196
1976-10-27,358.3553604448288
1976-10-28,353.03936190482545
1976-10-29,353.59735831685475
1976-11-01,355.17117369679784
1976-11-02,362.40494910618
1976-11-03,359.6989298893322
1976-11-04,366.4999106647237
1976-11-05,370.47184598819456
1976-11-08,365.0796488549319
1976-11-09,367.23726715520434
1976-11-10,369.1050120107591
1976-11-11,368.6491237723196
1976-11-12,367.03085467890486
1976-11-15,361.85223687630304
1976-11-16,364.8101693996158
1976-11-18,363.4086521750861
1976-11-19,366.0042230601342
1976-11-22,367.5101427223409
1976-11-23,373.3059186069657
1976-11-24,372.1229249201455
1976-11-25,369.557851901603
1976-11-26,371.1378363186957
1976-11-29,375.1188007281607
1976-11-30,370.7341930541364
1976-12-01,370.13206689400766
1976-12-02,369.02033888548993
1976-12-03,370.237408933406
1976-12-06,371.454817348252
1976-12-07,373.3278157430554
1976-12-08,371.12364037431337
1976-12-09,370.9579690988447
1976-12-10,370.9379168009208
1976-12-13,369.1695186041924
1976-12-14,366.8177474651258
1976-12-15,368.32730380908447
1976-12-16,366.4848762837676
1976-12-17,368.79657706478855
1976-12-20,367.463971032538
1976-12-21,366.422615622824
1976-12-22,370.1207509823437
1976-12-23,370.24634658061626
1976-12-27,369.7884458446737
1976-12-28,372.7591025947984
1976-12-29,371.79068570423294
1976-12-30,371.4787303478776
1977-01-03,376.1313604977527
1977-01-04,380.1284117203296
1977-01-05,378.28635964495953
1977-01-06,377.24691058319166
1977-01-07,382.6333423031008
1977-01-10,384.6617067660097
1977-01-11,384.3531784903877
1977-01-12,380.3186409218016
1977-01-13,380.2285679446712
1977-01-14,379.6999878337133
1977-01-17,378.44034842336185
1977-01-18,375.64522203343614
1977-01-19,375.9930407348252
1977-01-20,373.5623198775021
1977-01-21,371.4965357616
1977-01-24,370.3078563593389
1977-01-25,370.5087524859626
1977-01-26,374.4411267953218
1977-01-27,373.8377401150179
1977-01-28,376.0884491204272
1977-01-31,375.0459268472711
1977-02-01,377.22425210405567
1977-02-02,380.20861858833945
1977-02-03,377.62839596561184
1977-02-04,378.4897086099489
1977-02-07,378.3989992208458
1977-02-08,377.5756333665668
1977-02-09,377.7778378741419
1977-02-10,375.4884455795224
1977-02-11,374.2977875705103
1977-02-14,372.1537985029878
1977-02-15,373.01513769136585
1977-02-16,370.5036742488805
1977-02-17,367.698107570602
1977-02-18,367.8990079098551
1977-02-21,366.7794844765904
1977-02-22,367.053663285637
1977-02-23,368.2818728801335
1977-02-24,368.04259279260776
1977-02-25,365.8947563782978
1977-02-28,364.33358779131584
1977-03-01,365.0481170474471
1977-03-02,367.4518665090772
1977-03-03,367.2122474990989
1977-03-04,368.7355212074302
1977-03-07,366.3654350814946
1977-03-08,365.3172587263328
1977-03-09,363.01944013244974
1977-03-10,361.2354380767503
1977-03-11,362.3913602002916
1977-03-14,366.26793944526736
1977-03-15,368.9691196144787
1977-03-16,370.0531223366281
1977-03-17,368.489471108037
1977-03-18,372.6634569501934
1977-03-21,372.7919676054946
1977-03-22,371.3015930686195
1977-03-23,374.7418318805344
1977-03-24,375.459550903303
1977-03-25,375.07318041233214
1977-03-28,373.65586238811096
1977-03-29,375.6992577342795
1977-03-30,375.1654230609676
1977-03-31,375.5890410995845
1977-04-01,377.7072732633011
1977-04-04,378.72085106325466
1977-04-05,377.3764651362416
1977-04-06,378.906221153937
1977-04-07,379.4043788384717
1977-04-12,382.1145156101994
1977-04-13,386.7426494948892
1977-04-14,388.2746504037083
1977-04-15,392.4624674971575
1977-04-18,396.57773325884455
1977-04-19,394.8654272327662
1977-04-20,402.3029173737843
1977-04-21,405.9785928412939
1977-04-22,406.1860668712209
1977-04-25,403.51441173995386
1977-04-26,397.6670041115027
1977-04-27,401.2702884514248
1977-04-28,405.1700536905327
1977-04-29,407.74131720587945
1977-05-02,408.8357364052782
1977-05-03,409.48712645006793
1977-05-04,406.5914369278655
1977-05-05,400.0731800465256
1977-05-06,402.34985553279046
1977-05-09,403.6660472798876
1977-05-10,406.2396836578161
1977-05-11,407.630773550114
1977-05-12,403.25285739369
1977-05-13,400.7970566561519
1977-05-16,396.1948470690986
1977-05-17,400.397238235274
1977-05-18,402.9726206592272
1977-05-20,402.365830201668
1977-05-23,401.0185284159392
1977-05-24,397.1533476489514
1977-05-25,400.98866276751664
1977-05-26,401.1218377898787
1977-05-27,403.3291728993897
1977-05-31,400.054716560006
1977-06-01,397.001575768402
1977-06-02,393.7251957466123
1977-06-03,394.1538346897345
1977-06-06,397.3254335798937
1977-06-07,393.97348472210473
1977-06-08,395.6629206806862
1977-06-10,395.2021001439752
1977-06-13,395.7054044380862
1977-06-14,397.7667437483312
1977-06-15,400.5706444062458
1977-06-16,397.6614033443482
1977-06-20,394.8997291144184
1977-06-21,392.28568761979744
1977-06-22,393.3828786418557
1977-06-23,393.2181137418823
1977-06-24,390.973951343108
1977-06-27,390.6602191189658
1977-06-28,392.4263413828067
1977-06-29,389.8838630881416
1977-06-30,390.0899481160814
1977-07-01,393.1944485340192
1977-07-04,396.9688031228513
1977-07-05,400.0752082514522
1977-07-06,397.7549962187712
1977-07-07,394.6161224458815
1977-07-08,397.35167335180194
1977-07-11,395.7738306293992
1977-07-12,397.0224690274108
1977-07-13,397.8994438702432
1977-07-14,397.51160563397696
1977-07-15,398.0911880294143
1977-07-18,396.3633733168722
1977-07-19,396.1240077157
1977-07-20,396.4057786983061
1977-07-21,394.2301019216092
1977-07-22,395.5543994891588
1977-07-25,394.64430770438537
1977-07-26,394.4789722784982
1977-07-27,393.7919790596161
1977-07-28,393.47740129913217
1977-07-29,395.32427638856063
1977-08-01,398.1408009953305
1977-08-02,402.3747504106019
1977-08-03,402.2849264595552
1977-08-04,403.6866687819467
1977-08-05,406.28227148991056
1977-08-08,407.5357930581571
1977-08-09,405.5813190975866
1977-08-10,404.0740024531812
1977-08-11,407.5667781029949
1977-08-12,410.1648192905556
1977-08-15,412.5396446662354
1977-08-16,412.3764538569939
1977-08-17,413.6321035671492
1977-08-18,413.9171466198513
1977-08-19,412.2600438382729
1977-08-22,408.0622392162397
1977-08-23,409.16851365449673
1977-08-24,410.6487748594232
1977-08-25,410.6345637897898
1977-08-26,408.6019283139543
1977-08-29,405.7462455210376
1977-08-30,404.98349706400654
1977-08-31,404.59446065048905
1977-09-01,407.4965109222592
1977-09-02,408.8283702318382
1977-09-05,411.1333010523802
1977-09-06,413.3640675782743
1977-09-07,411.0299899260901
1977-09-08,409.2940548260058
1977-09-09,406.0602718687073
1977-09-12,407.0186584511104
1977-09-13,409.32531034679386
1977-09-14,408.5617555585017
1977-09-15,410.0452809059343
1977-09-16,408.2326887332866
1977-09-19,404.995832998483
1977-09-20,402.4325035737455
1977-09-21,401.892187622417
1977-09-22,400.0772832052838
1977-09-23,402.9853848216129
1977-09-26,400.8701377287512
1977-09-27,403.7791955721887
1977-09-28,407.0641497291877
1977-09-29,406.6740289769507
1977-09-30,406.2087521814828
1977-10-03,404.3175087895658
1977-10-04,407.6044442368901
1977-10-05,407.5894640797606
1977-10-06,410.2772189812554
1977-10-07,410.78822212655245
1977-10-10,412.6511380529296
1977-10-11,416.2421097139612
1977-10-12,415.4020233711883
1977-10-13,412.4579982235067
1977-10-14,412.8945120487547
1977-10-17,412.35414725493257
1977-10-18,416.624161884284
1977-10-19,415.48276415356463
1977-10-20,415.1680761585353
1977-10-21,415.5300681750009
1977-10-24,414.8392309910036
1977-10-25,411.8915758391513
1977-10-26,411.5009048965016
1977-10-27,414.27029223675584
1977-10-28,414.9333876425066
1977-10-31,417.1772246702963
1977-11-01,418.8947835178073
1977-11-02,419.4082527010187
1977-11-03,421.42781832007927
1977-11-04,420.887471070462
1977-11-07,419.8950359703104
1977-11-08,418.2243196757383
1977-11-09,419.11473401268137
1977-11-10,421.5124663798939
1977-11-11,424.6645375188637
1977-11-14,423.8980089814078
1977-11-15,425.9205436426319
1977-11-17,428.01906155963576
1977-11-18,428.0821560037864
1977-11-21,425.35473124763
1977-11-22,423.607091826453
1977-11-23,424.19763022696367
1977-11-24,422.97745773926425
1977-11-25,421.7569157282043
1977-11-28,420.8379059819146
1977-11-29,421.0509150891471
1977-11-30,420.9619868694618
1977-12-01,423.13828957160695
1977-12-02,425.08866333277615
1977-12-05,421.82796027874593
1977-12-06,416.6777263921383
1977-12-07,416.7391490059837
1977-12-08,417.7073567010076
1977-12-09,419.8094772538616
1977-12-12,417.7549291538084
1977-12-13,414.7169897305413
1977-12-14,412.0561886478061
1977-12-15,413.7805813388482
1977-12-16,413.99284011922674
1977-12-19,411.1037992087014
1977-12-20,407.07908453354247
1977-12-21,411.3006813622848
1977-12-22,415.4478314531955
1977-12-23,417.9310677771674
1977-12-27,419.5066438760134
1977-12-28,416.9943586339304
1977-12-29,415.9957369437355
1978-01-02,417.7117598741191
1978-01-03,417.4589211791072
1978-01-04,415.0850123512813
1978-01-05,420.7410081537664
1978-01-06,421.0945700130392
1978-01-09,420.6904374373171
1978-01-10,418.6946868513172
1978-01-11,419.80606808660593
1978-01-12,419.17420309953343
1978-01-13,421.3472888982028
1978-01-16,423.1417749274465
1978-01-17,426.7566493266847
1978-01-18,426.58033747409365
1978-01-19,424.58357741362414
1978-01-20,425.99999186797567
1978-01-23,426.506321118076
1978-01-24,425.6469742374272
1978-01-25,425.92571115697234
1978-01-26,422.5615234168524
1978-01-27,421.7772789829038
1978-01-30,418.6395110966323
1978-01-31,417.171287513676
1978-02-01,419.6511771898176
1978-02-02,422.2075955629016
1978-02-03,423.8532163118446
1978-02-06,424.4357942009991
1978-02-07,424.63866341809336
1978-02-08,425.2214630774856
1978-02-09,425.0445296109506
1978-02-10,427.9833754906814
1978-02-13,427.0466702942053
1978-02-14,424.13336976649737
1978-02-15,426.1608686759746
1978-02-16,427.3524920165641
1978-02-17,426.7194019962839
1978-02-20,426.39035578194574
1978-02-21,426.517582265983
1978-02-22,428.16620850304776
1978-02-23,427.7611212736756
1978-02-24,425.8341905734426
1978-02-27,425.1243289336156
1978-02-28,420.8373404954818
1978-03-01,419.441664547393
1978-03-02,420.7099769711968
1978-03-03,421.97858732683056
1978-03-06,421.57237316398
1978-03-07,421.3945086107264
1978-03-08,423.0444406137101
1978-03-09,423.5522219057808
1978-03-10,423.755405085628
1978-03-13,424.03481851901626
1978-03-14,420.04727585306296
1978-03-15,415.6015296245795
1978-03-16,415.72761701509313
1978-03-17,417.911786190217
1978-03-20,419.33413774707697
1978-03-21,420.5280963999739
1978-03-22,419.129777570668
1978-03-23,420.9340733037193
1978-03-28,418.5439457201204
1978-03-29,418.2890542104756
1978-03-30,417.34750027197856
1978-03-31,419.457615336037
1978-04-03,420.7288565331576
1978-04-04,424.13723800668674
1978-04-05,424.95138305789015
1978-04-06,424.6970412190831
1978-04-07,423.7555436844168
1978-04-10,424.2645084498028
1978-04-11,423.47544366107047
1978-04-12,422.45707113494944
1978-04-13,420.13998995538026
1978-04-14,419.57929404038566
1978-04-17,416.11532317474587
1978-04-18,413.4145864956478
1978-04-19,413.2349460121113
1978-04-20,411.83244173656976
1978-04-21,410.2767240493222
1978-04-24,406.3508520472514
1978-04-25,405.2528102385842
1978-04-26,406.754233668034
1978-04-27,406.1147967406888
1978-04-28,407.0048229378349
1978-05-02,407.51260524404825
1978-05-03,409.0149964307557
1978-05-05,409.2936040409198
1978-05-08,409.0366481531887
1978-05-09,410.15711011285305
1978-05-10,408.75214253239625
1978-05-11,407.7295579577945
1978-05-12,405.4818488647648
1978-05-16,402.0085721976672
1978-05-17,404.66029731186615
1978-05-18,406.31708255772793
1978-05-19,409.3529030419364
1978-05-22,408.7892216421347
1978-05-23,411.136566574259
1978-05-24,408.12115032175456
1978-05-26,407.9402406208154
1978-05-29,410.8247728029016
1978-05-30,414.7830388291906
1978-05-31,418.2056558362571
1978-06-01,417.6425233283748
1978-06-02,419.6861608278027
1978-06-05,418.4329118496833
1978-06-06,419.40343078885456
1978-06-07,430.6521682877881
1978-06-08,423.1862276490357
1978-06-09,422.85341116667513
1978-06-12,422.8274245944479
1978-06-13,422.9549020738468
1978-06-14,427.3035108645786
1978-06-15,426.817491689972
1978-06-16,428.6343217138856
1978-06-19,428.60898292148784
1978-06-20,430.19609848815446
1978-06-21,426.86881656835874
1978-06-22,423.3103189146744
1978-06-23,424.282858816838
1978-06-26,421.33775039883466
1978-06-27,423.92371314568857
1978-06-28,425.0503374764512
1978-06-29,427.17625928363753
1978-06-30,425.0754989762576
1978-07-03,429.0467341557522
1978-07-04,427.7144460277415
1978-07-05,424.9210055363128
1978-07-06,428.2015802455813
1978-07-07,431.7905493283325
1978-07-10,431.68853784848096
1978-07-11,428.3557546441148
1978-07-12,426.40693290450974
1978-07-13,428.3046853494806
1978-07-14,429.89508545117553
1978-07-17,432.2554541999714
1978-07-18,438.1569357007515
1978-07-19,440.2879118024015
1978-07-20,442.57336559215975
1978-07-21,443.0114547059016
1978-07-24,439.4453672749713
1978-07-25,443.5798750721546
1978-07-26,447.4072692467941
1978-07-27,448.3853533022979
1978-07-28,448.7473281711907
1978-07-31,448.5700236624663
1978-08-01,445.7726081411493
1978-08-02,444.67005155795874
1978-08-03,441.7173221708296
1978-08-04,439.30349503548376
1978-08-07,438.19974384656126
1978-08-08,441.2595053634802
1978-08-09,442.7005500185891
1978-08-10,444.1419336479221
1978-08-11,445.9693301011205
1978-08-14,445.019974720641
1978-08-15,442.0644001722209
1978-08-16,442.7347485102233
1978-08-17,443.8682822007576
1978-08-18,445.85107292012543
1978-08-21,448.83780579057554
1978-08-22,448.8916663260665
1978-08-23,452.1883007802216
1978-08-24,451.7792556898767
1978-08-25,451.8334691993476
1978-08-28,449.80230397198113
1978-08-29,446.6892023728136
1978-08-30,446.6655499388589
1978-08-31,450.5823702667123
1978-09-01,453.5728370064158
1978-09-04,454.709225145553
1978-09-05,452.0585679361895
1978-09-06,452.42202054995306
1978-09-07,453.6359711891977
1978-09-08,455.77804534705103
1978-09-11,459.3898798863576
1978-09-12,457.82090103474985
1978-09-13,458.33992560452987
1978-09-14,456.3062887587069
1978-09-15,456.51577806173
1978-09-18,456.7253110650804
1978-09-19,455.7741152133744
1978-09-20,453.4295896356745
1978-09-21,452.94217682067904
1978-09-22,456.8671688895759
1978-09-25,460.1737165706072
1978-09-26,462.7067363267293
1978-09-27,461.44577334848265
1978-09-28,461.733496172045
1978-09-29,463.49300365617256
1978-10-02,466.56988758932624
1978-10-03,468.485337499352
1978-10-04,468.9289898582607
1978-10-05,465.80792063438304
1978-10-06,465.1662682848228
1978-10-09,466.15226574275454
1978-10-10,468.53392627720206
1978-10-11,467.73728369327625
1978-10-12,467.5607842066683
1978-10-13,472.1924573094698
1978-10-16,473.1798545502083
1978-10-17,468.2721261821059
1978-10-18,470.57813521426897
1978-10-19,474.6692398787861
1978-10-20,472.0878555474428
1978-10-23,467.1000032759894
1978-10-24,463.2751978201946
1978-10-25,460.76911498343
1978-10-26,463.61929997007866
1978-10-27,464.45138596791656
1978-10-30,454.4896934836205
1978-10-31,454.8548882220266
1978-11-01,455.220164037053
1978-11-02,460.71257398496937
1978-11-03,461.2340104949576
1978-11-06,455.7725771152187
1978-11-07,456.6820862509172
1978-11-08,453.4726526299031
1978-11-09,451.03973220539166
1978-11-10,456.8465181549488
1978-11-13,453.16944169787655
1978-11-14,454.5456958300876
1978-11-15,456.1555730346266
1978-11-16,459.0880194945426
1978-11-17,458.9097545730203
1978-11-20,457.09775574610967
1978-11-21,457.5416268421656
1978-11-23,456.27370740481297
1978-11-24,454.61636378542033
1978-11-27,451.9467998344004
1978-11-28,451.4561440935292
1978-11-29,450.65396125329823
1978-11-30,453.0438411852144
1978-12-01,456.29084953339
1978-12-04,455.4110609634837
1978-12-05,457.4129099687444
1978-12-06,461.8300479769062
1978-12-07,461.5738413682149
1978-12-08,458.7463416170997
1978-12-11,458.4117645914913
1978-12-12,458.077100621707
1978-12-13,456.6511331851594
1978-12-14,456.9397915793151
1978-12-15,452.1609326489471
1978-12-18,446.6011917612173
1978-12-19,446.81074730158537
1978-12-20,450.0619977964456
1978-12-21,451.0520093898368
1978-12-22,451.65220343773166
1978-12-27,448.5856402330611
1978-12-28,448.7955274369284
1979-01-02,453.54088060270055
1979-01-03,458.9119415822988
1979-01-04,453.5903401213342
1979-01-05,455.68393408963567
1979-01-08,458.9493296567531
1979-01-09,459.63858020834994
1979-01-10,458.7659470959847
1979-01-11,460.7832925926174
1979-01-12,462.8011949867881
1979-01-15,462.1630208308836
1979-01-16,463.7127818469737
1979-01-17,457.837936837035
1979-01-18,459.6220174697964
1979-01-19,454.2921818781895
1979-01-22,452.4794439983909
1979-01-23,456.68777600255066
1979-01-24,457.2994625441015
1979-01-25,454.7041141945151
1979-01-26,456.48920711185616
1979-01-29,457.9618065654624
1979-01-30,455.0524007425107
1979-01-31,454.177143290275
1979-02-01,449.9356158399154
1979-02-02,450.7034744781787
1979-02-05,449.983811302128
1979-02-06,445.9748103529336
1979-02-07,441.8080209757748
1979-02-08,443.4368176149352
1979-02-09,444.12591391152256
1979-02-12,436.8228091552808
1979-02-13,443.2320118073341
1979-02-14,442.4321468947893
1979-02-15,439.0451840507061
1979-02-16,440.2045101895766
1979-02-19,439.4038552228384
1979-02-20,442.367268405509
1979-02-21,441.5666755026866
1979-02-22,441.4718531894823
1979-02-23,440.35706762307166
1979-02-26,441.9883061426193
1979-02-27,445.5034666549644
1979-02-28,442.66199525900015
1979-03-01,439.1917128726284
1979-03-02,441.3732493377396
1979-03-05,445.8325325873319
1979-03-06,443.8533386436652
1979-03-07,444.9368024156861
1979-03-08,446.17767212978896
1979-03-09,445.92612291050455
1979-03-12,442.6885570935041
1979-03-13,441.57195612695455
1979-03-14,442.184220931014
1979-03-15,439.7308384385467
1979-03-16,435.7829443004453
1979-03-19,437.0236908413023
1979-03-20,437.32105132529017
1979-03-21,434.23632754220847
1979-03-22,431.5440547294415
1979-03-23,430.660587979838
1979-03-26,430.0916168994822
1979-03-27,433.5361409914699
1979-03-28,436.98162121243496
1979-03-29,438.4600267104224
1979-03-30,437.0257444566836
1979-04-02,433.150004909476
1979-04-03,437.3848804049782
1979-04-04,438.6278428668232
1979-04-05,438.05928496523927
1979-04-06,439.38146182268247
1979-04-09,437.7884499059939
1979-04-10,435.0128335646812
1979-04-11,433.8916656685919
1979-04-12,435.6081277455417
1979-04-17,435.9847302040969
1979-04-18,437.7808050351505
1979-04-19,440.9180838508382
1979-04-20,441.2955651786455
1979-04-23,439.7009613423169
1979-04-24,442.36641495344526
1979-04-25,441.4027720331685
1979-04-26,439.0971993709261
1979-04-27,438.44853431471154
1979-04-30,437.9575637458229
1979-05-02,436.9927226889546
1979-05-03,435.5538109522184
1979-05-04,433.40369943070766
1979-05-07,428.5674026869622
1979-05-08,428.9436374834814
1979-05-09,425.6855235503654
1979-05-10,424.16494110556766
1979-05-11,420.747153067968
1979-05-14,420.0949050970581
1979-05-15,422.1303137515941
1979-05-16,423.1384344598664
1979-05-17,419.639468552441
1979-05-18,420.7265944444303
1979-05-21,419.2828552450849
1979-05-22,416.0191717335488
1979-05-23,416.15676950558935
1979-05-25,419.06402826334585
1979-05-28,421.49723328930105
1979-05-29,419.5776196384256
1979-05-30,418.290781406134
1979-05-31,416.6076887528957
1979-06-01,410.64796554539953
1979-06-05,405.3993392800068
1979-06-06,403.3176396216429
1979-06-07,402.5028922321622
1979-06-08,407.7096043762671
1979-06-11,407.1329621614629
1979-06-12,411.1529399508792
1979-06-13,412.3204570673264
1979-06-15,414.20178820796
1979-06-18,412.1985149913724
1979-06-19,409.00517729785486
1979-06-20,404.1454058192053
1979-06-21,404.59882322586384
1979-06-22,411.3990082670708
1979-06-25,416.2174796986821
1979-06-26,416.9108249337467
1979-06-27,409.82646583604185
1979-06-28,409.88407196602304
1979-06-29,407.0043027606073
1979-07-02,403.8855129597914
1979-07-03,409.73930376559287
1979-07-04,409.5586309427151
1979-07-05,410.3311000610793
1979-07-06,413.4871145683806
1979-07-09,407.9833409315128
1979-07-10,405.41827851152505
1979-07-11,407.7801327048472
1979-07-12,408.95030146233177
1979-07-13,412.4263036751847
1979-07-16,414.3130404234248
1979-07-17,415.0869811050239
1979-07-18,419.8378217568746
1979-07-19,421.9650017152055
1979-07-20,424.1723259516559
1979-07-23,422.08363628125176
1979-07-24,419.5168793343464
1979-07-25,419.2574890964809
1979-07-26,421.3860420449881
1979-07-27,423.9132434105082
1979-07-30,423.415468095008
1979-07-31,423.71388716646976
1979-08-01,428.711464329409
1979-08-02,431.2410775217086
1979-08-03,431.70003206903465
1979-08-06,427.9361277949732
1979-08-07,425.4461945269224
1979-08-08,423.0352520965103
1979-08-09,426.04408445689234
1979-08-10,427.7781703540147
1979-08-13,427.0409500110202
1979-08-14,424.7085895730512
1979-08-15,423.5719253436741
1979-08-16,422.115857807132
1979-08-17,424.08991080742754
1979-08-20,422.4739078925748
1979-08-21,424.3687469854234
1979-08-22,423.0715665361991
1979-08-23,424.1687571377027
1979-08-24,423.0308390007544
1979-08-27,421.6530502985
1979-08-28,424.2677918319104
1979-08-29,428.1611729740756
1979-08-30,430.4580191156322
1979-08-31,429.8793893773116
1979-09-03,431.6976853003146
1979-09-04,434.95494241265766
1979-09-05,433.6573459975973
1979-09-06,433.638365011732
1979-09-07,433.61937011968325
1979-09-10,433.4404426861184
1979-09-11,435.8205143298624
1979-09-12,436.44164643856607
1979-09-13,434.4231764281104
1979-09-14,433.0441630991266
1979-09-17,433.6651416192717
1979-09-18,433.40599143179554
1979-09-19,436.428319465954
1979-09-20,434.8086313000752
1979-09-21,435.5102330616287
1979-09-24,431.3276467577115
1979-09-25,430.4272777857407
1979-09-26,432.0095731138546
1979-09-27,430.4681850831211
1979-09-28,429.1667051021017
1979-10-01,428.9065168904045
1979-10-02,427.7647126994256
1979-10-03,429.5080066491079
1979-10-04,431.17161930049167
1979-10-05,433.71759581616914
1979-10-08,437.62741290088553
1979-10-09,435.52364547726046
1979-10-10,430.6120338227584
1979-10-11,428.5066665158771
1979-10-12,428.8075873863529
1979-10-15,424.69533262630057
1979-10-16,422.588215836084
1979-10-17,422.6476157863541
1979-10-18,424.5533479536474
1979-10-19,419.4747082670527
1979-10-22,413.59164752597
1979-10-23,411.3208202229708
1979-10-24,408.2461404080981
1979-10-25,405.2509165064009
1979-10-26,404.98650683302407
1979-10-29,405.7666228382532
1979-10-30,406.0647555285074
1979-10-31,407.005980233957
1979-11-01,405.1338706279694
1979-11-02,407.2812082330777
1979-11-05,405.32818409724194
1979-11-06,400.1577111199083
1979-11-07,397.8009468646397
1979-11-08,401.0746660730759
1979-11-09,399.2805470816119
1979-11-12,398.5319942169276
1979-11-13,400.4390297065534
1979-11-14,396.2293326843397
1979-11-15,397.6535563507933
1979-11-16,401.41304802614286
1979-11-19,399.4563669933979
1979-11-20,399.8346577104036
1979-11-22,399.1659375483673
1979-11-23,401.7193497642946
1979-11-26,405.96542849137614
1979-11-27,415.2892692527234
1979-11-28,413.5746248256135
1979-11-29,414.11637654408753
1979-11-30,410.14386369046457
1979-12-03,409.2340038459871
1979-12-04,410.9849087830582
1979-12-05,408.9458159668807
1979-12-06,407.3900998256588
1979-12-07,405.9146086635256
1979-12-10,406.052347623123
1979-12-11,407.803997837246
1979-12-12,404.87522272831626
1979-12-13,403.31779788157513
1979-12-14,401.67919815465706
1979-12-17,399.7979101907446
1979-12-18,403.24564621741
1979-12-19,402.57546756571656
1979-12-20,404.0859787198763
1979-12-21,403.577283781536
1979-12-27,402.2604752112712
1979-12-28,402.3170178485898
1980-01-02,398.9048140490492
1980-01-03,392.66241459767474
1980-01-04,397.6554389573487
1980-01-07,398.2837223554217
1980-01-08,399.6400208060069
1980-01-09,402.8570292778667
1980-01-10,402.2729674817014
1980-01-11,401.2841742980655
1980-01-14,399.0003349597388
1980-01-15,398.7390964661015
1980-01-16,397.8301997701975
1980-01-17,396.4352570466523
1980-01-18,392.1249016290948
1980-01-21,391.29549393482296
1980-01-22,395.8926014388735
1980-01-23,397.65580466969465
1980-01-24,402.33634012048793
1980-01-25,400.6165974459805
1980-01-28,399.3015412352264
1980-01-29,400.9042223693932
1980-01-30,403.0749033306657
1980-01-31,408.7329195388663
1980-02-01,412.9329258255576
1980-02-04,416.5664586261974
1980-02-05,416.5505810049901
1980-02-06,413.5326680292727
1980-02-07,418.2229017235552
1980-02-08,420.3174328204668
1980-02-11,419.16566013155386
1980-02-12,414.3601253674369
1980-02-13,423.3569502484509
1980-02-14,427.07778876136985
1980-02-15,425.6014172492246
1980-02-18,422.58106609768646
1980-02-19,426.8722516562772
1980-02-20,425.7201726984877
1980-02-21,429.9318935361811
1980-02-22,432.4378703480658
1980-02-25,435.1885212515585
1980-02-26,430.0526352237949
1980-02-27,430.0386667255408
1980-02-28,423.2735561310206
1980-02-29,424.3160739151542
1980-03-03,422.1043259523634
1980-03-04,417.776061659732
1980-03-05,420.2832034306177
1980-03-06,416.2788856240657
1980-03-07,410.0750708353886
1980-03-10,409.9764420076056
1980-03-11,407.4345276251634
1980-03-12,411.1637872437737
1980-03-13,411.6355212322521
1980-03-14,411.0481565453621
1980-03-17,406.9564202192979
1980-03-18,398.3805888740546
1980-03-19,400.3179098260629
1980-03-20,401.3589839332407
1980-03-21,397.67082884842034
1980-03-24,396.2650927145154
1980-03-25,391.0251346549907
1980-03-26,392.47328280934255
1980-03-27,388.9445623375861
1980-03-28,386.8020606400498
1980-03-31,387.9237174851269
1980-04-01,390.3518562118837
1980-04-02,393.92379461827625
1980-04-03,395.5370175938372
1980-04-08,394.2922187567126
1980-04-09,392.393541716086
1980-04-10,396.45818302966273
1980-04-11,399.29842774151535
1980-04-14,398.4620157986853
1980-04-15,396.6445021567021
1980-04-16,400.54881425765547
1980-04-17,408.1335942804568
1980-04-18,407.9521970849464
1980-04-21,410.4696950404132
1980-04-22,407.0984081160586
1980-04-23,409.6165419502132
1980-04-24,410.3352997052974
1980-04-25,406.798700884486
1980-04-28,408.3357315594463
1980-04-29,405.7800519517653
1980-04-30,406.25299048382703
1980-05-02,403.122936410148
1980-05-05,400.7290082711313
1980-05-06,402.9215674589494
1980-05-07,403.8858829048292
1980-05-08,407.9642381566992
1980-05-09,411.6340876535238
1980-05-12,412.5182221277492
1980-05-13,412.7467913748058
1980-05-14,411.1716021851419
1980-05-16,412.2200590449778
1980-05-19,411.9565535510658
1980-05-20,409.8062566876314
1980-05-21,407.81936084528354
1980-05-22,409.688472775543
1980-05-23,408.4395367715073
1980-05-27,409.4884920361129
1980-05-28,413.4110808994048
1980-05-29,414.3790141371496
1980-05-30,411.89818769644097
1980-06-02,408.9237720721936
1980-06-03,407.9199198052697
1980-06-04,410.2842656124124
1980-06-06,411.334589730023
1980-06-09,412.6317866291404
1980-06-10,410.8058716631633
1980-06-11,411.11684625472265
1980-06-12,413.9768326057798
1980-06-13,419.7982035960051
1980-06-16,423.81190061158986
1980-06-18,421.0813854833325
1980-06-19,424.84969483859646
1980-06-20,424.50480070984014
1980-06-23,429.2624048938948
1980-06-24,431.71671637703497
1980-06-25,429.47921107834793
1980-06-26,426.58228189900063
1980-06-27,425.41381911463895
1980-06-30,424.65680291806245
1980-07-01,429.5835969772271
1980-07-02,434.5119153378237
1980-07-03,436.9696633519562
1980-07-04,436.6260243554115
1980-07-07,434.88097517961177
1980-07-08,433.2178093570804
1980-07-09,427.7611874501695
1980-07-10,429.1476731782985
1980-07-11,426.24557979058267
1980-07-14,423.42505736755794
1980-07-15,427.03917069488506
1980-07-16,432.05723514017177
1980-07-17,436.7467224525747
1980-07-18,436.3198572886087
1980-07-21,436.1405220751692
1980-07-22,437.9428262308689
1980-07-23,435.8642363036267
1980-07-24,436.5932799962988
1980-07-25,433.3572663918336
1980-07-28,433.5077645574511
1980-07-29,429.52650582373343
1980-07-30,432.8170894556483
1980-07-31,433.7941596852126
1980-08-01,434.2754768585512
1980-08-04,433.8473700801677
1980-08-05,434.9077293307154
1980-08-06,433.7351444927572
1980-08-07,436.2021479951149
1980-08-08,438.9181298042332
1980-08-11,439.9799034617495
1980-08-12,438.4762768198242
1980-08-13,436.47549811380486
1980-08-14,434.6396628747987
1980-08-15,434.62493468852085
1980-08-18,432.2084909366419
1980-08-19,430.1225985159154
1980-08-20,428.9473170828397
1980-08-21,432.9916063400981
1980-08-22,431.4020401648352
1980-08-25,427.4083795796696
1980-08-26,429.133229887557
1980-08-27,429.94661799973
1980-08-28,427.2775581902307
1980-08-29,424.2759117624207
1980-09-01,424.5082594020992
1980-09-02,424.24290713287326
1980-09-03,425.9688224779224
1980-09-04,431.3466654902859
1980-09-05,431.2482274808621
1980-09-08,428.0782977228424
1980-09-09,425.1564363731829
1980-09-10,423.0640296132421
1980-09-11,420.97095524472365
1980-09-12,422.4489871882148
1980-09-15,420.1889844507726
1980-09-16,421.83351790928674
1980-09-17,424.5589011783469
1980-09-18,426.2046111844176
1980-09-19,432.17355598136055
1980-09-22,430.1626888911754
1980-09-23,428.2343350776788
1980-09-24,428.1350710321527
1980-09-25,427.95258389762313
1980-09-26,425.5237771743281
1980-09-29,423.9262730449324
1980-09-30,423.4933469051706
1980-10-01,426.722559890732
1980-10-02,427.8716029940578
1980-10-03,428.4381772351249
1980-10-06,433.66819104693786
1980-10-07,435.5683984854359
1980-10-08,432.22137729358593
1980-10-09,433.2888156614508
1980-10-10,434.68987653202873
1980-10-13,435.75801388692815
1980-10-14,434.7427046652277
1980-10-15,432.9767912402191
1980-10-16,434.3786389767921
1980-10-17,430.36056297345175
1980-10-20,425.5905826731942
1980-10-21,427.2421534497015
1980-10-22,423.6381756123301
1980-10-23,419.6158402601041
1980-10-24,417.6786236527451
1980-10-27,418.3283258445548
1980-10-28,415.1380489643753
1980-10-29,413.9506428455941
1980-10-30,412.8463622905056
1980-10-31,409.152561227756
1980-11-03,413.6439801436695
1980-11-04,415.04552875055697
1980-11-05,413.2722025564502
1980-11-06,404.5616880019167
1980-11-07,398.1888444141292
1980-11-10,397.8332091967131
1980-11-11,408.4308260895267
1980-11-12,408.91292866043005
1980-11-13,410.0642872046113
1980-11-14,407.2006785545304
1980-11-17,406.9297944082497
1980-11-18,408.83446305146646
1980-11-20,412.2461695304657
1980-11-21,414.4870631648501
1980-11-24,412.2078830955974
1980-11-25,413.6121423302336
1980-11-26,414.5143660219341
1980-11-27,416.5894626787559
1980-11-28,414.97930659416807
1980-12-01,416.6361884392286
1980-12-02,416.282462220668
1980-12-03,421.2924316160687
1980-12-04,417.1672867411248
1980-12-05,414.6337142418429
1980-12-08,413.3570715489849
1980-12-09,409.14483904686017
1980-12-10,408.20241560566114
1980-12-11,403.9880272103545
1980-12-12,406.2327538897948
1980-12-15,407.1355312014538
1980-12-16,402.6671784774818
1980-12-17,402.3105395373987
1980-12-18,402.2056427926356
1980-12-19,400.4213478059768
1980-12-22,401.6597982271709
1980-12-23,404.2425318747282
1980-12-29,403.9698182665882
1980-12-30,404.1171109939653
1981-01-02,411.8242092049414
1981-01-05,414.40677667715846
1981-01-06,416.1495185891961
1981-01-07,411.9237549680429
1981-01-08,411.4804651290682
1981-01-09,410.70065139440425
1981-01-12,409.9205965663453
1981-01-13,411.6639242092249
1981-01-14,411.30442897410313
1981-01-15,410.18750599196295
1981-01-16,407.30291739604377
1981-01-19,406.7742441182314
1981-01-20,405.403570489981
1981-01-21,406.0531829355226
1981-01-22,405.69247786785184
1981-01-23,404.15256280196405
1981-01-26,400.2536408501445
1981-01-27,396.1850530623764
1981-01-28,395.4855943986249
1981-01-29,397.3983317328736
1981-01-30,394.8445836795445
1981-02-02,397.4321489415117
1981-02-03,395.8050271490544
1981-02-04,399.5739866717093
1981-02-05,401.6573745605889
1981-02-06,397.9214723110312
1981-02-09,395.1123947056772
1981-02-10,396.7741673653768
1981-02-11,399.9553384929497
1981-02-12,400.43675245116265
1981-02-13,398.63925498512873
1981-02-16,396.6723698009375
1981-02-17,397.2379189218351
1981-02-18,402.4482032707164
1981-02-19,406.0552922277593
1981-02-20,405.6087997737016
1981-02-23,406.3449448208288
1981-02-24,403.5324353720505
1981-02-25,402.7473039183712
1981-02-26,401.5393199861659
1981-02-27,400.1618983796519
1981-03-02,400.55954898927007
1981-03-03,404.08601975146433
1981-03-04,404.48435350311456
1981-03-05,401.8377450759406
1981-03-06,400.4592997660279
1981-03-09,403.2263269149564
1981-03-10,407.0942576612911
1981-03-11,407.2393845606786
1981-03-12,407.8077833711317
1981-03-13,411.5934264616364
1981-03-16,411.73925951451946
1981-03-17,413.5788300643512
1981-03-18,414.4872624740059
1981-03-19,413.9558811883568
1981-03-20,413.4243327039288
1981-03-23,411.79105594031273
1981-03-24,411.42850523757886
1981-03-25,409.79442692312847
1981-03-26,411.2964672081585
1981-03-27,408.474862486718
1981-03-30,411.2491147971835
1981-03-31,410.3773017979848
1981-04-01,417.13935779701234
1981-04-02,422.8005283717161
1981-04-03,424.8148717441671
1981-04-06,424.8779968464044
1981-04-07,421.2915600413429
1981-04-08,428.8241711264934
1981-04-09,431.5197568277045
1981-04-10,434.6406887942204
1981-04-13,434.3655782258789
1981-04-14,431.8820256484928
1981-04-15,431.35155608686506
1981-04-16,431.2457287076791
1981-04-21,434.28391787296215
1981-04-22,434.51842415838667
1981-04-23,436.36798468044543
1981-04-24,438.30309646220405
1981-04-27,439.8986731203592
1981-04-28,438.1782533669382
1981-04-29,435.9470107684856
1981-04-30,434.22547058525424
1981-05-04,429.3556137020268
1981-05-05,422.78252533070696
1981-05-06,425.9940910780357
1981-05-07,429.2065984725487
1981-05-08,433.7820678939436
1981-05-11,430.781529505636
1981-05-12,430.24948059375856
1981-05-13,433.4644882249621
1981-05-14,432.1660705880912
1981-05-15,434.1044558969928
1981-05-18,432.63532443984144
1981-05-19,429.37623607019015
1981-05-20,428.5025362666856
1981-05-21,425.4975617708712
1981-05-22,424.281993801569
1981-05-25,424.5155710691302
1981-05-26,426.1136617972596
1981-05-27,423.1065051476628
1981-05-29,424.7901472828802
1981-06-01,428.43655575395735
1981-06-02,429.4388372441916
1981-06-03,432.57494636953305
1981-06-04,434.773078888432
1981-06-05,439.1913901887038
1981-06-09,437.2075470964448
1981-06-10,441.0297660384456
1981-06-11,447.2444375221812
1981-06-12,450.3859145827807
1981-06-15,450.19654999314827
1981-06-16,449.3235791335937
1981-06-19,450.92854016282246
1981-06-22,452.6194353484376
1981-06-23,455.6785107942289
1981-06-24,452.5829753619366
1981-06-25,451.3676374492757
1981-06-26,451.178152078013
1981-06-29,452.014977244669
1981-06-30,456.53043686564655
1981-07-01,460.5338819369602
1981-07-02,461.8858539306668
1981-07-03,465.29218412674845
1981-07-06,464.6765672205684
1981-07-07,456.8697415260205
1981-07-08,456.5951487361289
1981-07-09,457.86185818983137
1981-07-10,462.1265326934688
1981-07-13,462.8804685050285
1981-07-14,461.235829735534
1981-07-15,460.19047754600257
1981-07-16,458.80201790162215
1981-07-17,456.2132042209373
1981-07-20,456.023828532917
1981-07-21,457.4633491961743
1981-07-22,462.5046854262451
1981-07-23,464.9746962430452
1981-07-24,466.0730632385864
1981-07-27,470.34581256020704
1981-07-28,465.7825997147278
1981-07-29,463.7065351263653
1981-07-30,464.3762066156268
1981-07-31,465.90443314026896
1981-08-03,468.3774457755381
1981-08-04,465.09842434577513
1981-08-05,462.33366386500666
1981-08-06,465.5802101501217
1981-08-07,467.5392017236106
1981-08-10,462.0243225890942
1981-08-11,464.6707580373256
1981-08-12,468.6070487241628
1981-08-13,469.0204867094453
1981-08-14,467.71475387036384
1981-08-17,467.7842536539632
1981-08-18,469.3155895575083
1981-08-19,471.2773820028543
1981-08-20,471.17538073602816
1981-08-21,468.14838658674046
1981-08-24,463.5717436975301
1981-08-25,459.1658309954332
1981-08-26,454.7585921887715
1981-08-27,454.4818483100572
1981-08-28,455.2381210623928
1981-08-31,459.2666054678035
1981-09-01,452.7037738453386
1981-09-02,449.5842014469206
1981-09-03,453.8720506025196
1981-09-04,453.5948677354059
1981-09-07,449.0091305425367
1981-09-08,450.19621904763295
1981-09-09,445.436198526912
1981-09-10,451.1921089770631
1981-09-11,451.3453741329234
1981-09-14,454.3443755501319
1981-09-15,458.637946733524
1981-09-16,455.60078158337393
1981-09-17,455.5822096112986
1981-09-18,452.5436642287541
1981-09-21,445.70711616906897
1981-09-22,448.1037276423629
1981-09-23,444.0267997705866
1981-09-24,436.4951987940738
1981-09-25,434.6603771586218
1981-09-28,421.5979282263447
1981-09-29,435.1351249510014
1981-09-30,427.94321211456287
1981-10-01,429.6484174613042
1981-10-02,437.0574167715434
1981-10-05,442.8264918573104
1981-10-06,437.4466425970441
1981-10-07,438.1168080489934
1981-10-08,446.56898895887497
1981-10-09,447.1542106467003
1981-10-12,441.3393232715805
1981-10-13,441.7509166119853
1981-10-14,438.9615288894877
1981-10-15,436.2578286612573
1981-10-16,433.98602222933033
1981-10-19,431.1076451836254
1981-10-20,432.72992576090496
1981-10-21,429.677324769313
1981-10-22,432.0791989603168
1981-10-23,428.8523612957995
1981-10-26,424.41188057222905
1981-10-27,426.5541221820645
1981-10-28,431.9028604809714
1981-10-29,428.3274079717468
1981-10-30,430.2111431529824
1981-11-02,441.19721478889386
1981-11-03,437.3614429781495
1981-11-04,438.0333971608939
1981-11-05,442.0009815858938
1981-11-06,437.5564463496425
1981-11-09,435.5395149938755
1981-11-10,434.0425382457315
1981-11-11,432.1980109684885
1981-11-12,435.0394091378118
1981-11-13,435.4512518003447
1981-11-16,432.73795899228674
1981-11-17,429.6765458261096
1981-11-19,428.78517062871504
1981-11-20,431.45442653338654
1981-11-23,428.82574837858056
1981-11-24,425.7618910828023
1981-11-25,432.8632616369349
1981-11-26,438.83697874797656
1981-11-27,441.42274051328417
1981-11-30,442.61840348429735
1981-12-01,439.9889922983146
1981-12-02,439.2717830728429
1981-12-03,441.685173227705
1981-12-04,444.5341697824984
1981-12-07,446.6010637905527
1981-12-08,443.27419777692427
1981-12-09,443.0790091776792
1981-12-10,439.92467078955065
1981-12-11,438.68436837629616
1981-12-14,432.74256464434046
1981-12-15,436.9862728080756
1981-12-16,434.5257776736324
1981-12-17,428.4064752037164
1981-12-18,425.7697271799613
1981-12-21,426.09436293887137
1981-12-22,430.42733538185166
1981-12-23,432.58286280826553
1981-12-28,429.85797200899975
1981-12-29,430.0090210915275
1981-12-30,427.6316664761202
1982-01-04,433.5269207043385
1982-01-05,428.2605801105772
1982-01-06,428.74958342106
1982-01-07,430.5471940673732
1982-01-08,432.25799772602346
1982-01-11,431.7878581342754
1982-01-12,426.3434833892972
1982-01-13,429.1889728198532
1982-01-14,424.6157822233361
1982-01-15,425.5412013350808
1982-01-18,424.4587488563354
1982-01-19,429.4883678272046
1982-01-20,429.541412206428
1982-01-21,432.1273425501223
1982-01-22,435.3253630165253
1982-01-25,435.2044040920131
1982-01-26,438.0540871664282
1982-01-27,437.23435326294987
1982-01-28,436.7639877136965
1982-01-29,438.9156564519326
1982-02-01,439.9314409833465
1982-02-02,439.0240808180184
1982-02-03,442.05118057813945
1982-02-04,442.71791467313136
1982-02-05,442.3352975293447
1982-02-08,440.6405305288139
1982-02-09,438.7703757982946
1982-02-10,442.14924737458
1982-02-11,442.1163531232327
1982-02-12,441.9084177319885
1982-02-15,440.4750889311626
1982-02-16,440.1793510556874
1982-02-17,442.42235620441903
1982-02-18,443.0898926242347
1982-02-19,446.9975724610638
1982-02-22,450.20558352613534
1982-02-23,448.2466480019367
1982-02-24,448.9152056497196
1982-02-25,453.08833372042704
1982-02-26,451.7423563948236
1982-03-01,452.41157245494367
1982-03-02,457.2877960080037
1982-03-03,456.5553931685233
1982-03-04,459.6800290970803
1982-03-05,458.3340023143348
1982-03-08,458.9167244756261
1982-03-09,455.9040196458412
1982-03-10,457.8898933554671
1982-03-11,455.490331122277
1982-03-12,453.4410845982774
1982-03-15,451.3913237303514
1982-03-16,452.675587744636
1982-03-17,454.6622564366551
1982-03-18,453.8406835777351
1982-03-19,458.4614774985508
1982-03-22,461.5908983364647
1982-03-23,463.9308376359482
1982-03-24,461.7927410257316
1982-03-25,459.5662812232813
1982-03-26,461.1162794681045
1982-03-29,459.24056516656026
1982-03-30,461.7573445416807
1982-03-31,461.9901145205232
1982-04-01,466.1775773553253
1982-04-02,466.9382866719471
1982-04-05,468.4902995012889
1982-04-06,465.9986733899733
1982-04-07,463.59434722610206
1982-04-08,464.6188910408346
1982-04-13,465.55573457709
1982-04-14,460.9515191646188
1982-04-15,455.4664750593599
1982-04-16,457.1063470808789
1982-04-19,457.162802445532
1982-04-20,462.05929445253935
1982-04-21,462.9964744775965
1982-04-22,462.9656351647343
1982-04-23,465.1356065888185
1982-04-26,463.0800014555842
1982-04-27,459.35083977003006
1982-04-28,458.2627178726532
1982-04-29,458.7596992175224
1982-04-30,456.5260837849481
1982-05-03,456.6705659173855
1982-05-04,457.0794047098671
1982-05-05,454.3160107954214
1982-05-06,455.2534329060208
1982-05-07,453.19425141120064
1982-05-10,446.2861415504131
1982-05-11,449.3388363773881
1982-05-12,448.86528354262913
1982-05-13,446.9806353818031
1982-05-14,450.03452634900304
1982-05-17,451.6778428123836
1982-05-18,448.8224228780774
1982-05-19,448.78962583375744
1982-05-21,447.0802501569952
1982-05-24,447.9297274542203
1982-05-25,450.2798618483375
1982-05-26,450.6002926830398
1982-05-27,449.6848231906695
1982-05-28,452.30090777499817
1982-06-01,452.8866027994095
1982-06-02,450.9995757559756
1982-06-03,450.6136400238611
1982-06-04,451.1993232671451
1982-06-07,445.33565321870026
1982-06-08,446.9811393081234
1982-06-09,445.09217944672
1982-06-11,446.5612643479482
1982-06-14,445.6440947056343
1982-06-15,446.3179617619741
1982-06-16,445.0468625439689
1982-06-18,440.0615600290798
1982-06-21,435.4287594002668
1982-06-22,437.2514944283541
1982-06-23,435.09402939035743
1982-06-24,438.3326756301401
1982-06-25,440.2449040153265
1982-06-28,440.6532426430015
1982-06-29,442.92022491181496
1982-06-30,443.5945208463951
1982-07-01,449.7574738413404
1982-07-02,449.54741676885897
1982-07-05,450.2227596984128
1982-07-06,447.3559905735574
1982-07-07,444.5770719032995
1982-07-08,441.0002484173692
1982-07-09,444.5983083826774
1982-07-12,450.2350629768796
1982-07-13,448.6956625853859
1982-07-14,450.6121514524862
1982-07-15,450.93370491323066
1982-07-16,450.2802432825259
1982-07-19,451.842995597505
1982-07-20,453.5834588574248
1982-07-21,454.1715418326735
1982-07-22,451.655681067384
1982-07-23,453.8402410005912
1982-07-26,456.4688823070844
1982-07-27,454.573399774702
1982-07-28,454.1858829261807
1982-07-29,450.86974946960896
1982-07-30,451.3692040156535
1982-08-02,456.218252090446
1982-08-03,457.9613358104822
1982-08-04,458.1954699919058
1982-08-05,454.6113594298868
1982-08-06,448.8061372948069
1982-08-09,441.4895292605695
1982-08-10,444.1201516997057
1982-08-11,440.3548058475624
1982-08-12,441.1200152279485
1982-08-13,439.0417644434802
1982-08-16,436.3408683400989
1982-08-17,423.6840757740313
1982-08-18,433.69289017199617
1982-08-19,436.4136917817845
1982-08-20,441.5359656509484
1982-08-23,448.08236615621024
1982-08-24,446.44783702576007
1982-08-25,449.1715225460291
1982-08-26,452.5186093868406
1982-08-27,449.8163233663629
1982-08-30,444.443827780941
1982-08-31,447.6135638568099
1982-09-01,451.5851317154891
1982-09-02,450.3946619592373
1982-09-03,450.45028839068175
1982-09-06,448.9032126211561
1982-09-07,448.0681505596335
1982-09-08,445.8969534248379
1982-09-09,447.6444019323391
1982-09-10,448.94685717323546
1982-09-13,446.8640383559106
1982-09-14,452.4437691884984
1982-09-15,459.98542309358544
1982-09-16,462.44866814780266
1982-09-17,474.9851228624055
1982-09-20,474.7763397844885
1982-09-21,472.6951404744216
1982-09-22,476.7662133423676
1982-09-23,472.81191320396056
1982-09-24,469.65936152088176
1982-09-27,452.7685963767154
1982-09-28,461.2107717784959
1982-09-29,470.81494872465305
1982-09-30,470.2484374713992
1982-10-01,470.39576410041406
1982-10-04,469.7397875212744
1982-10-05,470.333424385732
1982-10-06,470.0343885257786
1982-10-07,468.9316413689984
1982-10-08,469.88259025303
1982-10-11,474.2277104887895
1982-10-12,478.3059163401325
1982-10-13,474.52353416900553
1982-10-14,472.8845418749247
1982-10-15,467.5814431985489
1982-10-18,465.9411710041323
1982-10-19,463.0491570690039
1982-10-20,465.9668817394382
1982-10-21,469.8687476101072
1982-10-22,467.15495595800894
1982-10-25,459.34327334218654
1982-10-26,460.2943649364807
1982-10-27,463.8396478205093
1982-10-28,459.692409532954
1982-10-29,457.78086334787565
1982-11-01,457.747921788014
1982-11-02,459.86275594153807
1982-11-03,459.47204029896017
1982-11-04,463.8254287787799
1982-11-05,460.2122174489682
1982-11-08,459.82137915283874
1982-11-09,459.5199837609882
1982-11-10,462.8008103903172
1982-11-11,460.4396176171322
1982-11-12,462.55681757990806
1982-11-15,466.10798366312815
1982-11-16,467.6887794884569
1982-11-18,472.7648541002972
1982-11-19,474.5260930955636
1982-11-22,477.00483675852274
1982-11-23,471.1471326737534
1982-11-24,469.7708113842784
1982-11-25,471.6221914943845
1982-11-26,469.5281421442955
1982-11-29,467.16449655777103
1982-11-30,465.1590637068243
1982-12-01,471.675810175294
1982-12-02,474.33604298403736
1982-12-03,483.3680664057864
1982-12-06,492.0433119215845
1982-12-07,487.1674929806903
1982-12-08,494.58858505367766
1982-12-09,493.9314433997804
1982-12-10,490.76002878486247
1982-12-13,486.7796156405816
1982-12-14,489.3544644728578
1982-12-15,484.20518186880224
1982-12-16,482.4683043913538
1982-12-17,482.7974274748308
1982-12-20,483.8454741742095
1982-12-21,487.0505870320813
1982-12-22,493.4921010286705
1982-12-23,492.65415753540816
1982-12-27,494.782712322367
1982-12-28,498.7100133164348
1982-12-29,497.06308007058095
1982-12-30,497.2144039436472
1983-01-03,504.7214151912075
1983-01-04,503.144504494616
1983-01-05,505.165713265475
1983-01-06,502.6888970975176
1983-01-07,501.65125780067024
1983-01-10,502.1431400644439
1983-01-11,502.4551214698815
1983-01-12,497.72730079064144
1983-01-13,489.12846937547766
1983-01-14,490.87963187736807
1983-01-17,490.7406612777018
1983-01-18,484.1196739599815
1983-01-19,485.9608834969621
1983-01-20,483.480343739146
1983-01-21,482.3501396999632
1983-01-24,477.3472530017662
1983-01-25,479.00836977061886
1983-01-26,485.6237773058072
1983-01-27,484.3132002345006
1983-01-28,489.7590017144794
1983-01-31,494.7552286877595
1983-02-01,493.89559317800456
1983-02-02,491.7742633705057
1983-02-03,497.2224915396393
1983-02-04,500.3283594930385
1983-02-07,499.2886234687445
1983-02-08,503.0261600361251
1983-02-09,502.076617258689
1983-02-10,507.97873861209433
1983-02-11,512.3490662037287
1983-02-14,512.0312498605024
1983-02-15,515.3205007155445
1983-02-16,511.03470652772353
1983-02-17,512.1597808937487
1983-02-18,522.0345111748805
1983-02-21,525.3256804395261
1983-02-22,523.3848878769433
1983-02-23,525.4135878472209
1983-02-24,538.9019267264932
1983-02-25,542.6467761936384
1983-02-28,543.7751240861804
1983-03-01,532.3584713716624
1983-03-02,546.7544858816995
1983-03-03,548.6958624750357
1983-03-04,551.7208682567336
1983-03-07,567.1151786527241
1983-03-08,565.6276865519407
1983-03-09,556.1034048149014
1983-03-10,568.0703031762864
1983-03-11,566.0406263637263
1983-03-14,564.3718886200026
1983-03-15,562.4318820246197
1983-03-16,572.3255611329006
1983-03-17,573.9092830718869
1983-03-18,570.2529101215988
1983-03-21,568.6741663355217
1983-03-22,579.9271469439112
1983-03-23,580.5179081160122
1983-03-24,591.0506867995967
1983-03-25,595.43878734906
1983-03-28,591.2399905433696
1983-03-29,576.8248699121239
1983-03-30,587.8129121751283
1983-03-31,598.0794212402518
1983-04-05,602.469921235503
1983-04-06,609.9358980156554
1983-04-07,608.6303095181786
1983-04-08,605.3346233401697
1983-04-11,601.5860975895489
1983-04-12,599.8271479969397
1983-04-13,594.2680894231271
1983-04-14,604.6324500795795
1983-04-15,613.2792779167871
1983-04-18,617.3123334832958
1983-04-19,625.7806424700544
1983-04-20,620.3119371216584
1983-04-21,632.3120592372053
1983-04-22,633.9038745100717
1983-04-25,639.2077564387275
1983-04-26,634.8248082000968
1983-04-27,642.9366013813626
1983-04-28,640.2737593621562
1983-04-29,640.3273280823366
1983-05-02,636.3052676544181
1983-05-03,624.1305739389597
1983-05-04,628.0779465593918
1983-05-05,622.6949436660502
1983-05-06,632.7130599526639
1983-05-09,633.2190342398145
1983-05-10,628.4694069978332
1983-05-11,629.6094622029574
1983-05-13,625.8556614473391
1983-05-16,613.7625266047226
1983-05-17,625.416536152707
1983-05-18,636.0752880928037
1983-05-19,636.3098268942712
1983-05-20,632.0109876397088
1983-05-24,630.6130507334758
1983-05-25,631.7540131729435
1983-05-26,626.5467868628826
1983-05-27,624.7852326270175
1983-05-30,614.4969833515997
1983-05-31,613.0062565774033
1983-06-01,602.7152747134787
1983-06-03,613.5624973707958
1983-06-06,615.337831202896
1983-06-07,622.6488662967773
1983-06-08,620.2506588079465
1983-06-09,620.3933118231662
1983-06-10,624.5297379459491
1983-06-13,632.3886111615883
1983-06-14,636.7990644311399
1983-06-15,628.4088988994348
1983-06-16,632.1841688959507
1983-06-20,637.5945537545599
1983-06-21,638.5560233056428
1983-06-22,645.6934150037649
1983-06-23,647.4731615789136
1983-06-24,651.8874212696717
1983-06-27,655.8481989856054
1983-06-28,648.7258983237796
1983-06-29,650.869907480936
1983-06-30,654.0137913024643
1983-07-01,663.9736788592469
1983-07-04,671.7540816187216
1983-07-05,667.5385425952728
1983-07-06,668.1397670590482
1983-07-07,681.0130423213416
1983-07-08,677.5244970603737
1983-07-11,674.4899541286392
1983-07-12,666.7267392850409
1983-07-13,654.9611251161009
1983-07-14,661.3818319568519
1983-07-15,666.8031634024713
1983-07-18,661.492509667988
1983-07-19,659.9104959648766
1983-07-20,666.6066596540413
1983-07-21,673.3039336617958
1983-07-22,672.1774346278462
1983-07-25,667.319961808173
1983-07-26,675.1109899697233
1983-07-27,676.7146406313412
1983-07-28,676.0431186978795
1983-07-29,671.548427086522
1983-08-01,668.2364015132956
1983-08-02,669.9310366075656
1983-08-03,674.8126295521827
1983-08-04,674.1406436341858
1983-08-05,662.1767074677779
1983-08-08,650.757171951146
1983-08-09,646.8041558289424
1983-08-10,640.8465719612074
1983-08-11,649.0075581730471
1983-08-12,654.7101547187638
1983-08-15,662.6003158050255
1983-08-16,664.2958522756832
1983-08-17,660.5242119103754
1983-08-18,662.1287176622643
1983-08-19,657.2625800254771
1983-08-22,653.945123101111
1983-08-23,650.3536403625988
1983-08-24,651.684328136425
1983-08-25,648.912576459629
1983-08-26,644.8638658500627
1983-08-29,638.4436480041612
1983-08-30,634.7581420865074
1983-08-31,637.0000705203156
1983-09-01,645.170920654964
1983-09-02,642.3059864071483
1983-09-05,648.8366069942149
1983-09-06,650.8979794949001
1983-09-07,646.7554498419041
1983-09-08,652.1931065011639
1983-09-09,646.4074095757668
1983-09-12,649.3818694320856
1983-09-13,642.4997248407681
1983-09-14,641.4581542255592
1983-09-15,641.9682459422113
1983-09-16,641.4742019561235
1983-09-19,646.3667741438587
1983-09-20,654.0906942864448
1983-09-21,652.1364848610334
1983-09-22,649.1773919700202
1983-09-23,655.9901646766552
1983-09-26,662.0733622762963
1983-09-27,658.0182000521554
1983-09-28,659.4435536586092
1983-09-29,659.5900872061023
1983-09-30,657.2696878434064
1983-10-03,658.1470651860627
1983-10-04,658.2935132125915
1983-10-05,666.2996565682926
1983-10-06,673.0275392326146
1983-10-07,677.5627766563099
1983-10-10,678.807851048498
1983-10-11,676.8533612148403
1983-10-12,673.6185246221262
1983-10-13,675.7779408420449
1983-10-14,677.0232639599618
1983-10-17,683.5730387380863
1983-10-18,685.9167334477983
1983-10-19,686.4314597036162
1983-10-20,684.7508574762576
1983-10-21,690.480098378315
1983-10-24,690.1719049424938
1983-10-25,695.9940432125029
1983-10-26,689.8298710887425
1983-10-27,684.8543353527168
1983-10-28,688.847052393058
1983-10-31,690.0030326927375
1983-11-01,686.7654437517042
1983-11-02,679.5909014070482
1983-11-03,680.5632801553381
1983-11-04,669.5414955226108
1983-11-07,671.5204302526371
1983-11-08,676.0637946191987
1983-11-09,685.3702145733822
1983-11-10,689.6407101017012
1983-11-11,685.0269154048352
1983-11-14,688.107214265871
1983-11-15,690.180276762112
1983-11-17,683.9161784884376
1983-11-18,680.4915101978341
1983-11-21,674.0422631378023
1983-11-22,676.3897592973051
1983-11-23,684.4200500892905
1983-11-24,685.2105867848421
1983-11-25,688.4762590444673
1983-11-28,687.9838130326312
1983-11-29,685.4742696505826
1983-11-30,690.9413287423284
1983-12-01,694.4836449417502
1983-12-02,700.8694094567857
1983-12-05,699.7357812061109
1983-12-06,699.0605607454961
1983-12-07,696.2754738925578
1983-12-08,694.7742177310054
1983-12-09,691.8965513253819
1983-12-12,692.5966981820426
1983-12-13,692.929921425627
1983-12-14,687.7571969893778
1983-12-15,685.3368301916437
1983-12-16,688.3311958552686
1983-12-19,692.9782718876713
1983-12-20,697.1671313561184
1983-12-21,701.5402948402987
1983-12-22,708.6685618451029
1983-12-23,708.176931438757
1983-12-27,708.3280092223555
1983-12-28,713.6219011195845
1983-12-29,710.9263096212819
1984-01-02,722.6567847801246
1984-01-03,726.0302025020362
1984-01-04,723.4328348269738
1984-01-05,734.4326529471718
1984-01-06,735.7866034789186
1984-01-09,734.2002233022189
1984-01-10,728.1103764369699
1984-01-11,726.7068038915313
1984-01-12,724.2918643447542
1984-01-13,724.3584991964034
1984-01-16,724.6090108471216
1984-01-17,728.2614826954392
1984-01-18,728.6962915816215
1984-01-19,732.901561464047
1984-01-20,740.3265144358317
1984-01-23,738.8310077843481
1984-01-24,732.919894641332
1984-01-25,745.1305925189968
1984-01-26,744.7391305859203
1984-01-27,746.0037929534527
1984-01-30,747.7287800913823
1984-01-31,742.9200787891499
1984-02-01,751.9159853704443
1984-02-02,748.7635850115395
1984-02-03,753.5272023698775
1984-02-06,740.8919753849036
1984-02-07,730.0958087409906
1984-02-08,730.5312942707434
1984-02-09,712.2730616322515
1984-02-10,718.4169489215856
1984-02-13,719.404090651427
1984-02-14,712.4696726410187
1984-02-15,719.0758646347778
1984-02-16,724.0249178624531
1984-02-17,727.9613482810405
1984-02-20,725.44820455409
1984-02-21,715.2856837583598
1984-02-22,707.0567198393252
1984-02-23,710.4399859673646
1984-02-24,715.0222219246488
1984-02-27,719.4209132562563
1984-02-28,708.1467472531817
1984-02-29,706.552177815181
1984-03-01,712.7955930293465
1984-03-02,715.1667582465108
1984-03-05,715.1403216102897
1984-03-06,714.3759503391091
1984-03-07,702.2648101367969
1984-03-08,701.9603881210331
1984-03-09,699.9028484812318
1984-03-12,692.1238984595801
1984-03-13,699.7547951481869
1984-03-14,700.1883389282407
1984-03-15,706.7137612285208
1984-03-16,721.825061951139
1984-03-19,717.0909962386712
1984-03-20,716.7876672090172
1984-03-21,717.3152809178682
1984-03-22,721.9983908195532
1984-03-23,717.447275717816
1984-03-26,716.2202502468097
1984-03-27,710.6517041213797
1984-03-28,710.0704492246723
1984-03-29,712.1682438147595
1984-03-30,715.4675319146874
1984-04-02,717.3813919467742
1984-04-03,718.6487253252242
1984-04-04,713.2621307722045
1984-04-05,713.9747425840225
1984-04-06,710.1581212707569
1984-04-09,706.0634564093992
1984-04-10,709.549174740791
1984-04-11,716.3641391857756
1984-04-12,717.5396832139099
1984-04-13,722.1371370604709
1984-04-16,719.7989162023669
1984-04-17,721.7150449662206
1984-04-18,715.2136693343623
1984-04-19,713.7992699609798
1984-04-24,710.7192265738308
1984-04-25,713.7455573138691
1984-04-26,714.1813738862442
1984-04-27,715.7278226419903
1984-04-30,718.3852096294719
1984-05-02,726.5968877777373
1984-05-03,726.200875163082
1984-05-04,727.2860703488255
1984-05-07,715.4090082835959
1984-05-08,716.8637898167383
1984-05-09,715.0776193637707
1984-05-10,703.4739621272302
1984-05-11,702.7976953333176
1984-05-14,693.7844333669042
1984-05-15,694.867306636652
1984-05-16,703.5475890312812
1984-05-17,700.9252509973884
1984-05-18,698.0244256986176
1984-05-21,702.7223695546335
1984-05-22,707.4211691129601
1984-05-23,704.7055082713646
1984-05-24,705.9754413634039
1984-05-25,698.0674576888692
1984-05-28,697.9462455857141
1984-05-29,698.8449878228787
1984-05-30,685.9264925099721
1984-06-01,687.1952554546297
1984-06-04,697.9248904803791
1984-06-05,698.2673790323421
1984-06-06,699.1665347915996
1984-06-07,702.1997181332719
1984-06-08,702.8210327575713
1984-06-12,700.8442263934941
1984-06-13,696.0829758086788
1984-06-14,687.9796418597559
1984-06-15,685.7224434010566
1984-06-18,683.5576513440246
1984-06-19,690.6761384718034
1984-06-20,693.0608130145873
1984-06-22,694.3316740962703
1984-06-25,692.0739942511219
1984-06-26,696.2239849388898
1984-06-27,705.6688569798373
1984-06-28,705.7337785148055
1984-06-29,709.1429756061449
1984-07-02,701.0325870137494
1984-07-03,696.6372325517528
1984-07-04,692.9844378495318
1984-07-05,687.565279472635
1984-07-06,685.7697485645126
1984-07-09,678.7687975150213
1984-07-10,682.6424631842725
1984-07-11,669.4112621734329
1984-07-12,663.9873946113069
1984-07-13,670.6502326094673
1984-07-16,670.2469780267933
1984-07-17,665.3796703263273
1984-07-18,664.4177965821451
1984-07-19,658.3398253610837
1984-07-20,653.9351797358692
1984-07-23,644.5058854724708
1984-07-24,649.8686065294139
1984-07-25,646.2994030818454
1984-07-26,658.9219179785273
1984-07-27,662.891397630565
1984-07-30,665.4654512798194
1984-07-31,667.9468869610553
1984-08-01,679.0864815658366
1984-08-02,681.1972030109443
1984-08-03,691.595150564106
1984-08-06,691.8450154089834
1984-08-07,683.4340526317177
1984-08-08,688.3400153372153
1984-08-09,691.1976863887245
1984-08-10,704.6753556649414
1984-08-13,696.3556297414897
1984-08-14,702.4757709825899
1984-08-15,703.0062932827494
1984-08-16,696.9205966703591
1984-08-17,696.891517243865
1984-08-20,699.285748681136
1984-08-21,698.6975902694242
1984-08-22,700.3466414998326
1984-08-23,693.4187946220079
1984-08-24,696.1865215223596
1984-08-27,692.9869049641034
1984-08-28,692.7708911260709
1984-08-29,698.1507193161084
1984-08-30,698.1216758732165
1984-08-31,700.7045141376148
1984-09-03,705.7133724092106
1984-09-04,708.4839680290042
1984-09-05,703.2306201493889
1984-09-06,698.4428767816734
1984-09-07,703.2666988278871
1984-09-10,701.8380659626799
1984-09-11,711.610197089095
1984-09-12,715.4096817410057
1984-09-13,720.7036009818337
1984-09-14,727.8658344183467
1984-09-17,730.0804458227253
1984-09-18,743.7817581573734
1984-09-19,744.0369720556901
1984-09-20,745.8800534433253
1984-09-21,747.4432368197835
1984-09-24,733.5926112357313
1984-09-25,741.8817204250649
1984-09-26,747.743004609768
1984-09-27,746.5035737640593
1984-09-28,746.7591583457994
1984-10-01,748.1363242957399
1984-10-02,743.6251078738795
1984-10-03,742.7587318077283
1984-10-04,743.2945034537347
1984-10-05,747.1962292703995
1984-10-08,747.3584760450964
1984-10-09,749.9520927413946
1984-10-10,745.9996467593161
1984-10-11,750.3706839113706
1984-10-12,751.7492654558057
1984-10-15,752.8474510175324
1984-10-16,751.606924948583
1984-10-17,749.430514937093
1984-10-18,756.5174783543504
1984-10-19,763.6057334395571
1984-10-22,763.5823945637335
1984-10-23,754.479921091063
1984-10-24,750.8986239483364
1984-10-25,755.3676860914627
1984-10-26,745.3256640414403
1984-10-29,739.0271303399999
1984-10-30,746.8674538085281
1984-10-31,751.431418000971
1984-11-01,757.2137886916935
1984-11-02,752.2253691603205
1984-11-05,758.0088637473167
1984-11-06,758.0786005629169
1984-11-07,760.4906951741178
1984-11-08,754.563690814619
1984-11-09,756.7884714404211
1984-11-12,753.015578663637
1984-11-13,756.2716285235163
1984-11-14,755.6850452011722
1984-11-15,752.0984812929704
1984-11-16,752.5426922946917
1984-11-19,746.1422718780951
1984-11-20,749.2116148056349
1984-11-22,753.5006602698563
1984-11-23,755.5395508975353
1984-11-26,760.2051422239977
1984-11-27,756.4290284280198
1984-11-28,759.4068798369161
1984-11-29,756.9435125351815
1984-11-30,761.1417635303068
1984-12-03,767.0299107942237
1984-12-04,769.3528595183869
1984-12-05,765.2938942430604
1984-12-06,762.7360381833682
1984-12-07,762.1490834661209
1984-12-10,757.0555895053365
1984-12-11,758.1580566135743
1984-12-12,759.7302258948016
1984-12-13,756.795007697644
1984-12-14,753.2957310896031
1984-12-17,751.8621999207594
1984-12-18,757.5675196684796
1984-12-19,762.8981014336778
1984-12-20,762.5924761865188
1984-12-21,767.9244851955046
1984-12-27,771.096150891874
1984-12-28,771.5430069851294
1985-01-02,780.8035544130555
1985-01-03,774.5563679684839
1985-01-04,775.1703367047528
1985-01-07,782.458780382291
1985-01-08,791.1583313782766
1985-01-09,795.158114188558
1985-01-10,791.824562862677
1985-01-11,789.1487854395205
1985-01-14,783.5575477512706
1985-01-15,789.1565750476368
1985-01-16,788.7372484924532
1985-01-17,794.4313776630217
1985-01-18,799.6559353249206
1985-01-21,797.3558734763386
1985-01-22,798.065821115797
1985-01-23,788.145014406278
1985-01-24,783.1153049024615
1985-01-25,783.1658284729197
1985-01-28,783.4045484613129
1985-01-29,780.7261138871955
1985-01-30,785.105485394257
1985-01-31,788.8266137396763
1985-02-01,785.8656394602876
1985-02-04,772.1738104248371
1985-02-05,780.3190745993452
1985-02-06,789.0302157969311
1985-02-07,796.6127302412071
1985-02-08,796.099217819647
1985-02-11,793.608334368731
1985-02-12,783.6782245810182
1985-02-13,791.9215272637034
1985-02-14,799.9775339279074
1985-02-15,803.325497360553
1985-02-18,804.2250126414293
1985-02-19,813.6962587826146
1985-02-20,815.538547968647
1985-02-21,805.4169502181454
1985-02-22,806.8820900817792
1985-02-25,801.2810730319504
1985-02-26,800.6732004417822
1985-02-27,803.0806093996192
1985-02-28,806.1479783766168
1985-03-01,820.1478369791232
1985-03-04,826.8923719500376
1985-03-05,823.2698048234791
1985-03-06,825.9622085117736
1985-03-07,827.7122916227847
1985-03-08,827.9542373594733
1985-03-11,828.2904894182669
1985-03-12,830.7010433092081
1985-03-13,829.4345671650982
1985-03-14,822.8873037566954
1985-03-15,838.5003755134134
1985-03-18,837.4227655878074
1985-03-19,839.8346675293521
1985-03-20,839.6058872507876
1985-03-21,843.0558324721896
1985-03-22,839.4312282685939
1985-03-25,826.8439168634217
1985-03-26,825.9538066862874
1985-03-27,813.4583327461412
1985-03-28,813.982602779986
1985-03-29,810.5436551989351
1985-04-01,816.3525163887975
1985-04-02,821.0296089548946
1985-04-03,820.2331399981982
1985-04-04,821.1355517384624
1985-04-09,821.5661052148473
1985-04-10,827.1887291774578
1985-04-11,826.8644706621704
1985-04-12,828.050766479607
1985-04-15,832.1641871690955
1985-04-16,831.2736289711155
1985-04-17,835.3877804943328
1985-04-18,835.3472396999484
1985-04-19,837.1955477199906
1985-04-22,840.366375893001
1985-04-23,839.853862918663
1985-04-24,838.1132856652632
1985-04-25,835.4278077537259
1985-04-26,834.6314462012913
1985-04-29,831.7564304969102
1985-04-30,825.0071315099145
1985-05-02,817.5955125849378
1985-05-03,825.4915833323422
1985-05-06,833.3886647163181
1985-05-07,836.0887100933068
1985-05-08,838.032971696581
1985-05-09,840.0720025208768
1985-05-10,840.7878980298264
1985-05-13,846.2305964479671
1985-05-14,852.9975562168851
1985-05-15,851.6343924272761
1985-05-17,853.2021766285167
1985-05-20,861.7674952229486
1985-05-21,869.1991344570915
1985-05-22,874.9294527184296
1985-05-23,877.3503183662929
1985-05-24,880.9064862746152
1985-05-28,880.1120187953096
1985-05-29,884.8039559495469
1985-05-30,890.442504143564
1985-05-31,899.3930242331149
1985-06-03,906.4524259643804
1985-06-04,899.2252244307059
1985-06-05,902.879004356932
1985-06-07,917.5105034044366
1985-06-10,908.5791357123436
1985-06-11,921.7932224597184
1985-06-12,924.5028840012258
1985-06-13,913.2038372166592
1985-06-14,913.2627535960524
1985-06-18,931.7819450474914
1985-06-19,944.9070781426224
1985-06-20,953.67860614391
1985-06-21,963.4928042151266
1985-06-24,968.2895734186792
1985-06-25,958.5981242974268
1985-06-26,939.9084944729382
1985-06-27,956.638208202212
1985-06-28,964.7508424128042
1985-07-01,964.8130844055936
1985-07-02,977.0006200363732
1985-07-03,996.7685033960556
1985-07-04,1010.4754937257028
1985-07-05,1018.4994237620492
1985-07-08,1014.1117449118956
1985-07-09,984.2333001100864
1985-07-10,958.9944409450496
1985-07-11,982.275368581643
1985-07-12,966.6056544287
1985-07-15,949.038220859905
1985-07-16,937.9142204034578
1985-07-17,950.6774301657472
1985-07-18,964.7695040911608
1985-07-19,975.7347045373876
1985-07-22,978.7369007053612
1985-07-23,971.3092278228568
1985-07-24,962.4581891966684
1985-07-25,951.9938413607986
1985-07-26,956.6075321268931
1985-07-29,945.3826835729684
1985-07-30,933.397563755256
1985-07-31,935.3549324756056
1985-08-01,958.6568558947536
1985-08-02,965.9287909268072
1985-08-05,967.5091189992596
1985-08-06,969.3742920356068
1985-08-07,964.9771032898686
1985-08-08,973.769608036558
1985-08-09,973.832431885222
1985-08-12,972.5665731048044
1985-08-13,973.0089686300436
1985-08-14,980.5703004749224
1985-08-15,982.9117515785772
1985-08-16,978.1337030708248
1985-08-19,971.0765495464932
1985-08-20,978.3548642725856
1985-08-21,984.2098751244316
1985-08-22,984.5582379150484
1985-08-23,984.5267965545834
1985-08-26,993.9920847307608
1985-08-27,1009.3469380444004
1985-08-28,1019.289923164758
1985-08-29,1023.4400624024466
1985-08-30,1027.59073184769
1985-09-02,1024.0471132808343
1985-09-03,1022.8781300489964
1985-09-04,1013.253097736182
1985-09-05,1030.0413257337364
1985-09-06,1042.2706296187323
1985-09-09,1046.6141473534194
1985-09-10,1058.0858021205402
1985-09-11,1058.914389663286
1985-09-12,1057.8421472879747
1985-09-13,1050.401227264799
1985-09-16,1058.7391223988184
1985-09-17,1072.8770510409156
1985-09-18,1071.710344978408
1985-09-19,1064.933928248323
1985-09-20,1078.2192243829654
1985-09-23,1063.835191175962
1985-09-24,1064.1891126991504
1985-09-25,1084.89486009631
1985-09-26,1065.8481822478288
1985-09-27,1071.9091325754912
1985-09-30,1086.9121538168135
1985-10-01,1100.3950737618518
1985-10-02,1104.1762258854503
1985-10-03,1111.7633963616952
1985-10-04,1109.5516552127556
1985-10-07,1114.761373949206
1985-10-08,1118.639564204129
1985-10-09,1108.6244700353575
1985-10-10,1091.5655620059615
1985-10-11,1113.0504290023869
1985-10-14,1124.2584538804929
1985-10-15,1154.9813314634291
1985-10-16,1149.344243334808
1985-10-17,1161.4135386749392
1985-10-18,1175.198079992465
1985-10-21,1174.797840699936
1985-10-22,1173.731019905416
1985-10-23,1196.94617641022
1985-10-24,1199.6898394304412
1985-10-25,1201.1957810975184
1985-10-28,1200.7970661454283
1985-10-29,1196.588357188016
1985-10-30,1234.0053618869358
1985-10-31,1234.4660174007597
1985-11-01,1239.7853293776548
1985-11-04,1229.004212976672
1985-11-05,1209.932418466807
1985-11-06,1228.5911071980545
1985-11-07,1232.8631896284132
1985-11-08,1220.2681675308677
1985-11-11,1213.7709414079063
1985-11-12,1219.5678402221083
1985-11-13,1214.4041436544846
1985-11-14,1177.5928217008388
1985-11-15,1185.67638849105
1985-11-18,1197.2883700370562
1985-11-19,1221.3914680310345
1985-11-21,1231.5770196788071
1985-11-22,1236.424117251175
1985-11-25,1244.037243429516
1985-11-26,1224.663031101902
1985-11-27,1212.9159988033998
1985-11-28,1208.606885253808
1985-11-29,1194.091153522937
1985-12-02,1178.238073225021
1985-12-03,1188.0444977428342
1985-12-04,1207.964818430198
1985-12-05,1201.7458021166442
1985-12-06,1196.0030487618585
1985-12-09,1197.797782845305
1985-12-10,1204.74579310528
1985-12-11,1219.3293298410958
1985-12-12,1232.0059511325944
1985-12-13,1242.393511214207
1985-12-16,1267.3864427145295
1985-12-17,1259.1634253335076
1985-12-18,1257.8127093462197
1985-12-19,1249.969877162386
1985-12-20,1269.9094979619908
1985-12-23,1283.454377927652
1985-12-27,1293.2769587293722
1985-12-30,1304.7241970410837
1986-01-02,1312.7454141837943
1986-01-03,1351.0435435375691
1986-01-06,1361.7436415570205
1986-01-07,1364.6125791880936
1986-01-08,1408.3677628604105
1986-01-09,1396.05051428857
1986-01-10,1384.4957932588884
1986-01-13,1387.080538314484
1986-01-14,1406.770047235675
1986-01-15,1440.9878302578404
1986-01-16,1424.8457055751628
1986-01-17,1438.1385977350233
1986-01-20,1425.24371986559
1986-01-21,1398.295255330537
1986-01-22,1361.400760098328
1986-01-23,1337.0249510333033
1986-01-24,1386.2660738857176
1986-01-27,1396.4065532421905
1986-01-28,1356.5368076577236
1986-01-29,1347.741510375375
1986-01-30,1320.0084490024926
1986-01-31,1326.7994659342517
1986-02-03,1334.2610285888372
1986-02-04,1355.40299674483
1986-02-05,1372.9126760824206
1986-02-06,1373.9690565380938
1986-02-07,1372.2508544624463
1986-02-10,1375.1253835649727
1986-02-11,1382.1151720931948
1986-02-12,1373.4109864266495
1986-02-13,1342.3098345248577
1986-02-14,1333.1228867355355
1986-02-17,1305.7473782208929
1986-02-18,1346.9100112931476
1986-02-19,1335.1365048832383
1986-02-20,1321.733643208025
1986-02-21,1336.4793326136034
1986-02-24,1334.7569536613971
1986-02-25,1300.7618900456523
1986-02-26,1287.6399004713398
1986-02-27,1268.098861058572
1986-02-28,1300.1831219242522
1986-03-03,1303.8217894319562
1986-03-04,1345.397305917873
1986-03-05,1362.260926560232
1986-03-06,1362.2639879171938
1986-03-07,1361.7879456901076
1986-03-10,1376.069081661716
1986-03-11,1395.2397666962345
1986-03-12,1412.4964069641017
1986-03-13,1404.7394774898296
1986-03-14,1412.2221876935916
1986-03-17,1415.9674003619618
1986-03-18,1397.4718190590374
1986-03-19,1420.487337700404
1986-03-20,1413.3993103253615
1986-03-21,1400.0774789674088
1986-03-24,1384.6439912162596
1986-03-25,1397.4036533589413
1986-03-26,1412.7547127401278
1986-03-27,1421.2019903351584
1986-04-01,1435.981431540111
1986-04-02,1436.5653077518436
1986-04-03,1453.4586041592431
1986-04-04,1449.2466083604204
1986-04-07,1469.8853479262716
1986-04-08,1479.4918796980094
1986-04-09,1473.937329178828
1986-04-10,1462.52767355045
1986-04-11,1482.693431243074
1986-04-14,1507.5653954893658
1986-04-15,1487.708333397568
1986-04-16,1509.5122587517908
1986-04-17,1522.774728563675
1986-04-18,1516.2603183400483
1986-04-21,1501.3911655319646
1986-04-22,1496.4106758886328
1986-04-23,1465.5001200987842
1986-04-24,1453.1210675736418
1986-04-25,1450.0569283114326
1986-04-28,1414.2373405647622
1986-04-29,1456.7037055520573
1986-04-30,1448.1631679010195
1986-05-02,1433.2803209510869
1986-05-05,1405.3279134973957
1986-05-06,1425.8972529680018
1986-05-07,1408.607066924944
1986-05-09,1386.50911128062
1986-05-12,1344.6088797844698
1986-05-13,1334.4217379162656
1986-05-14,1357.9733457527705
1986-05-15,1329.8088357227325
1986-05-16,1317.311010732839
1986-05-20,1285.1973534477504
1986-05-21,1307.8868764570514
1986-05-22,1350.1003576478936
1986-05-23,1347.6979848625704
1986-05-26,1341.0635630876477
1986-05-27,1314.133797916936
1986-05-28,1311.6320762242865
1986-05-30,1328.0805905376126
1986-06-02,1317.5946680170994
1986-06-03,1279.0139175150907
1986-06-04,1294.886353655413
1986-06-05,1304.506513232796
1986-06-06,1315.0903667333548
1986-06-09,1342.0361799772777
1986-06-10,1332.220381110452
1986-06-11,1334.5308646204292
1986-06-12,1356.2859372492994
1986-06-13,1367.8399828990605
1986-06-16,1395.376930179112
1986-06-18,1369.3864978742326
1986-06-19,1348.784292914676
1986-06-20,1334.727031047769
1986-06-23,1345.4169780676086
1986-06-24,1317.8743520798353
1986-06-25,1311.902176709999
1986-06-26,1311.4194649379526
1986-06-27,1330.684067843911
1986-06-30,1307.8527696243348
1986-07-01,1293.785310835371
1986-07-02,1305.537542173973
1986-07-03,1293.973132744756
1986-07-04,1305.727070182902
1986-07-07,1237.9768442045083
1986-07-08,1242.4037123831483
1986-07-09,1250.301078518215
1986-07-10,1279.2130444661134
1986-07-11,1290.873755327977
1986-07-14,1294.0524335969665
1986-07-15,1262.715788033965
1986-07-16,1225.975012273601
1986-07-17,1244.288729054162
1986-07-18,1244.5719084571915
1986-07-21,1212.836689739776
1986-07-22,1204.3408243376623
1986-07-23,1224.2015718229952
1986-07-24,1246.5731895662084
1986-07-25,1260.0728659482736
1986-07-28,1244.5352129551063
1986-07-29,1240.766219031428
1986-07-30,1247.1281312571482
1986-07-31,1243.5517599618006
1986-08-01,1237.851772085164
1986-08-04,1249.2334185421585
1986-08-05,1274.8048599716756
1986-08-06,1278.0827090903929
1986-08-07,1291.0142194008995
1986-08-08,1343.9146802869648
1986-08-11,1366.796982861478
1986-08-12,1367.1858433201307
1986-08-13,1388.5281627257027
1986-08-14,1389.884306098231
1986-08-15,1377.140923209932
1986-08-18,1393.4663959597503
1986-08-19,1422.5437541496835
1986-08-20,1398.2086540118555
1986-08-21,1416.3745985697888
1986-08-22,1419.375649586498
1986-08-25,1433.198044062627
1986-08-26,1415.2337031017184
1986-08-27,1434.5656656242654
1986-08-28,1430.0312455934684
1986-08-29,1447.337549615213
1986-09-01,1452.4684114977974
1986-09-02,1455.7635216526205
1986-09-03,1439.0496033666534
1986-09-04,1436.7372669501165
1986-09-05,1447.9595588937148
1986-09-08,1429.1143273045875
1986-09-09,1418.9686542402587
1986-09-10,1431.0623835122549
1986-09-11,1429.4255344296396
1986-09-12,1408.445739987337
1986-09-15,1409.225010257812
1986-09-16,1402.266174878096
1986-09-17,1374.314889984014
1986-09-18,1352.5509778543528
1986-09-19,1364.8395204928595
1986-09-22,1371.324474541662
1986-09-23,1400.2593641409928
1986-09-24,1389.8130849668462
1986-09-25,1392.4301579364364
1986-09-26,1371.045192700518
1986-09-29,1365.4340322181104
1986-09-30,1363.0163856348634
1986-10-01,1396.9971135980609
1986-10-02,1402.9072283525493
1986-10-03,1398.845835502195
1986-10-06,1395.1711489748836
1986-10-07,1408.6353777001325
1986-10-08,1397.8915316801642
1986-10-09,1395.0875775260206
1986-10-10,1384.6317284941506
1986-10-13,1377.1770475823528
1986-10-14,1388.416861926441
1986-10-15,1374.180089070078
1986-10-16,1376.701888167889
1986-10-17,1356.3581406819458
1986-10-20,1351.902447391677
1986-10-21,1363.3382932547572
1986-10-22,1358.4948047232538
1986-10-23,1367.219076663
1986-10-24,1385.2493700761413
1986-10-27,1377.110727111393
1986-10-28,1357.919883626998
1986-10-29,1341.9254387770393
1986-10-30,1367.3275500845891
1986-10-31,1383.0373245391506
1986-11-03,1389.3435808306035
1986-11-04,1394.0021887098794
1986-11-05,1381.3018991270858
1986-11-06,1386.4455265357813
1986-11-07,1387.0311302912376
1986-11-10,1383.0577192749854
1986-11-11,1370.2559017021863
1986-11-12,1361.2358389923295
1986-11-13,1369.3875659925936
1986-11-14,1367.0612013953253
1986-11-17,1355.0307635683243
1986-11-18,1361.53404205587
1986-11-20,1370.4645401559126
1986-11-21,1392.887440247017
1986-11-24,1409.1984464950772
1986-11-25,1414.348486148089
1986-11-26,1414.451140469277
1986-11-27,1419.213947394764
1986-11-28,1423.7832503718123
1986-12-01,1411.0693359075074
1986-12-02,1410.78332215611
1986-12-03,1428.074996163925
1986-12-04,1418.272250571918
1986-12-05,1421.9689489805685
1986-12-08,1414.3013034783005
1986-12-09,1413.8210978723737
1986-12-10,1411.4949688149352
1986-12-11,1407.0310432607018
1986-12-12,1403.3437727414534
1986-12-15,1395.769118290092
1986-12-16,1406.2684813153378
1986-12-17,1396.6520386018972
1986-12-18,1389.852761687922
1986-12-19,1388.3012500281943
1986-12-22,1381.9863939879745
1986-12-23,1395.6965823373191
1986-12-29,1394.5340172205274
1986-12-30,1392.6906834161457
1987-01-02,1374.2754891851257
1987-01-05,1382.8903975275662
1987-01-06,1395.105711243907
1987-01-07,1379.4080113139823
1987-01-08,1344.8347291473517
1987-01-09,1312.2966356561817
1987-01-12,1300.4761979597663
1987-01-13,1291.1831822055003
1987-01-14,1295.7079069179083
1987-01-15,1317.461718651633
1987-01-16,1320.9195831262105
1987-01-19,1293.3217994400593
1987-01-20,1295.6093005038986
1987-01-21,1297.507788773603
1987-01-22,1302.0361784912673
1987-01-23,1312.8965344351186
1987-01-26,1275.248958289658
1987-01-27,1261.5584902683006
1987-01-28,1217.953073772336
1987-01-29,1240.5021618920246
1987-01-30,1261.6918931399905
1987-02-02,1244.1925007325697
1987-02-03,1210.0206142475254
1987-02-04,1185.8821776979717
1987-02-05,1198.98291705138
1987-02-06,1219.6923517157732
1987-02-09,1238.553494977628
1987-02-10,1232.9384070462472
1987-02-11,1222.932620804651
1987-02-12,1234.7765779621936
1987-02-13,1246.525606354712
1987-02-16,1229.8828108545451
1987-02-17,1203.2824066525534
1987-02-18,1219.130949975627
1987-02-19,1246.4032214913332
1987-02-20,1235.4147791050714
1987-02-23,1213.58686664108
1987-02-24,1210.7940876532018
1987-02-25,1221.7696753445866
1987-02-26,1214.9729586402448
1987-02-27,1215.5979545597472
1987-03-02,1208.0174964055643
1987-03-03,1215.4805769050672
1987-03-04,1228.0261025831007
1987-03-05,1244.6785896309198
1987-03-06,1234.2638041552748
1987-03-09,1246.52238717043
1987-03-10,1235.7144320146156
1987-03-11,1225.4905927892896
1987-03-12,1222.49965324463
1987-03-13,1215.694435898066
1987-03-16,1211.2347573928168
1987-03-17,1194.157029850709
1987-03-18,1188.0309873927465
1987-03-19,1154.315872289452
1987-03-20,1170.3935887046173
1987-03-23,1191.2695718529017
1987-03-24,1209.3122074263672
1987-03-25,1214.2439452580224
1987-03-26,1243.7455156650176
1987-03-27,1279.4209607739847
1987-03-30,1269.7743435028035
1987-03-31,1274.7150120849683
1987-04-01,1305.0198518730408
1987-04-02,1306.9294797067766
1987-04-03,1308.0559306603654
1987-04-06,1330.6357935714252
1987-04-07,1304.4313496522725
1987-04-08,1310.554920889025
1987-04-09,1300.903018420468
1987-04-10,1272.2361747333075
1987-04-13,1256.892849498321
1987-04-14,1274.4828631366104
1987-04-15,1286.4886728341096
1987-04-16,1297.6147216232955
1987-04-21,1287.2683253575797
1987-04-22,1317.9128841034649
1987-04-23,1310.6069357140536
1987-04-24,1290.2530895369684
1987-04-27,1257.926024006436
1987-04-28,1285.9319959811064
1987-04-29,1289.9034853098165
1987-04-30,1283.865948012631
1987-05-04,1285.4825292752766
1987-05-05,1287.3939329105308
1987-05-06,1302.5586232292694
1987-05-07,1304.865063266133
1987-05-08,1301.1823318193217
1987-05-11,1299.757410483306
1987-05-12,1290.7697127982976
1987-05-13,1301.5231184144036
1987-05-14,1289.48826328012
1987-05-15,1287.9630716685515
1987-05-18,1272.3866569554357
1987-05-19,1276.8535713869303
1987-05-20,1249.282197422592
1987-05-21,1261.4142154032545
1987-05-22,1261.6543634222985
1987-05-25,1259.2400908525017
1987-05-26,1271.475588560092
1987-05-27,1284.795497602234
1987-05-29,1294.7745982825809
1987-06-01,1307.2148494045878
1987-06-02,1289.4588352629278
1987-06-03,1290.6860080972665
1987-06-04,1285.4196703874688
1987-06-05,1287.433845359334
1987-06-09,1281.969097926417
1987-06-10,1283.392763612743
1987-06-11,1290.9196899719466
1987-06-12,1292.9353237222203
1987-06-15,1318.7779512981576
1987-06-16,1325.818986864642
1987-06-19,1356.890392559989
1987-06-22,1369.5511462068405
1987-06-23,1380.7372095376015
1987-06-24,1350.747953617137
1987-06-25,1374.5453233683793
1987-06-26,1388.1004759604375
1987-06-29,1377.61374128535
1987-06-30,1362.788163727978
1987-07-01,1363.3356772359962
1987-07-02,1380.2472678868046
1987-07-03,1399.4301709087613
1987-07-06,1388.5443336388753
1987-07-07,1394.715758500111
1987-07-08,1399.8037061652733
1987-07-09,1392.1690836129833
1987-07-10,1400.7104107758123
1987-07-13,1411.9173334119805
1987-07-14,1421.4494188786853
1987-07-15,1443.022278568669
1987-07-16,1436.868486388725
1987-07-17,1453.6115914258678
1987-07-20,1464.8306316176893
1987-07-21,1454.2347005907293
1987-07-22,1441.9579022856656
1987-07-23,1425.8272984230969
1987-07-24,1441.689706157644
1987-07-27,1436.715983326881
1987-07-28,1451.1014744992772
1987-07-29,1460.3531750351272
1987-07-30,1484.03163649361
1987-07-31,1492.6961998851511
1987-08-03,1489.8005920384317
1987-08-04,1502.6186754763817
1987-08-05,1519.096819865322
1987-08-06,1532.6129970401355
1987-08-07,1541.979830676912
1987-08-10,1535.7262501268008
1987-08-11,1542.1288684438246
1987-08-12,1532.016806142372
1987-08-13,1526.1555718654492
1987-08-14,1546.408182136413
1987-08-17,1553.7051890705577
1987-08-18,1536.4658983850632
1987-08-19,1514.176011293386
1987-08-20,1528.3994169352277
1987-08-21,1531.045704627397
1987-08-24,1520.725154017695
1987-08-25,1514.4612178617615
1987-08-26,1521.562238223695
1987-08-27,1516.980312264588
1987-08-28,1525.4696290298984
1987-08-31,1523.2641212413942
1987-09-01,1533.241833384016
1987-09-02,1523.0123341059923
1987-09-03,1502.9718793955008
1987-09-04,1486.6922245335156
1987-09-07,1458.715115912329
1987-09-08,1468.3938003534342
1987-09-09,1478.966734447254
1987-09-10,1494.3004084352012
1987-09-11,1497.145333887673
1987-09-14,1518.334603602868
1987-09-15,1512.2578656741866
1987-09-16,1503.1052378178274
1987-09-17,1497.6205070275512
1987-09-18,1490.7457230717405
1987-09-21,1485.2583254525407
1987-09-22,1484.234675096326
1987-09-23,1491.7448521229062
1987-09-24,1487.1488600810228
1987-09-25,1481.6585120984248
1987-09-28,1482.4207260234073
1987-09-29,1494.6000751613433
1987-09-30,1489.7043943113124
1987-10-01,1509.5333877623427
1987-10-02,1532.644069542913
1987-10-05,1527.8502947044683
1987-10-06,1515.2080651604813
1987-10-07,1507.8282393619809
1987-10-08,1510.1836286565658
1987-10-09,1469.71223887812
1987-10-12,1471.169431406959
1987-10-13,1491.9085752706872
1987-10-14,1488.597307517323
1987-10-15,1452.1810343704212
1987-10-16,1450.2564363486974
1987-10-19,1314.2932876282553
1987-10-20,1295.7450189693009
1987-10-21,1372.1753759683277
1987-10-22,1280.9176311228
1987-10-23,1286.1352021569578
1987-10-26,1187.384616944136
1987-10-27,1219.5585174581963
1987-10-28,1136.7995125556192
1987-10-29,1099.3060693334417
1987-10-30,1172.0929811495866
1987-11-02,1158.7856327526254
1987-11-03,1125.164900129867
1987-11-04,1092.9304873161566
1987-11-05,1088.9704577588204
1987-11-06,1063.1982425327235
1987-11-09,1008.235484178362
1987-11-10,942.4016324684789
1987-11-11,984.6511607537216
1987-11-12,1057.8982893654868
1987-11-13,1072.2673869202802
1987-11-16,1079.165004016283
1987-11-17,1060.0493700682098
1987-11-19,1052.3931491662877
1987-11-20,1024.2974643148336
1987-11-23,1034.3834189226975
1987-11-24,1077.4785506778485
1987-11-25,1064.435406319366
1987-11-26,1056.0771212249408
1987-11-27,1050.110989355899
1987-11-30,1020.4995401426012
1987-12-01,1027.997651200613
1987-12-02,1042.6820376421667
1987-12-03,1035.913274348178
1987-12-04,1001.695610332538
1987-12-07,997.5159826279664
1987-12-08,1015.0986592117032
1987-12-09,1014.6137518858084
1987-12-10,1030.904149291198
1987-12-11,1016.0403568986976
1987-12-14,1008.6638971079068
1987-12-15,1032.0511068743674
1987-12-16,1050.2487841284926
1987-12-17,1039.8763857049628
1987-12-18,1029.201866771893
1987-12-21,1045.1068900584248
1987-12-22,1048.1227672805755
1987-12-23,1049.440082349763
1987-12-28,1009.3718740173146
1987-12-29,991.8893545325516
1987-12-30,1000.0
1988-01-04,943.88
1988-01-05,1004.34
1988-01-06,1020.16
1988-01-07,1009.01
1988-01-08,1025.28
1988-01-11,989.57
1988-01-12,989.49
1988-01-13,964.61
1988-01-14,965.64
1988-01-15,958.15
1988-01-18,997.96
1988-01-19,982.38
1988-01-20,956.78
1988-01-21,958.71
1988-01-22,971.39
1988-01-25,967.08
1988-01-26,964.14
1988-01-27,951.79
1988-01-28,931.18
1988-01-29,935.57
1988-02-01,958.69
1988-02-02,953.55
1988-02-03,981.56
1988-02-04,984.89
1988-02-05,980.46
1988-02-08,984.42
1988-02-09,988.12
1988-02-10,996.39
1988-02-11,1029.4
1988-02-12,1032.98
1988-02-15,1042.85
1988-02-16,1062.17
1988-02-17,1054.51
1988-02-18,1045.28
1988-02-19,1050.85
1988-02-22,1066.04
1988-02-23,1070.4
1988-02-24,1074.83
1988-02-25,1096.05
1988-02-26,1077.69
1988-02-29,1079.55
1988-03-01,1085.48
1988-03-02,1080.75
1988-03-03,1084.54
1988-03-04,1076.96
1988-03-07,1081.44
1988-03-08,1072.78
1988-03-09,1076.61
1988-03-10,1085.64
1988-03-11,1074.64
1988-03-14,1073.04
1988-03-15,1088.02
1988-03-16,1101.55
1988-03-17,1107.49
1988-03-18,1122.07
1988-03-21,1112.47
1988-03-22,1106.96
1988-03-23,1104.09
1988-03-24,1090.56
1988-03-25,1061.55
1988-03-28,1044.28
1988-03-29,1066.31
1988-03-30,1065.36
1988-03-31,1063.17
1988-04-05,1061.2
1988-04-06,1075.6
1988-04-07,1084.73
1988-04-08,1076.42
1988-04-11,1097.01
1988-04-12,1093.63
1988-04-13,1094.35
1988-04-14,1097.94
1988-04-15,1073.04
1988-04-18,1073.91
1988-04-19,1083.14
1988-04-20,1071.21
1988-04-21,1066.2
1988-04-22,1069.03
1988-04-25,1062.95
1988-04-26,1055.1
1988-04-27,1062.45
1988-04-28,1053.54
1988-04-29,1054.46
1988-05-02,1051.13
1988-05-03,1038.59
1988-05-04,1051.82
1988-05-05,1037.62
1988-05-06,1037.47
1988-05-09,1019.36
1988-05-10,1009.03
1988-05-11,1002.41
1988-05-13,1017.84
1988-05-16,1053.86
1988-05-17,1048.39
1988-05-18,1037.67
1988-05-19,1008.03
1988-05-20,1009.37
1988-05-24,1030.91
1988-05-25,1045.63
1988-05-26,1045.01
1988-05-27,1055.57
1988-05-30,1070.0
1988-05-31,1083.36
1988-06-01,1096.47
1988-06-03,1102.25
1988-06-06,1111.23
1988-06-07,1096.01
1988-06-08,1105.96
1988-06-09,1125.7
1988-06-10,1119.15
1988-06-13,1120.71
1988-06-14,1117.19
1988-06-15,1135.82
1988-06-16,1118.85
1988-06-20,1108.92
1988-06-21,1125.06
1988-06-22,1141.33
1988-06-23,1137.74
1988-06-24,1143.5
1988-06-27,1129.15
1988-06-28,1120.09
1988-06-29,1133.84
1988-06-30,1140.49
1988-07-01,1163.52
1988-07-04,1168.15
1988-07-05,1178.52
1988-07-06,1199.96
1988-07-07,1188.59
1988-07-08,1197.52
1988-07-11,1196.59
1988-07-12,1184.85
1988-07-13,1172.8
1988-07-14,1187.21
1988-07-15,1191.13
1988-07-18,1179.74
1988-07-19,1170.1
1988-07-20,1174.62
1988-07-21,1165.42
1988-07-22,1153.77
1988-07-25,1160.46
1988-07-26,1176.46
1988-07-27,1171.28
1988-07-28,1166.0
1988-07-29,1181.72
1988-08-01,1189.6
1988-08-02,1184.21
1988-08-03,1187.67
1988-08-04,1183.72
1988-08-05,1197.38
1988-08-08,1198.76
1988-08-09,1196.79
1988-08-10,1173.45
1988-08-11,1168.14
1988-08-12,1173.56
1988-08-15,1169.82
1988-08-16,1158.76
1988-08-17,1182.18
1988-08-18,1173.93
1988-08-19,1170.78
1988-08-22,1167.99
1988-08-23,1155.97
1988-08-24,1161.27
1988-08-25,1162.65
1988-08-26,1157.65
1988-08-29,1152.38
1988-08-30,1165.53
1988-08-31,1165.36
1988-09-01,1152.99
1988-09-02,1157.29
1988-09-05,1174.87
1988-09-06,1179.76
1988-09-07,1185.74
1988-09-08,1185.35
1988-09-09,1186.61
1988-09-12,1207.18
1988-09-13,1206.72
1988-09-14,1224.71
1988-09-15,1228.11
1988-09-16,1235.05
1988-09-19,1252.66
1988-09-20,1245.98
1988-09-21,1260.99
1988-09-22,1253.7
1988-09-23,1252.58
1988-09-26,1257.03
1988-09-27,1248.36
1988-09-28,1239.16
1988-09-29,1248.71
1988-09-30,1252.69
1988-10-03,1242.44
1988-10-04,1245.58
1988-10-05,1252.31
1988-10-06,1261.63
1988-10-07,1269.36
1988-10-10,1286.93
1988-10-11,1271.31
1988-10-12,1257.94
1988-10-13,1269.8
1988-10-14,1289.59
1988-10-17,1282.99
1988-10-18,1295.79
1988-10-19,1304.37
1988-10-20,1295.21
1988-10-21,1289.72
1988-10-24,1281.22
1988-10-25,1293.72
1988-10-26,1310.63
1988-10-27,1313.35
1988-10-28,1314.98
1988-10-31,1300.79
1988-11-01,1310.79
1988-11-02,1288.55
1988-11-03,1280.58
1988-11-04,1285.02
1988-11-07,1271.13
1988-11-08,1287.88
1988-11-09,1277.58
1988-11-10,1263.34
1988-11-11,1252.18
1988-11-14,1261.84
1988-11-15,1262.54
1988-11-16,1262.54
1988-11-17,1264.59
1988-11-18,1277.55
1988-11-21,1284.16
1988-11-22,1277.4
1988-11-23,1280.87
1988-11-24,1279.23
1988-11-25,1275.41
1988-11-28,1259.13
1988-11-29,1262.55
1988-11-30,1275.99
1988-12-01,1277.98
1988-12-02,1275.78
1988-12-05,1282.23
1988-12-06,1287.94
1988-12-07,1299.57
1988-12-08,1296.53
1988-12-09,1301.43
1988-12-12,1292.69
1988-12-13,1290.63
1988-12-14,1286.61
1988-12-15,1285.33
1988-12-16,1296.31
1988-12-19,1315.98
1988-12-20,1333.04
1988-12-21,1321.01
1988-12-22,1324.15
1988-12-23,1328.46
1988-12-27,1340.41
1988-12-28,1333.74
1988-12-29,1327.87
1989-01-02,1335.01
1989-01-03,1359.33
1989-01-04,1365.08
1989-01-05,1371.1
1989-01-06,1359.98
1989-01-09,1366.55
1989-01-10,1345.91
1989-01-11,1353.42
1989-01-12,1358.74
1989-01-13,1353.25
1989-01-16,1344.11
1989-01-17,1316.66
1989-01-18,1323.68
1989-01-19,1335.15
1989-01-20,1323.14
1989-01-23,1318.21
1989-01-24,1334.18
1989-01-25,1341.03
1989-01-26,1329.73
1989-01-27,1343.58
1989-01-30,1328.37
1989-01-31,1312.73
1989-02-01,1300.52
1989-02-02,1319.56
1989-02-03,1326.36
1989-02-06,1345.04
1989-02-07,1344.94
1989-02-08,1359.88
1989-02-09,1347.42
1989-02-10,1353.22
1989-02-13,1333.77
1989-02-14,1331.47
1989-02-15,1317.32
1989-02-16,1317.91
1989-02-17,1315.09
1989-02-20,1319.91
1989-02-21,1307.52
1989-02-22,1292.17
1989-02-23,1271.7
1989-02-24,1288.04
1989-02-27,1276.8
1989-02-28,1288.66
1989-03-01,1307.25
1989-03-02,1309.27
1989-03-03,1325.82
1989-03-06,1337.66
1989-03-07,1324.06
1989-03-08,1317.77
1989-03-09,1319.42
1989-03-10,1318.51
1989-03-13,1313.55
1989-03-14,1329.5
1989-03-15,1334.75
1989-03-16,1323.64
1989-03-17,1322.69
1989-03-20,1303.36
1989-03-21,1303.28
1989-03-22,1303.67
1989-03-23,1306.77
1989-03-28,1306.47
1989-03-29,1309.26
1989-03-30,1315.47
1989-03-31,1322.66
1989-04-03,1344.35
1989-04-04,1339.79
1989-04-05,1348.8
1989-04-06,1345.5
1989-04-07,1348.02
1989-04-10,1359.22
1989-04-11,1369.35
1989-04-12,1381.66
1989-04-13,1387.76
1989-04-14,1384.03
1989-04-17,1394.62
1989-04-18,1394.14
1989-04-19,1388.53
1989-04-20,1389.91
1989-04-21,1376.21
1989-04-24,1368.38
1989-04-25,1372.42
1989-04-26,1373.04
1989-04-27,1369.57
1989-04-28,1370.9
1989-05-02,1362.54
1989-05-03,1368.6
1989-05-05,1380.46
1989-05-08,1380.07
1989-05-09,1366.2
1989-05-10,1365.78
1989-05-11,1358.79
1989-05-12,1347.84
1989-05-16,1339.75
1989-05-17,1345.64
1989-05-18,1343.98
1989-05-19,1350.41
1989-05-22,1345.1
1989-05-23,1352.56
1989-05-24,1372.09
1989-05-26,1375.94
1989-05-29,1385.57
1989-05-30,1403.17
1989-05-31,1407.29
1989-06-01,1413.0
1989-06-02,1419.71
1989-06-05,1419.13
1989-06-06,1413.78
1989-06-07,1432.66
1989-06-08,1438.73
1989-06-09,1437.29
1989-06-12,1436.67
1989-06-13,1429.11
1989-06-14,1433.43
1989-06-15,1426.66
1989-06-16,1426.54
1989-06-19,1456.99
1989-06-20,1472.11
1989-06-21,1474.61
1989-06-22,1483.83
1989-06-23,1491.2
1989-06-26,1487.75
1989-06-27,1477.89
1989-06-28,1491.39
1989-06-29,1491.93
1989-06-30,1473.72
1989-07-03,1492.33
1989-07-04,1505.67
1989-07-05,1495.75
1989-07-06,1493.29
1989-07-07,1510.63
1989-07-10,1512.78
1989-07-11,1508.49
1989-07-12,1503.93
1989-07-13,1516.54
1989-07-14,1530.46
1989-07-17,1522.99
1989-07-18,1520.65
1989-07-19,1540.4
1989-07-20,1550.82
1989-07-21,1555.4
1989-07-24,1543.3
1989-07-25,1555.83
1989-07-26,1568.52
1989-07-27,1567.05
1989-07-28,1553.27
1989-07-31,1554.16
1989-08-01,1578.91
1989-08-02,1587.35
1989-08-03,1574.88
1989-08-04,1590.3
1989-08-07,1592.03
1989-08-08,1603.59
1989-08-09,1608.71
1989-08-10,1609.93
1989-08-11,1608.6
1989-08-14,1584.37
1989-08-15,1573.65
1989-08-16,1581.04
1989-08-17,1576.16
1989-08-18,1575.77
1989-08-21,1603.01
1989-08-22,1600.62
1989-08-23,1586.48
1989-08-24,1592.04
1989-08-25,1604.38
1989-08-28,1595.87
1989-08-29,1597.24
1989-08-30,1585.98
1989-08-31,1597.85
1989-09-01,1608.33
1989-09-04,1623.98
1989-09-05,1637.47
1989-09-06,1633.55
1989-09-07,1641.19
1989-09-08,1657.61
1989-09-11,1641.93
1989-09-12,1625.9
1989-09-13,1609.66
1989-09-14,1612.25
1989-09-15,1595.31
1989-09-18,1605.11
1989-09-19,1614.16
1989-09-20,1612.87
1989-09-21,1611.42
1989-09-22,1628.8
1989-09-25,1635.93
1989-09-26,1609.03
1989-09-27,1590.62
1989-09-28,1585.75
1989-09-29,1574.37
1989-10-02,1577.8
1989-10-03,1602.4
1989-10-04,1613.27
1989-10-05,1616.21
1989-10-06,1624.86
1989-10-09,1639.55
1989-10-10,1636.41
1989-10-11,1604.05
1989-10-12,1612.78
1989-10-13,1589.28
1989-10-16,1385.72
1989-10-17,1475.44
1989-10-18,1491.14
1989-10-19,1526.6
1989-10-20,1524.21
1989-10-23,1523.22
1989-10-24,1507.37
1989-10-25,1481.08
1989-10-26,1482.62
1989-10-27,1462.93
1989-10-30,1466.29
1989-10-31,1472.76
1989-11-01,1476.19
1989-11-02,1460.01
1989-11-03,1449.9
1989-11-06,1454.38
1989-11-07,1428.07
1989-11-08,1441.79
1989-11-09,1462.96
1989-11-10,1496.69
1989-11-13,1530.96
1989-11-14,1503.85
1989-11-15,1498.06
1989-11-16,1529.58
1989-11-17,1531.52
1989-11-20,1532.7
1989-11-21,1514.09
1989-11-22,1514.09
1989-11-23,1534.68
1989-11-24,1555.51
1989-11-27,1554.37
1989-11-28,1550.4
1989-11-29,1562.27
1989-11-30,1577.43
1989-12-01,1612.44
1989-12-04,1634.31
1989-12-05,1626.61
1989-12-06,1658.35
1989-12-07,1664.08
1989-12-08,1650.79
1989-12-11,1653.7
1989-12-12,1653.07
1989-12-13,1638.54
1989-12-14,1625.77
1989-12-15,1627.43
1989-12-18,1634.57
1989-12-19,1647.5
1989-12-20,1675.01
1989-12-21,1676.47
1989-12-22,1696.38
1989-12-26,1676.47
1989-12-27,1771.44
1989-12-28,1790.37
1989-12-29,1790.37
1990-01-02,1814.38
1990-01-03,1869.66
1990-01-04,1835.88
1990-01-05,1820.0
1990-01-08,1843.23
1990-01-09,1865.94
1990-01-10,1839.63
1990-01-11,1855.83
1990-01-12,1855.66
1990-01-15,1841.61
1990-01-16,1788.68
1990-01-17,1802.48
1990-01-18,1779.17
1990-01-19,1773.56
1990-01-22,1779.3
1990-01-23,1801.52
1990-01-24,1756.41
1990-01-25,1787.59
1990-01-26,1794.14
1990-01-29,1811.55
1990-01-30,1812.9
1990-01-31,1822.78
1990-02-01,1858.08
1990-02-02,1910.67
1990-02-05,1939.43
1990-02-06,1937.72
1990-02-07,1904.96
1990-02-08,1915.79
1990-02-09,1885.89
1990-02-12,1860.39
1990-02-13,1840.98
1990-02-14,1832.23
1990-02-15,1850.96
1990-02-16,1893.66
1990-02-19,1869.19
1990-02-20,1823.81
1990-02-21,1807.19
1990-02-22,1820.15
1990-02-23,1789.64
1990-02-26,1776.04
1990-02-27,1804.32
1990-02-28,1809.92
1990-03-01,1787.87
1990-03-02,1818.23
1990-03-05,1833.16
1990-03-06,1822.22
1990-03-07,1844.72
1990-03-08,1860.92
1990-03-09,1858.74
1990-03-12,1846.08
1990-03-13,1867.48
1990-03-14,1862.84
1990-03-15,1879.36
1990-03-16,1889.69
1990-03-19,1906.77
1990-03-20,1908.83
1990-03-21,1937.99
1990-03-22,1918.98
1990-03-23,1932.12
1990-03-26,1939.53
1990-03-27,1924.0
1990-03-28,1928.6
1990-03-29,1953.89
1990-03-30,1968.55
1990-04-02,1931.3
1990-04-03,1968.33
1990-04-04,1963.25
1990-04-05,1958.39
1990-04-06,1947.84
1990-04-09,1923.86
1990-04-10,1898.51
1990-04-11,1893.77
1990-04-12,1918.17
1990-04-17,1914.35
1990-04-18,1889.76
1990-04-19,1878.87
1990-04-20,1884.33
1990-04-23,1837.5
1990-04-24,1830.53
1990-04-25,1843.31
1990-04-26,1827.07
1990-04-27,1825.52
1990-04-30,1813.25
1990-05-02,1843.41
1990-05-03,1881.79
1990-05-04,1912.89
1990-05-07,1934.95
1990-05-08,1899.28
1990-05-09,1896.55
1990-05-10,1893.42
1990-05-11,1875.03
1990-05-14,1860.33
1990-05-15,1851.25
1990-05-16,1841.77
1990-05-17,1841.58
1990-05-18,1843.59
1990-05-21,1811.18
1990-05-22,1813.26
1990-05-23,1831.8
1990-05-25,1823.17
1990-05-28,1828.96
1990-05-29,1842.74
1990-05-30,1840.54
1990-05-31,1844.81
1990-06-01,1856.95
1990-06-05,1876.69
1990-06-06,1849.02
1990-06-07,1837.43
1990-06-08,1822.23
1990-06-11,1809.66
1990-06-12,1800.36
1990-06-13,1787.39
1990-06-15,1792.26
1990-06-18,1797.42
1990-06-19,1836.74
1990-06-20,1849.55
1990-06-21,1863.57
1990-06-22,1872.92
1990-06-25,1896.21
1990-06-26,1890.36
1990-06-27,1901.46
1990-06-28,1895.17
1990-06-29,1879.9
1990-07-02,1915.3
1990-07-03,1906.23
1990-07-04,1925.13
1990-07-05,1914.18
1990-07-06,1932.8
1990-07-09,1923.86
1990-07-10,1909.63
1990-07-11,1917.89
1990-07-12,1916.22
1990-07-13,1931.33
1990-07-16,1932.86
1990-07-17,1929.0
1990-07-18,1966.04
1990-07-19,1957.24
1990-07-20,1947.43
1990-07-23,1938.04
1990-07-24,1921.16
1990-07-25,1920.25
1990-07-26,1932.89
1990-07-27,1919.81
1990-07-30,1911.69
1990-07-31,1919.12
1990-08-01,1892.89
1990-08-02,1869.38
1990-08-03,1840.94
1990-08-06,1740.93
1990-08-07,1770.3
1990-08-08,1723.63
1990-08-09,1755.63
1990-08-10,1749.34
1990-08-13,1706.05
1990-08-14,1715.05
1990-08-15,1742.23
1990-08-16,1727.42
1990-08-17,1665.88
1990-08-20,1635.69
1990-08-21,1549.96
1990-08-22,1575.1
1990-08-23,1520.34
1990-08-24,1559.04
1990-08-27,1654.8
1990-08-28,1617.89
1990-08-29,1637.66
1990-08-30,1638.95
1990-08-31,1629.51
1990-09-03,1629.22
1990-09-04,1590.07
1990-09-05,1564.27
1990-09-06,1557.12
1990-09-07,1562.92
1990-09-10,1600.45
1990-09-11,1577.42
1990-09-12,1598.34
1990-09-13,1582.95
1990-09-14,1554.07
1990-09-17,1541.15
1990-09-18,1507.27
1990-09-19,1487.54
1990-09-20,1457.51
1990-09-21,1446.57
1990-09-24,1416.05
1990-09-25,1353.4
1990-09-26,1381.99
1990-09-27,1354.08
1990-09-28,1334.89
1990-10-01,1420.73
1990-10-02,1444.89
1990-10-04,1421.08
1990-10-05,1391.76
1990-10-08,1465.53
1990-10-09,1433.41
1990-10-10,1407.11
1990-10-11,1428.38
1990-10-12,1459.7
1990-10-15,1478.89
1990-10-16,1460.72
1990-10-17,1440.79
1990-10-18,1470.07
1990-10-19,1482.09
1990-10-22,1474.51
1990-10-23,1514.34
1990-10-24,1493.82
1990-10-25,1497.58
1990-10-26,1457.05
1990-10-29,1454.49
1990-10-30,1431.14
1990-10-31,1433.82
1990-11-01,1417.26
1990-11-02,1412.16
1990-11-05,1414.95
1990-11-06,1398.24
1990-11-07,1371.15
1990-11-08,1369.44
1990-11-09,1381.49
1990-11-12,1402.24
1990-11-13,1402.91
1990-11-14,1406.23
1990-11-15,1421.19
1990-11-16,1425.68
1990-11-19,1467.47
1990-11-20,1467.3
1990-11-22,1496.1
1990-11-23,1483.36
1990-11-26,1443.2
1990-11-27,1415.3
1990-11-28,1420.6
1990-11-29,1418.9
1990-11-30,1441.2
1990-12-03,1462.6
1990-12-04,1446.3
1990-12-05,1471.0
1990-12-06,1504.7
1990-12-07,1512.8
1990-12-10,1504.8
1990-12-11,1492.7
1990-12-12,1517.2
1990-12-13,1517.8
1990-12-14,1522.4
1990-12-17,1475.9
1990-12-18,1477.4
1990-12-19,1457.2
1990-12-20,1409.3
1990-12-21,1414.9
1990-12-27,1410.9
1990-12-28,1398.2
1991-01-02,1366.1
1991-01-03,1366.7
1991-01-04,1396.1
1991-01-07,1358.2
1991-01-08,1354.0
1991-01-09,1375.2
1991-01-10,1383.4
1991-01-11,1382.3
1991-01-14,1327.8
1991-01-15,1325.6
1991-01-16,1322.7
1991-01-17,1422.7
1991-01-18,1405.1
1991-01-21,1390.2
1991-01-22,1375.1
1991-01-23,1358.8
1991-01-24,1375.2
1991-01-25,1382.1
1991-01-28,1382.7
1991-01-29,1380.3
1991-01-30,1400.7
1991-01-31,1420.1
1991-02-01,1426.5
1991-02-04,1435.0
1991-02-05,1438.9
1991-02-06,1428.7
1991-02-07,1436.3
1991-02-08,1467.8
1991-02-11,1488.7
1991-02-12,1468.9
1991-02-13,1489.4
1991-02-14,1486.5
1991-02-15,1531.2
1991-02-18,1572.6
1991-02-19,1587.1
1991-02-20,1567.3
1991-02-21,1566.3
1991-02-22,1582.5
1991-02-25,1601.2
1991-02-26,1558.2
1991-02-27,1565.5
1991-02-28,1542.1
1991-03-01,1516.7
1991-03-04,1530.9
1991-03-05,1540.3
1991-03-06,1594.3
1991-03-07,1580.5
1991-03-08,1580.5
1991-03-11,1565.8
1991-03-12,1571.6
1991-03-13,1542.2
1991-03-14,1576.6
1991-03-15,1570.6
1991-03-18,1552.9
1991-03-19,1546.5
1991-03-20,1517.9
1991-03-21,1519.6
1991-03-22,1520.3
1991-03-25,1515.5
1991-03-26,1498.4
1991-03-27,1508.8
1991-03-28,1522.8
1991-04-02,1538.6
1991-04-03,1577.5
1991-04-04,1572.0
1991-04-05,1586.9
1991-04-08,1580.0
1991-04-09,1582.1
1991-04-10,1561.9
1991-04-11,1565.4
1991-04-12,1583.1
1991-04-15,1601.4
1991-04-16,1603.4
1991-04-17,1623.8
1991-04-18,1613.8
1991-04-19,1599.4
1991-04-22,1571.9
1991-04-23,1597.1
1991-04-24,1603.7
1991-04-25,1620.5
1991-04-26,1623.8
1991-04-29,1620.3
1991-04-30,1605.8
1991-05-02,1630.0
1991-05-03,1631.8
1991-05-06,1624.0
1991-05-07,1627.5
1991-05-08,1607.3
1991-05-10,1620.6
1991-05-13,1610.9
1991-05-14,1598.5
1991-05-15,1590.4
1991-05-16,1598.1
1991-05-17,1598.9
1991-05-21,1617.4
1991-05-22,1647.7
1991-05-23,1652.7
1991-05-24,1671.9
1991-05-27,1681.5
1991-05-28,1682.1
1991-05-29,1681.5
1991-05-31,1704.1
1991-06-03,1694.1
1991-06-04,1685.4
1991-06-05,1712.8
1991-06-06,1704.2
1991-06-07,1709.6
1991-06-10,1704.9
1991-06-11,1715.2
1991-06-12,1700.8
1991-06-13,1692.6
1991-06-14,1699.8
1991-06-17,1701.1
1991-06-18,1695.4
1991-06-19,1683.0
1991-06-20,1687.0
1991-06-21,1711.9
1991-06-24,1691.6
1991-06-25,1691.5
1991-06-26,1672.1
1991-06-27,1666.1
1991-06-28,1622.2
1991-07-01,1625.2
1991-07-02,1610.5
1991-07-03,1614.4
1991-07-04,1616.1
1991-07-05,1618.9
1991-07-08,1605.0
1991-07-09,1627.6
1991-07-10,1634.7
1991-07-11,1637.9
1991-07-12,1644.8
1991-07-15,1646.6
1991-07-16,1643.9
1991-07-17,1625.5
1991-07-18,1618.3
1991-07-19,1624.0
1991-07-22,1623.0
1991-07-23,1632.9
1991-07-24,1621.7
1991-07-25,1615.4
1991-07-26,1605.6
1991-07-29,1605.6
1991-07-30,1614.9
1991-07-31,1622.3
1991-08-01,1622.6
1991-08-02,1615.4
1991-08-05,1622.0
1991-08-06,1611.9
1991-08-07,1631.4
1991-08-08,1630.2
1991-08-09,1632.2
1991-08-12,1626.1
1991-08-13,1644.7
1991-08-14,1650.2
1991-08-15,1654.3
1991-08-16,1653.3
1991-08-19,1497.9
1991-08-20,1526.9
1991-08-21,1570.8
1991-08-22,1630.8
1991-08-23,1627.2
1991-08-26,1654.2
1991-08-27,1647.1
1991-08-28,1647.5
1991-08-29,1655.5
1991-08-30,1650.5
1991-09-02,1650.5
1991-09-03,1655.6
1991-09-04,1647.9
1991-09-05,1647.2
1991-09-06,1646.2
1991-09-09,1633.1
1991-09-10,1629.1
1991-09-11,1628.2
1991-09-12,1631.3
1991-09-13,1637.6
1991-09-16,1629.8
1991-09-17,1634.6
1991-09-18,1628.1
1991-09-19,1620.7
1991-09-20,1616.1
1991-09-23,1614.2
1991-09-24,1626.6
1991-09-25,1625.4
1991-09-26,1620.0
1991-09-27,1608.1
1991-09-30,1607.0
1991-10-01,1609.6
1991-10-02,1607.3
1991-10-04,1601.7
1991-10-07,1588.7
1991-10-08,1578.7
1991-10-09,1567.2
1991-10-10,1568.0
1991-10-11,1568.4
1991-10-14,1571.0
1991-10-15,1585.0
1991-10-16,1570.1
1991-10-17,1564.5
1991-10-18,1563.3
1991-10-21,1572.7
1991-10-22,1580.7
1991-10-23,1587.9
1991-10-24,1579.0
1991-10-25,1572.0
1991-10-28,1576.8
1991-10-29,1590.8
1991-10-30,1582.8
1991-10-31,1582.1
1991-11-01,1573.6
1991-11-04,1573.6
1991-11-05,1576.1
1991-11-06,1574.2
1991-11-07,1578.4
1991-11-08,1606.2
1991-11-11,1609.0
1991-11-12,1621.2
1991-11-13,1623.2
1991-11-14,1621.0
1991-11-15,1629.4
1991-11-18,1611.9
1991-11-19,1599.1
1991-11-21,1598.1
1991-11-22,1600.3
1991-11-25,1589.2
1991-11-26,1602.9
1991-11-27,1586.2
1991-11-28,1588.2
1991-11-29,1566.6
1991-12-02,1545.4
1991-12-03,1546.8
1991-12-04,1561.0
1991-12-05,1553.4
1991-12-06,1558.2
1991-12-09,1559.1
1991-12-10,1551.1
1991-12-11,1543.6
1991-12-12,1546.4
1991-12-13,1558.3
1991-12-16,1552.9
1991-12-17,1560.9
1991-12-18,1573.8
1991-12-19,1561.8
1991-12-20,1543.2
1991-12-23,1539.6
1991-12-27,1563.6
1991-12-30,1578.0
1992-01-02,1601.9
1992-01-03,1603.6
1992-01-06,1603.3
1992-01-07,1592.5
1992-01-08,1578.7
1992-01-09,1589.8
1992-01-10,1615.7
1992-01-13,1622.7
1992-01-14,1628.5
1992-01-15,1667.5
1992-01-16,1666.3
1992-01-17,1671.0
1992-01-20,1677.2
1992-01-21,1685.3
1992-01-22,1680.1
1992-01-23,1669.6
1992-01-24,1664.8
1992-01-27,1683.6
1992-01-28,1683.1
1992-01-29,1672.4
1992-01-30,1680.9
1992-01-31,1687.5
1992-02-03,1689.0
1992-02-04,1674.6
1992-02-05,1686.6
1992-02-06,1681.1
1992-02-07,1685.5
1992-02-10,1682.1
1992-02-11,1683.6
1992-02-12,1678.9
1992-02-13,1681.4
1992-02-14,1676.5
1992-02-17,1681.1
1992-02-18,1695.0
1992-02-19,1687.8
1992-02-20,1703.2
1992-02-21,1717.6
1992-02-24,1729.1
1992-02-25,1722.3
1992-02-26,1737.3
1992-02-27,1749.9
1992-02-28,1745.1
1992-03-02,1747.9
1992-03-03,1763.3
1992-03-04,1759.1
1992-03-05,1764.8
1992-03-06,1746.0
1992-03-09,1750.3
1992-03-10,1750.5
1992-03-11,1743.4
1992-03-12,1727.5
1992-03-13,1732.6
1992-03-16,1724.8
1992-03-17,1730.1
1992-03-18,1732.2
1992-03-19,1724.6
1992-03-20,1736.3
1992-03-23,1717.5
1992-03-24,1713.1
1992-03-25,1716.3
1992-03-26,1719.0
1992-03-27,1711.5
1992-03-30,1710.3
1992-03-31,1717.9
1992-04-01,1707.3
1992-04-02,1721.7
1992-04-03,1719.6
1992-04-06,1734.6
1992-04-07,1739.4
1992-04-08,1720.0
1992-04-09,1720.3
1992-04-10,1736.1
1992-04-13,1727.7
1992-04-14,1732.5
1992-04-15,1743.8
1992-04-16,1749.2
1992-04-21,1746.5
1992-04-22,1753.3
1992-04-23,1752.4
1992-04-24,1745.7
1992-04-27,1742.2
1992-04-28,1735.9
1992-04-29,1735.9
1992-04-30,1734.0
1992-05-04,1728.3
1992-05-05,1732.6
1992-05-06,1743.5
1992-05-07,1750.8
1992-05-08,1748.2
1992-05-11,1753.0
1992-05-12,1751.2
1992-05-13,1749.4
1992-05-14,1742.3
1992-05-15,1724.1
1992-05-18,1758.4
1992-05-19,1763.3
1992-05-20,1787.5
1992-05-21,1785.5
1992-05-22,1803.0
1992-05-25,1811.6
1992-05-26,1806.7
1992-05-27,1794.1
1992-05-29,1803.2
1992-06-01,1798.1
1992-06-02,1801.4
1992-06-03,1788.6
1992-06-04,1792.3
1992-06-05,1789.1
1992-06-09,1786.3
1992-06-10,1789.8
1992-06-11,1781.8
1992-06-12,1782.3
1992-06-15,1773.9
1992-06-16,1779.1
1992-06-17,1771.8
1992-06-19,1772.9
1992-06-22,1770.6
1992-06-23,1771.1
1992-06-24,1768.5
1992-06-25,1764.9
1992-06-26,1754.1
1992-06-29,1757.1
1992-06-30,1752.6
1992-07-01,1756.3
1992-07-02,1768.6
1992-07-03,1777.0
1992-07-06,1772.4
1992-07-07,1767.5
1992-07-08,1751.2
1992-07-09,1757.6
1992-07-10,1754.5
1992-07-13,1736.5
1992-07-14,1734.1
1992-07-15,1734.6
1992-07-16,1740.5
1992-07-17,1702.7
1992-07-20,1649.7
1992-07-21,1659.8
1992-07-22,1628.2
1992-07-23,1623.4
1992-07-24,1610.4
1992-07-27,1618.1
1992-07-28,1610.6
1992-07-29,1628.2
1992-07-30,1624.0
1992-07-31,1615.4
1992-08-03,1594.7
1992-08-04,1611.5
1992-08-05,1628.8
1992-08-06,1621.2
1992-08-07,1609.5
1992-08-10,1582.6
1992-08-11,1564.6
1992-08-12,1553.0
1992-08-13,1541.0
1992-08-14,1547.8
1992-08-17,1555.4
1992-08-18,1533.2
1992-08-19,1524.7
1992-08-20,1513.1
1992-08-21,1520.0
1992-08-24,1498.7
1992-08-25,1468.9
1992-08-26,1473.3
1992-08-27,1513.4
1992-08-28,1516.5
1992-08-31,1541.3
1992-09-01,1518.7
1992-09-02,1506.7
1992-09-03,1530.8
1992-09-04,1536.5
1992-09-07,1540.6
1992-09-08,1544.6
1992-09-09,1525.3
1992-09-10,1528.3
1992-09-11,1527.8
1992-09-14,1595.0
1992-09-15,1587.6
1992-09-16,1584.6
1992-09-17,1578.7
1992-09-18,1589.3
1992-09-21,1573.9
1992-09-22,1550.3
1992-09-23,1557.8
1992-09-24,1530.9
1992-09-25,1513.4
1992-09-28,1475.0
1992-09-29,1476.3
1992-09-30,1466.4
1992-10-01,1484.0
1992-10-02,1478.0
1992-10-05,1424.4
1992-10-06,1420.3
1992-10-07,1436.1
1992-10-08,1451.1
1992-10-09,1439.7
1992-10-12,1432.5
1992-10-13,1465.5
1992-10-14,1458.5
1992-10-15,1453.4
1992-10-16,1461.6
1992-10-19,1479.1
1992-10-20,1511.6
1992-10-21,1503.9
1992-10-22,1510.1
1992-10-23,1526.8
1992-10-26,1542.5
1992-10-27,1533.8
1992-10-28,1510.3
1992-10-29,1493.6
1992-10-30,1492.3
1992-11-02,1472.6
1992-11-03,1485.0
1992-11-04,1472.7
1992-11-05,1480.9
1992-11-06,1487.2
1992-11-09,1508.8
1992-11-10,1519.1
1992-11-11,1512.2
1992-11-12,1535.4
1992-11-13,1548.5
1992-11-16,1547.0
1992-11-17,1545.1
1992-11-19,1551.7
1992-11-20,1544.8
1992-11-23,1530.9
1992-11-24,1510.3
1992-11-25,1517.7
1992-11-26,1523.2
1992-11-27,1523.0
1992-11-30,1544.3
1992-12-01,1544.9
1992-12-02,1534.0
1992-12-03,1532.5
1992-12-04,1522.2
1992-12-07,1525.3
1992-12-08,1508.2
1992-12-09,1500.6
1992-12-10,1494.5
1992-12-11,1476.0
1992-12-14,1469.8
1992-12-15,1481.2
1992-12-16,1472.1
1992-12-17,1476.2
1992-12-18,1492.0
1992-12-21,1515.6
1992-12-22,1523.6
1992-12-23,1527.0
1992-12-28,1544.6
1992-12-29,1542.2
1992-12-30,1545.1
1993-01-04,1531.3
1993-01-05,1556.4
1993-01-06,1556.4
1993-01-07,1542.5
1993-01-08,1531.5
1993-01-11,1532.0
1993-01-12,1530.2
1993-01-13,1516.5
1993-01-14,1523.7
1993-01-15,1544.6
1993-01-18,1573.1
1993-01-19,1578.8
1993-01-20,1574.9
1993-01-21,1573.7
1993-01-22,1587.6
1993-01-25,1569.2
1993-01-26,1576.2
1993-01-27,1562.3
1993-01-28,1567.8
1993-01-29,1571.9
1993-02-01,1585.2
1993-02-02,1583.1
1993-02-03,1601.5
1993-02-04,1601.6
1993-02-05,1641.4
1993-02-08,1647.2
1993-02-09,1641.6
1993-02-10,1649.8
1993-02-11,1651.1
1993-02-12,1661.4
1993-02-15,1664.7
1993-02-16,1664.2
1993-02-17,1653.3
1993-02-18,1672.3
1993-02-19,1677.4
1993-02-22,1680.7
1993-02-23,1661.6
1993-02-24,1644.2
1993-02-25,1658.9
1993-02-26,1684.4
1993-03-01,1701.0
1993-03-02,1696.7
1993-03-03,1693.7
1993-03-04,1687.4
1993-03-05,1682.8
1993-03-08,1694.8
1993-03-09,1713.1
1993-03-10,1709.7
1993-03-11,1717.4
1993-03-12,1707.1
1993-03-15,1702.6
1993-03-16,1697.8
1993-03-17,1685.1
1993-03-18,1696.2
1993-03-19,1698.8
1993-03-22,1661.4
1993-03-23,1648.4
1993-03-24,1659.5
1993-03-25,1657.2
1993-03-26,1661.3
1993-03-29,1674.9
1993-03-30,1685.1
1993-03-31,1684.2
1993-04-01,1671.5
1993-04-02,1661.8
1993-04-05,1658.7
1993-04-06,1665.4
1993-04-07,1650.3
1993-04-08,1655.7
1993-04-13,1671.1
1993-04-14,1672.4
1993-04-15,1675.2
1993-04-16,1678.9
1993-04-19,1693.3
1993-04-20,1687.1
1993-04-21,1666.9
1993-04-22,1666.7
1993-04-23,1657.1
1993-04-26,1649.8
1993-04-27,1640.8
1993-04-28,1628.9
1993-04-29,1623.9
1993-04-30,1627.2
1993-05-03,1629.2
1993-05-04,1627.4
1993-05-05,1623.2
1993-05-06,1623.3
1993-05-07,1611.9
1993-05-10,1609.0
1993-05-11,1616.2
1993-05-12,1629.5
1993-05-13,1639.8
1993-05-14,1634.5
1993-05-17,1627.9
1993-05-18,1628.5
1993-05-19,1617.4
1993-05-21,1610.6
1993-05-24,1603.1
1993-05-25,1618.2
1993-05-26,1622.0
1993-05-27,1634.5
1993-05-28,1631.9
1993-06-01,1619.9
1993-06-02,1625.2
1993-06-03,1629.6
1993-06-04,1637.9
1993-06-07,1655.6
1993-06-08,1661.6
1993-06-09,1673.1
1993-06-11,1681.0
1993-06-14,1692.0
1993-06-15,1684.1
1993-06-16,1689.6
1993-06-17,1692.3
1993-06-18,1686.9
1993-06-21,1689.8
1993-06-22,1698.1
1993-06-23,1699.4
1993-06-24,1686.3
1993-06-25,1695.2
1993-06-28,1707.2
1993-06-29,1708.3
1993-06-30,1697.6
1993-07-01,1706.6
1993-07-02,1697.8
1993-07-05,1692.2
1993-07-06,1700.9
1993-07-07,1719.8
1993-07-08,1783.7
1993-07-09,1797.4
1993-07-12,1818.2
1993-07-13,1807.2
1993-07-14,1811.6
1993-07-15,1807.7
1993-07-16,1813.5
1993-07-19,1836.3
1993-07-20,1839.0
1993-07-21,1823.8
1993-07-22,1823.5
1993-07-23,1830.8
1993-07-26,1854.5
1993-07-27,1845.2
1993-07-28,1833.9
1993-07-29,1833.7
1993-07-30,1803.2
1993-08-02,1815.1
1993-08-03,1843.4
1993-08-04,1860.6
1993-08-05,1860.7
1993-08-06,1869.4
1993-08-09,1872.3
1993-08-10,1865.2
1993-08-11,1865.8
1993-08-12,1905.0
1993-08-13,1906.6
1993-08-16,1912.2
1993-08-17,1910.2
1993-08-18,1935.7
1993-08-19,1939.0
1993-08-20,1922.7
1993-08-23,1888.3
1993-08-24,1897.7
1993-08-25,1917.8
1993-08-26,1901.2
1993-08-27,1904.6
1993-08-30,1921.9
1993-08-31,1944.9
1993-09-01,1918.6
1993-09-02,1925.6
1993-09-03,1925.2
1993-09-06,1910.3
1993-09-07,1886.0
1993-09-08,1885.3
1993-09-09,1880.8
1993-09-10,1861.4
1993-09-13,1872.6
1993-09-14,1880.6
1993-09-15,1860.4
1993-09-16,1855.7
1993-09-17,1882.0
1993-09-20,1912.8
1993-09-21,1925.9
1993-09-22,1893.0
1993-09-23,1916.5
1993-09-24,1885.9
1993-09-27,1912.2
1993-09-28,1913.6
1993-09-29,1907.7
1993-09-30,1915.7
1993-10-01,1912.1
1993-10-04,1923.7
1993-10-05,1972.7
1993-10-06,1987.1
1993-10-07,1997.0
1993-10-08,2005.0
1993-10-11,2011.0
1993-10-12,1998.6
1993-10-13,2001.5
1993-10-14,1990.1
1993-10-15,2015.0
1993-10-18,2033.3
1993-10-19,2026.8
1993-10-20,2042.6
1993-10-21,2034.7
1993-10-22,2066.2
1993-10-25,2074.4
1993-10-26,2058.7
1993-10-27,2043.1
1993-10-28,2038.5
1993-10-29,2069.0
1993-11-01,2062.1
1993-11-02,2095.6
1993-11-03,2084.4
1993-11-04,2062.6
1993-11-05,2012.6
1993-11-08,2010.8
1993-11-09,2022.8
1993-11-10,2023.8
1993-11-11,2023.3
1993-11-12,2015.0
1993-11-15,2049.1
1993-11-16,2071.7
1993-11-18,2085.3
1993-11-19,2077.4
1993-11-22,2030.0
1993-11-23,2027.4
1993-11-24,2029.6
1993-11-25,2047.7
1993-11-26,2047.2
1993-11-29,2043.4
1993-11-30,2057.8
1993-12-01,2089.9
1993-12-02,2110.5
1993-12-03,2120.6
1993-12-06,2118.8
1993-12-07,2115.5
1993-12-08,2148.1
1993-12-09,2175.8
1993-12-10,2161.1
1993-12-13,2172.8
1993-12-14,2150.0
1993-12-15,2110.7
1993-12-16,2137.5
1993-12-17,2151.0
1993-12-20,2178.2
1993-12-21,2182.9
1993-12-22,2197.5
1993-12-23,2222.8
1993-12-27,2254.0
1993-12-28,2242.8
1993-12-29,2214.7
1993-12-30,2266.7
1994-01-03,2268.0
1994-01-04,2253.6
1994-01-05,2233.4
1994-01-06,2220.2
1994-01-07,2211.6
1994-01-10,2233.8
1994-01-11,2228.8
1994-01-12,2209.2
1994-01-13,2164.7
1994-01-14,2141.8
1994-01-17,2137.4
1994-01-18,2113.8
1994-01-19,2134.4
1994-01-20,2116.2
1994-01-21,2075.6
1994-01-24,2080.0
1994-01-25,2126.8
1994-01-26,2119.2
1994-01-27,2125.1
1994-01-28,2133.5
1994-01-31,2177.5
1994-02-01,2179.7
1994-02-02,2184.0
1994-02-03,2151.7
1994-02-04,2138.3
1994-02-07,2079.4
1994-02-08,2107.2
1994-02-09,2085.3
1994-02-10,2119.0
1994-02-11,2090.6
1994-02-14,2116.0
1994-02-15,2115.6
1994-02-16,2136.6
1994-02-17,2128.7
1994-02-18,2152.0
1994-02-21,2119.5
1994-02-22,2107.6
1994-02-23,2127.7
1994-02-24,2090.3
1994-02-25,2075.0
1994-02-28,2091.6
1994-03-01,2067.1
1994-03-02,2020.3
1994-03-03,2038.0
1994-03-04,2060.1
1994-03-07,2109.0
1994-03-08,2124.0
1994-03-09,2115.1
1994-03-10,2141.1
1994-03-11,2103.5
1994-03-14,2145.2
1994-03-15,2165.6
1994-03-16,2172.7
1994-03-17,2175.1
1994-03-18,2155.6
1994-03-21,2131.3
1994-03-22,2141.3
1994-03-23,2161.1
1994-03-24,2161.7
1994-03-25,2130.1
1994-03-28,2161.4
1994-03-29,2168.4
1994-03-30,2147.5
1994-03-31,2133.1
1994-04-05,2158.3
1994-04-06,2191.2
1994-04-07,2201.4
1994-04-08,2203.4
1994-04-11,2225.3
1994-04-12,2210.6
1994-04-13,2209.2
1994-04-14,2198.7
1994-04-15,2200.4
1994-04-18,2228.8
1994-04-19,2172.4
1994-04-20,2182.6
1994-04-21,2197.0
1994-04-22,2213.9
1994-04-25,2202.2
1994-04-26,2243.2
1994-04-27,2253.6
1994-04-28,2251.2
1994-04-29,2246.0
1994-05-02,2268.7
1994-05-03,2252.3
1994-05-04,2249.0
1994-05-05,2235.8
1994-05-06,2237.0
1994-05-09,2218.9
1994-05-10,2235.2
1994-05-11,2243.6
1994-05-13,2258.8
1994-05-16,2271.1
1994-05-17,2259.7
1994-05-18,2267.4
1994-05-19,2247.8
1994-05-20,2249.7
1994-05-24,2198.7
1994-05-25,2158.8
1994-05-26,2130.3
1994-05-27,2141.0
1994-05-30,2118.2
1994-05-31,2127.7
1994-06-01,2129.7
1994-06-03,2148.4
1994-06-06,2163.1
1994-06-07,2135.1
1994-06-08,2145.2
1994-06-09,2129.3
1994-06-10,2133.1
1994-06-13,2105.8
1994-06-14,2074.7
1994-06-15,2074.7
1994-06-16,2054.9
1994-06-17,2050.7
1994-06-20,1968.8
1994-06-21,1983.3
1994-06-22,1994.4
1994-06-23,2022.1
1994-06-24,2005.3
1994-06-27,1988.6
1994-06-28,2018.3
1994-06-29,2046.3
1994-06-30,2025.3
1994-07-01,2036.5
1994-07-04,2054.4
1994-07-05,2032.7
1994-07-06,2035.7
1994-07-07,2043.9
1994-07-08,2050.9
1994-07-11,2065.7
1994-07-12,2048.1
1994-07-13,2054.0
1994-07-14,2055.6
1994-07-15,2093.6
1994-07-18,2098.2
1994-07-19,2128.8
1994-07-20,2138.7
1994-07-21,2113.3
1994-07-22,2150.3
1994-07-25,2136.2
1994-07-26,2152.0
1994-07-27,2140.4
1994-07-28,2122.8
1994-07-29,2146.6
1994-08-01,2153.8
1994-08-02,2186.4
1994-08-03,2198.9
1994-08-04,2183.4
1994-08-05,2184.8
1994-08-08,2184.7
1994-08-09,2164.2
1994-08-10,2160.4
1994-08-11,2155.3
1994-08-12,2124.7
1994-08-15,2138.8
1994-08-16,2143.1
1994-08-17,2162.3
1994-08-18,2153.6
1994-08-19,2149.6
1994-08-22,2123.8
1994-08-23,2107.9
1994-08-24,2126.4
1994-08-25,2152.2
1994-08-26,2161.5
1994-08-29,2193.2
1994-08-30,2210.9
1994-08-31,2212.9
1994-09-01,2200.8
1994-09-02,2204.7
1994-09-05,2174.5
1994-09-06,2165.9
1994-09-07,2163.8
1994-09-08,2172.4
1994-09-09,2185.2
1994-09-12,2154.6
1994-09-13,2136.1
1994-09-14,2124.1
1994-09-15,2114.0
1994-09-16,2118.7
1994-09-19,2096.8
1994-09-20,2079.0
1994-09-21,2079.5
1994-09-22,2073.0
1994-09-23,2089.1
1994-09-26,2068.7
1994-09-27,2058.7
1994-09-28,2068.1
1994-09-29,2043.6
1994-09-30,2011.8
1994-10-04,1995.0
1994-10-05,1968.7
1994-10-06,1961.0
1994-10-07,1960.6
1994-10-10,2024.8
1994-10-11,2071.1
1994-10-12,2077.6
1994-10-13,2082.6
1994-10-14,2105.7
1994-10-17,2090.9
1994-10-18,2084.8
1994-10-19,2051.2
1994-10-20,2070.0
1994-10-21,2022.2
1994-10-24,2025.4
1994-10-25,1974.6
1994-10-26,2020.5
1994-10-27,2013.2
1994-10-28,2040.3
1994-10-31,2071.6
1994-11-01,2069.7
1994-11-02,2042.4
1994-11-03,2051.5
1994-11-04,2067.6
1994-11-07,2043.5
1994-11-08,2053.4
1994-11-09,2096.5
1994-11-10,2082.4
1994-11-11,2078.4
1994-11-14,2089.3
1994-11-15,2110.8
1994-11-17,2102.7
1994-11-18,2100.2
1994-11-21,2105.3
1994-11-22,2074.8
1994-11-23,2033.3
1994-11-24,2056.0
1994-11-25,2051.6
1994-11-28,2058.5
1994-11-29,2044.3
1994-11-30,2048.3
1994-12-01,2046.6
1994-12-02,2038.5
1994-12-05,2071.1
1994-12-06,2046.9
1994-12-07,2055.6
1994-12-08,2042.2
1994-12-09,2028.3
1994-12-12,2024.8
1994-12-13,2011.3
1994-12-14,2024.8
1994-12-15,2052.6
1994-12-16,2070.1
1994-12-19,2075.9
1994-12-20,2079.9
1994-12-21,2086.7
1994-12-22,2100.7
1994-12-23,2094.0
1994-12-27,2106.2
1994-12-28,2109.0
1994-12-29,2077.0
1994-12-30,2106.6
1995-01-02,2079.5
1995-01-03,2074.8
1995-01-04,2072.3
1995-01-05,2062.5
1995-01-06,2053.9
1995-01-09,2059.2
1995-01-10,2051.1
1995-01-11,2061.1
1995-01-12,2071.3
1995-01-13,2055.6
1995-01-16,2085.6
1995-01-17,2083.9
1995-01-18,2078.9
1995-01-19,2089.4
1995-01-20,2055.6
1995-01-23,2026.8
1995-01-24,2018.0
1995-01-25,2026.8
1995-01-26,2030.7
1995-01-27,2031.7
1995-01-30,2035.0
1995-01-31,2021.3
1995-02-01,2048.4
1995-02-02,2045.3
1995-02-03,2058.0
1995-02-06,2089.7
1995-02-07,2092.5
1995-02-08,2087.6
1995-02-09,2112.7
1995-02-10,2130.2
1995-02-13,2117.0
1995-02-14,2133.2
1995-02-15,2135.0
1995-02-16,2115.7
1995-02-17,2117.0
1995-02-20,2101.5
1995-02-21,2097.0
1995-02-22,2093.2
1995-02-23,2118.2
1995-02-24,2118.6
1995-02-27,2099.3
1995-02-28,2102.2
1995-03-01,2126.2
1995-03-02,2118.7
1995-03-03,2109.5
1995-03-06,2070.3
1995-03-07,2053.3
1995-03-08,2025.2
1995-03-09,2001.6
1995-03-10,1994.0
1995-03-13,1999.5
1995-03-14,2000.5
1995-03-15,2010.1
1995-03-16,1992.1
1995-03-17,2005.2
1995-03-20,1991.8
1995-03-21,1983.0
1995-03-22,1984.1
1995-03-23,1936.1
1995-03-24,1925.4
1995-03-27,1946.9
1995-03-28,1911.0
1995-03-29,1918.9
1995-03-30,1918.5
1995-03-31,1922.6
1995-04-03,1930.8
1995-04-04,1965.0
1995-04-05,1969.8
1995-04-06,1979.3
1995-04-07,1981.9
1995-04-10,1972.3
1995-04-11,1993.7
1995-04-12,1988.5
1995-04-13,1986.5
1995-04-18,1965.3
1995-04-19,1951.0
1995-04-20,1956.0
1995-04-21,1976.6
1995-04-24,1976.2
1995-04-25,2007.0
1995-04-26,2029.5
1995-04-27,2026.1
1995-04-28,2015.9
1995-05-02,2035.9
1995-05-03,2028.7
1995-05-04,2044.8
1995-05-05,2023.8
1995-05-08,2024.8
1995-05-09,2039.6
1995-05-10,2059.1
1995-05-11,2078.1
1995-05-12,2096.9
1995-05-15,2086.7
1995-05-16,2110.5
1995-05-17,2095.3
1995-05-18,2087.1
1995-05-19,2065.1
1995-05-22,2083.2
1995-05-23,2080.4
1995-05-24,2105.1
1995-05-26,2077.9
1995-05-29,2067.4
1995-05-30,2087.7
1995-05-31,2092.2
1995-06-01,2126.4
1995-06-02,2136.3
1995-06-06,2146.4
1995-06-07,2141.1
1995-06-08,2131.0
1995-06-09,2121.8
1995-06-12,2119.6
1995-06-13,2115.1
1995-06-14,2128.0
1995-06-16,2120.0
1995-06-19,2141.8
1995-06-20,2136.7
1995-06-21,2143.7
1995-06-22,2148.7
1995-06-23,2139.8
1995-06-26,2130.4
1995-06-27,2122.4
1995-06-28,2096.4
1995-06-29,2106.6
1995-06-30,2083.9
1995-07-03,2092.3
1995-07-04,2114.9
1995-07-05,2105.7
1995-07-06,2121.2
1995-07-07,2153.4
1995-07-10,2179.3
1995-07-11,2201.9
1995-07-12,2199.1
1995-07-13,2214.4
1995-07-14,2184.9
1995-07-17,2199.6
1995-07-18,2193.0
1995-07-19,2182.9
1995-07-20,2184.3
1995-07-21,2201.9
1995-07-24,2197.5
1995-07-25,2229.1
1995-07-26,2240.8
1995-07-27,2234.4
1995-07-28,2230.0
1995-07-31,2218.7
1995-08-01,2220.0
1995-08-02,2241.5
1995-08-03,2240.7
1995-08-04,2236.0
1995-08-07,2243.4
1995-08-08,2237.7
1995-08-09,2221.8
1995-08-10,2218.7
1995-08-11,2232.9
1995-08-14,2208.5
1995-08-15,2227.6
1995-08-16,2252.9
1995-08-17,2260.3
1995-08-18,2263.5
1995-08-21,2269.4
1995-08-22,2258.9
1995-08-23,2263.4
1995-08-24,2262.9
1995-08-25,2249.3
1995-08-28,2241.1
1995-08-29,2231.6
1995-08-30,2240.1
1995-08-31,2238.3
1995-09-01,2233.1
1995-09-04,2250.3
1995-09-05,2264.8
1995-09-06,2277.1
1995-09-07,2268.0
1995-09-08,2273.7
1995-09-11,2260.8
1995-09-12,2270.8
1995-09-13,2295.5
1995-09-14,2300.0
1995-09-15,2317.0
1995-09-18,2301.4
1995-09-19,2311.3
1995-09-20,2305.1
1995-09-21,2287.3
1995-09-22,2211.8
1995-09-25,2208.4
1995-09-26,2227.9
1995-09-27,2185.4
1995-09-28,2171.9
1995-09-29,2187.0
1995-10-02,2205.0
1995-10-04,2217.8
1995-10-05,2208.8
1995-10-06,2171.4
1995-10-09,2168.7
1995-10-10,2138.8
1995-10-11,2145.3
1995-10-12,2158.1
1995-10-13,2196.8
1995-10-16,2191.4
1995-10-17,2201.0
1995-10-18,2194.8
1995-10-19,2179.6
1995-10-20,2170.5
1995-10-23,2107.4
1995-10-24,2113.6
1995-10-25,2150.1
1995-10-26,2131.8
1995-10-27,2096.1
1995-10-30,2146.1
1995-10-31,2167.9
1995-11-01,2163.2
1995-11-02,2184.0
1995-11-03,2181.7
1995-11-06,2165.8
1995-11-07,2175.0
1995-11-08,2172.3
1995-11-09,2192.8
1995-11-10,2172.2
1995-11-13,2175.3
1995-11-14,2197.3
1995-11-15,2186.2
1995-11-16,2200.7
1995-11-17,2201.3
1995-11-20,2218.3
1995-11-21,2205.1
1995-11-22,2193.3
1995-11-23,2192.3
1995-11-24,2198.2
1995-11-27,2238.1
1995-11-28,2241.5
1995-11-29,2245.6
1995-11-30,2242.8
1995-12-01,2260.7
1995-12-04,2252.2
1995-12-05,2261.0
1995-12-06,2267.2
1995-12-07,2263.1
1995-12-08,2267.5
1995-12-11,2272.8
1995-12-12,2289.8
1995-12-13,2277.8
1995-12-14,2285.9
1995-12-15,2284.8
1995-12-18,2266.2
1995-12-19,2235.6
1995-12-20,2262.1
1995-12-21,2265.1
1995-12-22,2280.4
1995-12-27,2280.4
1995-12-28,2275.8
1995-12-29,2253.9
1996-01-02,2284.9
1996-01-03,2329.2
1996-01-04,2324.3
1996-01-05,2331.9
1996-01-08,2323.5
1996-01-09,2349.7
1996-01-10,2338.2
1996-01-11,2329.5
1996-01-12,2356.5
1996-01-15,2359.1
1996-01-16,2376.9
1996-01-17,2371.3
1996-01-18,2380.9
1996-01-19,2398.8
1996-01-22,2390.5
1996-01-23,2384.5
1996-01-24,2423.1
1996-01-25,2443.7
1996-01-26,2432.9
1996-01-29,2446.1
1996-01-30,2435.8
1996-01-31,2470.1
1996-02-01,2459.3
1996-02-02,2452.1
1996-02-05,2419.0
1996-02-06,2428.3
1996-02-07,2446.2
1996-02-08,2430.2
1996-02-09,2411.9
1996-02-12,2428.1
1996-02-13,2433.9
1996-02-14,2427.1
1996-02-15,2423.0
1996-02-16,2429.0
1996-02-19,2398.6
1996-02-20,2382.6
1996-02-21,2391.1
1996-02-22,2412.0
1996-02-23,2451.8
1996-02-26,2442.3
1996-02-27,2444.9
1996-02-28,2472.5
1996-02-29,2473.6
1996-03-01,2501.2
1996-03-04,2488.0
1996-03-05,2479.0
1996-03-06,2466.0
1996-03-07,2480.9
1996-03-08,2469.1
1996-03-11,2407.8
1996-03-12,2436.0
1996-03-13,2426.4
1996-03-14,2426.5
1996-03-15,2458.2
1996-03-18,2463.2
1996-03-19,2493.3
1996-03-20,2485.9
1996-03-21,2504.1
1996-03-22,2504.2
1996-03-25,2510.3
1996-03-26,2499.3
1996-03-27,2525.4
1996-03-28,2508.4
1996-03-29,2485.9
1996-04-01,2489.1
1996-04-02,2501.2
1996-04-03,2494.4
1996-04-04,2495.2
1996-04-09,2503.3
1996-04-10,2530.0
1996-04-11,2509.7
1996-04-12,2511.8
1996-04-15,2545.9
1996-04-16,2538.4
1996-04-17,2524.2
1996-04-18,2535.5
1996-04-19,2536.5
1996-04-22,2545.9
1996-04-23,2550.2
1996-04-24,2538.3
1996-04-25,2532.4
1996-04-26,2537.2
1996-04-29,2506.5
1996-04-30,2505.3
1996-05-02,2502.3
1996-05-03,2457.5
1996-05-06,2468.9
1996-05-07,2479.5
1996-05-08,2472.6
1996-05-09,2469.4
1996-05-10,2468.8
1996-05-13,2496.2
1996-05-14,2519.7
1996-05-15,2528.8
1996-05-17,2537.3
1996-05-20,2550.0
1996-05-21,2570.8
1996-05-22,2556.9
1996-05-23,2560.5
1996-05-24,2542.2
1996-05-28,2558.3
1996-05-29,2551.5
1996-05-30,2527.3
1996-05-31,2542.8
1996-06-03,2532.8
1996-06-04,2546.3
1996-06-05,2552.5
1996-06-07,2557.4
1996-06-10,2558.8
1996-06-11,2546.4
1996-06-12,2568.9
1996-06-13,2567.5
1996-06-14,2548.8
1996-06-17,2546.1
1996-06-18,2549.3
1996-06-19,2554.3
1996-06-20,2539.7
1996-06-21,2540.1
1996-06-24,2566.4
1996-06-25,2573.0
1996-06-26,2573.7
1996-06-27,2551.6
1996-06-28,2561.4
1996-07-01,2564.0
1996-07-02,2572.3
1996-07-03,2569.0
1996-07-04,2577.4
1996-07-05,2583.5
1996-07-08,2551.0
1996-07-09,2562.2
1996-07-10,2567.4
1996-07-11,2575.5
1996-07-12,2544.3
1996-07-15,2550.5
1996-07-16,2469.8
1996-07-17,2497.2
1996-07-18,2506.2
1996-07-19,2520.2
1996-07-22,2482.4
1996-07-23,2475.1
1996-07-24,2447.8
1996-07-25,2465.0
1996-07-26,2470.3
1996-07-29,2477.8
1996-07-30,2457.5
1996-07-31,2473.4
1996-08-01,2494.5
1996-08-02,2508.7
1996-08-05,2520.9
1996-08-06,2522.5
1996-08-07,2531.9
1996-08-08,2538.2
1996-08-09,2525.6
1996-08-12,2528.2
1996-08-13,2539.4
1996-08-14,2538.7
1996-08-15,2546.3
1996-08-16,2548.4
1996-08-19,2562.8
1996-08-20,2560.3
1996-08-21,2543.7
1996-08-22,2557.3
1996-08-23,2555.2
1996-08-26,2552.4
1996-08-27,2558.8
1996-08-28,2563.2
1996-08-29,2560.1
1996-08-30,2543.8
1996-09-02,2532.9
1996-09-03,2510.8
1996-09-04,2532.4
1996-09-05,2529.5
1996-09-06,2517.0
1996-09-09,2548.7
1996-09-10,2570.1
1996-09-11,2566.8
1996-09-12,2570.3
1996-09-13,2596.0
1996-09-16,2629.9
1996-09-17,2628.1
1996-09-18,2625.7
1996-09-19,2624.4
1996-09-20,2646.1
1996-09-23,2627.0
1996-09-24,2638.5
1996-09-25,2659.0
1996-09-26,2666.6
1996-09-27,2659.0
1996-09-30,2651.9
1996-10-01,2655.7
1996-10-02,2676.5
1996-10-04,2683.3
1996-10-07,2702.6
1996-10-08,2691.2
1996-10-09,2703.0
1996-10-10,2680.8
1996-10-11,2686.0
1996-10-14,2693.9
1996-10-15,2728.5
1996-10-16,2714.9
1996-10-17,2716.3
1996-10-18,2734.8
1996-10-21,2729.0
1996-10-22,2719.0
1996-10-23,2699.5
1996-10-24,2678.4
1996-10-25,2674.2
1996-10-28,2703.8
1996-10-29,2673.6
1996-10-30,2678.7
1996-10-31,2659.3
1996-11-01,2683.3
1996-11-04,2671.9
1996-11-05,2691.3
1996-11-06,2729.2
1996-11-07,2713.2
1996-11-08,2739.8
1996-11-11,2728.3
1996-11-12,2734.3
1996-11-13,2773.4
1996-11-14,2777.0
1996-11-15,2795.8
1996-11-18,2763.8
1996-11-19,2764.1
1996-11-20,2774.5
1996-11-21,2772.3
1996-11-22,2763.7
1996-11-25,2799.2
1996-11-26,2810.6
1996-11-27,2797.0
1996-11-28,2817.5
1996-11-29,2845.5
1996-12-02,2858.6
1996-12-03,2887.0
1996-12-04,2866.1
1996-12-05,2909.9
1996-12-06,2792.0
1996-12-09,2857.2
1996-12-10,2891.0
1996-12-11,2841.1
1996-12-12,2847.1
1996-12-13,2799.7
1996-12-16,2855.8
1996-12-17,2815.1
1996-12-18,2820.8
1996-12-19,2807.8
1996-12-20,2854.5
1996-12-23,2845.6
1996-12-27,2852.9
1996-12-30,2888.7
1997-01-02,2848.8
1997-01-03,2859.3
1997-01-06,2881.3
1997-01-07,2886.1
1997-01-08,2906.3
1997-01-09,2892.6
1997-01-10,2933.4
1997-01-13,2955.0
1997-01-14,2949.0
1997-01-15,2988.5
1997-01-16,2993.3
1997-01-17,3001.4
1997-01-20,3030.7
1997-01-21,2976.7
1997-01-22,3028.7
1997-01-23,3033.5
1997-01-24,2998.2
1997-01-27,2994.5
1997-01-28,2989.3
1997-01-29,2999.2
1997-01-30,3017.3
1997-01-31,3035.2
1997-02-03,3062.3
1997-02-04,3067.1
1997-02-05,3098.0
1997-02-06,3104.1
1997-02-07,3138.0
1997-02-10,3184.4
1997-02-11,3187.6
1997-02-12,3216.1
1997-02-13,3229.5
1997-02-14,3248.2
1997-02-17,3232.6
1997-02-18,3276.2
1997-02-19,3233.8
1997-02-20,3196.0
1997-02-21,3184.1
1997-02-24,3184.2
1997-02-25,3233.2
1997-02-26,3237.9
1997-02-27,3276.7
1997-02-28,3259.6
1997-03-03,3263.9
1997-03-04,3320.7
1997-03-05,3365.0
1997-03-06,3417.6
1997-03-07,3376.2
1997-03-10,3436.1
1997-03-11,3460.6
1997-03-12,3415.4
1997-03-13,3349.8
1997-03-14,3359.3
1997-03-17,3351.0
1997-03-18,3291.2
1997-03-19,3315.9
1997-03-20,3264.7
1997-03-21,3298.2
1997-03-24,3321.8
1997-03-25,3349.1
1997-03-26,3418.1
1997-03-27,3429.1
1997-04-01,3295.9
1997-04-02,3301.9
1997-04-03,3215.2
1997-04-04,3244.9
1997-04-07,3312.9
1997-04-08,3329.8
1997-04-09,3359.5
1997-04-10,3351.5
1997-04-11,3340.1
1997-04-14,3279.9
1997-04-15,3327.7
1997-04-16,3353.5
1997-04-17,3383.3
1997-04-18,3344.4
1997-04-21,3347.6
1997-04-22,3340.3
1997-04-23,3396.0
1997-04-24,3397.4
1997-04-25,3374.1
1997-04-28,3363.1
1997-04-29,3383.2
1997-04-30,3438.1
1997-05-02,3460.4
1997-05-05,3528.8
1997-05-06,3568.3
1997-05-07,3552.0
1997-05-09,3562.4
1997-05-12,3575.4
1997-05-13,3595.2
1997-05-14,3573.7
1997-05-15,3562.1
1997-05-16,3604.6
1997-05-20,3543.4
1997-05-21,3596.1
1997-05-22,3579.4
1997-05-23,3602.2
1997-05-26,3657.9
1997-05-27,3674.4
1997-05-28,3636.4
1997-05-30,3562.7
1997-06-02,3596.4
1997-06-03,3655.6
1997-06-04,3651.6
1997-06-05,3684.6
1997-06-06,3700.5
1997-06-09,3668.6
1997-06-10,3671.2
1997-06-11,3671.9
1997-06-12,3737.2
1997-06-13,3752.4
1997-06-16,3750.0
1997-06-17,3721.2
1997-06-18,3730.6
1997-06-19,3777.6
1997-06-20,3788.5
1997-06-23,3748.8
1997-06-24,3761.1
1997-06-25,3819.5
1997-06-26,3820.2
1997-06-27,3809.9
1997-06-30,3766.9
1997-07-01,3834.8
1997-07-02,3867.5
1997-07-03,3939.7
1997-07-04,3946.7
1997-07-07,4003.4
1997-07-08,4030.1
1997-07-09,4027.0
1997-07-10,4000.7
1997-07-11,4074.3
1997-07-14,4142.2
1997-07-15,4139.7
1997-07-16,4223.7
1997-07-17,4203.9
1997-07-18,4131.9
1997-07-21,4140.0
1997-07-22,4297.6
1997-07-23,4384.8
1997-07-24,4320.5
1997-07-25,4368.5
1997-07-28,4400.3
1997-07-29,4377.7
1997-07-30,4458.7
1997-07-31,4405.5
1997-08-01,4337.0
1997-08-04,4302.5
1997-08-05,4325.9
1997-08-06,4364.3
1997-08-07,4428.1
1997-08-08,4342.3
1997-08-11,4333.2
1997-08-12,4377.5
1997-08-13,4237.1
1997-08-14,4195.5
1997-08-15,4077.6
1997-08-18,4080.6
1997-08-19,4190.5
1997-08-20,4251.9
1997-08-21,4204.8
1997-08-22,4090.1
1997-08-25,4076.8
1997-08-26,3993.7
1997-08-27,3992.0
1997-08-28,3897.4
1997-08-29,3919.8
1997-09-01,4001.8
1997-09-02,4127.3
1997-09-03,4062.1
1997-09-04,4093.4
1997-09-05,4073.7
1997-09-08,4131.3
1997-09-09,4104.6
1997-09-10,4028.0
1997-09-11,3890.2
1997-09-12,3796.6
1997-09-15,3869.5
1997-09-16,3995.7
1997-09-17,3970.4
1997-09-18,4004.0
1997-09-19,3983.1
1997-09-22,4096.9
1997-09-23,4091.8
1997-09-24,4151.0
1997-09-25,4104.9
1997-09-26,4135.1
1997-09-29,4116.5
1997-09-30,4154.9
1997-10-01,4263.0
1997-10-02,4266.2
1997-10-06,4326.4
1997-10-07,4311.1
1997-10-08,4267.4
1997-10-09,4179.9
1997-10-10,4164.6
1997-10-13,4225.3
1997-10-14,4215.2
1997-10-15,4168.6
1997-10-16,4149.9
1997-10-17,4049.2
1997-10-20,4069.3
1997-10-21,4172.5
1997-10-22,4124.9
1997-10-23,3976.4
1997-10-24,3981.4
1997-10-27,3871.4
1997-10-28,3645.7
1997-10-29,3806.7
1997-10-30,3748.9
1997-10-31,3753.7
1997-11-03,3847.7
1997-11-04,3784.8
1997-11-05,3841.4
1997-11-06,3813.9
1997-11-07,3715.4
1997-11-10,3728.4
1997-11-11,3734.8
1997-11-12,3697.5
1997-11-13,3701.9
1997-11-14,3676.7
1997-11-17,3816.7
1997-11-18,3844.1
1997-11-19,3876.9
1997-11-20,3931.8
1997-11-21,3941.9
1997-11-24,3832.1
1997-11-25,3850.1
1997-11-26,3926.9
1997-11-27,3962.0
1997-11-28,3972.1
1997-12-01,4125.9
1997-12-02,4096.4
1997-12-03,4074.6
1997-12-04,4159.7
1997-12-05,4191.8
1997-12-08,4208.1
1997-12-09,4187.1
1997-12-10,4116.7
1997-12-11,4016.7
1997-12-12,4061.9
1997-12-15,4029.1
1997-12-16,4150.3
1997-12-17,4154.6
1997-12-18,4162.9
1997-12-19,4055.4
1997-12-22,4125.5
1997-12-23,4132.8
1997-12-29,4266.0
1997-12-30,4224.3
1998-01-02,4364.3
1998-01-05,4417.0
1998-01-06,4360.1
1998-01-07,4340.0
1998-01-08,4293.6
1998-01-09,4237.8
1998-01-12,4134.6
1998-01-13,4150.1
1998-01-14,4145.4
1998-01-15,4140.2
1998-01-16,4216.2
1998-01-19,4290.1
1998-01-20,4310.8
1998-01-21,4250.5
1998-01-22,4238.8
1998-01-23,4222.2
1998-01-26,4266.3
1998-01-27,4316.1
1998-01-28,4385.3
1998-01-29,4444.5
1998-01-30,4442.5
1998-02-02,4529.9
1998-02-03,4529.2
1998-02-04,4509.3
1998-02-05,4494.7
1998-02-06,4536.9
1998-02-09,4519.6
1998-02-10,4558.6
1998-02-11,4552.5
1998-02-12,4509.4
1998-02-13,4522.4
1998-02-16,4535.6
1998-02-17,4627.4
1998-02-18,4611.7
1998-02-19,4581.1
1998-02-20,4583.0
1998-02-23,4610.7
1998-02-24,4604.6
1998-02-25,4704.6
1998-02-26,4695.8
1998-02-27,4693.9
1998-03-02,4781.6
1998-03-03,4759.6
1998-03-04,4690.5
1998-03-05,4676.4
1998-03-06,4762.7
1998-03-09,4828.9
1998-03-10,4852.2
1998-03-11,4862.4
1998-03-12,4838.7
1998-03-13,4872.2
1998-03-16,4905.6
1998-03-17,4945.9
1998-03-18,4908.6
1998-03-19,4949.9
1998-03-20,5045.2
1998-03-23,5014.1
1998-03-24,5064.4
1998-03-25,5114.1
1998-03-26,5029.0
1998-03-27,5066.9
1998-03-30,5069.9
1998-03-31,5097.3
1998-04-01,5135.4
1998-04-02,5179.0
1998-04-03,5254.3
1998-04-06,5345.9
1998-04-07,5309.7
1998-04-08,5267.4
1998-04-09,5312.3
1998-04-14,5368.0
1998-04-15,5359.2
1998-04-16,5293.0
1998-04-17,5326.6
1998-04-20,5407.9
1998-04-21,5373.8
1998-04-22,5312.3
1998-04-23,5262.6
1998-04-24,5144.4
1998-04-27,5002.7
1998-04-28,5018.67
1998-04-29,5108.48
1998-04-30,5107.44
1998-05-04,5314.66
1998-05-05,5232.03
1998-05-06,5229.8
1998-05-07,5186.23
1998-05-08,5257.58
1998-05-11,5341.69
1998-05-12,5297.35
1998-05-13,5376.88
1998-05-14,5361.22
1998-05-15,5393.14
1998-05-18,5342.85
1998-05-19,5388.9
1998-05-20,5510.98
1998-05-22,5564.21
1998-05-25,5575.16
1998-05-26,5644.29
1998-05-27,5490.64
1998-05-28,5481.26
1998-05-29,5569.08
1998-06-02,5582.78
1998-06-03,5613.76
1998-06-04,5592.48
1998-06-05,5688.5
1998-06-08,5779.09
1998-06-09,5760.03
1998-06-10,5754.46
1998-06-12,5670.83
1998-06-15,5527.32
1998-06-16,5591.57
1998-06-17,5709.36
1998-06-18,5718.06
1998-06-19,5702.61
1998-06-22,5654.75
1998-06-23,5718.71
1998-06-24,5779.91
1998-06-25,5866.63
1998-06-26,5870.42
1998-06-29,5915.13
1998-06-30,5897.44
1998-07-01,5906.85
1998-07-02,5904.1
1998-07-03,5953.16
1998-07-06,5918.37
1998-07-07,5960.98
1998-07-08,6013.14
1998-07-09,5996.77
1998-07-10,5982.42
1998-07-13,6019.48
1998-07-14,6095.28
1998-07-15,6108.24
1998-07-16,6094.02
1998-07-17,6147.87
1998-07-20,6171.43
1998-07-21,6165.52
1998-07-22,6110.73
1998-07-23,6058.45
1998-07-24,6035.28
1998-07-27,5885.0
1998-07-28,5889.01
1998-07-29,5853.63
1998-07-30,5880.87
1998-07-31,5873.92
1998-08-03,5758.77
1998-08-04,5756.2
1998-08-05,5632.51
1998-08-06,5517.64
1998-08-07,5581.22
1998-08-10,5476.25
1998-08-11,5268.4
1998-08-12,5402.37
1998-08-13,5356.23
1998-08-14,5447.9
1998-08-17,5456.58
1998-08-18,5568.88
1998-08-19,5596.41
1998-08-20,5488.22
1998-08-21,5163.51
1998-08-24,5234.88
1998-08-25,5372.76
1998-08-26,5231.61
1998-08-27,5060.84
1998-08-28,4993.54
1998-08-31,4833.89
1998-09-01,4791.81
1998-09-02,4970.5
1998-09-03,4812.18
1998-09-04,4820.25
1998-09-07,4923.37
1998-09-08,5103.84
1998-09-09,5040.87
1998-09-10,4747.33
1998-09-11,4737.15
1998-09-14,4896.49
1998-09-15,4831.22
1998-09-16,4857.97
1998-09-17,4669.51
1998-09-18,4598.58
1998-09-21,4433.87
1998-09-22,4575.15
1998-09-23,4699.39
1998-09-24,4646.25
1998-09-25,4561.58
1998-09-28,4653.94
1998-09-29,4578.27
1998-09-30,4474.51
1998-10-01,4226.49
1998-10-02,3962.5
1998-10-05,4034.23
1998-10-06,4156.64
1998-10-07,4087.83
1998-10-08,3896.08
1998-10-09,3983.65
1998-10-12,4225.49
1998-10-13,4274.48
1998-10-14,4318.52
1998-10-15,4399.05
1998-10-16,4489.1
1998-10-19,4458.4
1998-10-20,4595.82
1998-10-21,4523.24
1998-10-22,4454.28
1998-10-23,4451.09
1998-10-26,4577.74
1998-10-27,4682.45
1998-10-28,4536.34
1998-10-29,4549.33
1998-10-30,4671.12
1998-11-02,4761.15
1998-11-03,4705.08
1998-11-04,4841.72
1998-11-05,4811.6
1998-11-06,4836.22
1998-11-09,4768.58
1998-11-10,4662.78
1998-11-11,4717.7
1998-11-12,4639.89
1998-11-13,4639.65
1998-11-16,4783.77
1998-11-17,4702.63
1998-11-18,4698.72
1998-11-19,4795.69
1998-11-20,4911.88
1998-11-23,5019.12
1998-11-24,4958.82
1998-11-25,4944.37
1998-11-26,5051.63
1998-11-27,5121.48
1998-11-30,5022.7
1998-12-01,4781.73
1998-12-02,4691.69
1998-12-03,4787.08
1998-12-04,4775.23
1998-12-07,4713.96
1998-12-08,4699.34
1998-12-09,4663.68
1998-12-10,4642.69
1998-12-11,4536.2
1998-12-14,4522.86
1998-12-15,4574.5
1998-12-16,4663.45
1998-12-17,4723.81
1998-12-18,4629.23
1998-12-21,4780.93
1998-12-22,4825.38
1998-12-23,4951.77
1998-12-28,5044.77
1998-12-29,5031.87
1998-12-30,5002.39
1999-01-04,5252.36
1999-01-05,5253.91
1999-01-06,5443.62
1999-01-07,5323.21
1999-01-08,5392.84
1999-01-11,5270.6
1999-01-12,5200.1
1999-01-13,4931.8
1999-01-14,4912.75
1999-01-15,4960.22
1999-01-18,5050.4
1999-01-19,5073.15
1999-01-20,5143.06
1999-01-21,5156.67
1999-01-22,5019.28
1999-01-25,4982.45
1999-01-26,4986.8
1999-01-27,5061.18
1999-01-28,5096.41
1999-01-29,5159.96
1999-02-01,5190.82
1999-02-02,5166.87
1999-02-03,5085.66
1999-02-04,5077.85
1999-02-05,5080.77
1999-02-08,5027.22
1999-02-09,4904.35
1999-02-10,4796.82
1999-02-11,4839.33
1999-02-12,4888.74
1999-02-15,4879.55
1999-02-16,4904.68
1999-02-17,4810.09
1999-02-18,4845.08
1999-02-19,4802.38
1999-02-22,4845.18
1999-02-23,4987.56
1999-02-24,5062.31
1999-02-25,4958.58
1999-02-26,4911.81
1999-03-01,4784.31
1999-03-02,4804.02
1999-03-03,4697.67
1999-03-04,4678.72
1999-03-05,4839.09
1999-03-08,4788.69
1999-03-09,4758.46
1999-03-10,4721.41
1999-03-11,4754.41
1999-03-12,5008.16
1999-03-15,5029.24
1999-03-16,5094.63
1999-03-17,5077.43
1999-03-18,5013.62
1999-03-19,5099.48
1999-03-22,5027.06
1999-03-23,4915.03
1999-03-24,4780.13
1999-03-25,4860.26
1999-03-26,4775.17
1999-03-29,4876.92
1999-03-30,4856.84
1999-03-31,4884.2
1999-04-01,4914.59
1999-04-06,4965.29
1999-04-07,5052.27
1999-04-08,5068.75
1999-04-09,5124.18
1999-04-12,5159.16
1999-04-13,5199.18
1999-04-14,5182.16
1999-04-15,5181.01
1999-04-16,5155.35
1999-04-19,5220.15
1999-04-20,5087.29
1999-04-21,5163.29
1999-04-22,5218.82
1999-04-23,5195.42
1999-04-26,5256.22
1999-04-27,5347.5
1999-04-28,5348.61
1999-04-29,5334.42
1999-04-30,5393.11
1999-05-03,5377.56
1999-05-04,5383.21
1999-05-05,5307.22
1999-05-06,5274.45
1999-05-07,5297.38
1999-05-10,5205.95
1999-05-11,5249.15
1999-05-12,5248.02
1999-05-14,5173.25
1999-05-17,5114.47
1999-05-18,5154.94
1999-05-19,5181.51
1999-05-20,5235.64
1999-05-21,5264.68
1999-05-25,5143.1
1999-05-26,5160.44
1999-05-27,5083.83
1999-05-28,5068.73
1999-05-31,5069.83
1999-06-01,5021.24
1999-06-02,4997.83
1999-06-04,5107.81
1999-06-07,5190.15
1999-06-08,5211.08
1999-06-09,5253.89
1999-06-10,5206.47
1999-06-11,5262.15
1999-06-14,5268.87
1999-06-15,5342.86
1999-06-16,5381.25
1999-06-17,5412.0
1999-06-18,5430.32
1999-06-21,5468.47
1999-06-22,5468.67
1999-06-23,5399.11
1999-06-24,5327.6
1999-06-25,5301.21
1999-06-28,5356.95
1999-06-29,5359.53
1999-06-30,5378.52
1999-07-01,5480.22
1999-07-02,5519.05
1999-07-05,5625.62
1999-07-06,5612.9
1999-07-07,5588.5
1999-07-08,5607.1
1999-07-09,5638.95
1999-07-12,5652.02
1999-07-13,5573.82
1999-07-14,5610.89
1999-07-15,5619.26
1999-07-16,5619.94
1999-07-19,5624.74
1999-07-20,5491.29
1999-07-21,5414.17
1999-07-22,5340.91
1999-07-23,5310.63
1999-07-26,5206.44
1999-07-27,5224.16
1999-07-28,5229.56
1999-07-29,5052.32
1999-07-30,5101.87
1999-08-02,5129.5
1999-08-03,5107.68
1999-08-04,5119.37
1999-08-05,4978.45
1999-08-06,5010.47
1999-08-09,5087.3
1999-08-10,5000.87
1999-08-11,5019.69
1999-08-12,5127.43
1999-08-13,5219.43
1999-08-16,5257.1
1999-08-17,5259.91
1999-08-18,5230.47
1999-08-19,5186.85
1999-08-20,5254.14
1999-08-23,5301.98
1999-08-24,5324.02
1999-08-25,5400.32
1999-08-26,5389.34
1999-08-27,5420.36
1999-08-30,5392.53
1999-08-31,5270.77
1999-09-01,5317.12
1999-09-02,5189.92
1999-09-03,5336.22
1999-09-06,5400.55
1999-09-07,5391.36
1999-09-08,5400.7
1999-09-09,5436.86
1999-09-10,5483.95
1999-09-13,5446.91
1999-09-14,5401.47
1999-09-15,5387.18
1999-09-16,5304.42
1999-09-17,5303.94
1999-09-20,5351.98
1999-09-21,5282.76
1999-09-22,5238.76
1999-09-23,5299.57
1999-09-24,5186.53
1999-09-27,5239.64
1999-09-28,5119.1
1999-09-29,5135.62
1999-09-30,5149.83
1999-10-01,5124.55
1999-10-04,5218.86
1999-10-05,5301.85
1999-10-06,5353.32
1999-10-07,5419.31
1999-10-08,5419.26
1999-10-11,5414.5
1999-10-12,5358.46
1999-10-13,5295.43
1999-10-14,5220.29
1999-10-15,5184.23
1999-10-18,5156.28
1999-10-19,5296.91
1999-10-20,5291.23
1999-10-21,5246.49
1999-10-22,5357.75
1999-10-25,5320.4
1999-10-26,5388.76
1999-10-27,5363.86
1999-10-28,5478.89
1999-10-29,5525.4
1999-11-01,5524.92
1999-11-02,5546.95
1999-11-03,5560.87
1999-11-04,5635.62
1999-11-05,5658.1
1999-11-08,5647.94
1999-11-09,5694.73
1999-11-10,5742.42
1999-11-11,5802.36
1999-11-12,5791.05
1999-11-15,5859.29
1999-11-16,5909.52
1999-11-17,5870.17
1999-11-18,5950.05
1999-11-19,5955.97
1999-11-22,5819.89
1999-11-23,5814.74
1999-11-24,5818.73
1999-11-25,5961.45
1999-11-26,5958.07
1999-11-29,5888.88
1999-11-30,5896.04
1999-12-01,5933.84
1999-12-02,5937.2
1999-12-03,6119.17
1999-12-06,6142.19
1999-12-07,6158.77
1999-12-08,6115.59
1999-12-09,6118.06
1999-12-10,6097.9
1999-12-13,6127.2
1999-12-14,6187.99
1999-12-15,6232.75
1999-12-16,6341.29
1999-12-17,6353.9
1999-12-20,6378.66
1999-12-21,6418.68
1999-12-22,6492.53
1999-12-23,6782.39
1999-12-27,6837.41
1999-12-28,6861.54
1999-12-29,6859.58
1999-12-30,6958.14
2000-01-03,6750.76
2000-01-04,6586.95
2000-01-05,6502.07
2000-01-06,6474.92
2000-01-07,6780.96
2000-01-10,6925.52
2000-01-11,6891.25
2000-01-12,6912.81
2000-01-13,6955.98
2000-01-14,7173.22
2000-01-17,7258.9
2000-01-18,7072.12
2000-01-19,7091.04
2000-01-20,7112.66
2000-01-21,6992.75
2000-01-24,6931.99
2000-01-25,6809.64
2000-01-26,6969.37
2000-01-27,7126.13
2000-01-28,7066.6
2000-01-31,6835.6
2000-02-01,7050.46
2000-02-02,7171.95
2000-02-03,7354.26
2000-02-04,7444.61
2000-02-07,7296.32
2000-02-08,7549.88
2000-02-09,7629.11
2000-02-10,7709.27
2000-02-11,7611.55
2000-02-14,7644.8
2000-02-15,7396.13
2000-02-16,7490.32
2000-02-17,7580.53
2000-02-18,7573.78
2000-02-21,7590.53
2000-02-22,7607.94
2000-02-23,7698.97
2000-02-24,7640.53
2000-02-25,7738.68
2000-02-28,7587.13
2000-02-29,7644.55
2000-03-01,7727.93
2000-03-02,7945.77
2000-03-03,7960.03
2000-03-06,7975.78
2000-03-07,8064.97
2000-03-08,7987.0
2000-03-09,7949.15
2000-03-10,7975.95
2000-03-13,7693.85
2000-03-14,7650.05
2000-03-15,7414.46
2000-03-16,7583.96
2000-03-17,7710.92
2000-03-20,7872.38
2000-03-21,7807.93
2000-03-22,7798.62
2000-03-23,7694.78
2000-03-24,7932.42
2000-03-27,7892.49
2000-03-28,7931.93
2000-03-29,7864.76
2000-03-30,7644.89
2000-03-31,7599.39
2000-04-03,7429.22
2000-04-04,7522.8
2000-04-05,7330.77
2000-04-06,7446.21
2000-04-07,7522.2
2000-04-10,7516.95
2000-04-11,7442.66
2000-04-12,7443.07
2000-04-13,7449.06
2000-04-14,7214.83
2000-04-17,7187.14
2000-04-18,7196.49
2000-04-19,7216.71
2000-04-20,7157.95
2000-04-25,7280.51
2000-04-26,7388.55
2000-04-27,7221.74
2000-04-28,7414.68
2000-05-02,7555.92
2000-05-03,7376.93
2000-05-04,7386.71
2000-05-05,7530.82
2000-05-08,7408.09
2000-05-09,7280.54
2000-05-10,7120.86
2000-05-11,7259.48
2000-05-12,7269.28
2000-05-15,7195.15
2000-05-16,7371.06
2000-05-17,7211.51
2000-05-18,7181.58
2000-05-19,6989.03
2000-05-22,6912.96
2000-05-23,6927.69
2000-05-24,6834.88
2000-05-25,6978.87
2000-05-26,6938.33
2000-05-29,7019.72
2000-05-30,7119.26
2000-05-31,7109.67
2000-06-01,7272.76
2000-06-02,7448.04
2000-06-05,7401.73
2000-06-06,7337.15
2000-06-07,7286.61
2000-06-08,7247.99
2000-06-09,7257.52
2000-06-12,7235.64
2000-06-13,7268.91
2000-06-14,7350.94
2000-06-15,7328.62
2000-06-16,7131.4
2000-06-19,7198.8
2000-06-20,7227.27
2000-06-21,7100.09
2000-06-22,7053.67
2000-06-23,6980.41
2000-06-26,7027.19
2000-06-27,7048.96
2000-06-28,7056.05
2000-06-29,6874.54
2000-06-30,6898.21
2000-07-03,6958.96
2000-07-04,6944.36
2000-07-05,6961.73
2000-07-06,6951.09
2000-07-07,7052.22
2000-07-10,7070.82
2000-07-11,7003.98
2000-07-12,7065.97
2000-07-13,7195.99
2000-07-14,7318.38
2000-07-17,7430.7
2000-07-18,7406.91
2000-07-19,7366.57
2000-07-20,7480.14
2000-07-21,7373.26
2000-07-24,7328.31
2000-07-25,7329.04
2000-07-26,7302.12
2000-07-27,7183.44
2000-07-28,7128.3
2000-07-31,7190.37
2000-08-01,7145.53
2000-08-02,7112.45
2000-08-03,7037.91
2000-08-04,7016.59
2000-08-07,7113.22
2000-08-08,7123.81
2000-08-09,7226.71
2000-08-10,7280.97
2000-08-11,7322.98
2000-08-14,7331.67
2000-08-15,7307.43
2000-08-16,7315.27
2000-08-17,7278.43
2000-08-18,7232.42
2000-08-21,7199.34
2000-08-22,7249.2
2000-08-23,7232.78
2000-08-24,7230.26
2000-08-25,7307.17
2000-08-28,7339.22
2000-08-29,7294.4
2000-08-30,7185.56
2000-08-31,7216.45
2000-09-01,7344.67
2000-09-04,7445.56
2000-09-05,7395.07
2000-09-06,7333.02
2000-09-07,7373.34
2000-09-08,7267.77
2000-09-11,7214.45
2000-09-12,7135.75
2000-09-13,7006.26
2000-09-14,7048.5
2000-09-15,6999.54
2000-09-18,6891.69
2000-09-19,6937.74
2000-09-20,6765.23
2000-09-21,6682.92
2000-09-22,6740.25
2000-09-25,6788.69
2000-09-26,6765.04
2000-09-27,6814.06
2000-09-28,6832.76
2000-09-29,6798.12
2000-10-02,6862.26
2000-10-04,6823.43
2000-10-05,6892.49
2000-10-06,6776.39
2000-10-09,6680.78
2000-10-10,6673.15
2000-10-11,6561.63
2000-10-12,6465.26
2000-10-13,6661.3
2000-10-16,6627.25
2000-10-17,6531.71
2000-10-18,6483.0
2000-10-19,6619.43
2000-10-20,6618.43
2000-10-23,6620.87
2000-10-24,6802.81
2000-10-25,6748.22
2000-10-26,6767.9
2000-10-27,6924.68
2000-10-30,6926.57
2000-10-31,7077.44
2000-11-01,7059.07
2000-11-02,7088.64
2000-11-03,7128.27
2000-11-06,7136.3
2000-11-07,7076.28
2000-11-08,7008.64
2000-11-09,6959.5
2000-11-10,6851.69
2000-11-13,6742.1
2000-11-14,6966.65
2000-11-15,6961.09
2000-11-16,6842.11
2000-11-17,6752.29
2000-11-20,6609.48
2000-11-21,6678.07
2000-11-22,6510.54
2000-11-23,6601.0
2000-11-24,6664.18
2000-11-27,6696.91
2000-11-28,6625.56
2000-11-29,6598.32
2000-11-30,6372.33
2000-12-01,6512.91
2000-12-04,6408.1
2000-12-05,6637.09
2000-12-06,6622.25
2000-12-07,6566.08
2000-12-08,6691.25
2000-12-11,6782.52
2000-12-12,6733.59
2000-12-13,6620.21
2000-12-14,6469.95
2000-12-15,6331.3
2000-12-18,6390.25
2000-12-19,6479.28
2000-12-20,6248.76
2000-12-21,6200.71
2000-12-22,6251.4
2000-12-27,6328.16
2000-12-28,6371.64
2000-12-29,6433.61
2001-01-02,6289.82
2001-01-03,6434.96
2001-01-04,6376.54
2001-01-05,6382.31
2001-01-08,6392.17
2001-01-09,6404.52
2001-01-10,6320.07
2001-01-11,6465.21
2001-01-12,6490.03
2001-01-15,6522.87
2001-01-16,6502.89
2001-01-17,6653.38
2001-01-18,6635.76
2001-01-19,6651.53
2001-01-22,6675.0
2001-01-23,6722.41
2001-01-24,6706.67
2001-01-25,6727.49
2001-01-26,6695.2
2001-01-29,6750.96
2001-01-30,6739.3
2001-01-31,6795.14
2001-02-01,6704.68
2001-02-02,6638.2
2001-02-05,6628.07
2001-02-06,6693.03
2001-02-07,6578.96
2001-02-08,6636.81
2001-02-09,6497.07
2001-02-12,6564.91
2001-02-13,6557.93
2001-02-14,6479.87
2001-02-15,6591.67
2001-02-16,6439.26
2001-02-19,6472.21
2001-02-20,6451.57
2001-02-21,6347.99
2001-02-22,6277.99
2001-02-23,6075.34
2001-02-26,6189.07
2001-02-27,6220.48
2001-02-28,6208.24
2001-03-01,6123.38
2001-03-02,6159.02
2001-03-05,6216.38
2001-03-06,6284.06
2001-03-07,6305.64
2001-03-08,6267.06
2001-03-09,6204.42
2001-03-12,6046.56
2001-03-13,5962.93
2001-03-14,5794.12
2001-03-15,5889.95
2001-03-16,5734.49
2001-03-19,5657.29
2001-03-20,5782.16
2001-03-21,5622.09
2001-03-22,5388.02
2001-03-23,5544.67
2001-03-26,5726.97
2001-03-27,5938.21
2001-03-28,5817.52
2001-03-29,5879.3
2001-03-30,5829.95
2001-04-02,5760.76
2001-04-03,5553.46
2001-04-04,5597.66
2001-04-05,5773.34
2001-04-06,5698.88
2001-04-09,5781.01
2001-04-10,5913.84
2001-04-11,5951.16
2001-04-12,6002.3
2001-04-17,5935.58
2001-04-18,6164.88
2001-04-19,6181.91
2001-04-20,6127.97
2001-04-23,6051.48
2001-04-24,6124.57
2001-04-25,6115.19
2001-04-26,6123.66
2001-04-27,6175.24
2001-04-30,6264.51
2001-05-02,6213.84
2001-05-03,6089.17
2001-05-04,6138.28
2001-05-07,6122.62
2001-05-08,6108.72
2001-05-09,6063.94
2001-05-10,6165.18
2001-05-11,6141.02
2001-05-14,6064.68
2001-05-15,6070.38
2001-05-16,6148.44
2001-05-17,6173.81
2001-05-18,6186.87
2001-05-21,6249.87
2001-05-22,6270.59
2001-05-23,6215.25
2001-05-24,6278.9
2001-05-25,6223.57
2001-05-28,6216.83
2001-05-29,6120.33
2001-05-30,6041.22
2001-05-31,6123.26
2001-06-01,6125.17
2001-06-04,6177.74
2001-06-05,6242.13
2001-06-06,6192.44
2001-06-07,6184.25
2001-06-08,6187.21
2001-06-11,6162.74
2001-06-12,6059.15
2001-06-13,6111.94
2001-06-14,6031.27
2001-06-15,5915.18
2001-06-18,5869.04
2001-06-19,5922.53
2001-06-20,5876.04
2001-06-21,5926.38
2001-06-22,5941.77
2001-06-25,5902.32
2001-06-26,5847.79
2001-06-27,5833.1
2001-06-28,5971.77
2001-06-29,6058.38
2001-07-02,6109.5
2001-07-03,6056.84
2001-07-04,6015.72
2001-07-05,5999.19
2001-07-06,5862.1
2001-07-09,5869.86
2001-07-10,5816.32
2001-07-11,5801.8
2001-07-12,5889.88
2001-07-13,5928.01
2001-07-16,5853.76
2001-07-17,5846.66
2001-07-18,5728.37
2001-07-19,5829.69
2001-07-20,5764.06
2001-07-23,5791.73
2001-07-24,5663.26
2001-07-25,5582.76
2001-07-26,5675.76
2001-07-27,5754.86
2001-07-30,5792.19
2001-07-31,5861.19
2001-08-01,5835.23
2001-08-02,5777.28
2001-08-03,5735.88
2001-08-06,5746.04
2001-08-07,5752.51
2001-08-08,5614.51
2001-08-09,5512.28
2001-08-10,5433.49
2001-08-13,5453.77
2001-08-14,5520.71
2001-08-15,5455.44
2001-08-16,5361.92
2001-08-17,5222.12
2001-08-20,5207.83
2001-08-21,5216.11
2001-08-22,5220.21
2001-08-23,5254.04
2001-08-24,5387.5
2001-08-27,5406.47
2001-08-28,5308.78
2001-08-29,5297.04
2001-08-30,5162.4
2001-08-31,5188.17
2001-09-03,5094.1
2001-09-04,5208.1
2001-09-05,5048.08
2001-09-06,4875.37
2001-09-07,4730.67
2001-09-10,4670.13
2001-09-11,4273.53
2001-09-12,4335.2
2001-09-13,4392.4
2001-09-14,4115.98
2001-09-17,4234.55
2001-09-18,4194.85
2001-09-19,4041.8
2001-09-20,3809.67
2001-09-21,3787.23
2001-09-24,4038.69
2001-09-25,4009.12
2001-09-26,4095.32
2001-09-27,4184.5
2001-09-28,4308.15
2001-10-01,4239.97
2001-10-02,4304.2
2001-10-03,4436.66
2001-10-04,4548.13
2001-10-05,4487.69
2001-10-08,4495.15
2001-10-09,4472.42
2001-10-10,4613.19
2001-10-11,4718.46
2001-10-12,4625.13
2001-10-15,4548.48
2001-10-16,4626.48
2001-10-17,4644.82
2001-10-18,4574.37
2001-10-19,4513.53
2001-10-22,4619.32
2001-10-23,4704.22
2001-10-24,4811.82
2001-10-25,4715.6
2001-10-26,4820.26
2001-10-29,4660.35
2001-10-30,4543.98
2001-10-31,4559.13
2001-11-01,4636.13
2001-11-02,4583.31
2001-11-05,4755.11
2001-11-06,4707.65
2001-11-07,4860.66
2001-11-08,4993.57
2001-11-09,4910.07
2001-11-12,4820.37
2001-11-13,4946.97
2001-11-14,4953.53
2001-11-15,5006.33
2001-11-16,5062.64
2001-11-19,5185.1
2001-11-20,5096.18
2001-11-21,5087.03
2001-11-22,5124.54
2001-11-23,5150.97
2001-11-26,5114.12
2001-11-27,5059.57
2001-11-28,4915.95
2001-11-29,4936.08
2001-11-30,4989.91
2001-12-03,4988.44
2001-12-04,5013.99
2001-12-05,5262.75
2001-12-06,5271.29
2001-12-07,5199.03
2001-12-10,5124.68
2001-12-11,5146.45
2001-12-12,5062.56
2001-12-13,4966.05
2001-12-14,4909.42
2001-12-17,5067.99
2001-12-18,5039.64
2001-12-19,4984.69
2001-12-20,4934.14
2001-12-21,5019.01
2001-12-27,5117.13
2001-12-28,5160.1
2002-01-02,5167.88
2002-01-03,5270.29
2002-01-04,5318.73
2002-01-07,5232.22
2002-01-08,5236.37
2002-01-09,5288.21
2002-01-10,5228.11
2002-01-11,5209.97
2002-01-14,5065.84
2002-01-15,5062.04
2002-01-16,4984.2
2002-01-17,5133.4
2002-01-18,5122.23
2002-01-21,5069.74
2002-01-22,5045.72
2002-01-23,5163.03
2002-01-24,5170.44
2002-01-25,5156.63
2002-01-28,5159.02
2002-01-29,5084.52
2002-01-30,5052.2
2002-01-31,5107.61
2002-02-01,5097.06
2002-02-04,4984.48
2002-02-05,4936.75
2002-02-06,4804.41
2002-02-07,4862.62
2002-02-08,4835.95
2002-02-11,4940.0
2002-02-12,4884.78
2002-02-13,4935.35
2002-02-14,4973.77
2002-02-15,4862.6
2002-02-18,4871.76
2002-02-19,4764.05
2002-02-20,4780.24
2002-02-21,4850.73
2002-02-22,4745.58
2002-02-25,4863.54
2002-02-26,4897.75
2002-02-27,4960.22
2002-02-28,5039.08
2002-03-01,5097.41
2002-03-04,5245.84
2002-03-05,5228.67
2002-03-06,5285.26
2002-03-07,5289.43
2002-03-08,5359.55
2002-03-11,5340.67
2002-03-12,5275.81
2002-03-13,5245.99
2002-03-14,5276.87
2002-03-15,5401.11
2002-03-18,5426.04
2002-03-19,5462.55
2002-03-20,5364.7
2002-03-21,5348.68
2002-03-22,5366.13
2002-03-25,5317.38
2002-03-26,5390.59
2002-03-27,5348.0
2002-03-28,5397.29
2002-04-02,5311.08
2002-04-03,5281.84
2002-04-04,5254.95
2002-04-05,5260.53
2002-04-08,5180.33
2002-04-09,5170.25
2002-04-10,5265.36
2002-04-11,5162.96
2002-04-12,5189.65
2002-04-15,5244.2
2002-04-16,5343.88
2002-04-17,5318.55
2002-04-18,5262.88
2002-04-19,5284.55
2002-04-22,5205.48
2002-04-23,5192.1
2002-04-24,5160.14
2002-04-25,5054.41
2002-04-26,5000.38
2002-04-29,5008.04
2002-04-30,5041.2
2002-05-02,4964.56
2002-05-03,4882.77
2002-05-06,4880.67
2002-05-07,4872.41
2002-05-08,5028.59
2002-05-09,4966.48
2002-05-10,4871.7
2002-05-13,4975.48
2002-05-14,5049.08
2002-05-15,5072.39
2002-05-16,5047.45
2002-05-17,5036.41
2002-05-20,4998.99
2002-05-21,4984.61
2002-05-22,4919.5
2002-05-23,4879.5
2002-05-24,4899.13
2002-05-27,4961.54
2002-05-28,4918.58
2002-05-29,4881.8
2002-05-30,4761.96
2002-05-31,4818.3
2002-06-03,4747.95
2002-06-04,4625.79
2002-06-05,4624.31
2002-06-06,4657.52
2002-06-07,4610.18
2002-06-10,4589.26
2002-06-11,4606.09
2002-06-12,4510.19
2002-06-13,4470.14
2002-06-14,4303.85
2002-06-17,4475.1
2002-06-18,4433.85
2002-06-19,4354.82
2002-06-20,4245.68
2002-06-21,4232.4
2002-06-24,4127.21
2002-06-25,4202.97
2002-06-26,4099.05
2002-06-27,4259.43
2002-06-28,4382.56
2002-07-01,4366.81
2002-07-02,4195.95
2002-07-03,4138.15
2002-07-04,4258.62
2002-07-05,4483.03
2002-07-08,4442.33
2002-07-09,4369.76
2002-07-10,4190.22
2002-07-11,4118.5
2002-07-12,4130.8
2002-07-15,3912.51
2002-07-16,3977.75
2002-07-17,4092.82
2002-07-18,4100.75
2002-07-19,3891.88
2002-07-22,3691.43
2002-07-23,3515.83
2002-07-24,3632.66
2002-07-25,3520.46
2002-07-26,3579.0
2002-07-29,3859.78
2002-07-30,3878.94
2002-07-31,3700.14
2002-08-01,3606.45
2002-08-02,3532.49
2002-08-05,3332.65
2002-08-06,3568.64
2002-08-07,3465.54
2002-08-08,3679.26
2002-08-09,3760.86
2002-08-12,3647.13
2002-08-13,3683.21
2002-08-14,3589.92
2002-08-15,3665.74
2002-08-16,3684.69
2002-08-19,3837.67
2002-08-20,3768.51
2002-08-21,3868.17
2002-08-22,3906.55
2002-08-23,3828.26
2002-08-26,3783.84
2002-08-27,3851.34
2002-08-28,3682.84
2002-08-29,3660.95
2002-08-30,3712.94
2002-09-02,3609.41
2002-09-03,3398.99
2002-09-04,3425.9
2002-09-05,3354.71
2002-09-06,3485.68
2002-09-09,3429.22
2002-09-10,3494.69
2002-09-11,3584.69
2002-09-12,3421.87
2002-09-13,3361.28
2002-09-16,3319.05
2002-09-17,3289.13
2002-09-18,3124.92
2002-09-19,3007.47
2002-09-20,3065.73
2002-09-23,2914.25
2002-09-24,2873.21
2002-09-25,2962.5
2002-09-26,3020.6
2002-09-27,2918.9
2002-09-30,2769.03
2002-10-01,2865.23
2002-10-02,2926.74
2002-10-03,2813.3
2002-10-04,2714.62
2002-10-07,2667.39
2002-10-08,2622.09
2002-10-09,2597.88
2002-10-10,2733.19
2002-10-11,2930.74
2002-10-14,2850.11
2002-10-15,3048.27
2002-10-16,3008.93
2002-10-17,3172.46
2002-10-18,3163.67
2002-10-21,3282.67
2002-10-22,3155.97
2002-10-23,3015.42
2002-10-24,3090.01
2002-10-25,3102.01
2002-10-28,3198.96
2002-10-29,3022.01
2002-10-30,3113.59
2002-10-31,3152.85
2002-11-01,3165.16
2002-11-04,3327.94
2002-11-05,3351.32
2002-11-06,3298.84
2002-11-07,3155.66
2002-11-08,3079.1
2002-11-11,3042.06
2002-11-12,3115.88
2002-11-13,3066.42
2002-11-14,3188.39
2002-11-15,3191.76
2002-11-18,3218.36
2002-11-19,3206.93
2002-11-20,3212.99
2002-11-21,3304.63
2002-11-22,3320.88
2002-11-25,3299.24
2002-11-26,3191.63
2002-11-27,3346.14
2002-11-28,3360.76
2002-11-29,3320.32
2002-12-02,3380.2
2002-12-03,3280.49
2002-12-04,3320.75
2002-12-05,3224.74
2002-12-06,3207.53
2002-12-09,3065.57
2002-12-10,3167.99
2002-12-11,3196.05
2002-12-12,3111.88
2002-12-13,3077.06
2002-12-16,3205.29
2002-12-17,3139.97
2002-12-18,3022.69
2002-12-19,2961.41
2002-12-20,3024.22
2002-12-23,3000.84
2002-12-27,2840.0
2002-12-30,2892.63
2003-01-02,3105.04
2003-01-03,3092.94
2003-01-06,3157.25
2003-01-07,3112.77
2003-01-08,2993.0
2003-01-09,3037.68
2003-01-10,3037.33
2003-01-13,3060.65
2003-01-14,3098.72
2003-01-15,3049.4
2003-01-16,3054.11
2003-01-17,2918.82
2003-01-20,2893.55
2003-01-21,2870.57
2003-01-22,2803.25
2003-01-23,2811.22
2003-01-24,2717.82
2003-01-27,2643.8
2003-01-28,2671.36
2003-01-29,2706.57
2003-01-30,2693.78
2003-01-31,2747.83
2003-02-03,2751.99
2003-02-04,2632.98
2003-02-05,2725.88
2003-02-06,2649.0
2003-02-07,2569.34
2003-02-10,2586.09
2003-02-11,2627.0
2003-02-12,2571.25
2003-02-13,2555.27
2003-02-14,2674.46
2003-02-17,2708.97
2003-02-18,2740.14
2003-02-19,2624.65
2003-02-20,2591.26
2003-02-21,2648.87
2003-02-24,2571.35
2003-02-25,2485.5
2003-02-26,2450.2
2003-02-27,2513.22
2003-02-28,2547.05
2003-03-03,2549.65
2003-03-04,2501.03
2003-03-05,2498.02
2003-03-06,2437.51
2003-03-07,2431.66
2003-03-10,2329.04
2003-03-11,2305.3
2003-03-12,2202.96
2003-03-13,2354.31
2003-03-14,2403.19
2003-03-17,2487.12
2003-03-18,2584.61
2003-03-19,2615.22
2003-03-20,2604.85
2003-03-21,2715.06
2003-03-24,2548.37
2003-03-25,2636.1
2003-03-26,2579.33
2003-03-27,2584.05
2003-03-28,2520.84
2003-03-31,2423.87
2003-04-01,2450.19
2003-04-02,2589.35
2003-04-03,2569.81
2003-04-04,2654.07
2003-04-07,2808.94
2003-04-08,2767.79
2003-04-09,2734.1
2003-04-10,2697.1
2003-04-11,2733.95
2003-04-14,2776.78
2003-04-15,2834.12
2003-04-16,2824.68
2003-04-17,2899.78
2003-04-22,2960.96
2003-04-23,2974.4
2003-04-24,2891.62
2003-04-25,2838.23
2003-04-28,2953.92
2003-04-29,2908.96
2003-04-30,2942.04
2003-05-02,2986.0
2003-05-05,3013.04
2003-05-06,3066.95
2003-05-07,3005.64
2003-05-08,2886.08
2003-05-09,2956.59
2003-05-12,2937.26
2003-05-13,2909.95
2003-05-14,2926.03
2003-05-15,2989.38
2003-05-16,2989.08
2003-05-19,2850.68
2003-05-20,2838.93
2003-05-21,2827.25
2003-05-22,2865.21
2003-05-23,2822.83
2003-05-26,2828.28
2003-05-27,2873.6
2003-05-28,2919.54
2003-05-29,2906.71
2003-05-30,2982.68
2003-06-02,3064.56
2003-06-03,3026.82
2003-06-04,3080.02
2003-06-05,3039.76
2003-06-06,3127.46
2003-06-09,3094.76
2003-06-10,3140.34
2003-06-11,3178.15
2003-06-12,3219.47
2003-06-13,3168.71
2003-06-16,3264.5
2003-06-17,3286.48
2003-06-18,3304.15
2003-06-19,3247.11
2003-06-20,3238.98
2003-06-23,3186.39
2003-06-24,3217.34
2003-06-25,3198.82
2003-06-26,3241.22
2003-06-27,3224.66
2003-06-30,3220.58
2003-07-01,3146.55
2003-07-02,3241.04
2003-07-03,3241.92
2003-07-04,3239.61
2003-07-07,3332.87
2003-07-08,3344.46
2003-07-09,3322.43
2003-07-10,3269.84
2003-07-11,3326.51
2003-07-14,3396.07
2003-07-15,3384.69
2003-07-16,3387.64
2003-07-17,3330.68
2003-07-18,3366.71
2003-07-21,3287.0
2003-07-22,3318.15
2003-07-23,3304.48
2003-07-24,3374.82
2003-07-25,3356.89
2003-07-28,3417.77
2003-07-29,3428.12
2003-07-30,3429.03
2003-07-31,3487.86
2003-08-01,3438.89
2003-08-04,3405.31
2003-08-05,3438.36
2003-08-06,3375.66
2003-08-07,3331.89
2003-08-08,3332.24
2003-08-11,3339.58
2003-08-12,3381.71
2003-08-13,3398.89
2003-08-14,3452.7
2003-08-15,3443.93
2003-08-18,3507.23
2003-08-19,3504.53
2003-08-20,3501.23
2003-08-21,3565.47
2003-08-22,3549.05
2003-08-25,3500.09
2003-08-26,3455.48
2003-08-27,3483.08
2003-08-28,3492.67
2003-08-29,3484.58
2003-09-01,3571.22
2003-09-02,3567.2
2003-09-03,3647.51
2003-09-04,3668.67
2003-09-05,3607.71
2003-09-08,3641.53
2003-09-09,3593.73
2003-09-10,3536.87
2003-09-11,3566.85
2003-09-12,3508.06
2003-09-15,3516.31
2003-09-16,3564.75
2003-09-17,3561.03
2003-09-18,3612.02
2003-09-19,3578.7
2003-09-22,3456.27
2003-09-23,3411.02
2003-09-24,3307.34
2003-09-25,3326.27
2003-09-26,3324.85
2003-09-29,3323.38
2003-09-30,3256.78
2003-10-01,3329.83
2003-10-02,3276.64
2003-10-03,3419.0
2003-10-06,3404.91
2003-10-07,3355.78
2003-10-08,3395.33
2003-10-09,3481.9
2003-10-10,3471.25
2003-10-13,3538.39
2003-10-14,3538.13
2003-10-15,3570.58
2003-10-16,3577.72
2003-10-17,3516.67
2003-10-20,3559.33
2003-10-21,3580.08
2003-10-22,3490.6
2003-10-23,3497.14
2003-10-24,3452.64
2003-10-27,3517.1
2003-10-28,3586.93
2003-10-29,3615.42
2003-10-30,3639.66
2003-10-31,3655.99
2003-11-03,3744.5
2003-11-04,3741.71
2003-11-05,3717.7
2003-11-06,3733.93
2003-11-07,3782.56
2003-11-10,3746.24
2003-11-11,3729.87
2003-11-12,3748.34
2003-11-13,3765.59
2003-11-14,3797.4
2003-11-17,3674.54
2003-11-18,3666.28
2003-11-19,3652.29
2003-11-20,3638.04
2003-11-21,3642.25
2003-11-24,3737.09
2003-11-25,3733.16
2003-11-26,3712.98
2003-11-27,3744.99
2003-11-28,3745.95
2003-12-01,3821.2
2003-12-02,3809.26
2003-12-03,3875.66
2003-12-04,3874.78
2003-12-05,3841.73
2003-12-08,3806.54
2003-12-09,3846.18
2003-12-10,3820.92
2003-12-11,3858.85
2003-12-12,3860.13
2003-12-15,3875.47
2003-12-16,3865.98
2003-12-17,3847.57
2003-12-18,3870.88
2003-12-19,3898.42
2003-12-22,3876.94
2003-12-23,3903.34
2003-12-29,3952.72
2003-12-30,3965.16
2004-01-02,4018.5
2004-01-05,4035.9
2004-01-06,4035.44
2004-01-07,4004.4
2004-01-08,4045.43
2004-01-09,4016.18
2004-01-12,3995.91
2004-01-13,3996.22
2004-01-14,4055.21
2004-01-15,4068.75
2004-01-16,4111.64
2004-01-19,4139.92
2004-01-20,4106.41
2004-01-21,4138.04
2004-01-22,4139.86
2004-01-23,4151.83
2004-01-26,4128.68
2004-01-27,4134.42
2004-01-28,4150.24
2004-01-29,4095.71
2004-01-30,4058.6
2004-02-02,4071.6
2004-02-03,4057.51
2004-02-04,4028.37
2004-02-05,4014.79
2004-02-06,4044.99
2004-02-09,4098.97
2004-02-10,4110.8
2004-02-11,4122.16
2004-02-12,4121.65
2004-02-13,4057.05
2004-02-16,4070.46
2004-02-17,4095.86
2004-02-18,4095.34
2004-02-19,4141.53
2004-02-20,4073.35
2004-02-23,4068.71
2004-02-24,3991.42
2004-02-25,3995.34
2004-02-26,4007.81
2004-02-27,4018.16
2004-03-01,4054.43
2004-03-02,4100.34
2004-03-03,4071.7
2004-03-04,4133.78
2004-03-05,4126.14
2004-03-08,4145.99
2004-03-09,4087.55
2004-03-10,4044.7
2004-03-11,3904.95
2004-03-12,3915.38
2004-03-15,3810.76
2004-03-16,3822.37
2004-03-17,3896.79
2004-03-18,3827.43
2004-03-19,3819.15
2004-03-22,3729.23
2004-03-23,3728.82
2004-03-24,3726.07
2004-03-25,3811.92
2004-03-26,3822.33
2004-03-29,3881.25
2004-03-30,3874.04
2004-03-31,3856.7
2004-04-01,3924.85
2004-04-02,4007.6
2004-04-05,4048.6
2004-04-06,4022.81
2004-04-07,4001.16
2004-04-08,4013.53
2004-04-13,4071.42
2004-04-14,4012.77
2004-04-15,4004.61
2004-04-16,4033.98
2004-04-19,4025.07
2004-04-20,4061.13
2004-04-21,4026.15
2004-04-22,4059.15
2004-04-23,4103.62
2004-04-26,4125.83
2004-04-27,4134.1
2004-04-28,4065.74
2004-04-29,4008.91
2004-04-30,3985.21
2004-05-03,4007.65
2004-05-04,3990.75
2004-05-05,4022.1
2004-05-06,3909.46
2004-05-07,3895.64
2004-05-10,3784.61
2004-05-11,3849.84
2004-05-12,3776.24
2004-05-13,3824.93
2004-05-14,3803.1
2004-05-17,3754.37
2004-05-18,3789.24
2004-05-19,3872.26
2004-05-20,3839.32
2004-05-21,3831.84
2004-05-24,3867.84
2004-05-25,3828.07
2004-05-26,3867.52
2004-05-27,3913.33
2004-05-28,3902.72
2004-05-31,3921.41
2004-06-01,3864.18
2004-06-02,3888.31
2004-06-03,3917.08
2004-06-04,3961.93
2004-06-07,4017.81
2004-06-08,4018.95
2004-06-09,3997.76
2004-06-10,4021.64
2004-06-11,4014.56
2004-06-14,3948.65
2004-06-15,3987.3
2004-06-16,4003.24
2004-06-17,3985.46
2004-06-18,3999.79
2004-06-21,3989.31
2004-06-22,3928.39
2004-06-23,3945.1
2004-06-24,4007.05
2004-06-25,4013.35
2004-06-28,4069.35
2004-06-29,4069.73
2004-06-30,4052.73
2004-07-01,4035.02
2004-07-02,3998.77
2004-07-05,3995.73
2004-07-06,3944.88
2004-07-07,3930.58
2004-07-08,3934.48
2004-07-09,3924.49
2004-07-12,3893.24
2004-07-13,3903.88
2004-07-14,3898.84
2004-07-15,3847.19
2004-07-16,3845.93
2004-07-19,3812.63
2004-07-20,3837.6
2004-07-21,3877.48
2004-07-22,3801.05
2004-07-23,3797.33
2004-07-26,3752.59
2004-07-27,3814.08
2004-07-28,3807.21
2004-07-29,3889.68
2004-07-30,3895.61
2004-08-02,3862.71
2004-08-03,3877.32
2004-08-04,3823.74
2004-08-05,3829.03
2004-08-06,3727.74
2004-08-09,3690.33
2004-08-10,3720.64
2004-08-11,3678.91
2004-08-12,3658.11
2004-08-13,3646.99
2004-08-16,3699.11
2004-08-17,3705.73
2004-08-18,3726.5
2004-08-19,3722.99
2004-08-20,3712.61
2004-08-23,3772.14
2004-08-24,3771.0
2004-08-25,3788.88
2004-08-26,3832.28
2004-08-27,3851.18
2004-08-30,3838.85
2004-08-31,3785.21
2004-09-01,3817.62
2004-09-02,3833.45
2004-09-03,3866.99
2004-09-06,3887.58
2004-09-07,3889.04
2004-09-08,3884.16
2004-09-09,3851.22
2004-09-10,3886.03
2004-09-13,3953.31
2004-09-14,3947.75
2004-09-15,3941.75
2004-09-16,3963.65
2004-09-17,3988.07
2004-09-20,3977.68
2004-09-21,3991.02
2004-09-22,3942.35
2004-09-23,3905.66
2004-09-24,3910.3
2004-09-27,3874.37
2004-09-28,3882.27
2004-09-29,3920.36
2004-09-30,3892.9
2004-10-01,3994.96
2004-10-04,4033.28
2004-10-05,4048.71
2004-10-06,4049.66
2004-10-07,4043.36
2004-10-08,4015.54
2004-10-11,4017.82
2004-10-12,3957.6
2004-10-13,3976.03
2004-10-14,3940.46
2004-10-15,3922.11
2004-10-18,3915.17
2004-10-19,3964.13
2004-10-20,3912.4
2004-10-21,3934.06
2004-10-22,3935.14
2004-10-25,3854.41
2004-10-26,3862.26
2004-10-27,3929.03
2004-10-28,3959.59
2004-10-29,3960.25
2004-11-01,4012.64
2004-11-02,4037.57
2004-11-03,4039.04
2004-11-04,4041.38
2004-11-05,4063.58
2004-11-08,4068.97
2004-11-09,4065.33
2004-11-10,4089.13
2004-11-11,4130.81
2004-11-12,4143.35
2004-11-15,4134.34
2004-11-16,4117.22
2004-11-17,4183.41
2004-11-18,4178.68
2004-11-19,4134.89
2004-11-22,4123.98
2004-11-23,4113.37
2004-11-24,4125.3
2004-11-25,4160.35
2004-11-26,4154.27
2004-11-29,4146.98
2004-11-30,4126.0
2004-12-01,4186.03
2004-12-02,4216.4
2004-12-03,4208.87
2004-12-06,4193.91
2004-12-07,4212.62
2004-12-08,4201.35
2004-12-09,4150.41
2004-12-10,4174.55
2004-12-13,4219.24
2004-12-14,4231.3
2004-12-15,4213.69
2004-12-16,4233.71
2004-12-17,4182.27
2004-12-20,4211.55
2004-12-21,4214.39
2004-12-22,4241.28
2004-12-23,4251.62
2004-12-27,4235.36
2004-12-28,4261.79
2004-12-29,4247.75
2004-12-30,4256.08
2005-01-03,4291.53
2005-01-04,4290.5
2005-01-05,4258.24
2005-01-06,4300.94
2005-01-07,4316.4
2005-01-10,4307.37
2005-01-11,4258.01
2005-01-12,4208.82
2005-01-13,4212.14
2005-01-14,4232.36
2005-01-17,4245.51
2005-01-18,4250.71
2005-01-19,4245.55
2005-01-20,4220.43
2005-01-21,4213.7
2005-01-24,4201.89
2005-01-25,4233.95
2005-01-26,4214.12
2005-01-27,4216.41
2005-01-28,4201.81
2005-01-31,4254.85
2005-02-01,4279.97
2005-02-02,4296.31
2005-02-03,4281.64
2005-02-04,4339.28
2005-02-07,4366.35
2005-02-08,4371.39
2005-02-09,4353.15
2005-02-10,4342.01
2005-02-11,4387.8
2005-02-14,4386.4
2005-02-15,4402.03
2005-02-16,4368.77
2005-02-17,4369.68
2005-02-18,4359.47
2005-02-21,4353.34
2005-02-22,4323.21
2005-02-23,4310.66
2005-02-24,4304.29
2005-02-25,4348.64
2005-02-28,4350.49
2005-03-01,4383.62
2005-03-02,4393.43
2005-03-03,4373.27
2005-03-04,4423.52
2005-03-07,4428.09
2005-03-08,4396.5
2005-03-09,4375.6
2005-03-10,4337.68
2005-03-11,4360.49
2005-03-14,4367.3
2005-03-15,4387.69
2005-03-16,4309.11
2005-03-17,4315.92
2005-03-18,4327.18
2005-03-21,4296.36
2005-03-22,4320.69
2005-03-23,4317.2
2005-03-24,4343.6
2005-03-29,4351.89
2005-03-30,4347.52
2005-03-31,4348.77
2005-04-01,4373.53
2005-04-04,4341.39
2005-04-05,4362.61
2005-04-06,4379.18
2005-04-07,4389.52
2005-04-08,4400.68
2005-04-11,4396.09
2005-04-12,4372.12
2005-04-13,4405.69
2005-04-14,4402.05
2005-04-15,4312.25
2005-04-18,4202.2
2005-04-19,4204.61
2005-04-20,4178.62
2005-04-21,4193.7
2005-04-22,4223.04
2005-04-25,4246.96
2005-04-26,4233.76
2005-04-27,4189.02
2005-04-28,4178.1
2005-04-29,4184.84
2005-05-02,4224.02
2005-05-03,4245.54
2005-05-04,4264.35
2005-05-05,4299.51
2005-05-06,4311.06
2005-05-09,4292.41
2005-05-10,4251.13
2005-05-11,4244.16
2005-05-12,4267.05
2005-05-13,4275.7
2005-05-16,4262.18
2005-05-17,4251.77
2005-05-18,4324.6
2005-05-19,4360.42
2005-05-20,4360.68
2005-05-23,4406.95
2005-05-24,4396.64
2005-05-25,4389.54
2005-05-26,4436.6
2005-05-27,4444.71
2005-05-30,4480.43
2005-05-31,4460.63
2005-06-01,4527.17
2005-06-02,4532.17
2005-06-03,4510.39
2005-06-06,4497.26
2005-06-07,4566.01
2005-06-08,4557.29
2005-06-09,4562.75
2005-06-10,4586.1
2005-06-13,4599.21
2005-06-14,4591.69
2005-06-15,4548.42
2005-06-16,4579.87
2005-06-17,4604.57
2005-06-20,4586.86
2005-06-21,4608.11
2005-06-22,4619.6
2005-06-23,4627.48
2005-06-24,4566.48
2005-06-27,4523.82
2005-06-28,4557.46
2005-06-29,4583.63
2005-06-30,4586.28
2005-07-01,4617.07
2005-07-04,4623.41
2005-07-05,4603.65
2005-07-06,4615.49
2005-07-07,4530.18
2005-07-08,4597.97
2005-07-11,4663.38
2005-07-12,4653.03
2005-07-13,4679.89
2005-07-14,4699.27
2005-07-15,4712.9
2005-07-18,4719.57
2005-07-19,4770.54
2005-07-20,4784.5
2005-07-21,4829.87
2005-07-22,4836.9
2005-07-25,4842.7
2005-07-26,4843.49
2005-07-27,4855.35
2005-07-28,4892.5
2005-07-29,4886.5
2005-08-01,4890.85
2005-08-02,4932.87
2005-08-03,4923.12
2005-08-04,4874.06
2005-08-05,4827.18
2005-08-08,4837.86
2005-08-09,4909.48
2005-08-10,4990.57
2005-08-11,4953.93
2005-08-12,4937.33
2005-08-15,4922.34
2005-08-16,4883.81
2005-08-17,4871.46
2005-08-18,4851.27
2005-08-19,4929.91
2005-08-22,4941.69
2005-08-23,4917.74
2005-08-24,4915.95
2005-08-25,4856.01
2005-08-26,4783.8
2005-08-29,4812.24
2005-08-30,4791.72
2005-08-31,4829.69
2005-09-01,4842.94
2005-09-02,4837.81
2005-09-05,4909.89
2005-09-06,4968.28
2005-09-07,4988.14
2005-09-08,4992.75
2005-09-09,5005.93
2005-09-12,4989.98
2005-09-13,4901.88
2005-09-14,4911.17
2005-09-15,4905.98
2005-09-16,4986.5
2005-09-19,4926.13
2005-09-20,4962.86
2005-09-21,4875.22
2005-09-22,4849.01
2005-09-23,4882.58
2005-09-26,4998.16
2005-09-27,4965.88
2005-09-28,5048.74
2005-09-29,5021.17
2005-09-30,5044.12
2005-10-03,5082.07
2005-10-04,5138.02
2005-10-05,5069.42
2005-10-06,5017.27
2005-10-07,5007.77
2005-10-10,5022.79
2005-10-11,5032.46
2005-10-12,4981.77
2005-10-13,4950.07
2005-10-14,4975.56
2005-10-17,4978.83
2005-10-18,4947.18
2005-10-19,4845.98
2005-10-20,4864.25
2005-10-21,4838.4
2005-10-24,4901.79
2005-10-25,4872.97
2005-10-26,4900.79
2005-10-27,4806.05
2005-10-28,4825.64
2005-10-31,4929.07
2005-11-01,4922.55
2005-11-02,4954.83
2005-11-03,5011.0
2005-11-04,4995.24
2005-11-07,5024.2
2005-11-08,5008.83
2005-11-09,5011.38
2005-11-10,5015.55
2005-11-11,5090.75
2005-11-14,5092.43
2005-11-15,5110.61
2005-11-16,5081.46
2005-11-17,5099.72
2005-11-18,5123.5
2005-11-21,5170.61
2005-11-22,5174.72
2005-11-23,5196.08
2005-11-24,5187.98
2005-11-25,5194.27
2005-11-28,5176.59
2005-11-29,5199.48
2005-11-30,5193.4
2005-12-01,5266.55
2005-12-02,5307.99
2005-12-05,5266.86
2005-12-06,5300.85
2005-12-07,5266.75
2005-12-08,5286.75
2005-12-09,5282.12
2005-12-12,5301.21
2005-12-13,5310.27
2005-12-14,5286.75
2005-12-15,5295.81
2005-12-16,5353.66
2005-12-19,5350.18
2005-12-20,5356.6
2005-12-21,5397.23
2005-12-22,5398.27
2005-12-23,5419.04
2005-12-27,5444.83
2005-12-28,5447.14
2005-12-29,5458.58
2005-12-30,5408.25
2006-01-02,5449.98
2006-01-03,5460.68
2006-01-04,5523.62
2006-01-05,5516.52
2006-01-06,5536.31
2006-01-09,5537.1
2006-01-10,5494.71
2006-01-11,5532.89
2006-01-12,5542.12
2006-01-13,5483.08
2006-01-16,5514.64
2006-01-17,5460.16
2006-01-18,5395.6
2006-01-19,5430.83
2006-01-20,5349.02
2006-01-23,5348.72
2006-01-24,5334.29
2006-01-25,5427.08
2006-01-26,5548.91
2006-01-27,5647.41
2006-01-30,5660.02
2006-01-31,5674.14
2006-02-01,5726.53
2006-02-02,5649.6
2006-02-03,5657.12
2006-02-06,5666.77
2006-02-07,5672.91
2006-02-08,5666.41
2006-02-09,5743.68
2006-02-10,5701.47
2006-02-13,5756.33
2006-02-14,5763.39
2006-02-15,5764.37
2006-02-16,5789.25
2006-02-17,5795.48
2006-02-20,5793.95
2006-02-21,5801.04
2006-02-22,5862.06
2006-02-23,5857.87
2006-02-24,5870.79
2006-02-27,5915.14
2006-02-28,5796.04
2006-03-01,5866.6
2006-03-02,5783.49
2006-03-03,5721.46
2006-03-06,5754.06
2006-03-07,5739.27
2006-03-08,5673.35
2006-03-09,5732.22
2006-03-10,5804.91
2006-03-13,5855.16
2006-03-14,5870.87
2006-03-15,5898.48
2006-03-16,5897.79
2006-03-17,5882.37
2006-03-20,5902.79
2006-03-21,5911.85
2006-03-22,5932.31
2006-03-23,5947.1
2006-03-24,5973.14
2006-03-27,5912.25
2006-03-28,5890.62
2006-03-29,5914.77
2006-03-30,5984.18
2006-03-31,5970.08
2006-04-03,6024.04
2006-04-04,6013.85
2006-04-05,6029.2
2006-04-06,6031.39
2006-04-07,5952.91
2006-04-10,6003.39
2006-04-11,5908.47
2006-04-12,5901.25
2006-04-13,5918.56
2006-04-18,5902.58
2006-04-19,5993.75
2006-04-20,6063.27
2006-04-21,6094.75
2006-04-24,6079.09
2006-04-25,6078.79
2006-04-26,6107.12
2006-04-27,6067.74
2006-04-28,6009.89
2006-05-02,6051.29
2006-05-03,5968.96
2006-05-04,6039.31
2006-05-05,6113.29
2006-05-08,6127.98
2006-05-09,6140.72
2006-05-10,6118.37
2006-05-11,6054.72
2006-05-12,5916.27
2006-05-15,5857.02
2006-05-16,5851.91
2006-05-17,5652.72
2006-05-18,5666.06
2006-05-19,5672.27
2006-05-22,5546.24
2006-05-23,5678.49
2006-05-24,5587.23
2006-05-25,5706.06
2006-05-26,5788.35
2006-05-29,5755.02
2006-05-30,5622.43
2006-05-31,5692.85
2006-06-01,5707.58
2006-06-02,5687.04
2006-06-05,5621.18
2006-06-06,5502.81
2006-06-07,5543.93
2006-06-08,5383.27
2006-06-09,5464.08
2006-06-12,5395.54
2006-06-13,5292.14
2006-06-14,5305.99
2006-06-15,5422.22
2006-06-16,5376.0
2006-06-19,5439.23
2006-06-20,5493.6
2006-06-21,5503.41
2006-06-22,5533.41
2006-06-23,5529.74
2006-06-26,5514.62
2006-06-27,5459.14
2006-06-28,5456.87
2006-06-29,5581.66
2006-06-30,5683.31
2006-07-03,5712.68
2006-07-04,5729.0
2006-07-05,5625.62
2006-07-06,5695.47
2006-07-07,5681.85
2006-07-10,5706.31
2006-07-11,5616.04
2006-07-12,5637.81
2006-07-13,5527.29
2006-07-14,5422.22
2006-07-17,5416.96
2006-07-18,5396.85
2006-07-19,5539.29
2006-07-20,5545.81
2006-07-21,5451.0
2006-07-24,5578.04
2006-07-25,5565.75
2006-07-26,5583.1
2006-07-27,5659.06
2006-07-28,5705.41
2006-07-31,5681.97
2006-08-01,5596.74
2006-08-02,5680.81
2006-08-03,5640.02
2006-08-04,5723.02
2006-08-07,5626.66
2006-08-08,5651.91
2006-08-09,5702.81
2006-08-10,5630.96
2006-08-11,5628.37
2006-08-14,5692.0
2006-08-15,5776.79
2006-08-16,5812.93
2006-08-17,5833.5
2006-08-18,5817.02
2006-08-21,5794.83
2006-08-22,5818.41
2006-08-23,5775.54
2006-08-24,5814.08
2006-08-25,5811.47
2006-08-28,5854.99
2006-08-29,5847.02
2006-08-30,5867.52
2006-08-31,5859.56
2006-09-01,5876.54
2006-09-04,5909.72
2006-09-05,5884.06
2006-09-06,5813.06
2006-09-07,5773.72
2006-09-08,5795.25
2006-09-11,5798.46
2006-09-12,5873.85
2006-09-13,5906.12
2006-09-14,5907.37
2006-09-15,5937.87
2006-09-18,5926.33
2006-09-19,5873.46
2006-09-20,5954.37
2006-09-21,5962.02
2006-09-22,5883.31
2006-09-25,5901.66
2006-09-26,5960.62
2006-09-27,5989.71
2006-09-28,5989.16
2006-09-29,6004.33
2006-10-02,5999.46
2006-10-03,5992.22
2006-10-04,6046.37
2006-10-05,6075.27
2006-10-06,6085.81
2006-10-09,6084.39
2006-10-10,6117.71
2006-10-11,6119.45
2006-10-12,6160.27
2006-10-13,6173.68
2006-10-16,6186.54
2006-10-17,6115.1
2006-10-18,6182.77
2006-10-19,6177.41
2006-10-20,6202.81
2006-10-23,6242.91
2006-10-24,6247.52
2006-10-25,6264.91
2006-10-26,6284.18
2006-10-27,6262.54
2006-10-30,6258.18
2006-10-31,6268.91
2006-11-01,6291.89
2006-11-02,6223.33
2006-11-03,6241.14
2006-11-06,6330.64
2006-11-07,6361.96
2006-11-08,6349.25
2006-11-09,6358.68
2006-11-10,6357.77
2006-11-13,6393.73
2006-11-14,6387.37
2006-11-15,6430.89
2006-11-16,6443.02
2006-11-17,6412.35
2006-11-20,6452.33
2006-11-21,6460.39
2006-11-22,6476.12
2006-11-23,6475.25
2006-11-24,6411.96
2006-11-27,6298.16
2006-11-28,6281.68
2006-11-29,6363.79
2006-11-30,6309.18
2006-12-01,6241.12
2006-12-04,6295.23
2006-12-05,6372.79
2006-12-06,6369.5
2006-12-07,6413.02
2006-12-08,6427.41
2006-12-11,6469.41
2006-12-12,6476.16
2006-12-13,6520.77
2006-12-14,6552.58
2006-12-15,6588.83
2006-12-18,6597.25
2006-12-19,6553.5
2006-12-20,6586.91
2006-12-21,6573.96
2006-12-22,6503.12
2006-12-27,6608.85
2006-12-28,6611.81
2006-12-29,6596.91
2007-01-02,6681.12
2007-01-03,6691.31
2007-01-04,6674.39
2007-01-05,6593.08
2007-01-08,6607.58
2007-01-09,6614.37
2007-01-10,6566.56
2007-01-11,6687.29
2007-01-12,6705.16
2007-01-15,6731.74
2007-01-16,6716.81
2007-01-17,6701.7
2007-01-18,6689.62
2007-01-19,6747.16
2007-01-22,6687.31
2007-01-23,6678.93
2007-01-24,6748.37
2007-01-25,6719.58
2007-01-26,6690.33
2007-01-29,6726.0
2007-01-30,6788.23
2007-01-31,6789.1
2007-02-01,6851.27
2007-02-02,6885.75
2007-02-05,6874.06
2007-02-06,6875.7
2007-02-07,6915.56
2007-02-08,6876.73
2007-02-09,6911.1
2007-02-12,6859.45
2007-02-13,6895.33
2007-02-14,6961.18
2007-02-15,6958.62
2007-02-16,6957.06
2007-02-19,6987.08
2007-02-20,6982.91
2007-02-21,6941.66
2007-02-22,6973.73
2007-02-23,6992.58
2007-02-26,7027.58
2007-02-27,6819.64
2007-02-28,6715.43
2007-03-01,6640.24
2007-03-02,6603.31
2007-03-05,6534.56
2007-03-06,6595.0
2007-03-07,6617.75
2007-03-08,6713.23
2007-03-09,6716.52
2007-03-12,6715.49
2007-03-13,6623.99
2007-03-14,6447.7
2007-03-15,6585.47
2007-03-16,6579.87
2007-03-19,6671.41
2007-03-20,6700.29
2007-03-21,6712.06
2007-03-22,6856.96
2007-03-23,6899.06
2007-03-26,6828.81
2007-03-27,6858.33
2007-03-28,6816.89
2007-03-29,6897.08
2007-03-30,6917.02
2007-04-02,6937.16
2007-04-03,7045.56
2007-04-04,7073.91
2007-04-05,7099.91
2007-04-10,7166.66
2007-04-11,7152.83
2007-04-12,7142.95
2007-04-13,7212.06
2007-04-16,7338.06
2007-04-17,7348.83
2007-04-18,7282.33
2007-04-19,7242.73
2007-04-20,7342.54
2007-04-23,7335.62
2007-04-24,7270.31
2007-04-25,7343.08
2007-04-26,7387.02
2007-04-27,7378.12
2007-04-30,7408.87
2007-05-02,7455.93
2007-05-03,7476.68
2007-05-04,7516.75
2007-05-07,7525.68
2007-05-08,7442.2
2007-05-09,7475.99
2007-05-10,7415.33
2007-05-11,7479.33
2007-05-14,7459.6
2007-05-15,7505.35
2007-05-16,7481.25
2007-05-17,7499.5
2007-05-18,7607.54
2007-05-21,7619.31
2007-05-22,7659.39
2007-05-23,7735.87
2007-05-24,7697.37
2007-05-25,7739.2
2007-05-29,7781.04
2007-05-30,7764.97
2007-05-31,7883.04
2007-06-01,7987.85
2007-06-04,7976.79
2007-06-05,7919.83
2007-06-06,7730.04
2007-06-07,7618.6
2007-06-08,7590.5
2007-06-11,7706.1
2007-06-12,7678.25
2007-06-13,7680.75
2007-06-14,7849.16
2007-06-15,8030.64
2007-06-18,8036.12
2007-06-19,8033.52
2007-06-20,8090.49
2007-06-21,7964.71
2007-06-22,7949.62
2007-06-25,7930.6
2007-06-26,7860.52
2007-06-27,7801.23
2007-06-28,7921.35
2007-06-29,8007.31
2007-07-02,7958.24
2007-07-03,8050.68
2007-07-04,8075.25
2007-07-05,7987.12
2007-07-06,8048.31
2007-07-09,8077.39
2007-07-10,7964.75
2007-07-11,7898.54
2007-07-12,8053.43
2007-07-13,8092.77
2007-07-16,8105.68
2007-07-17,8038.21
2007-07-18,7893.6
2007-07-19,7991.21
2007-07-20,7874.85
2007-07-23,7944.21
2007-07-24,7806.79
2007-07-25,7692.54
2007-07-26,7508.96
2007-07-27,7451.68
2007-07-30,7456.31
2007-07-31,7584.14
2007-08-01,7473.93
2007-08-02,7534.12
2007-08-03,7435.66
2007-08-06,7444.45
2007-08-07,7513.66
2007-08-08,7605.93
2007-08-09,7453.58
2007-08-10,7343.25
2007-08-13,7474.33
2007-08-14,7425.06
2007-08-15,7445.89
2007-08-16,7270.06
2007-08-17,7378.29
2007-08-20,7407.52
2007-08-21,7424.75
2007-08-22,7500.48
2007-08-23,7511.96
2007-08-24,7507.27
2007-08-27,7485.99
2007-08-28,7430.24
2007-08-29,7439.18
2007-08-30,7519.93
2007-08-31,7638.16
2007-09-03,7648.58
2007-09-04,7721.77
2007-09-05,7588.02
2007-09-06,7621.72
2007-09-07,7436.62
2007-09-10,7375.43
2007-09-11,7457.89
2007-09-12,7472.99
2007-09-13,7535.97
2007-09-14,7497.74
2007-09-17,7479.85
2007-09-18,7575.21
2007-09-19,7750.83
2007-09-20,7735.08
2007-09-21,7794.43
2007-09-24,7787.91
2007-09-25,7769.43
2007-09-26,7804.14
2007-09-27,7853.79
2007-09-28,7861.5
2007-10-01,7922.41
2007-10-02,7946.79
2007-10-03,7955.29
2007-10-04,7944.99
2007-10-05,8002.18
2007-10-08,7974.37
2007-10-09,7980.43
2007-10-10,7986.56
2007-10-11,8033.68
2007-10-12,8041.25
2007-10-15,7969.47
2007-10-16,7962.64
2007-10-17,7985.41
2007-10-18,7921.39
2007-10-19,7884.12
2007-10-22,7794.93
2007-10-23,7842.79
2007-10-24,7828.96
2007-10-25,7932.43
2007-10-26,7949.16
2007-10-29,8009.66
2007-10-30,7977.93
2007-10-31,8019.22
2007-11-01,7880.85
2007-11-02,7849.49
2007-11-05,7807.54
2007-11-06,7827.18
2007-11-07,7799.62
2007-11-08,7819.47
2007-11-09,7812.39
2007-11-12,7806.83
2007-11-13,7777.56
2007-11-14,7783.1
2007-11-15,7667.02
2007-11-16,7612.25
2007-11-19,7511.97
2007-11-20,7630.31
2007-11-21,7518.41
2007-11-22,7562.1
2007-11-23,7608.96
2007-11-26,7567.35
2007-11-27,7531.35
2007-11-28,7723.66
2007-11-29,7765.18
2007-11-30,7870.52
2007-12-03,7837.25
2007-12-04,7808.93
2007-12-05,7944.77
2007-12-06,7940.58
2007-12-07,7994.06
2007-12-10,8033.35
2007-12-11,8009.41
2007-12-12,8076.12
2007-12-13,7928.31
2007-12-14,7948.35
2007-12-17,7825.43
2007-12-18,7850.74
2007-12-19,7837.31
2007-12-20,7869.18
2007-12-21,8002.66
2007-12-27,8038.6
2007-12-28,8067.31
2008-01-02,7949.1
2008-01-03,7908.41
2008-01-04,7808.68
2008-01-07,7817.16
2008-01-08,7849.99
2008-01-09,7782.71
2008-01-10,7713.08
2008-01-11,7717.95
2008-01-14,7732.02
2008-01-15,7566.37
2008-01-16,7471.56
2008-01-17,7413.52
2008-01-18,7314.16
2008-01-21,6790.18
2008-01-22,6769.47
2008-01-23,6439.21
2008-01-24,6821.06
2008-01-25,6816.74
2008-01-28,6818.85
2008-01-29,6892.96
2008-01-30,6875.35
2008-01-31,6851.75
2008-02-01,6968.67
2008-02-04,7000.49
2008-02-05,6765.25
2008-02-06,6847.51
2008-02-07,6733.72
2008-02-08,6767.28
2008-02-11,6743.54
2008-02-12,6967.84
2008-02-13,6973.67
2008-02-14,6962.28
2008-02-15,6832.43
2008-02-18,6967.55
2008-02-19,7002.29
2008-02-20,6899.68
2008-02-21,6904.85
2008-02-22,6806.29
2008-02-25,6882.56
2008-02-26,6985.97
2008-02-27,6997.85
2008-02-28,6862.52
2008-02-29,6748.13
2008-03-03,6689.95
2008-03-04,6545.04
2008-03-05,6683.71
2008-03-06,6591.31
2008-03-07,6513.99
2008-03-10,6448.08
2008-03-11,6524.57
2008-03-12,6599.37
2008-03-13,6500.56
2008-03-14,6451.9
2008-03-17,6182.3
2008-03-18,6393.39
2008-03-19,6361.22
2008-03-20,6319.99
2008-03-25,6524.71
2008-03-26,6489.26
2008-03-27,6578.06
2008-03-28,6559.9
2008-03-31,6534.97
2008-04-01,6720.33
2008-04-02,6777.44
2008-04-03,6741.72
2008-04-04,6763.39
2008-04-07,6821.03
2008-04-08,6771.98
2008-04-09,6721.36
2008-04-10,6704.32
2008-04-11,6603.57
2008-04-14,6554.49
2008-04-15,6585.05
2008-04-16,6702.84
2008-04-17,6681.81
2008-04-18,6843.08
2008-04-21,6786.55
2008-04-22,6728.3
2008-04-23,6795.03
2008-04-24,6821.32
2008-04-25,6896.58
2008-04-28,6925.33
2008-04-29,6885.34
2008-04-30,6948.82
2008-05-02,7043.23
2008-05-05,7052.08
2008-05-06,7017.1
2008-05-07,7076.25
2008-05-08,7071.9
2008-05-09,7003.17
2008-05-12,7035.95
2008-05-13,7060.19
2008-05-14,7083.24
2008-05-15,7081.05
2008-05-16,7156.55
2008-05-19,7225.94
2008-05-20,7118.5
2008-05-21,7040.83
2008-05-22,7070.33
2008-05-23,6944.05
2008-05-26,6953.84
2008-05-27,6958.66
2008-05-28,7033.84
2008-05-29,7055.03
2008-05-30,7096.79
2008-06-02,7008.77
2008-06-03,7019.13
2008-06-04,6965.43
2008-06-05,6941.83
2008-06-06,6803.81
2008-06-09,6815.63
2008-06-10,6771.1
2008-06-11,6650.26
2008-06-12,6714.52
2008-06-13,6765.32
2008-06-16,6729.88
2008-06-17,6796.16
2008-06-18,6728.91
2008-06-19,6721.17
2008-06-20,6578.44
2008-06-23,6589.46
2008-06-24,6536.06
2008-06-25,6617.84
2008-06-26,6459.6
2008-06-27,6421.91
2008-06-30,6418.32
2008-07-01,6315.94
2008-07-02,6305.42
2008-07-03,6353.74
2008-07-04,6272.21
2008-07-07,6395.75
2008-07-08,6304.41
2008-07-09,6386.46
2008-07-10,6305.0
2008-07-11,6153.3
2008-07-14,6200.25
2008-07-15,6081.7
2008-07-16,6155.37
2008-07-17,6271.27
2008-07-18,6382.65
2008-07-21,6424.84
2008-07-22,6442.79
2008-07-23,6536.09
2008-07-24,6440.7
2008-07-25,6436.71
2008-07-28,6351.15
2008-07-29,6398.8
2008-07-30,6460.12
2008-07-31,6479.56
2008-08-01,6396.46
2008-08-04,6349.81
2008-08-05,6518.7
2008-08-06,6561.39
2008-08-07,6543.49
2008-08-08,6561.65
2008-08-11,6609.63
2008-08-12,6585.87
2008-08-13,6422.19
2008-08-14,6442.21
2008-08-15,6446.02
2008-08-18,6432.88
2008-08-19,6282.43
2008-08-20,6317.8
2008-08-21,6236.96
2008-08-22,6342.42
2008-08-25,6296.95
2008-08-26,6340.52
2008-08-27,6321.03
2008-08-28,6420.54
2008-08-29,6422.3
2008-09-01,6421.8
2008-09-02,6518.47
2008-09-03,6467.49
2008-09-04,6279.57
2008-09-05,6127.44
2008-09-08,6263.74
2008-09-09,6233.41
2008-09-10,6210.32
2008-09-11,6178.9
2008-09-12,6234.89
2008-09-15,6064.16
2008-09-16,5965.17
2008-09-17,5860.98
2008-09-18,5863.42
2008-09-19,6189.53
2008-09-22,6107.75
2008-09-23,6068.53
2008-09-24,6052.87
2008-09-25,6173.03
2008-09-26,6063.5
2008-09-29,5807.08
2008-09-30,5831.02
2008-10-01,5806.33
2008-10-02,5660.63
2008-10-03,5797.03
2008-10-06,5387.01
2008-10-07,5326.63
2008-10-08,5013.62
2008-10-09,4887.0
2008-10-10,4544.31
2008-10-13,5062.45
2008-10-14,5199.19
2008-10-15,4861.63
2008-10-16,4622.81
2008-10-17,4781.33
2008-10-20,4835.01
2008-10-21,4784.41
2008-10-22,4571.07
2008-10-23,4519.7
2008-10-24,4295.67
2008-10-27,4334.64
2008-10-28,4823.45
2008-10-29,4808.69
2008-10-30,4869.3
2008-10-31,4987.97
2008-11-03,5026.84
2008-11-04,5278.04
2008-11-05,5166.87
2008-11-06,4813.57
2008-11-07,4938.46
2008-11-10,5025.53
2008-11-11,4761.58
2008-11-12,4620.8
2008-11-13,4649.52
2008-11-14,4710.24
2008-11-17,4557.27
2008-11-18,4579.47
2008-11-19,4354.09
2008-11-20,4220.2
2008-11-21,4127.41
2008-11-24,4554.33
2008-11-25,4560.42
2008-11-26,4560.5
2008-11-27,4665.27
2008-11-28,4669.44
2008-12-01,4394.79
2008-12-02,4531.79
2008-12-03,4567.24
2008-12-04,4564.23
2008-12-05,4381.47
2008-12-08,4715.88
2008-12-09,4779.11
2008-12-10,4804.88
2008-12-11,4767.2
2008-12-12,4663.37
2008-12-15,4654.82
2008-12-16,4729.91
2008-12-17,4708.38
2008-12-18,4756.4
2008-12-19,4696.7
2008-12-22,4639.02
2008-12-23,4629.38
2008-12-29,4704.86
2008-12-30,4810.2
2009-01-02,4973.07
2009-01-05,4983.99
2009-01-06,5026.31
2009-01-07,4937.47
2009-01-08,4879.91
2009-01-09,4783.89
2009-01-12,4719.62
2009-01-13,4636.94
2009-01-14,4422.35
2009-01-15,4336.73
2009-01-16,4366.28
2009-01-19,4316.14
2009-01-20,4239.85
2009-01-21,4261.15
2009-01-22,4219.42
2009-01-23,4178.94
2009-01-26,4326.87
2009-01-27,4323.42
2009-01-28,4518.72
2009-01-29,4428.11
2009-01-30,4338.35
2009-02-02,4271.04
2009-02-03,4374.96
2009-02-04,4492.79
2009-02-05,4510.49
2009-02-06,4644.63
2009-02-09,4666.82
2009-02-10,4505.54
2009-02-11,4530.09
2009-02-12,4407.56
2009-02-13,4413.39
2009-02-16,4366.64
2009-02-17,4216.6
2009-02-18,4204.96
2009-02-19,4215.21
2009-02-20,4014.66
2009-02-23,3936.45
2009-02-24,3895.75
2009-02-25,3846.21
2009-02-26,3942.62
2009-02-27,3843.74
2009-03-02,3710.07
2009-03-03,3690.72
2009-03-04,3890.94
2009-03-05,3695.49
2009-03-06,3666.41
2009-03-09,3692.03
2009-03-10,3886.98
2009-03-11,3914.1
2009-03-12,3956.22
2009-03-13,3953.6
2009-03-16,4044.54
2009-03-17,3987.77
2009-03-18,3996.32
2009-03-19,4043.46
2009-03-20,4068.74
2009-03-23,4176.37
2009-03-24,4187.36
2009-03-25,4223.29
2009-03-26,4259.37
2009-03-27,4203.55
2009-03-30,3989.23
2009-03-31,4084.76
2009-04-01,4131.07
2009-04-02,4381.92
2009-04-03,4384.99
2009-04-06,4349.81
2009-04-07,4322.5
2009-04-08,4357.92
2009-04-09,4491.12
2009-04-14,4557.01
2009-04-15,4549.79
2009-04-16,4609.46
2009-04-17,4676.84
2009-04-20,4486.3
2009-04-21,4501.63
2009-04-22,4594.42
2009-04-23,4538.21
2009-04-24,4674.32
2009-04-27,4694.07
2009-04-28,4607.42
2009-04-29,4704.56
2009-04-30,4769.45
2009-05-04,4902.45
2009-05-05,4853.03
2009-05-06,4880.71
2009-05-07,4804.1
2009-05-08,4913.9
2009-05-11,4866.91
2009-05-12,4854.11
2009-05-13,4727.61
2009-05-14,4738.47
2009-05-15,4737.5
2009-05-18,4851.96
2009-05-19,4959.62
2009-05-20,5038.94
2009-05-21,4900.67
2009-05-22,4918.75
2009-05-25,4918.45
2009-05-26,4985.6
2009-05-27,5000.77
2009-05-28,4932.88
2009-05-29,4940.82
2009-06-01,5142.56
2009-06-02,5144.06
2009-06-03,5054.53
2009-06-04,5064.8
2009-06-05,5077.03
2009-06-08,5004.72
2009-06-09,4997.86
2009-06-10,5051.18
2009-06-11,5107.26
2009-06-12,5069.24
2009-06-15,4889.94
2009-06-16,4890.72
2009-06-17,4799.98
2009-06-18,4837.48
2009-06-19,4839.46
2009-06-22,4693.4
2009-06-23,4707.15
2009-06-24,4836.01
2009-06-25,4800.56
2009-06-26,4776.47
2009-06-29,4885.09
2009-06-30,4808.64
2009-07-01,4905.44
2009-07-02,4718.49
2009-07-03,4708.21
2009-07-06,4651.82
2009-07-07,4598.19
2009-07-08,4572.65
2009-07-09,4630.07
2009-07-10,4576.31
2009-07-13,4722.34
2009-07-14,4781.69
2009-07-15,4928.44
2009-07-16,4957.19
2009-07-17,4978.4
2009-07-20,5030.15
2009-07-21,5093.97
2009-07-22,5121.56
2009-07-23,5247.28
2009-07-24,5229.36
2009-07-27,5251.55
2009-07-28,5174.74
2009-07-29,5270.32
2009-07-30,5374.52
2009-07-31,5332.14
2009-08-03,5426.85
2009-08-04,5417.02
2009-08-05,5353.01
2009-08-06,5369.98
2009-08-07,5458.96
2009-08-10,5418.12
2009-08-11,5285.81
2009-08-12,5350.09
2009-08-13,5401.11
2009-08-14,5309.11
2009-08-17,5201.61
2009-08-18,5250.74
2009-08-19,5231.98
2009-08-20,5311.06
2009-08-21,5462.74
2009-08-24,5519.75
2009-08-25,5557.09
2009-08-26,5521.97
2009-08-27,5470.33
2009-08-28,5517.35
2009-08-31,5464.61
2009-09-01,5327.29
2009-09-02,5319.84
2009-09-03,5301.42
2009-09-04,5384.43
2009-09-07,5463.51
2009-09-08,5481.73
2009-09-09,5574.26
2009-09-10,5594.77
2009-09-11,5624.02
2009-09-14,5620.24
2009-09-15,5628.98
2009-09-16,5700.26
2009-09-17,5731.14
2009-09-18,5703.83
2009-09-21,5668.65
2009-09-22,5709.38
2009-09-23,5702.05
2009-09-24,5605.21
2009-09-25,5581.41
2009-09-28,5736.31
2009-09-29,5713.52
2009-09-30,5675.16
2009-10-01,5554.55
2009-10-02,5467.9
2009-10-05,5508.85
2009-10-06,5657.64
2009-10-07,5640.75
2009-10-08,5716.54
2009-10-09,5711.88
2009-10-12,5783.23
2009-10-13,5714.31
2009-10-14,5854.14
2009-10-15,5830.77
2009-10-16,5743.39
2009-10-19,5852.56
2009-10-20,5811.77
2009-10-21,5833.49
2009-10-22,5762.93
2009-10-23,5740.25
2009-10-26,5642.16
2009-10-27,5635.02
2009-10-28,5496.27
2009-10-29,5587.45
2009-10-30,5414.96
2009-11-02,5430.82
2009-11-03,5353.35
2009-11-04,5444.23
2009-11-05,5480.92
2009-11-06,5488.25
2009-11-09,5619.72
2009-11-10,5613.2
2009-11-11,5668.35
2009-11-12,5663.96
2009-11-13,5686.83
2009-11-16,5804.82
2009-11-17,5778.43
2009-11-18,5787.61
2009-11-19,5702.18
2009-11-20,5663.15
2009-11-23,5801.48
2009-11-24,5769.31
2009-11-25,5803.02
2009-11-26,5614.17
2009-11-27,5685.61
2009-11-30,5625.95
2009-12-01,5776.61
2009-12-02,5781.68
2009-12-03,5770.35
2009-12-04,5817.65
2009-12-07,5784.75
2009-12-08,5688.58
2009-12-09,5647.84
2009-12-10,5709.02
2009-12-11,5756.29
2009-12-14,5802.26
2009-12-15,5811.34
2009-12-16,5903.43
2009-12-17,5844.44
2009-12-18,5831.21
2009-12-21,5930.53
2009-12-22,5945.69
2009-12-23,5957.44
2009-12-28,6002.92
2009-12-29,6011.55
2009-12-30,5957.43
2010-01-04,6048.3
2010-01-05,6031.86
2010-01-06,6034.33
2010-01-07,6019.36
2010-01-08,6037.61
2010-01-11,6040.5
2010-01-12,5943.0
2010-01-13,5963.14
2010-01-14,5988.88
2010-01-15,5875.97
2010-01-18,5918.55
2010-01-19,5976.48
2010-01-20,5851.53
2010-01-21,5746.97
2010-01-22,5695.32
2010-01-25,5631.37
2010-01-26,5668.93
2010-01-27,5643.2
2010-01-28,5540.33
2010-01-29,5608.79
2010-02-01,5654.48
2010-02-02,5709.66
2010-02-03,5672.09
2010-02-04,5533.24
2010-02-05,5434.34
2010-02-08,5484.85
2010-02-09,5498.26
2010-02-10,5536.37
2010-02-11,5503.93
2010-02-12,5500.39
2010-02-15,5511.1
2010-02-16,5592.12
2010-02-17,5648.34
2010-02-18,5680.41
2010-02-19,5722.05
2010-02-22,5688.44
2010-02-23,5604.07
2010-02-24,5615.51
2010-02-25,5532.33
2010-02-26,5598.46
2010-03-01,5713.51
2010-03-02,5776.56
2010-03-03,5817.88
2010-03-04,5795.32
2010-03-05,5877.36
2010-03-08,5875.91
2010-03-09,5885.89
2010-03-10,5936.72
2010-03-11,5928.63
2010-03-12,5945.11
2010-03-15,5903.56
2010-03-16,5970.99
2010-03-17,6024.28
2010-03-18,6012.31
2010-03-19,5982.43
2010-03-22,5987.5
2010-03-23,6017.27
2010-03-24,6039.0
2010-03-25,6132.95
2010-03-26,6120.05
2010-03-29,6156.85
2010-03-30,6142.45
2010-03-31,6153.55
2010-04-01,6235.56
2010-04-06,6252.21
2010-04-07,6222.41
2010-04-08,6171.83
2010-04-09,6249.7
2010-04-12,6250.69
2010-04-13,6230.83
2010-04-14,6278.4
2010-04-15,6291.45
2010-04-16,6180.9
2010-04-19,6162.44
2010-04-20,6264.23
2010-04-21,6230.38
2010-04-22,6168.72
2010-04-23,6259.53
2010-04-26,6332.1
2010-04-27,6159.51
2010-04-28,6084.34
2010-04-29,6144.91
2010-04-30,6135.7
2010-05-03,6166.92
2010-05-04,6006.86
2010-05-05,5958.45
2010-05-06,5908.26
2010-05-07,5715.09
2010-05-10,6017.91
2010-05-11,6037.71
2010-05-12,6183.49
2010-05-13,6251.97
2010-05-14,6056.71
2010-05-17,6066.92
2010-05-18,6155.93
2010-05-19,5988.67
2010-05-20,5867.88
2010-05-21,5829.25
2010-05-24,5805.68
2010-05-25,5670.04
2010-05-26,5758.02
2010-05-27,5937.14
2010-05-28,5946.18
2010-05-31,5964.33
2010-06-01,5981.27
2010-06-02,5981.2
2010-06-03,6054.63
2010-06-04,5938.88
2010-06-07,5904.95
2010-06-08,5868.55
2010-06-09,5984.75
2010-06-10,6056.59
2010-06-11,6047.83
2010-06-14,6125.0
2010-06-15,6175.05
2010-06-16,6190.91
2010-06-17,6223.54
2010-06-18,6216.98
2010-06-21,6292.97
2010-06-22,6269.04
2010-06-23,6204.52
2010-06-24,6115.48
2010-06-25,6070.6
2010-06-28,6157.22
2010-06-29,5952.03
2010-06-30,5965.52
2010-07-01,5857.43
2010-07-02,5834.15
2010-07-05,5816.2
2010-07-06,5940.98
2010-07-07,5992.86
2010-07-08,6035.66
2010-07-09,6065.24
2010-07-12,6077.19
2010-07-13,6191.13
2010-07-14,6209.76
2010-07-15,6149.36
2010-07-16,6040.27
2010-07-19,6009.11
2010-07-20,5967.49
2010-07-21,5990.38
2010-07-22,6142.15
2010-07-23,6166.34
2010-07-26,6194.21
2010-07-27,6207.31
2010-07-28,6178.94
2010-07-29,6134.7
2010-07-30,6147.97
2010-08-02,6292.13
2010-08-03,6307.91
2010-08-04,6331.33
2010-08-05,6333.58
2010-08-06,6259.63
2010-08-09,6351.6
2010-08-10,6286.25
2010-08-11,6154.07
2010-08-12,6135.17
2010-08-13,6110.41
2010-08-16,6110.57
2010-08-17,6206.4
2010-08-18,6186.31
2010-08-19,6075.13
2010-08-20,6005.16
2010-08-23,6010.91
2010-08-24,5935.44
2010-08-25,5899.5
2010-08-26,5912.58
2010-08-27,5951.17
2010-08-30,5912.41
2010-08-31,5925.22
2010-09-01,6083.9
2010-09-02,6083.85
2010-09-03,6134.62
2010-09-06,6155.04
2010-09-07,6117.89
2010-09-08,6164.44
2010-09-09,6221.52
2010-09-10,6214.77
2010-09-13,6261.68
2010-09-14,6275.41
2010-09-15,6261.87
2010-09-16,6249.65
2010-09-17,6209.76
2010-09-20,6294.58
2010-09-21,6275.98
2010-09-22,6208.33
2010-09-23,6184.71
2010-09-24,6298.3
2010-09-27,6278.89
2010-09-28,6276.09
2010-09-29,6246.92
2010-09-30,6229.02
2010-10-01,6211.34
2010-10-04,6134.21
2010-10-05,6215.83
2010-10-06,6270.73
2010-10-07,6276.25
2010-10-08,6291.67
2010-10-11,6309.51
2010-10-12,6304.57
2010-10-13,6434.52
2010-10-14,6455.27
2010-10-15,6492.3
2010-10-18,6516.63
2010-10-19,6490.69
2010-10-20,6524.55
2010-10-21,6611.01
2010-10-22,6605.84
2010-10-25,6639.21
2010-10-26,6613.8
2010-10-27,6568.0
2010-10-28,6595.28
2010-10-29,6601.37
2010-11-01,6604.86
2010-11-02,6654.31
2010-11-03,6617.8
2010-11-04,6734.69
2010-11-05,6754.2
2010-11-08,6750.5
2010-11-09,6787.81
2010-11-10,6719.84
2010-11-11,6723.41
2010-11-12,6734.61
2010-11-15,6790.17
2010-11-16,6663.24
2010-11-17,6700.07
2010-11-18,6832.11
2010-11-19,6843.55
2010-11-22,6822.05
2010-11-23,6705.0
2010-11-24,6823.8
2010-11-25,6879.66
2010-11-26,6848.98
2010-11-29,6697.97
2010-11-30,6688.49
2010-12-01,6866.63
2010-12-02,6957.61
2010-12-03,6947.72
2010-12-06,6954.38
2010-12-07,7001.91
2010-12-08,6975.87
2010-12-09,6964.16
2010-12-10,7006.17
2010-12-13,7029.39
2010-12-14,7027.4
2010-12-15,7016.37
2010-12-16,7024.4
2010-12-17,6982.45
2010-12-20,7018.6
2010-12-21,7077.99
2010-12-22,7067.92
2010-12-23,7057.69
2010-12-27,6970.73
2010-12-28,6972.1
2010-12-29,6995.47
2010-12-30,6914.19
2011-01-03,6989.74
2011-01-04,6975.35
2011-01-05,6939.82
2011-01-06,6981.39
2011-01-07,6947.84
2011-01-10,6857.06
2011-01-11,6941.57
2011-01-12,7068.78
2011-01-13,7075.11
2011-01-14,7075.7
2011-01-17,7078.06
2011-01-18,7143.45
2011-01-19,7082.76
2011-01-20,7024.27
2011-01-21,7062.42
2011-01-24,7067.77
2011-01-25,7059.01
2011-01-26,7127.35
2011-01-27,7155.58
2011-01-28,7102.8
2011-01-31,7077.48
2011-02-01,7184.27
2011-02-02,7183.67
2011-02-03,7193.68
2011-02-04,7216.21
2011-02-07,7283.62
2011-02-08,7323.24
2011-02-09,7320.9
2011-02-10,7340.28
2011-02-11,7371.2
2011-02-14,7396.63
2011-02-15,7400.04
2011-02-16,7414.3
2011-02-17,7405.51
2011-02-18,7426.81
2011-02-21,7321.81
2011-02-22,7318.35
2011-02-23,7194.6
2011-02-24,7130.5
2011-02-25,7185.17
2011-02-28,7272.32
2011-03-01,7223.3
2011-03-02,7181.12
2011-03-03,7225.96
2011-03-04,7178.9
2011-03-07,7161.93
2011-03-08,7164.75
2011-03-09,7131.8
2011-03-10,7063.09
2011-03-11,6981.49
2011-03-14,6866.63
2011-03-15,6647.66
2011-03-16,6513.84
2011-03-17,6656.88
2011-03-18,6664.4
2011-03-21,6816.12
2011-03-22,6780.97
2011-03-23,6804.45
2011-03-24,6933.58
2011-03-25,6946.36
2011-03-28,6938.63
2011-03-29,6934.44
2011-03-30,7057.15
2011-03-31,7041.31
2011-04-01,7179.81
2011-04-04,7175.33
2011-04-05,7175.31
2011-04-06,7215.11
2011-04-07,7178.78
2011-04-08,7217.02
2011-04-11,7204.86
2011-04-12,7102.91
2011-04-13,7177.97
2011-04-14,7146.56
2011-04-15,7178.29
2011-04-18,7026.85
2011-04-19,7039.31
2011-04-20,7249.19
2011-04-21,7295.49
2011-04-26,7356.51
2011-04-27,7404.95
2011-04-28,7475.22
2011-04-29,7514.46
2011-05-02,7527.64
2011-05-03,7500.7
2011-05-04,7373.93
2011-05-05,7376.96
2011-05-06,7492.25
2011-05-09,7410.52
2011-05-10,7501.52
2011-05-11,7495.05
2011-05-12,7443.95
2011-05-13,7403.31
2011-05-16,7387.54
2011-05-17,7256.65
2011-05-18,7303.53
2011-05-19,7358.23
2011-05-20,7266.82
2011-05-23,7121.52
2011-05-24,7150.66
2011-05-25,7170.94
2011-05-26,7114.09
2011-05-27,7163.47
2011-05-30,7160.3
2011-05-31,7293.69
2011-06-01,7217.43
2011-06-02,7074.12
2011-06-03,7109.03
2011-06-06,7084.57
2011-06-07,7103.25
2011-06-08,7060.23
2011-06-09,7159.66
2011-06-10,7069.9
2011-06-13,7085.14
2011-06-14,7204.79
2011-06-15,7115.08
2011-06-16,7110.2
2011-06-17,7164.05
2011-06-20,7150.21
2011-06-21,7285.51
2011-06-22,7278.19
2011-06-23,7149.44
2011-06-24,7121.38
2011-06-27,7107.9
2011-06-28,7170.43
2011-06-29,7294.14
2011-06-30,7376.24
2011-07-01,7419.44
2011-07-04,7442.96
2011-07-05,7439.44
2011-07-06,7431.19
2011-07-07,7471.44
2011-07-08,7402.73
2011-07-11,7230.25
2011-07-12,7174.14
2011-07-13,7267.87
2011-07-14,7214.74
2011-07-15,7220.12
2011-07-18,7107.92
2011-07-19,7192.67
2011-07-20,7221.36
2011-07-21,7290.14
2011-07-22,7326.39
2011-07-25,7344.54
2011-07-26,7349.45
2011-07-27,7252.68
2011-07-28,7190.06
2011-07-29,7158.77
2011-08-01,6953.98
2011-08-02,6796.75
2011-08-03,6640.59
2011-08-04,6414.76
2011-08-05,6236.16
2011-08-08,5923.27
2011-08-09,5917.08
2011-08-10,5613.42
2011-08-11,5797.66
2011-08-12,5997.74
2011-08-15,6022.24
2011-08-16,5994.9
2011-08-17,5948.94
2011-08-18,5602.8
2011-08-19,5480.0
2011-08-22,5473.78
2011-08-23,5532.38
2011-08-24,5681.08
2011-08-25,5584.14
2011-08-26,5537.48
2011-08-29,5670.07
2011-08-30,5643.92
2011-08-31,5784.85
2011-09-01,5730.63
2011-09-02,5538.33
2011-09-05,5246.18
2011-09-06,5193.97
2011-09-07,5405.53
2011-09-08,5408.46
2011-09-09,5189.93
2011-09-12,5072.33
2011-09-13,5166.36
2011-09-14,5340.19
2011-09-15,5508.24
2011-09-16,5573.51
2011-09-19,5415.91
2011-09-20,5571.68
2011-09-21,5433.8
2011-09-22,5164.21
2011-09-23,5196.56
2011-09-26,5345.56
2011-09-27,5628.44
2011-09-28,5578.42
2011-09-29,5639.58
2011-09-30,5502.02
2011-10-03,5376.7
2011-10-04,5216.71
2011-10-05,5473.03
2011-10-06,5645.25
2011-10-07,5675.7
2011-10-10,5847.29
2011-10-11,5865.01
2011-10-12,5994.47
2011-10-13,5914.84
2011-10-14,5967.2
2011-10-17,5859.43
2011-10-18,5877.41
2011-10-19,5913.53
2011-10-20,5766.48
2011-10-21,5970.96
2011-10-24,6055.27
2011-10-25,6046.75
2011-10-26,6016.07
2011-10-27,6337.84
2011-10-28,6346.19
2011-10-31,6141.34
2011-11-01,5834.51
2011-11-02,5965.63
2011-11-03,6133.18
2011-11-04,5966.16
2011-11-07,5928.68
2011-11-08,5961.44
2011-11-09,5829.54
2011-11-10,5867.81
2011-11-11,6057.03
2011-11-14,5985.02
2011-11-15,5933.14
2011-11-16,5913.36
2011-11-17,5850.17
2011-11-18,5800.24
2011-11-21,5606.0
2011-11-22,5537.39
2011-11-23,5457.77
2011-11-24,5428.11
2011-11-25,5492.87
2011-11-28,5745.33
2011-11-29,5799.91
2011-11-30,6088.84
2011-12-01,6035.88
2011-12-02,6080.68
2011-12-05,6106.09
2011-12-06,6028.82
2011-12-07,5994.73
2011-12-08,5874.44
2011-12-09,5986.71
2011-12-12,5785.43
2011-12-13,5774.26
2011-12-14,5675.14
2011-12-15,5730.62
2011-12-16,5701.78
2011-12-19,5670.71
2011-12-20,5847.03
2011-12-21,5791.53
2011-12-22,5852.18
2011-12-23,5878.93
2011-12-27,5889.76
2011-12-28,5771.27
2011-12-29,5848.78
2011-12-30,5898.35
2012-01-02,6075.52
2012-01-03,6166.57
2012-01-04,6111.55
2012-01-05,6095.99
2012-01-06,6057.92
2012-01-09,6017.23
2012-01-10,6162.98
2012-01-11,6152.34
2012-01-12,6179.21
2012-01-13,6143.08
2012-01-16,6220.01
2012-01-17,6332.93
2012-01-18,6354.57
2012-01-19,6416.26
2012-01-20,6404.39
2012-01-23,6436.62
2012-01-24,6419.22
2012-01-25,6421.85
2012-01-26,6539.85
2012-01-27,6511.98
2012-01-30,6444.45
2012-01-31,6458.91
2012-02-01,6616.64
2012-02-02,6655.63
2012-02-03,6766.67
2012-02-06,6764.83
2012-02-07,6754.2
2012-02-08,6748.76
2012-02-09,6788.8
2012-02-10,6692.96
2012-02-13,6738.47
2012-02-14,6728.19
2012-02-15,6757.94
2012-02-16,6751.96
2012-02-17,6848.03
2012-02-20,6948.25
2012-02-21,6908.18
2012-02-22,6843.87
2012-02-23,6809.46
2012-02-24,6864.43
2012-02-27,6849.6
2012-02-28,6887.63
2012-02-29,6856.08
2012-03-01,6941.77
2012-03-02,6921.37
2012-03-05,6866.46
2012-03-06,6633.11
2012-03-07,6671.11
2012-03-08,6834.54
2012-03-09,6880.21
2012-03-12,6901.35
2012-03-13,6995.91
2012-03-14,7079.42
2012-03-15,7144.45
2012-03-16,7157.82
2012-03-19,7154.22
2012-03-20,7054.94
2012-03-21,7071.32
2012-03-22,6981.26
2012-03-23,6995.62
2012-03-26,7079.23
2012-03-27,7078.9
2012-03-28,6998.8
2012-03-29,6875.15
2012-03-30,6946.83
2012-04-02,7056.65
2012-04-03,6982.28
2012-04-04,6784.06
2012-04-05,6775.26
2012-04-10,6606.43
2012-04-11,6674.73
2012-04-12,6743.24
2012-04-13,6583.9
2012-04-16,6625.19
2012-04-17,6801.0
2012-04-18,6732.03
2012-04-19,6671.22
2012-04-20,6750.12
2012-04-23,6523.0
2012-04-24,6590.41
2012-04-25,6704.5
2012-04-26,6739.9
2012-04-27,6801.32
2012-04-30,6761.19
2012-05-02,6710.77
2012-05-03,6694.44
2012-05-04,6561.47
2012-05-07,6569.48
2012-05-08,6444.74
2012-05-09,6475.31
2012-05-10,6518.0
2012-05-11,6579.93
2012-05-14,6451.97
2012-05-15,6401.06
2012-05-16,6384.26
2012-05-17,6308.96
2012-05-18,6271.22
2012-05-21,6331.04
2012-05-22,6435.6
2012-05-23,6285.75
2012-05-24,6315.89
2012-05-25,6339.94
2012-05-28,6323.19
2012-05-29,6396.84
2012-05-30,6280.8
2012-05-31,6264.38
2012-06-01,6050.29
2012-06-04,5978.23
2012-06-05,5969.4
2012-06-06,6093.99
2012-06-07,6144.22
2012-06-08,6130.82
2012-06-11,6141.05
2012-06-12,6161.24
2012-06-13,6152.49
2012-06-14,6138.61
2012-06-15,6229.41
2012-06-18,6248.2
2012-06-19,6363.36
2012-06-20,6392.13
2012-06-21,6343.13
2012-06-22,6263.25
2012-06-25,6132.39
2012-06-26,6136.69
2012-06-27,6228.99
2012-06-28,6149.91
2012-06-29,6416.28
2012-07-02,6496.08
2012-07-03,6578.21
2012-07-04,6564.8
2012-07-05,6535.56
2012-07-06,6410.11
2012-07-09,6387.57
2012-07-10,6438.33
2012-07-11,6453.85
2012-07-12,6419.35
2012-07-13,6557.1
2012-07-16,6565.72
2012-07-17,6577.64
2012-07-18,6684.42
2012-07-19,6758.39
2012-07-20,6630.02
2012-07-23,6419.33
2012-07-24,6390.41
2012-07-25,6406.52
2012-07-26,6582.96
2012-07-27,6689.4
2012-07-30,6774.06
2012-07-31,6772.26
2012-08-01,6754.46
2012-08-02,6606.09
2012-08-03,6865.66
2012-08-06,6918.72
2012-08-07,6967.95
2012-08-08,6966.15
2012-08-09,6964.99
2012-08-10,6944.56
2012-08-13,6909.68
2012-08-14,6974.39
2012-08-15,6946.8
2012-08-16,6996.29
2012-08-17,7040.88
2012-08-20,7033.68
2012-08-21,7089.32
2012-08-22,7017.75
2012-08-23,6949.57
2012-08-24,6971.07
2012-08-27,7047.45
2012-08-28,7002.68
2012-08-29,7010.57
2012-08-30,6895.49
2012-08-31,6970.79
2012-09-03,7014.83
2012-09-04,6932.58
2012-09-05,6964.69
2012-09-06,7167.33
2012-09-07,7214.5
2012-09-10,7213.7
2012-09-11,7310.11
2012-09-12,7343.53
2012-09-13,7310.32
2012-09-14,7412.13
2012-09-17,7403.69
2012-09-18,7347.69
2012-09-19,7390.76
2012-09-20,7389.49
2012-09-21,7451.62
2012-09-24,7413.16
2012-09-25,7425.11
2012-09-26,7276.51
2012-09-27,7290.02
2012-09-28,7216.15
2012-10-01,7326.73
2012-10-02,7305.86
2012-10-03,7322.08
2012-10-04,7305.21
2012-10-05,7397.87
2012-10-08,7291.21
2012-10-09,7234.53
2012-10-10,7205.23
2012-10-11,7281.7
2012-10-12,7232.49
2012-10-15,7261.25
2012-10-16,7376.27
2012-10-17,7394.55
2012-10-18,7437.23
2012-10-19,7380.64
2012-10-22,7328.05
2012-10-23,7173.69
2012-10-24,7192.85
2012-10-25,7200.23
2012-10-26,7231.85
2012-10-29,7203.16
2012-10-30,7284.4
2012-10-31,7260.63
2012-11-01,7335.67
2012-11-02,7363.85
2012-11-05,7326.47
2012-11-06,7377.76
2012-11-07,7232.83
2012-11-08,7204.96
2012-11-09,7163.5
2012-11-12,7168.76
2012-11-13,7169.12
2012-11-14,7101.92
2012-11-15,7043.42
2012-11-16,6950.53
2012-11-19,7123.84
2012-11-20,7172.99
2012-11-21,7184.71
2012-11-22,7244.99
2012-11-23,7309.13
2012-11-26,7292.03
2012-11-27,7332.33
2012-11-28,7343.41
2012-11-29,7400.96
2012-11-30,7405.5
2012-12-03,7435.21
2012-12-04,7435.12
2012-12-05,7454.55
2012-12-06,7534.54
2012-12-07,7517.8
2012-12-10,7530.92
2012-12-11,7589.75
2012-12-12,7614.79
2012-12-13,7581.98
2012-12-14,7596.47
2012-12-17,7604.94
2012-12-18,7653.58
2012-12-19,7668.5
2012-12-20,7672.1
2012-12-21,7636.23
2012-12-27,7655.88
2012-12-28,7612.39
2013-01-02,7778.78
2013-01-03,7756.44
2013-01-04,7776.37
2013-01-07,7732.66
2013-01-08,7695.83
2013-01-09,7720.47
2013-01-10,7708.47
2013-01-11,7715.53
2013-01-14,7729.52
2013-01-15,7675.91
2013-01-16,7691.13
2013-01-17,7735.46
2013-01-18,7702.23
2013-01-21,7748.86
2013-01-22,7696.21
2013-01-23,7707.54
2013-01-24,7748.13
2013-01-25,7857.97
2013-01-28,7833.0
2013-01-29,7848.57
2013-01-30,7811.31
2013-01-31,7776.05
2013-02-01,7833.39
2013-02-04,7638.23
2013-02-05,7664.66
2013-02-06,7581.18
2013-02-07,7590.85
2013-02-08,7652.14
2013-02-11,7633.74
2013-02-12,7660.19
2013-02-13,7711.89
2013-02-14,7631.19
2013-02-15,7593.51
2013-02-18,7628.73
2013-02-19,7752.45
2013-02-20,7728.9
2013-02-21,7583.57
2013-02-22,7661.91
2013-02-25,7773.19
2013-02-26,7597.11
2013-02-27,7675.83
2013-02-28,7741.7
2013-03-01,7708.16
2013-03-04,7691.68
2013-03-05,7870.31
2013-03-06,7919.33
2013-03-07,7939.77
2013-03-08,7986.47
2013-03-11,7984.29
2013-03-12,7966.12
2013-03-13,7970.91
2013-03-14,8058.37
2013-03-15,8042.85
2013-03-18,8010.7
2013-03-19,7947.79
2013-03-20,8001.97
2013-03-21,7932.51
2013-03-22,7911.35
2013-03-25,7870.9
2013-03-26,7879.67
2013-03-27,7789.09
2013-03-28,7795.31
2013-04-02,7943.87
2013-04-03,7874.75
2013-04-04,7817.39
2013-04-05,7658.75
2013-04-08,7662.64
2013-04-09,7637.51
2013-04-10,7810.63
2013-04-11,7871.63
2013-04-12,7744.77
2013-04-15,7712.63
2013-04-16,7682.58
2013-04-17,7503.03
2013-04-18,7473.73
2013-04-19,7459.96
2013-04-22,7478.11
2013-04-23,7658.21
2013-04-24,7759.03
2013-04-25,7832.86
2013-04-26,7814.76
2013-04-29,7873.5
2013-04-30,7913.71
2013-05-02,7961.71
2013-05-03,8122.29
2013-05-06,8112.08
2013-05-07,8181.78
2013-05-08,8249.71
2013-05-09,8262.55
2013-05-10,8278.59
2013-05-13,8279.29
2013-05-14,8339.11
2013-05-15,8362.42
2013-05-16,8369.87
2013-05-17,8398.0
2013-05-20,8455.83
2013-05-21,8472.2
2013-05-22,8530.89
2013-05-23,8351.98
2013-05-24,8305.32
2013-05-27,8383.3
2013-05-28,8480.87
2013-05-29,8336.58
2013-05-30,8400.2
2013-05-31,8348.84
2013-06-03,8285.8
2013-06-04,8295.96
2013-06-05,8196.18
2013-06-06,8098.81
2013-06-07,8254.68
2013-06-10,8307.69
2013-06-11,8222.46
2013-06-12,8143.27
2013-06-13,8095.39
2013-06-14,8127.96
2013-06-17,8215.73
2013-06-18,8229.51
2013-06-19,8197.08
2013-06-20,7928.48
2013-06-21,7789.24
2013-06-24,7692.45
2013-06-25,7811.3
2013-06-26,7940.99
2013-06-27,7990.75
2013-06-28,7959.22
2013-07-01,7983.92
2013-07-02,7910.77
2013-07-03,7829.32
2013-07-04,7994.31
2013-07-05,7806.0
2013-07-08,7968.54
2013-07-09,8057.75
2013-07-10,8066.48
2013-07-11,8158.8
2013-07-12,8212.77
2013-07-15,8234.81
2013-07-16,8201.05
2013-07-17,8254.72
2013-07-18,8337.09
2013-07-19,8331.57
2013-07-22,8331.06
2013-07-23,8314.23
2013-07-24,8379.11
2013-07-25,8298.98
2013-07-26,8244.91
2013-07-29,8259.03
2013-07-30,8271.02
2013-07-31,8275.97
2013-08-01,8410.73
2013-08-02,8406.94
2013-08-05,8398.38
2013-08-06,8299.73
2013-08-07,8260.48
2013-08-08,8318.32
2013-08-09,8338.31
2013-08-12,8359.25
2013-08-13,8415.76
2013-08-14,8438.12
2013-08-15,8376.29
2013-08-16,8391.94
2013-08-19,8366.29
2013-08-20,8300.03
2013-08-21,8285.41
2013-08-22,8397.89
2013-08-23,8416.99
2013-08-26,8435.15
2013-08-27,8242.56
2013-08-28,8157.9
2013-08-29,8194.55
2013-08-30,8103.15
2013-09-02,8243.87
2013-09-03,8180.71
2013-09-04,8195.92
2013-09-05,8234.98
2013-09-06,8275.67
2013-09-09,8276.32
2013-09-10,8446.54
2013-09-11,8495.73
2013-09-12,8494.0
2013-09-13,8509.42
2013-09-16,8613.0
2013-09-17,8596.95
2013-09-18,8636.06
2013-09-19,8694.18
2013-09-20,8675.73
2013-09-23,8635.29
2013-09-24,8664.6
2013-09-25,8665.63
2013-09-26,8664.1
2013-09-27,8661.51
2013-09-30,8594.4
2013-10-01,8689.14
2013-10-02,8629.42
2013-10-03,8597.91
2013-10-04,8622.97
2013-10-07,8591.58
2013-10-08,8555.89
2013-10-09,8516.69
2013-10-10,8685.77
2013-10-11,8724.83
2013-10-14,8723.81
2013-10-15,8804.44
2013-10-16,8846.0
2013-10-17,8811.98
2013-10-18,8865.1
2013-10-21,8867.22
2013-10-22,8947.46
2013-10-23,8919.86
2013-10-24,8980.63
2013-10-25,8985.74
2013-10-28,8978.65
2013-10-29,9022.04
2013-10-30,9010.27
2013-10-31,9033.92
2013-11-01,9007.83
2013-11-04,9037.23
2013-11-05,9009.11
2013-11-06,9040.87
2013-11-07,9081.03
2013-11-08,9078.28
2013-11-11,9107.86
2013-11-12,9076.48
2013-11-13,9054.83
2013-11-14,9149.66
2013-11-15,9168.69
2013-11-18,9225.43
2013-11-19,9193.29
2013-11-20,9202.07
2013-11-21,9196.08
2013-11-22,9219.04
2013-11-25,9299.95
2013-11-26,9290.07
2013-11-27,9351.13
2013-11-28,9387.37
2013-11-29,9405.3
2013-12-02,9401.96
2013-12-03,9223.4
2013-12-04,9140.63
2013-12-05,9084.95
2013-12-06,9172.41
2013-12-09,9195.17
2013-12-10,9114.44
2013-12-11,9077.11
2013-12-12,9017.0
2013-12-13,9006.46
2013-12-16,9163.56
2013-12-17,9085.12
2013-12-18,9181.75
2013-12-19,9335.74
2013-12-20,9400.18
2013-12-23,9488.82
2013-12-27,9589.39
2013-12-30,9552.16
2014-01-02,9400.04
2014-01-03,9435.15
2014-01-06,9428.0
2014-01-07,9506.2
2014-01-08,9497.84
2014-01-09,9421.61
2014-01-10,9473.24
2014-01-13,9510.17
2014-01-14,9540.51
2014-01-15,9733.81
2014-01-16,9717.71
2014-01-17,9742.96
2014-01-20,9715.9
2014-01-21,9730.12
2014-01-22,9720.11
2014-01-23,9631.04
2014-01-24,9392.02
2014-01-27,9349.22
2014-01-28,9406.91
2014-01-29,9336.73
2014-01-30,9373.48
2014-01-31,9306.48
2014-02-03,9186.52
2014-02-04,9127.91
2014-02-05,9116.32
2014-02-06,9256.58
2014-02-07,9301.92
2014-02-10,9289.86
2014-02-11,9478.77
2014-02-12,9540.0
2014-02-13,9596.77
2014-02-14,9662.4
2014-02-17,9656.76
2014-02-18,9659.78
2014-02-19,9660.05
2014-02-20,9618.85
2014-02-21,9656.95
2014-02-24,9708.94
2014-02-25,9699.35
2014-02-26,9661.73
2014-02-27,9588.33
2014-02-28,9692.08
2014-03-03,9358.89
2014-03-04,9589.15
2014-03-05,9542.02
2014-03-06,9542.87
2014-03-07,9350.75
2014-03-10,9265.5
2014-03-11,9307.79
2014-03-12,9188.69
2014-03-13,9017.79
2014-03-14,9056.41
2014-03-17,9180.89
2014-03-18,9242.55
2014-03-19,9277.05
2014-03-20,9296.12
2014-03-21,9342.94
2014-03-24,9188.77
2014-03-25,9338.4
2014-03-26,9448.58
2014-03-27,9451.21
2014-03-28,9587.19
2014-03-31,9555.91
2014-04-01,9603.71
2014-04-02,9623.36
2014-04-03,9628.82
2014-04-04,9695.77
2014-04-07,9510.85
2014-04-08,9490.79
2014-04-09,9506.35
2014-04-10,9454.54
2014-04-11,9315.29
2014-04-14,9339.17
2014-04-15,9173.71
2014-04-16,9317.82
2014-04-17,9409.71
2014-04-22,9600.09
2014-04-23,9544.19
2014-04-24,9548.68
2014-04-25,9401.55
2014-04-28,9446.36
2014-04-29,9584.12
2014-04-30,9603.23
2014-05-02,9556.02
2014-05-05,9529.5
2014-05-06,9467.53
2014-05-07,9521.3
2014-05-08,9607.4
2014-05-09,9581.45
2014-05-12,9702.46
2014-05-13,9754.43
2014-05-14,9754.39
2014-05-15,9656.05
2014-05-16,9629.1
2014-05-19,9659.39
2014-05-20,9639.08
2014-05-21,9697.87
2014-05-22,9720.91
2014-05-23,9768.01
2014-05-26,9892.82
2014-05-27,9940.82
2014-05-28,9939.17
2014-05-29,9938.9
2014-05-30,9943.27
2014-06-02,9950.12
2014-06-03,9919.74
2014-06-04,9926.67
2014-06-05,9947.83
2014-06-06,9987.19
2014-06-09,10008.6
2014-06-10,10028.8
2014-06-11,9949.81
2014-06-12,9938.7
2014-06-13,9912.87
2014-06-16,9883.98
2014-06-17,9920.32
2014-06-18,9930.33
2014-06-19,10004.0
2014-06-20,9987.24
2014-06-23,9920.92
2014-06-24,9938.08
2014-06-25,9867.75
2014-06-26,9804.9
2014-06-27,9815.17
2014-06-30,9833.07
2014-07-01,9902.41
2014-07-02,9911.27
2014-07-03,10029.4
2014-07-04,10009.0
2014-07-07,9906.07
2014-07-08,9772.67
2014-07-09,9808.2
2014-07-10,9659.13
2014-07-11,9666.34
2014-07-14,9783.01
2014-07-15,9719.41
2014-07-16,9859.27
2014-07-17,9753.88
2014-07-18,9720.02
2014-07-21,9612.05
2014-07-22,9734.33
2014-07-23,9753.56
2014-07-24,9794.06
2014-07-25,9644.01
2014-07-28,9598.17
2014-07-29,9653.63
2014-07-30,9593.68
2014-07-31,9407.48
2014-08-01,9210.08
2014-08-04,9154.14
2014-08-05,9189.74
2014-08-06,9130.04
2014-08-07,9038.97
2014-08-08,9009.32
2014-08-11,9180.74
2014-08-12,9069.47
2014-08-13,9198.88
2014-08-14,9225.1
2014-08-15,9092.6
2014-08-18,9245.33
2014-08-19,9334.28
2014-08-20,9314.57
2014-08-21,9401.53
2014-08-22,9339.17
2014-08-25,9510.14
2014-08-26,9588.15
2014-08-27,9569.71
2014-08-28,9462.56
2014-08-29,9470.17
2014-09-01,9479.03
2014-09-02,9507.02
2014-09-03,9626.49
2014-09-04,9724.26
2014-09-05,9747.02
2014-09-08,9758.03
2014-09-09,9710.7
2014-09-10,9700.17
2014-09-11,9691.28
2014-09-12,9651.13
2014-09-15,9659.63
2014-09-16,9632.93
2014-09-17,9661.5
2014-09-18,9798.13
2014-09-19,9799.26
2014-09-22,9749.54
2014-09-23,9595.03
2014-09-24,9661.97
2014-09-25,9510.01
2014-09-26,9490.55
2014-09-29,9422.91
2014-09-30,9474.3
2014-10-01,9382.03
2014-10-02,9195.68
2014-10-06,9209.51
2014-10-07,9086.21
2014-10-08,8995.33
2014-10-09,9005.02
2014-10-10,8788.81
2014-10-13,8812.43
2014-10-14,8825.21
2014-10-15,8571.95
2014-10-16,8582.9
2014-10-17,8850.27
2014-10-20,8717.76
2014-10-21,8886.96
2014-10-22,8940.14
2014-10-23,9047.31
2014-10-24,8987.8
2014-10-27,8902.61
2014-10-28,9068.19
2014-10-29,9082.81
2014-10-30,9114.84
2014-10-31,9326.87
2014-11-03,9251.7
2014-11-04,9166.47
2014-11-05,9315.48
2014-11-06,9377.41
2014-11-07,9291.83
2014-11-10,9351.87
2014-11-11,9369.03
2014-11-12,9210.96
2014-11-13,9248.51
2014-11-14,9252.94
2014-11-17,9306.35
2014-11-18,9456.53
2014-11-19,9472.8
2014-11-20,9483.97
2014-11-21,9732.55
2014-11-24,9785.54
2014-11-25,9861.21
2014-11-26,9915.56
2014-11-27,9974.87
2014-11-28,9980.85
2014-12-01,9963.51
2014-12-02,9934.08
2014-12-03,9971.79
2014-12-04,9851.35
2014-12-05,10087.1
2014-12-08,10014.9
2014-12-09,9793.71
2014-12-10,9799.73
2014-12-11,9862.53
2014-12-12,9594.73
2014-12-15,9334.01
2014-12-16,9563.89
2014-12-17,9544.43
2014-12-18,9811.06
2014-12-19,9786.96
2014-12-22,9865.76
2014-12-23,9922.11
2014-12-29,9927.13
2014-12-30,9805.55
2015-01-02,9764.73
2015-01-05,9473.16
2015-01-06,9469.66
2015-01-07,9518.18
2015-01-08,9837.61
2015-01-09,9648.5
2015-01-12,9781.9
2015-01-13,9941.0
2015-01-14,9817.08
2015-01-15,10032.6
2015-01-16,10167.7
2015-01-19,10242.3
2015-01-20,10257.1
2015-01-21,10299.2
2015-01-22,10435.6
2015-01-23,10649.5
2015-01-26,10798.3
2015-01-27,10628.5
2015-01-28,10710.9
2015-01-29,10737.8
2015-01-30,10694.3
2015-02-02,10828.0
2015-02-03,10890.9
2015-02-04,10911.3
2015-02-05,10905.4
2015-02-06,10846.3
2015-02-09,10663.5
2015-02-10,10753.8
2015-02-11,10752.1
2015-02-12,10919.6
2015-02-13,10963.4
2015-02-16,10923.2
2015-02-17,10895.6
2015-02-18,10961.0
2015-02-19,11001.9
2015-02-20,11050.6
2015-02-23,11130.9
2015-02-24,11205.7
2015-02-25,11210.2
2015-02-26,11327.1
2015-02-27,11401.6
2015-03-02,11410.3
2015-03-03,11280.3
2015-03-04,11390.3
2015-03-05,11504.0
2015-03-06,11550.9
2015-03-09,11582.1
2015-03-10,11500.3
2015-03-11,11805.9
2015-03-12,11799.3
2015-03-13,11901.6
2015-03-16,12167.7
2015-03-17,11980.8
2015-03-18,11922.7
2015-03-19,11899.4
2015-03-20,12039.3
2015-03-23,11895.8
2015-03-24,12005.6
2015-03-25,11865.3
2015-03-26,11843.6
2015-03-27,11868.3
2015-03-30,12086.0
2015-03-31,11966.1
2015-04-01,12001.3
2015-04-02,11967.3
2015-04-07,12123.5
2015-04-08,12035.8
2015-04-09,12166.4
2015-04-10,12374.7
2015-04-13,12338.7
2015-04-14,12227.6
2015-04-15,12231.3
2015-04-16,11998.8
2015-04-17,11688.7
2015-04-20,11891.9
2015-04-21,11939.5
2015-04-22,11867.3
2015-04-23,11723.5
2015-04-24,11810.8
2015-04-27,12039.1
2015-04-28,11811.6
2015-04-29,11432.7
2015-04-30,11454.3
2015-05-04,11619.8
2015-05-05,11327.6
2015-05-06,11350.1
2015-05-07,11407.9
2015-05-08,11709.7
2015-05-11,11673.3
2015-05-12,11472.4
2015-05-13,11351.4
2015-05-14,11559.8
2015-05-15,11447.0
2015-05-18,11594.2
2015-05-19,11853.3
2015-05-20,11848.4
2015-05-21,11864.5
2015-05-22,11815.0
2015-05-26,11625.1
2015-05-27,11771.1
2015-05-28,11677.5
2015-05-29,11413.8
2015-06-01,11436.0
2015-06-02,11328.8
2015-06-03,11419.6
2015-06-04,11340.6
2015-06-05,11197.1
2015-06-08,11064.9
2015-06-09,11001.2
2015-06-10,11265.3
2015-06-11,11332.7
2015-06-12,11196.4
2015-06-15,10984.9
2015-06-16,11044.0
2015-06-17,10978.0
2015-06-18,11100.3
2015-06-19,11040.1
2015-06-22,11460.5
2015-06-23,11542.5
2015-06-24,11471.2
2015-06-25,11473.1
2015-06-26,11492.4
2015-06-29,11083.2
2015-06-30,10944.9
2015-07-01,11180.5
2015-07-02,11099.3
2015-07-03,11058.3
2015-07-06,10890.6
2015-07-07,10676.7
2015-07-08,10747.3
2015-07-09,10996.4
2015-07-10,11315.6
2015-07-13,11484.3
2015-07-14,11516.9
2015-07-15,11539.6
2015-07-16,11716.7
2015-07-17,11673.4
2015-07-20,11735.7
2015-07-21,11604.8
2015-07-22,11520.6
2015-07-23,11512.1
2015-07-24,11347.4
2015-07-27,11056.4
2015-07-28,11173.9
2015-07-29,11211.8
2015-07-30,11257.1
2015-07-31,11308.9
2015-08-03,11443.7
2015-08-04,11456.0
2015-08-05,11636.3
2015-08-06,11585.1
2015-08-07,11490.8
2015-08-10,11604.7
2015-08-11,11293.6
2015-08-12,10924.6
2015-08-13,11014.6
2015-08-14,10985.1
2015-08-17,10940.3
2015-08-18,10915.9
2015-08-19,10682.1
2015-08-20,10432.1
2015-08-21,10124.5
2015-08-24,9648.43
2015-08-25,10128.1
2015-08-26,9997.43
2015-08-27,10315.6
2015-08-28,10298.5
2015-08-31,10259.4
2015-09-01,10015.5
2015-09-02,10048.0
2015-09-03,10317.8
2015-09-04,10038.0
2015-09-07,10108.6
2015-09-08,10271.3
2015-09-09,10303.1
2015-09-10,10210.4
2015-09-11,10123.5
2015-09-14,10131.7
2015-09-15,10188.1
2015-09-16,10227.2
2015-09-17,10229.5
2015-09-18,9916.16
2015-09-21,9948.51
2015-09-22,9570.66
2015-09-23,9612.62
2015-09-24,9427.64
2015-09-25,9688.53
2015-09-28,9483.55
2015-09-29,9450.4
2015-09-30,9660.44
2015-10-01,9509.25
2015-10-02,9553.07
2015-10-05,9814.79
2015-10-06,9902.83
2015-10-07,9970.4
2015-10-08,9993.07
2015-10-09,10096.6
2015-10-12,10119.8
2015-10-13,10032.8
2015-10-14,9915.85
2015-10-15,10064.8
2015-10-16,10104.4
2015-10-19,10164.3
2015-10-20,10147.6
2015-10-21,10238.1
2015-10-22,10491.9
2015-10-23,10794.5
2015-10-26,10801.3
2015-10-27,10692.1
2015-10-28,10831.9
2015-10-29,10800.8
2015-10-30,10850.1
2015-11-02,10950.6
2015-11-03,10951.1
2015-11-04,10845.2
2015-11-05,10887.7
2015-11-06,10988.0
2015-11-09,10815.4
2015-11-10,10832.5
2015-11-11,10907.8
2015-11-12,10782.6
2015-11-13,10708.4
2015-11-16,10713.2
2015-11-17,10971.0
2015-11-18,10959.9
2015-11-19,11085.4
2015-11-20,11119.8
2015-11-23,11092.3
2015-11-24,10933.9
2015-11-25,11169.5
2015-11-26,11320.7
2015-11-27,11293.7
2015-11-30,11382.2
2015-12-01,11261.2
2015-12-02,11190.0
2015-12-03,10789.2
2015-12-04,10752.1
2015-12-07,10886.0
2015-12-08,10673.6
2015-12-09,10592.4
2015-12-10,10598.9
2015-12-11,10340.0
2015-12-14,10139.3
2015-12-15,10450.3
2015-12-16,10469.2
2015-12-17,10738.1
2015-12-18,10608.1
2015-12-21,10497.7
2015-12-22,10488.7
2015-12-23,10727.6
2015-12-28,10653.9
2015-12-29,10860.1
2015-12-30,10743.0
2016-01-04,10283.4
2016-01-05,10310.1
2016-01-06,10214.0
2016-01-07,9979.85
2016-01-08,9849.34
2016-01-11,9825.07
2016-01-12,9985.43
2016-01-13,9960.96
2016-01-14,9794.2
2016-01-15,9545.27
2016-01-18,9521.85
2016-01-19,9664.21
2016-01-20,9391.64
2016-01-21,9574.16
2016-01-22,9764.88
2016-01-25,9736.15
2016-01-26,9822.75
2016-01-27,9880.82
2016-01-28,9639.59
2016-01-29,9798.11
2016-02-01,9757.88
2016-02-02,9581.04
2016-02-03,9434.82
2016-02-04,9393.36
2016-02-05,9286.23
2016-02-08,8979.36
2016-02-09,8879.4
2016-02-10,9017.29
2016-02-11,8752.87
2016-02-12,8967.51
2016-02-15,9206.84
2016-02-16,9135.11
2016-02-17,9377.21
2016-02-18,9463.64
2016-02-19,9388.05
2016-02-22,9573.59
2016-02-23,9416.77
2016-02-24,9167.8
2016-02-25,9331.48
2016-02-26,9513.3
2016-02-29,9495.4
2016-03-01,9717.16
2016-03-02,9776.62
2016-03-03,9751.92
2016-03-04,9824.17
2016-03-07,9778.93
2016-03-08,9692.82
2016-03-09,9723.09
2016-03-10,9498.15
2016-03-11,9831.13
2016-03-14,9990.26
2016-03-15,9933.85
2016-03-16,9983.41
2016-03-17,9892.2
2016-03-18,9950.8
2016-03-21,9948.64
2016-03-22,9990.0
2016-03-23,10022.9
2016-03-24,9851.35
2016-03-29,9887.94
2016-03-30,10046.6
2016-03-31,9965.51
2016-04-01,9794.64
2016-04-04,9822.08
2016-04-05,9563.36
2016-04-06,9624.51
2016-04-07,9530.62
2016-04-08,9622.26
2016-04-11,9682.99
2016-04-12,9761.47
2016-04-13,10026.1
2016-04-14,10093.6
2016-04-15,10051.5
2016-04-18,10120.3
2016-04-19,10349.5
2016-04-20,10421.2
2016-04-21,10435.7
2016-04-22,10373.4
2016-04-25,10294.3
2016-04-26,10259.5
2016-04-27,10299.8
2016-04-28,10321.1
2016-04-29,10038.9
2016-05-02,10123.2
2016-05-03,9926.77
2016-05-04,9828.25
2016-05-05,9851.86
2016-05-06,9869.95
2016-05-09,9980.49
2016-05-10,10045.4
2016-05-11,9975.32
2016-05-12,9862.12
2016-05-13,9952.9
2016-05-17,9890.19
2016-05-18,9943.23
2016-05-19,9795.89
2016-05-20,9916.02
2016-05-23,9842.29
2016-05-24,10057.3
2016-05-25,10205.2
2016-05-26,10272.7
2016-05-27,10286.3
2016-05-30,10333.2
2016-05-31,10262.7
2016-06-01,10204.4
2016-06-02,10208.0
2016-06-03,10103.2
2016-06-06,10121.0
2016-06-07,10287.6
2016-06-08,10217.0
2016-06-09,10088.8
2016-06-10,9834.62
2016-06-13,9657.44
2016-06-14,9519.2
2016-06-15,9606.71
2016-06-16,9550.47
2016-06-17,9631.36
2016-06-20,9962.02
2016-06-21,10015.5
2016-06-22,10071.0
2016-06-23,10257.0
2016-06-24,9557.16
2016-06-27,9268.66
2016-06-28,9447.28
2016-06-29,9612.27
2016-06-30,9680.09
2016-07-01,9776.12
2016-07-04,9709.09
2016-07-05,9532.61
2016-07-06,9373.26
2016-07-07,9418.78
2016-07-08,9629.66
2016-07-11,9833.41
2016-07-12,9964.07
2016-07-13,9930.71
2016-07-14,10068.3
2016-07-15,10066.9
2016-07-18,10063.1
2016-07-19,9981.24
2016-07-20,10142.0
2016-07-21,10156.2
2016-07-22,10147.4
2016-07-25,10198.2
2016-07-26,10247.7
2016-07-27,10319.5
2016-07-28,10274.9
2016-07-29,10337.5
2016-08-01,10330.5
2016-08-02,10144.3
2016-08-03,10170.2
2016-08-04,10227.8
2016-08-05,10367.2
2016-08-08,10432.3
2016-08-09,10692.9
2016-08-10,10650.8
2016-08-11,10742.8
2016-08-12,10713.4
2016-08-15,10739.2
2016-08-16,10676.6
2016-08-17,10537.6
2016-08-18,10603.0
2016-08-19,10544.3
2016-08-22,10494.3
2016-08-23,10592.8
2016-08-24,10622.9
2016-08-25,10529.5
2016-08-26,10587.7
2016-08-29,10544.4
2016-08-30,10657.6
2016-08-31,10592.6
2016-09-01,10534.3
2016-09-02,10683.8
2016-09-05,10672.2
2016-09-06,10687.1
2016-09-07,10752.9
2016-09-08,10675.2
2016-09-09,10573.4
2016-09-12,10431.7
2016-09-13,10386.6
2016-09-14,10378.4
2016-09-15,10431.2
2016-09-16,10276.1
2016-09-19,10373.8
2016-09-20,10393.8
2016-09-21,10436.4
2016-09-22,10674.1
2016-09-23,10626.9
2016-09-26,10393.7
2016-09-27,10361.4
2016-09-28,10438.3
2016-09-29,10405.5
2016-09-30,10511.0
2016-10-04,10619.6
2016-10-05,10585.7
2016-10-06,10568.8
2016-10-07,10490.8
2016-10-10,10624.0
2016-10-11,10577.1
2016-10-12,10523.0
2016-10-13,10414.0
2016-10-14,10580.3
2016-10-17,10503.5
2016-10-18,10631.5
2016-10-19,10645.6
2016-10-20,10701.3
2016-10-21,10710.7
2016-10-24,10761.1
2016-10-25,10757.3
2016-10-26,10709.6
2016-10-27,10717.0
2016-10-28,10696.1
2016-10-31,10665.0
2016-11-01,10526.1
2016-11-02,10370.9
2016-11-03,10325.8
2016-11-04,10259.1
2016-11-07,10456.9
2016-11-08,10482.3
2016-11-09,10646.0
2016-11-10,10630.1
2016-11-11,10667.9
2016-11-14,10693.6
2016-11-15,10735.1
2016-11-16,10663.8
2016-11-17,10685.5
2016-11-18,10664.5
2016-11-21,10685.1
2016-11-22,10713.8
2016-11-23,10662.4
2016-11-24,10689.2
2016-11-25,10699.2
2016-11-28,10582.6
2016-11-29,10620.4
2016-11-30,10640.3
2016-12-01,10534.0
2016-12-02,10513.3
2016-12-05,10684.8
2016-12-06,10775.3
2016-12-07,10986.6
2016-12-08,11179.4
2016-12-09,11203.6
2016-12-12,11190.2
2016-12-13,11284.6
2016-12-14,11244.8
2016-12-15,11366.4
2016-12-16,11404.0
2016-12-19,11426.7
2016-12-20,11464.7
2016-12-21,11468.6
2016-12-22,11456.1
2016-12-23,11449.9
2016-12-27,11472.2
2016-12-28,11474.9
2016-12-29,11451.0
2016-12-30,11481.0
2017-01-02,11598.3
2017-01-03,11584.2
2017-01-04,11584.3
2017-01-05,11584.9
2017-01-06,11599.0
2017-01-09,11563.9
2017-01-10,11583.3
2017-01-11,11646.1
2017-01-12,11521.0
2017-01-13,11629.1
2017-01-16,11554.7
2017-01-17,11540.0
2017-01-18,11599.3
2017-01-19,11596.8
2017-01-20,11630.1
2017-01-23,11545.7
2017-01-24,11594.9
2017-01-25,11806.0
2017-01-26,11848.6
2017-01-27,11814.2
2017-01-30,11681.8
2017-01-31,11535.3
2017-02-01,11659.5
2017-02-02,11627.9
2017-02-03,11651.4
2017-02-06,11509.8
2017-02-07,11549.4
2017-02-08,11543.3
2017-02-09,11642.8
2017-02-10,11666.9
2017-02-13,11774.4
2017-02-14,11771.8
2017-02-15,11793.9
2017-02-16,11757.2
2017-02-17,11757.0
2017-02-20,11827.6
2017-02-21,11967.4
2017-02-22,11998.5
2017-02-23,11947.8
2017-02-24,11804.0
2017-02-27,11822.6
2017-02-28,11834.4
2017-03-01,12067.1
2017-03-02,12059.5
2017-03-03,12027.3
2017-03-06,11958.4
2017-03-07,11966.1
2017-03-08,11967.3
2017-03-09,11978.3
2017-03-10,11963.1
2017-03-13,11990.0
2017-03-14,11988.7
2017-03-15,12009.8
2017-03-16,12083.1
2017-03-17,12095.2
2017-03-20,12052.9
2017-03-21,11962.1
2017-03-22,11904.1
2017-03-23,12039.6
2017-03-24,12064.2
2017-03-27,11996.0
2017-03-28,12149.4
2017-03-29,12203.0
2017-03-30,12256.4
2017-03-31,12312.8
2017-04-03,12257.2
2017-04-04,12282.3
2017-04-05,12217.5
2017-04-06,12230.8
2017-04-07,12225.0
2017-04-10,12200.5
2017-04-11,12139.3
2017-04-12,12154.7
2017-04-13,12109.0
2017-04-18,12000.4
2017-04-19,12016.4
2017-04-20,12027.3
2017-04-21,12048.5
2017-04-24,12454.9
2017-04-25,12467.0
2017-04-26,12472.8
2017-04-27,12443.7
2017-04-28,12438.0
2017-05-02,12507.9
2017-05-03,12527.8
2017-05-04,12647.7
2017-05-05,12716.8
2017-05-08,12694.5
2017-05-09,12749.1
2017-05-10,12757.4
2017-05-11,12711.0
2017-05-12,12770.4
2017-05-15,12807.0
2017-05-16,12804.5
2017-05-17,12631.6
2017-05-18,12590.0
2017-05-19,12638.6
2017-05-22,12619.4
2017-05-23,12659.1
2017-05-24,12642.8
2017-05-25,12621.7
2017-05-26,12602.1
2017-05-29,12628.9
2017-05-30,12598.6
2017-05-31,12615.0
2017-06-01,12664.9
2017-06-02,12822.9
2017-06-06,12690.1
2017-06-07,12672.4
2017-06-08,12713.5
2017-06-09,12815.7
2017-06-12,12690.4
2017-06-13,12764.9
2017-06-14,12805.9
2017-06-15,12691.8
2017-06-16,12752.7
2017-06-19,12888.9
2017-06-20,12814.7
2017-06-21,12774.2
2017-06-22,12794.0
2017-06-23,12733.4
2017-06-26,12770.8
2017-06-27,12671.0
2017-06-28,12647.2
2017-06-29,12416.1
2017-06-30,12325.1
2017-07-03,12475.3
2017-07-04,12437.1
2017-07-05,12453.6
2017-07-06,12381.2
2017-07-07,12388.6
2017-07-10,12445.9
2017-07-11,12437.0
2017-07-12,12626.5
2017-07-13,12641.3
2017-07-14,12631.7
2017-07-17,12587.1
2017-07-18,12430.3
2017-07-19,12452.0
2017-07-20,12447.2
2017-07-21,12240.0
2017-07-24,12208.9
2017-07-25,12264.3
2017-07-26,12305.1
2017-07-27,12212.0
2017-07-28,12162.7
2017-07-31,12118.2
2017-08-01,12251.2
2017-08-02,12181.4
2017-08-03,12154.7
2017-08-04,12297.7
2017-08-07,12257.1
2017-08-08,12292.0
2017-08-09,12154.0
2017-08-10,12014.3
2017-08-11,12014.0
2017-08-14,12165.1
2017-08-15,12177.0
2017-08-16,12263.8
2017-08-17,12203.4
2017-08-18,12165.1
2017-08-21,12065.9
2017-08-22,12229.3
2017-08-23,12174.3
2017-08-24,12180.8
2017-08-25,12167.9
2017-08-28,12123.4
2017-08-29,11945.8
2017-08-30,12002.4
2017-08-31,12055.8
2017-09-01,12142.6
2017-09-04,12102.2
2017-09-05,12123.7
2017-09-06,12214.5
2017-09-07,12296.6
2017-09-08,12303.9
2017-09-11,12475.2
2017-09-12,12524.7
2017-09-13,12553.5
2017-09-14,12540.4
2017-09-15,12518.8
2017-09-18,12559.3
2017-09-19,12561.7
2017-09-20,12569.1
2017-09-21,12600.0
2017-09-22,12592.3
2017-09-25,12594.8
2017-09-26,12605.2
2017-09-27,12657.4
2017-09-28,12704.6
2017-09-29,12828.8
2017-10-02,12902.6
2017-10-04,12970.5
2017-10-05,12968.0
2017-10-06,12955.9
2017-10-09,12976.4
2017-10-10,12949.2
2017-10-11,12970.6
2017-10-12,12982.8
2017-10-13,12991.8
2017-10-16,13003.7
2017-10-17,12995.0
2017-10-18,13043.0
2017-10-19,12990.1
2017-10-20,12991.2
2017-10-23,13003.1
2017-10-24,13013.1
2017-10-25,12953.4
2017-10-26,13133.2
2017-10-27,13217.5
2017-10-30,13229.5
2017-11-01,13465.5
2017-11-02,13440.9
2017-11-03,13478.8
2017-11-06,13468.7
2017-11-07,13379.2
2017-11-08,13382.4
2017-11-09,13182.5
2017-11-10,13127.4
2017-11-13,13074.4
2017-11-14,13033.4
2017-11-15,12976.3
2017-11-16,13047.2
2017-11-17,12993.7
2017-11-20,13058.6
2017-11-21,13167.5
2017-11-22,13015.0
2017-11-23,13008.5
2017-11-24,13059.8
2017-11-27,13000.2
2017-11-28,13059.5
2017-11-29,13061.8
2017-11-30,13023.9
2017-12-01,12861.4
2017-12-04,13058.5
2017-12-05,13048.5
2017-12-06,12998.8
2017-12-07,13045.1
2017-12-08,13153.7
2017-12-11,13123.6
2017-12-12,13183.5
2017-12-13,13125.6
2017-12-14,13068.0
2017-12-15,13103.5
2017-12-18,13312.3
2017-12-19,13215.7
2017-12-20,13069.1
2017-12-21,13109.7
2017-12-22,13072.7
2017-12-27,13070.0
2017-12-28,12979.9
2017-12-29,12917.6
2018-01-02,12871.3
2018-01-03,12978.2
2018-01-04,13167.8
2018-01-05,13319.6
2018-01-08,13367.7
2018-01-09,13385.5
2018-01-10,13281.3
2018-01-11,13202.9
2018-01-12,13245.0
2018-01-15,13200.5
2018-01-16,13246.3
2018-01-17,13183.9
2018-01-18,13281.4
2018-01-19,13434.4
2018-01-22,13463.6
2018-01-23,13559.6
2018-01-24,13414.7
2018-01-25,13298.3
2018-01-26,13340.1
2018-01-29,13324.4
2018-01-30,13197.7
2018-01-31,13189.4
2018-02-01,13003.9
2018-02-02,12785.1
2018-02-05,12687.4
2018-02-06,12392.6
2018-02-07,12590.4
2018-02-08,12260.2
2018-02-09,12107.4
2018-02-12,12282.7
2018-02-13,12196.5
2018-02-14,12339.1
2018-02-15,12346.1
2018-02-16,12451.9
2018-02-19,12385.6
2018-02-20,12487.9
2018-02-21,12470.4
2018-02-22,12461.9
2018-02-23,12483.7
2018-02-26,12527.0
2018-02-27,12490.7
2018-02-28,12435.8
2018-03-01,12190.9
2018-03-02,11913.7
2018-03-05,12090.8
2018-03-06,12113.8
2018-03-07,12245.3
2018-03-08,12355.5
2018-03-09,12346.6
2018-03-12,12418.3
2018-03-13,12221.0
2018-03-14,12237.7
2018-03-15,12345.5
2018-03-16,12389.5
2018-03-19,12217.0
2018-03-20,12307.3
2018-03-21,12309.1
2018-03-22,12100.0
2018-03-23,11886.3
2018-03-26,11787.2
2018-03-27,11970.8
2018-03-28,11940.7
2018-03-29,12096.7
2018-04-03,12002.4
2018-04-04,11957.9
2018-04-05,12305.1
2018-04-06,12241.2
2018-04-09,12261.7
2018-04-10,12397.3
2018-04-11,12293.9
2018-04-12,12415.0
2018-04-13,12442.4
2018-04-16,12391.4
2018-04-17,12585.5
2018-04-18,12590.8
2018-04-19,12567.4
2018-04-20,12540.5
2018-04-23,12572.3
2018-04-24,12550.8
2018-04-25,12422.3
2018-04-26,12500.4
2018-04-27,12580.8
2018-04-30,12612.1
2018-05-02,12802.2
2018-05-03,12690.1
2018-05-04,12819.6
2018-05-07,12948.1
2018-05-08,12912.2
2018-05-09,12943.0
2018-05-10,13022.8
2018-05-11,13001.2
2018-05-14,12977.7
2018-05-15,12970.0
2018-05-16,12996.3
2018-05-17,13114.6
2018-05-18,13077.7
2018-05-22,13169.9
2018-05-23,12976.8
2018-05-24,12855.0
2018-05-25,12938.0
2018-05-28,12863.4
2018-05-29,12666.5
2018-05-30,12783.7
2018-05-31,12604.8
2018-06-01,12724.2
2018-06-04,12770.7
2018-06-05,12787.1
2018-06-06,12830.0
2018-06-07,12811.0
2018-06-08,12766.5
2018-06-11,12842.9
2018-06-12,12842.3
2018-06-13,12890.5
2018-06-14,13107.1
2018-06-15,13010.5
2018-06-18,12834.1
2018-06-19,12677.9
2018-06-20,12695.1
2018-06-21,12511.9
2018-06-22,12579.7
2018-06-25,12270.3
2018-06-26,12234.3
2018-06-27,12348.6
2018-06-28,12177.2
2018-06-29,12306.0
2018-07-02,12238.1
2018-07-03,12349.1
2018-07-04,12317.6
2018-07-05,12464.2
2018-07-06,12496.1
2018-07-09,12543.8
2018-07-10,12609.8
2018-07-11,12417.1
2018-07-12,12492.9
2018-07-13,12540.7
2018-07-16,12561.0
2018-07-17,12661.5
2018-07-18,12765.9
2018-07-19,12686.2
2018-07-20,12561.4
2018-07-23,12548.5
2018-07-24,12689.3
2018-07-25,12579.3
2018-07-26,12809.2
2018-07-27,12860.4
2018-07-30,12798.2
2018-07-31,12805.5
2018-08-01,12737.0
2018-08-02,12546.3
2018-08-03,12615.7
2018-08-06,12598.2
2018-08-07,12648.1
2018-08-08,12633.5
2018-08-09,12676.1
2018-08-10,12424.3
2018-08-13,12358.7
2018-08-14,12358.8
2018-08-15,12163.0
2018-08-16,12237.1
2018-08-17,12210.5
2018-08-20,12331.3
2018-08-21,12384.4
2018-08-22,12385.7
2018-08-23,12365.5
2018-08-24,12394.5
2018-08-27,12538.3
2018-08-28,12527.4
2018-08-29,12561.6
2018-08-30,12494.2
2018-08-31,12364.0
2018-09-03,12346.4
2018-09-04,12210.2
2018-09-05,12040.4
2018-09-06,11955.2
2018-09-07,11959.6
2018-09-10,11986.3
2018-09-11,11970.2
2018-09-12,12032.3
2018-09-13,12055.5
2018-09-14,12124.3
2018-09-17,12096.4
2018-09-18,12157.6
2018-09-19,12219.0
2018-09-20,12326.4
2018-09-21,12430.8
2018-09-24,12350.8
2018-09-25,12374.6
2018-09-26,12385.8
2018-09-27,12435.5
2018-09-28,12246.7
2018-10-01,12339.0
2018-10-02,12287.5
2018-10-04,12244.1
2018-10-05,12111.9
2018-10-08,11947.1
2018-10-09,11977.2
2018-10-10,11712.5
2018-10-11,11539.3
2018-10-12,11523.8
2018-10-15,11614.1
2018-10-16,11776.5
2018-10-17,11715.0
2018-10-18,11589.2
2018-10-19,11553.8
2018-10-22,11524.3
2018-10-23,11274.2
2018-10-24,11191.6
2018-10-25,11307.1
2018-10-26,11200.6
2018-10-29,11335.4
2018-10-30,11287.3
2018-10-31,11447.5
2018-11-01,11468.5
2018-11-02,11518.9
2018-11-05,11494.9
2018-11-06,11484.3
2018-11-07,11579.1
2018-11-08,11527.3
2018-11-09,11529.1
2018-11-12,11325.4
2018-11-13,11472.2
2018-11-14,11412.5
2018-11-15,11353.6
2018-11-16,11341.0
2018-11-19,11244.5
2018-11-20,11066.4
2018-11-21,11244.1
2018-11-22,11138.4
2018-11-23,11192.6
2018-11-26,11354.7
2018-11-27,11309.1
2018-11-28,11298.8
2018-11-29,11298.2
2018-11-30,11257.2
2018-12-03,11465.4
2018-12-04,11335.3
2018-12-05,11200.2
2018-12-06,10810.9
2018-12-07,10788.0
2018-12-10,10622.0
2018-12-11,10780.5
2018-12-12,10929.4
2018-12-13,10924.7
2018-12-14,10865.7
2018-12-17,10772.2
2018-12-18,10740.8
2018-12-19,10766.2
2018-12-20,10611.1
2018-12-21,10633.8
2018-12-27,10381.5
2018-12-28,10558.9
2019-01-02,10580.1
2019-01-03,10416.6
2019-01-04,10767.6
2019-01-07,10747.8
2019-01-08,10803.9
2019-01-09,10893.3
2019-01-10,10921.5
2019-01-11,10887.4
2019-01-14,10855.9
2019-01-15,10891.7
2019-01-16,10931.2
2019-01-17,10918.6
2019-01-18,11205.5
2019-01-21,11136.2
2019-01-22,11090.1
2019-01-23,11071.5
2019-01-24,11130.1
2019-01-25,11281.7
2019-01-28,11210.3
2019-01-29,11218.8
2019-01-30,11181.6
2019-01-31,11173.1
2019-02-01,11180.6
2019-02-04,11176.5
2019-02-05,11367.9
2019-02-06,11324.7
2019-02-07,11022.0
2019-02-08,10906.7
2019-02-11,11014.5
2019-02-12,11126.0
2019-02-13,11167.2
2019-02-14,11089.7
2019-02-15,11299.8
2019-02-18,11299.2
2019-02-19,11309.2
2019-02-20,11401.9
2019-02-21,11423.2
2019-02-22,11457.7
2019-02-25,11505.3
2019-02-26,11540.7
2019-02-27,11487.3
2019-02-28,11515.6
2019-03-01,11601.6
2019-03-04,11592.6
2019-03-05,11620.7
2019-03-06,11587.6
2019-03-07,11517.8
2019-03-08,11457.8
2019-03-11,11543.4
2019-03-12,11524.1
2019-03-13,11572.4
2019-03-14,11587.4
2019-03-15,11685.6
2019-03-18,11657.0
2019-03-19,11788.4
2019-03-20,11603.8
2019-03-21,11549.9
2019-03-22,11364.1
2019-03-25,11346.6
2019-03-26,11419.4
2019-03-27,11419.0
2019-03-28,11428.1
2019-03-29,11526.0
2019-04-01,11681.9
2019-04-02,11754.7
2019-04-03,11954.4
2019-04-04,11988.0
2019-04-05,12009.7
2019-04-08,11963.4
2019-04-09,11850.5
2019-04-10,11905.9
2019-04-11,11935.2
2019-04-12,11999.9
2019-04-15,12020.2
2019-04-16,12101.3
2019-04-17,12153.0
2019-04-18,12222.3
2019-04-23,12235.5
2019-04-24,12313.1
2019-04-25,12282.6
2019-04-26,12315.1
2019-04-29,12328.0
2019-04-30,12344.0
2019-05-02,12345.4
2019-05-03,12412.7
2019-05-06,12286.8
2019-05-07,12092.7
2019-05-08,12179.9
2019-05-09,11973.9
2019-05-10,12059.8
2019-05-13,11876.6
2019-05-14,11991.6
2019-05-15,12099.5
2019-05-16,12310.3
2019-05-17,12238.9
2019-05-20,12041.2
2019-05-21,12143.4
2019-05-22,12168.7
2019-05-23,11952.4
2019-05-24,12011.0
2019-05-27,12071.1
2019-05-28,12027.0
2019-05-29,11837.8
2019-05-30,11902.0
2019-05-31,11726.8
2019-06-03,11792.8
2019-06-04,11971.1
2019-06-05,11980.8
2019-06-06,11953.1
2019-06-07,12045.3
2019-06-11,12155.8
2019-06-12,12115.6
2019-06-13,12169.0
2019-06-14,12096.4
2019-06-17,12085.8
2019-06-18,12331.7
2019-06-19,12308.5
2019-06-20,12355.3
2019-06-21,12339.9
2019-06-24,12274.5
2019-06-25,12228.4
2019-06-26,12245.3
2019-06-27,12271.0
2019-06-28,12398.8
2019-07-01,12521.3
2019-07-02,12526.7
2019-07-03,12616.2
2019-07-04,12629.9
2019-07-05,12568.5
2019-07-08,12543.5
2019-07-09,12436.5
2019-07-10,12373.4
2019-07-11,12332.1
2019-07-12,12323.3
2019-07-15,12387.3
2019-07-16,12430.9
2019-07-17,12341.0
2019-07-18,12227.8
2019-07-19,12260.0
2019-07-22,12289.4
2019-07-23,12490.7
2019-07-24,12522.8
2019-07-25,12362.1
2019-07-26,12419.9
2019-07-29,12417.4
2019-07-30,12147.2
2019-07-31,12189.0
2019-08-01,12253.1
2019-08-02,11872.4
2019-08-05,11658.5
2019-08-06,11567.9
2019-08-07,11650.1
2019-08-08,11845.4
2019-08-09,11693.8
2019-08-12,11679.6
2019-08-13,11750.1
2019-08-14,11492.6
2019-08-15,11412.6
2019-08-16,11562.7
2019-08-19,11715.3
2019-08-20,11651.1
2019-08-21,11802.8
2019-08-22,11747.0
2019-08-23,11611.5
2019-08-26,11658.0
2019-08-27,11730.0
2019-08-28,11701.0
2019-08-29,11838.8
2019-08-30,11939.2
2019-09-02,11953.7
2019-09-03,11910.8
2019-09-04,12025.0
2019-09-05,12126.7
2019-09-06,12191.7
2019-09-09,12226.1
2019-09-10,12268.7
2019-09-11,12359.0
2019-09-12,12410.2
2019-09-13,12468.5
2019-09-16,12380.3
2019-09-17,12372.6
2019-09-18,12389.6
2019-09-19,12457.7
2019-09-20,12468.0
2019-09-23,12342.3
2019-09-24,12307.1
2019-09-25,12234.1
2019-09-26,12288.5
2019-09-27,12380.9
2019-09-30,12428.0
2019-10-01,12263.8
2019-10-02,11925.2
2019-10-04,12012.8
2019-10-07,12097.4
2019-10-08,11970.2
2019-10-09,12094.2
2019-10-10,12164.2
2019-10-11,12511.6
2019-10-14,12486.5
2019-10-15,12629.7
2019-10-16,12670.1
2019-10-17,12654.9
2019-10-18,12633.6
2019-10-21,12747.9
2019-10-22,12754.6
2019-10-23,12798.1
2019-10-24,12872.1
2019-10-25,12894.5
2019-10-28,12941.7
2019-10-29,12939.6
2019-10-30,12910.2
2019-10-31,12866.7
2019-11-01,12961.0
2019-11-04,13136.2
2019-11-05,13148.5
2019-11-06,13179.8
2019-11-07,13289.4
2019-11-08,13228.5
2019-11-11,13198.3
2019-11-12,13283.5
2019-11-13,13230.0
2019-11-14,13180.2
2019-11-15,13241.7
2019-11-18,13207.0
2019-11-19,13221.1
2019-11-20,13158.1
2019-11-21,13137.7
2019-11-22,13163.8
2019-11-25,13246.4
2019-11-26,13236.4
2019-11-27,13287.0
2019-11-28,13245.5
2019-11-29,13236.3
2019-12-02,12964.6
2019-12-03,12989.2
2019-12-04,13140.5
2019-12-05,13054.8
2019-12-06,13166.5
2019-12-09,13105.6
2019-12-10,13070.7
2019-12-11,13146.7
2019-12-12,13221.6
2019-12-13,13282.7
2019-12-16,13407.6
2019-12-17,13287.8
2019-12-18,13222.1
2019-12-19,13211.9
2019-12-20,13318.9
2019-12-23,13300.9
2019-12-27,13337.1
2019-12-30,13249.0
2020-01-02,13385.9
2020-01-03,13219.1
2020-01-06,13126.9
2020-01-07,13226.8
2020-01-08,13320.1
2020-01-09,13495.0
2020-01-10,13483.3
2020-01-13,13451.5
2020-01-14,13456.4
2020-01-15,13432.3
2020-01-16,13429.4
2020-01-17,13526.1
2020-01-20,13548.9
2020-01-21,13555.8
2020-01-22,13515.7
2020-01-23,13388.4
2020-01-24,13576.6
2020-01-27,13204.7
2020-01-28,13323.6
2020-01-29,13345.0
2020-01-30,13157.1
2020-01-31,12981.9
2020-02-03,13045.1
2020-02-04,13281.7
2020-02-05,13478.3
2020-02-06,13574.8
2020-02-07,13513.8
2020-02-10,13494.0
2020-02-11,13627.8
2020-02-12,13749.7
2020-02-13,13745.4
2020-02-14,13744.2
2020-02-17,13783.8
2020-02-18,13681.1
2020-02-19,13789.0
2020-02-20,13664.0
2020-02-21,13579.3
2020-02-24,13035.2
2020-02-25,12790.4
2020-02-26,12774.8
2020-02-27,12367.4
2020-02-28,11890.3
2020-03-02,11857.8
2020-03-03,11985.3
2020-03-04,12127.6
2020-03-05,11944.7
2020-03-06,11541.8
2020-03-09,10625.0
2020-03-10,10475.4
2020-03-11,10438.6
2020-03-12,9161.13
2020-03-13,9232.08
2020-03-16,8742.25
2020-03-17,8939.1
2020-03-18,8441.71
2020-03-19,8610.43
2020-03-20,8928.95
2020-03-23,8741.15
2020-03-24,9700.57
2020-03-25,9874.26
2020-03-26,10000.9
2020-03-27,9632.52
2020-03-30,9815.97
2020-03-31,9935.84
2020-04-01,9544.75
2020-04-02,9570.82
2020-04-03,9525.77
2020-04-06,10075.1
2020-04-07,10356.7
2020-04-08,10332.8
2020-04-09,10564.7
2020-04-14,10696.5
2020-04-15,10279.7
2020-04-16,10301.5
2020-04-17,10625.7
2020-04-20,10675.9
2020-04-21,10249.8
2020-04-22,10415.0
2020-04-23,10513.7
2020-04-24,10336.0
2020-04-27,10659.9
2020-04-28,10795.6
2020-04-29,11107.7
2020-04-30,10861.6
2020-05-04,10466.8
2020-05-05,10729.4
2020-05-06,10606.2
2020-05-07,10759.2
2020-05-08,10904.4
2020-05-11,10824.9
2020-05-12,10819.5
2020-05-13,10542.6
2020-05-14,10337.0
2020-05-15,10465.1
2020-05-18,11058.8
2020-05-19,11075.2
2020-05-20,11223.7
2020-05-21,11065.9
2020-05-22,11073.8
2020-05-25,11391.2
2020-05-26,11504.6
2020-05-27,11657.6
2020-05-28,11781.1
2020-05-29,11586.8
2020-06-02,12021.2
2020-06-03,12487.3
2020-06-04,12430.5
2020-06-05,12847.6
2020-06-08,12819.5
2020-06-09,12617.9
2020-06-10,12530.1
2020-06-11,11970.2
2020-06-12,11949.2
2020-06-15,11911.3
2020-06-16,12315.6
2020-06-17,12382.1
2020-06-18,12281.5
2020-06-19,12330.7
2020-06-22,12262.9
2020-06-23,12523.7
2020-06-24,12093.9
2020-06-25,12177.8
2020-06-26,12089.3
2020-06-29,12232.1
2020-06-30,12310.9
2020-07-01,12260.5
2020-07-02,12608.4
2020-07-03,12528.1
2020-07-06,12733.4
2020-07-07,12616.8
2020-07-08,12494.8
2020-07-09,12489.4
2020-07-10,12633.7
2020-07-13,12799.9
2020-07-14,12697.3
2020-07-15,12930.9
2020-07-16,12874.9
2020-07-17,12919.6
2020-07-20,13046.9
2020-07-21,13171.8
2020-07-22,13104.2
2020-07-23,13103.3
2020-07-24,12838.0
2020-07-27,12838.6
2020-07-28,12835.2
2020-07-29,12822.2
2020-07-30,12379.6
2020-07-31,12313.3
2020-08-03,12646.9
2020-08-04,12600.8
2020-08-05,12660.2
2020-08-06,12591.6
2020-08-07,12674.8
2020-08-10,12687.5
2020-08-11,12946.8
2020-08-12,13058.6
2020-08-13,12993.7
2020-08-14,12901.3
2020-08-17,12920.6
2020-08-18,12881.7
2020-08-19,12977.3
2020-08-20,12830.0
2020-08-21,12764.8
2020-08-24,13066.5
2020-08-25,13061.6
2020-08-26,13190.1
2020-08-27,13096.3
2020-08-28,13033.2
2020-08-31,12945.3
2020-09-01,12974.2
2020-09-02,13243.4
2020-09-03,13057.7
2020-09-04,12842.6
2020-09-07,13100.2
2020-09-08,12968.3
2020-09-09,13237.2
2020-09-10,13208.8
2020-09-11,13202.8
2020-09-14,13193.6
2020-09-15,13217.6
2020-09-16,13255.3
2020-09-17,13208.1
2020-09-18,13116.2
2020-09-21,12542.4
2020-09-22,12594.3
2020-09-23,12642.9
2020-09-24,12606.5
2020-09-25,12469.2
2020-09-28,12870.8
2020-09-29,12825.8
2020-09-30,12760.7
2020-10-01,12730.7
2020-10-02,12689.0
2020-10-05,12828.3
2020-10-06,12906.0
2020-10-07,12928.5
2020-10-08,13042.2
2020-10-09,13051.2
2020-10-12,13138.4
2020-10-13,13018.9
2020-10-14,13028.0
2020-10-15,12703.7
2020-10-16,12908.9
2020-10-19,12854.6
2020-10-20,12736.9
2020-10-21,12557.6
2020-10-22,12543.0
2020-10-23,12645.7
2020-10-26,12177.1
2020-10-27,12063.5
2020-10-28,11560.5
2020-10-29,11598.0
2020-10-30,11556.4
2020-11-02,11788.2
2020-11-03,12088.9
2020-11-04,12324.2
2020-11-05,12568.0
2020-11-06,12480.0
2020-11-09,13095.9
2020-11-10,13163.1
2020-11-11,13216.1
2020-11-12,13052.9
2020-11-13,13076.7
2020-11-16,13138.6
2020-11-17,13133.4
2020-11-18,13201.8
2020-11-19,13086.1
2020-11-20,13137.2
2020-11-23,13126.9
2020-11-24,13292.4
2020-11-25,13289.8
2020-11-26,13286.5
2020-11-27,13335.6
2020-11-30,13291.1
2020-12-01,13382.3
2020-12-02,13313.2
2020-12-03,13252.8
2020-12-04,13298.9
2020-12-07,13271.0
2020-12-08,13278.4
2020-12-09,13340.2
2020-12-10,13295.7
2020-12-11,13114.3
2020-12-14,13223.1
2020-12-15,13362.8
2020-12-16,13565.9
2020-12-17,13667.2
2020-12-18,13630.5
2020-12-21,13246.3
2020-12-22,13418.1
2020-12-23,13587.2
2020-12-28,13790.2
2020-12-29,13761.3
2020-12-30,13718.7
2021-01-04,13726.7
2021-01-05,13651.2
2021-01-06,13891.9
2021-01-07,13968.2
2021-01-08,14049.5
2021-01-11,13936.6
2021-01-12,13925.0
2021-01-13,13939.7
2021-01-14,13988.7
2021-01-15,13787.7
2021-01-18,13848.3
2021-01-19,13815.0
2021-01-20,13921.3
2021-01-21,13906.6
2021-01-22,13873.9
2021-01-25,13643.9
2021-01-26,13870.9
2021-01-27,13620.4
2021-01-28,13665.9
2021-01-29,13432.8
2021-02-01,13622.0
2021-02-02,13835.1
2021-02-03,13933.6
2021-02-04,14060.2
2021-02-05,14056.7
2021-02-08,14059.9
2021-02-09,14011.8
2021-02-10,13932.9
2021-02-11,14040.9
2021-02-12,14049.8
2021-02-15,14109.4
2021-02-16,14064.6
2021-02-17,13909.2
2021-02-18,13886.9
2021-02-19,13993.2
2021-02-22,13950.0
2021-02-23,13864.8
2021-02-24,13976.0
2021-02-25,13879.3
2021-02-26,13786.2
2021-03-01,14012.8
2021-03-02,14039.8
2021-03-03,14080.0
2021-03-04,14056.3
2021-03-05,13920.6
2021-03-08,14380.9
2021-03-09,14437.9
2021-03-10,14540.2
2021-03-11,14569.3
2021-03-12,14502.3
2021-03-15,14461.4
2021-03-16,14557.5
2021-03-17,14596.6
2021-03-18,14775.5
2021-03-19,14621.0
2021-03-22,14657.2
2021-03-23,14662.0
2021-03-24,14610.3
2021-03-25,14621.3
2021-03-26,14748.9
2021-03-29,14817.7
2021-03-30,15008.6
2021-03-31,15008.3
2021-04-01,15107.1
2021-04-06,15212.6
2021-04-07,15176.3
2021-04-08,15202.6
2021-04-09,15234.1
2021-04-12,15215.0
2021-04-13,15234.3
2021-04-14,15209.1
2021-04-15,15255.3
2021-04-16,15459.7
2021-04-19,15368.3
2021-04-20,15129.5
2021-04-21,15195.9
2021-04-22,15320.5
2021-04-23,15279.6
2021-04-26,15296.3
2021-04-27,15249.2
2021-04-28,15292.1
2021-04-29,15154.2
2021-04-30,15135.9
2021-05-03,15236.4
2021-05-04,14856.4
2021-05-05,15170.7
2021-05-06,15196.7
2021-05-07,15399.6
2021-05-10,15400.4
2021-05-11,15119.7
2021-05-12,15150.2
2021-05-13,15199.6
2021-05-14,15416.6
2021-05-17,15396.6
2021-05-18,15386.5
2021-05-19,15113.5
2021-05-20,15370.2
2021-05-21,15437.5
2021-05-25,15465.0
2021-05-26,15450.7
2021-05-27,15406.7
2021-05-28,15519.9
2021-05-31,15421.1
2021-06-01,15567.3
2021-06-02,15602.7
2021-06-03,15632.6
2021-06-04,15692.9
2021-06-07,15677.1
2021-06-08,15640.6
2021-06-09,15581.1
2021-06-10,15571.2
2021-06-11,15693.2
2021-06-14,15673.6
2021-06-15,15729.5
2021-06-16,15710.5
2021-06-17,15727.6
2021-06-18,15448.0
2021-06-21,15603.2
2021-06-22,15636.3
2021-06-23,15456.3
2021-06-24,15589.2
2021-06-25,15607.9
2021-06-28,15554.1
2021-06-29,15690.5
2021-06-30,15531.0
2021-07-01,15603.8
2021-07-02,15650.0
2021-07-05,15661.9
2021-07-06,15511.3
2021-07-07,15692.7
2021-07-08,15420.6
2021-07-09,15687.9
2021-07-12,15790.5
2021-07-13,15789.6
2021-07-14,15788.9
2021-07-15,15629.6
2021-07-16,15540.3
2021-07-19,15133.2
2021-07-20,15216.2
2021-07-21,15422.5
2021-07-22,15514.5
2021-07-23,15669.2
2021-07-26,15618.9
2021-07-27,15519.1
2021-07-28,15570.3
2021-07-29,15640.4
2021-07-30,15544.3
2021-08-02,15568.7
2021-08-03,15555.0
2021-08-04,15692.1
2021-08-05,15744.6
2021-08-06,15761.4
2021-08-09,15745.4
2021-08-10,15770.7
2021-08-11,15826.0
2021-08-12,15937.5
2021-08-13,15977.4
2021-08-16,15925.7
2021-08-17,15921.9
2021-08-18,15965.9
2021-08-19,15765.8
2021-08-20,15808.0
2021-08-23,15852.7
2021-08-24,15905.8
2021-08-25,15860.6
2021-08-26,15793.6
2021-08-27,15851.7
2021-08-30,15887.3
2021-08-31,15835.0
2021-09-01,15824.2
2021-09-02,15840.5
2021-09-03,15781.2
2021-09-06,15932.1
2021-09-07,15843.0
2021-09-08,15610.2
2021-09-09,15623.1
2021-09-10,15609.8
2021-09-13,15701.4
2021-09-14,15722.9
2021-09-15,15616.0
2021-09-16,15651.7
2021-09-17,15490.1
2021-09-20,15132.0
2021-09-21,15348.5
2021-09-22,15506.7
2021-09-23,15643.9
2021-09-24,15531.7
2021-09-27,15573.8
2021-09-28,15248.5
2021-09-29,15365.2
2021-09-30,15260.6
2021-10-01,15156.4
2021-10-04,15036.5
2021-10-05,15194.4
2021-10-06,14973.3
2021-10-07,15250.8
2021-10-08,15206.1
2021-10-11,15199.1
2021-10-12,15146.8
2021-10-13,15249.3
2021-10-14,15462.7
2021-10-15,15587.3
2021-10-18,15474.4
2021-10-19,15515.8
2021-10-20,15522.9
2021-10-21,15472.5
2021-10-22,15542.9
2021-10-25,15599.2
2021-10-26,15757.0
2021-10-27,15705.8
2021-10-28,15696.3
2021-10-29,15688.7
2021-11-01,15806.2
2021-11-02,15954.4
2021-11-03,15959.9
2021-11-04,16029.6
2021-11-05,16054.3
2021-11-08,16046.5
2021-11-09,16040.4
2021-11-10,16067.8
2021-11-11,16083.1
2021-11-12,16094.0
2021-11-15,16148.6
2021-11-16,16247.8
2021-11-17,16251.1
2021-11-18,16221.7
2021-11-19,16159.9
2021-11-22,16115.6
2021-11-23,15937.0
2021-11-24,15878.3
2021-11-25,15917.9
2021-11-26,15257.0
2021-11-29,15280.8
2021-11-30,15100.1
2021-12-01,15472.6
2021-12-02,15263.1
2021-12-03,15169.9
2021-12-06,15380.7
2021-12-07,15813.9
2021-12-08,15687.0
2021-12-09,15639.2
2021-12-10,15623.3
2021-12-13,15621.7
2021-12-14,15453.5
2021-12-15,15476.3
2021-12-16,15636.4
2021-12-17,15531.6
2021-12-20,15239.6
2021-12-21,15447.4
2021-12-22,15593.4
2021-12-23,15756.3
2021-12-27,15835.2
2021-12-28,15963.7
2021-12-29,15852.2
2021-12-30,15884.8
2022-01-03,16020.7
2022-01-04,16152.6
2022-01-05,16271.7
2022-01-06,16052.0
2022-01-07,15947.7
2022-01-10,15768.2
2022-01-11,15941.8
2022-01-12,16010.3
2022-01-13,16031.5
2022-01-14,15883.2
2022-01-17,15933.7
2022-01-18,15772.5
2022-01-19,15809.7
2022-01-20,15912.3
2022-01-21,15603.8
2022-01-24,15011.1
2022-01-25,15123.8
2022-01-26,15459.3
2022-01-27,15524.2
2022-01-28,15318.9
2022-01-31,15471.2
2022-02-01,15619.3
2022-02-02,15613.7
2022-02-03,15368.4
2022-02-04,15099.5
2022-02-07,15206.6
2022-02-08,15242.3
2022-02-09,15482.0
2022-02-10,15490.4
2022-02-11,15425.1
2022-02-14,15113.9
2022-02-15,15412.7
2022-02-16,15370.3
2022-02-17,15267.6
2022-02-18,15042.5
2022-02-21,14731.1
2022-02-22,14693.0
2022-02-23,14631.3
2022-02-24,14052.1
2022-02-25,14567.2
2022-02-28,14461.0
2022-03-01,13904.8
2022-03-02,14000.1
2022-03-03,13698.4
2022-03-04,13094.5
2022-03-07,12834.6
2022-03-08,12831.5
2022-03-09,13847.9
2022-03-10,13442.1
2022-03-11,13628.1
2022-03-14,13929.1
2022-03-15,13917.2
2022-03-16,14440.7
2022-03-17,14388.0
2022-03-18,14413.0
2022-03-21,14326.9
2022-03-22,14473.2
2022-03-23,14283.6
2022-03-24,14273.7
2022-03-25,14305.7
2022-03-28,14417.3
2022-03-29,14820.3
2022-03-30,14606.0
2022-03-31,14414.7
2022-04-01,14446.4
2022-04-04,14518.1
2022-04-05,14424.3
2022-04-06,14151.6
2022-04-07,14078.1
2022-04-08,14283.6
2022-04-11,14192.7
2022-04-12,14124.9
2022-04-13,14076.4
2022-04-14,14163.8
2022-04-19,14153.4
2022-04-20,14362.0
2022-04-21,14502.4
2022-04-22,14142.0
2022-04-25,13924.1
2022-04-26,13756.4
2022-04-27,13793.9
2022-04-28,13979.8
2022-04-29,14097.8
2022-05-02,13939.0
2022-05-03,14039.4
2022-05-04,13970.8
2022-05-05,13902.5
2022-05-06,13674.2
2022-05-09,13380.6
2022-05-10,13534.7
2022-05-11,13828.6
2022-05-12,13739.6
2022-05-13,14027.9
2022-05-16,13964.3
2022-05-17,14185.9
2022-05-18,14007.7
2022-05-19,13882.3
2022-05-20,13981.9
2022-05-23,14175.4
2022-05-24,13919.7
2022-05-25,14007.9
2022-05-26,14231.2
2022-05-27,14462.1
2022-05-30,14575.9
2022-05-31,14388.3
2022-06-01,14340.4
2022-06-02,14485.1
2022-06-03,14460.0
2022-06-06,14653.8
2022-06-07,14556.6
2022-06-08,14445.9
2022-06-09,14198.8
2022-06-10,13761.8
2022-06-13,13427.0
2022-06-14,13304.3
2022-06-15,13485.2
2022-06-16,13038.4
2022-06-17,13126.2
2022-06-20,13265.6
2022-06-21,13292.4
2022-06-22,13144.2
2022-06-23,12912.5
2022-06-24,13118.1
2022-06-27,13186.0
2022-06-28,13231.8
2022-06-29,13003.3
2022-06-30,12783.7
2022-07-01,12813.0
2022-07-04,12773.3
2022-07-05,12401.2
2022-07-06,12594.5
2022-07-07,12843.2
2022-07-08,13015.2
2022-07-11,12832.4
2022-07-12,12905.4
2022-07-13,12756.3
2022-07-14,12519.6
2022-07-15,12864.7
2022-07-18,12959.8
2022-07-19,13308.4
2022-07-20,13281.9
2022-07-21,13246.6
2022-07-22,13253.6
2022-07-25,13210.3
2022-07-26,13096.9
2022-07-27,13166.3
2022-07-28,13282.1
2022-07-29,13484.0
2022-08-01,13479.6
2022-08-02,13449.2
2022-08-03,13587.5
2022-08-04,13662.6
2022-08-05,13573.9
2022-08-08,13687.6
2022-08-09,13534.9
2022-08-10,13700.9
2022-08-11,13694.5
2022-08-12,13795.8
2022-08-15,13816.6
2022-08-16,13910.1
2022-08-17,13626.7
2022-08-18,13697.4
2022-08-19,13544.5
2022-08-22,13230.5
2022-08-23,13194.2
2022-08-24,13220.0
2022-08-25,13271.9
2022-08-26,12971.4
2022-08-29,12892.9
2022-08-30,12961.1
2022-08-31,12834.9
2022-09-01,12630.2
2022-09-02,13050.2
2022-09-05,12760.7
2022-09-06,12871.4
2022-09-07,12915.9
2022-09-08,12904.3
2022-09-09,13088.2
2022-09-12,13402.2
2022-09-13,13188.9
2022-09-14,13028.0
2022-09-15,12956.6
2022-09-16,12741.2
2022-09-19,12803.2
2022-09-20,12670.8
2022-09-21,12767.1
2022-09-22,12531.6
2022-09-23,12284.1
2022-09-26,12227.9
2022-09-27,12139.6
2022-09-28,12183.2
2022-09-29,11975.5
2022-09-30,12114.3
2022-10-03,12209.4
2022-10-04,12670.4
2022-10-05,12517.1
2022-10-06,12470.7
2022-10-07,12273.0
2022-10-10,12272.9
2022-10-11,12220.2
2022-10-12,12172.2
2022-10-13,12355.5
2022-10-14,12437.8
2022-10-17,12649.0
2022-10-18,12765.6
2022-10-19,12741.4
2022-10-20,12767.4
2022-10-21,12730.9
2022-10-24,12931.4
2022-10-25,13052.9
2022-10-26,13195.8
2022-10-27,13211.2
2022-10-28,13243.3
2022-10-31,13253.7
2022-11-01,13338.7
2022-11-02,13256.7
2022-11-03,13130.1
2022-11-04,13459.8
2022-11-07,13533.5
2022-11-08,13688.7
2022-11-09,13666.3
2022-11-10,14146.0
2022-11-11,14224.8
2022-11-14,14313.3
2022-11-15,14378.5
2022-11-16,14234.0
2022-11-17,14266.3
2022-11-18,14431.8
2022-11-21,14379.9
2022-11-22,14422.3
2022-11-23,14427.5
2022-11-24,14539.5
2022-11-25,14541.3
2022-11-28,14383.3
2022-11-29,14355.4
2022-11-30,14397.0
2022-12-01,14490.3
2022-12-02,14529.3
2022-12-05,14447.6
2022-12-06,14343.1
2022-12-07,14261.1
2022-12-08,14264.5
2022-12-09,14370.7
2022-12-12,14306.6
2022-12-13,14497.8
2022-12-14,14460.2
2022-12-15,13986.2
2022-12-16,13893.0
2022-12-19,13942.8
2022-12-20,13884.6
2022-12-21,14097.8
2022-12-22,13914.0
2022-12-23,13940.9
2022-12-27,13995.1
2022-12-28,13925.6
2022-12-29,14071.7
2022-12-30,13923.5
2023-01-02,14069.2
2023-01-03,14181.6
2023-01-04,14490.7
2023-01-05,14436.3
2023-01-06,14610.0
2023-01-09,14792.8
2023-01-10,14774.6
2023-01-11,14947.9
2023-01-12,15058.3
2023-01-13,15086.5
2023-01-16,15134.0
2023-01-17,15187.0
2023-01-18,15181.8
2023-01-19,14920.3
2023-01-20,15033.5
2023-01-23,15102.9
2023-01-24,15093.1
2023-01-25,15081.6
2023-01-26,15132.8
2023-01-27,15150.0
2023-01-30,15126.0
2023-01-31,15128.2
2023-02-01,15180.7
2023-02-02,15509.1
2023-02-03,15476.4
2023-02-06,15345.9
2023-02-07,15320.8
2023-02-08,15412.0
2023-02-09,15523.4
2023-02-10,15307.9
2023-02-13,15397.3
2023-02-14,15380.5
2023-02-15,15506.3
2023-02-16,15533.6
2023-02-17,15482.0
2023-02-20,15477.5
2023-02-21,15397.6
2023-02-22,15399.8
2023-02-23,15475.6
2023-02-24,15209.7
2023-02-27,15381.4
2023-02-28,15365.1
2023-03-01,15305.0
2023-03-02,15327.6
2023-03-03,15578.3
2023-03-06,15653.5
2023-03-07,15559.5
2023-03-08,15631.8
2023-03-09,15633.2
2023-03-10,15427.9
2023-03-13,14959.4
2023-03-14,15232.8
2023-03-15,14735.2
2023-03-16,14967.1
2023-03-17,14768.2
2023-03-20,14933.3
2023-03-21,15195.3
2023-03-22,15216.1
2023-03-23,15210.3
2023-03-24,14957.2
2023-03-27,15127.6
2023-03-28,15142.0
2023-03-29,15328.7
2023-03-30,15522.4
2023-03-31,15628.8
2023-04-03,15580.9
2023-04-04,15603.4
2023-04-05,15520.1
2023-04-06,15597.8
2023-04-11,15655.1
2023-04-12,15703.6
2023-04-13,15729.4
2023-04-14,15807.5
2023-04-17,15789.5
2023-04-18,15882.6
2023-04-19,15895.2
2023-04-20,15795.9
2023-04-21,15881.6
2023-04-24,15863.9
2023-04-25,15872.1
2023-04-26,15795.7
2023-04-27,15800.4
2023-04-28,15922.3
2023-05-02,15726.9
2023-05-03,15815.0
2023-05-04,15734.2
2023-05-05,15961.0
2023-05-08,15952.8
2023-05-09,15955.4
2023-05-10,15896.2
2023-05-11,15834.9
2023-05-12,15913.8
2023-05-15,15917.2
2023-05-16,15897.9
2023-05-17,15951.3
2023-05-18,16163.3
2023-05-19,16275.3
2023-05-22,16223.9
2023-05-23,16152.8
2023-05-24,15842.1
2023-05-25,15793.8
2023-05-26,15983.9
2023-05-29,15952.7
2023-05-30,15908.9
2023-05-31,15664.0
2023-06-01,15853.6
2023-06-02,16051.2
2023-06-05,15963.8
2023-06-06,15992.4
2023-06-07,15960.5
2023-06-08,15989.9
2023-06-09,15949.8
2023-06-12,16097.8
2023-06-13,16230.6
2023-06-14,16310.7
2023-06-15,16290.1
2023-06-16,16357.6
2023-06-19,16201.2
2023-06-20,16111.3
2023-06-21,16023.1
2023-06-22,15988.1
2023-06-23,15829.9
2023-06-26,15813.0
2023-06-27,15846.8
2023-06-28,15949.0
2023-06-29,15946.7
2023-06-30,16147.9
2023-07-03,16081.0
2023-07-04,16039.1
2023-07-05,15937.5
2023-07-06,15528.5
2023-07-07,15603.4
2023-07-10,15673.1
2023-07-11,15790.3
2023-07-12,16023.0
2023-07-13,16141.0
2023-07-14,16105.0
2023-07-17,16068.6
2023-07-18,16125.4
2023-07-19,16108.9
2023-07-20,16204.2
2023-07-21,16177.2
2023-07-24,16190.9
2023-07-25,16211.5
2023-07-26,16131.4
2023-07-27,16406.0
2023-07-28,16469.7
2023-07-31,16446.8
2023-08-01,16240.4
2023-08-02,16020.0
2023-08-03,15893.3
2023-08-04,15951.8
2023-08-07,15950.7
2023-08-08,15774.9
2023-08-09,15852.5
2023-08-10,15996.5
2023-08-11,15832.1
2023-08-14,15904.2
2023-08-15,15767.2
2023-08-16,15789.4
2023-08-17,15676.9
2023-08-18,15574.2
2023-08-21,15603.2
2023-08-22,15705.6
2023-08-23,15728.4
2023-08-24,15621.4
2023-08-25,15631.8
2023-08-28,15792.6
2023-08-29,15930.8
2023-08-30,15891.9
2023-08-31,15947.0
2023-09-01,15840.3
2023-09-04,15824.8
2023-09-05,15771.7
2023-09-06,15741.3
2023-09-07,15718.6
2023-09-08,15740.3
2023-09-11,15800.9
2023-09-12,15715.5
2023-09-13,15654.0
2023-09-14,15805.2
2023-09-15,15893.5
2023-09-18,15727.1
2023-09-19,15664.4
2023-09-20,15781.5
2023-09-21,15571.8
2023-09-22,15557.2
2023-09-25,15405.4
2023-09-26,15255.8
2023-09-27,15217.4
2023-09-28,15323.5
2023-09-29,15386.5
2023-10-02,15247.2
2023-10-03,15085.2
2023-10-04,15099.9
2023-10-05,15070.2
2023-10-06,15229.7
2023-10-09,15128.1
2023-10-10,15423.5
2023-10-11,15460.0
2023-10-12,15425.0
2023-10-13,15186.6
2023-10-16,15237.9
2023-10-17,15251.6
2023-10-18,15094.9
2023-10-19,15045.2
2023-10-20,14798.4
2023-10-23,14800.7
2023-10-24,14879.9
2023-10-25,14892.1
2023-10-26,14731.0
2023-10-27,14687.4
2023-10-30,14716.5
2023-10-31,14810.3
2023-11-01,14923.2
2023-11-02,15143.6
2023-11-03,15189.2
2023-11-06,15135.9
2023-11-07,15152.6
2023-11-08,15229.6
2023-11-09,15352.5
2023-11-10,15234.3
2023-11-13,15345.0
2023-11-14,15614.4
2023-11-15,15748.1
2023-11-16,15786.6
2023-11-17,15919.1
2023-11-20,15901.3
2023-11-21,15900.5
2023-11-22,15957.8
2023-11-23,15994.7
2023-11-24,16029.4
2023-11-27,15966.3
2023-11-28,15992.6
2023-11-29,16166.4
2023-11-30,16215.4
2023-12-01,16397.5
2023-12-04,16404.7
2023-12-05,16533.1
2023-12-06,16656.4
2023-12-07,16628.9
2023-12-08,16759.2
2023-12-11,16794.4
2023-12-12,16791.7
2023-12-13,16766.0
2023-12-14,16752.2
2023-12-15,16751.4
2023-12-18,16650.5
2023-12-19,16744.4
2023-12-20,16733.0
2023-12-21,16687.4
2023-12-22,16706.1
2023-12-27,16742.0
2023-12-28,16701.5
2023-12-29,16751.6
