date,value
1969-05-01,47.5758287701533
1969-05-02,47.80667554762284
1969-05-05,47.98241687700777
1969-05-06,48.21336487834802
1969-05-07,48.13171080769193
1969-05-08,48.3351403091189
1969-05-09,48.31786875696816
1969-05-12,48.24999402226938
1969-05-13,48.46270626639118
1969-05-14,48.84569501495906
1969-05-15,48.70883892217181
1969-05-16,48.75602132543045
1969-05-19,48.31537548814464
1969-05-20,47.89303570446166
1969-05-21,48.096647840444135
1969-05-22,48.16218985507259
1969-05-23,48.16328516088563
1969-05-26,48.06307386088205
1969-05-27,47.70492734060632
1969-05-28,47.56778729428648
1969-05-29,47.665548304729285
1969-06-02,47.4319498983769
1969-06-03,47.295050404147
1969-06-04,47.282542058594245
1969-06-05,47.36681949966636
1969-06-06,47.077748588609936
1969-06-09,46.6595201445578
1969-06-10,46.3057376654706
1969-06-11,45.67980594613882
1969-06-12,45.32119685700876
1969-06-13,45.50675720830616
1969-06-16,45.36023025674989
1969-06-17,45.1952112682224
1969-06-18,45.13627622972378
1969-06-19,44.87889391654437
1969-06-20,44.621446210070594
1969-06-23,44.42394143438872
1969-06-24,44.932696598599726
1969-06-25,44.79519989631935
1969-06-26,44.91163307918902
1969-06-27,44.95420592667402
1969-06-30,45.13534884519933
1969-07-01,45.312196691417626
1969-07-02,45.71546535260202
1969-07-03,46.03104769148284
1969-07-07,45.76907102476802
1969-07-08,45.12804212060064
1969-07-09,44.7872964380815
1969-07-10,44.09973758553266
1969-07-11,44.28585279168567
1969-07-14,43.72752493848811
1969-07-15,43.58990042629896
1969-07-16,44.030419200017285
1969-07-17,44.304515591698056
1969-07-18,43.93557960564729
1969-07-22,43.27965924995801
1969-07-23,43.10023599880529
1969-07-24,42.95778974414736
1969-07-25,42.62088152754665
1969-07-28,41.76999183577371
1969-07-29,41.43747101245575
1969-07-30,41.65130683587011
1969-07-31,42.536771295910114
1969-08-01,43.30207263639373
1969-08-04,43.08543540428851
1969-08-05,43.28574479298683
1969-08-06,43.52780670251571
1969-08-07,43.56601347242432
1969-08-08,43.54860975342643
1969-08-11,43.28550083252187
1969-08-12,42.95277441216749
1969-08-13,42.9909222726722
1969-08-14,43.29342482528875
1969-08-15,43.60528496515767
1969-08-18,43.87547508735285
1969-08-19,44.11325964952641
1969-08-20,44.119102165396654
1969-08-21,44.254884392586256
1969-08-22,44.5253001597274
1969-08-25,44.07164811421891
1969-08-26,43.78500626948138
1969-08-27,43.87902295364348
1969-08-28,44.070586129438674
1969-08-29,44.36437625113858
1969-09-02,44.384178360739575
1969-09-03,44.129895519588295
1969-09-04,43.77332326043245
1969-09-05,43.51889031819575
1969-09-08,43.08778304693968
1969-09-09,43.409552075796846
1969-09-10,44.14513910876674
1969-09-11,43.81158059675032
1969-09-12,43.77552400915393
1969-09-15,44.12545626352588
1969-09-16,44.168498845350165
1969-09-17,44.08595951635871
1969-09-18,44.156923419840616
1969-09-19,44.29770094619439
1969-09-22,44.50831617247874
1969-09-23,44.514202892954415
1969-09-24,44.45957879230332
1969-09-25,44.12560941471525
1969-09-26,43.847428287013166
1969-09-29,43.50397558054104
1969-09-30,43.37466692159834
1969-10-01,43.10037616663151
1969-10-02,43.440943453762536
1969-10-03,43.422846310483855
1969-10-06,43.5165701490492
1969-10-07,43.38663009004565
1969-10-08,43.19607020898441
1969-10-09,43.369043196474365
1969-10-10,43.62130719493358
1969-10-13,44.08810376069
1969-10-14,44.62961243138325
1969-10-15,44.644279536836095
1969-10-16,44.95278333096312
1969-10-17,44.906849194197534
1969-10-20,45.00552229811003
1969-10-21,45.35616757869814
1969-10-22,45.65557005953457
1969-10-23,45.48835702057183
1969-10-24,45.80184714123408
1969-10-27,45.73730564103369
1969-10-28,45.59805386804578
1969-10-29,45.20663477695051
1969-10-30,45.26807870226776
1969-10-31,45.36222780578586
1969-11-03,45.38276728041596
1969-11-04,45.4173253919295
1969-11-05,45.62476088805593
1969-11-06,45.64534418149125
1969-11-07,45.92764669566625
1969-11-10,45.96697440081152
1969-11-11,45.852044338188215
1969-11-12,45.77448457908876
1969-11-13,45.561293777128085
1969-11-14,45.404163288935806
1969-11-17,45.10198624162722
1969-11-18,45.09911833026569
1969-11-19,44.87634725115869
1969-11-20,44.41953625887517
1969-11-21,44.14979628420025
1969-11-24,43.65061675760268
1969-11-25,43.516454414068114
1969-11-26,43.6772268161517
1969-11-28,43.93638814907275
1969-12-01,43.66583257304276
1969-12-02,43.40457168712045
1969-12-03,42.94179511065974
1969-12-04,43.08799683952625
1969-12-05,42.990568039171954
1969-12-08,42.57910156025843
1969-12-09,42.44876794636483
1969-12-10,42.42152968242154
1969-12-11,42.44585371050269
1969-12-12,42.58741481119926
1969-12-15,42.466388719486496
1969-12-16,42.08735960850477
1969-12-17,41.84895658490528
1969-12-18,42.51597006338203
1969-12-19,42.88285301765946
1969-12-22,42.51306453808435
1969-12-23,42.3543805120369
1969-12-24,42.80587783216223
1969-12-26,43.14482169060552
1969-12-29,42.84999300317372
1969-12-30,43.01997789879077
1969-12-31,43.24166846933064
1970-01-02,43.6892092208671
1970-01-05,43.91137866129182
1970-01-06,43.61678402711599
1970-01-07,43.53356315593158
1970-01-08,43.56311429368805
1970-01-09,43.43755943040128
1970-01-12,43.11452259179261
1970-01-13,43.22395323626792
1970-01-14,43.10299954021346
1970-01-15,43.12309919210603
1970-01-16,42.771614508669884
1970-01-19,42.180113477817166
1970-01-20,42.27066614081369
1970-01-21,42.33300692328204
1970-01-22,42.38124952758021
1970-01-23,42.07177660017532
1970-01-26,41.512710948382185
1970-01-27,41.25952908528644
1970-01-28,40.87442312640481
1970-01-29,40.36205178282813
1970-01-30,40.05207317868808
1970-02-02,40.40235276385744
1970-02-03,40.88937703039889
1970-02-04,40.646136817623486
1970-02-05,40.49236865291837
1970-02-06,40.70151877045525
1970-02-09,41.02860044401147
1970-02-10,40.60603620830216
1970-02-11,41.00866508924014
1970-02-12,40.91614548806369
1970-02-13,40.833029029810525
1970-02-16,40.80650710112023
1970-02-17,40.76581879916581
1970-02-18,41.277344478921165
1970-02-19,41.43498258538384
1970-02-20,41.56906136834683
1970-02-24,41.55679635682007
1970-02-25,42.205733104430536
1970-02-26,41.99989615646076
1970-02-27,42.29005195975959
1970-03-02,42.39528050705504
1970-03-03,42.647040731559024
1970-03-04,42.56328801779769
1970-03-05,42.5504186691363
1970-03-06,42.29169953363081
1970-03-09,41.857950106580816
1970-03-10,41.97738896383244
1970-03-11,41.95496759710255
1970-03-12,41.79062202784898
1970-03-13,41.57418547077322
1970-03-16,41.13055887535476
1970-03-17,41.31623071675726
1970-03-18,41.44042382242336
1970-03-19,41.3894962737675
1970-03-20,41.22492507030066
1970-03-23,41.19762837802765
1970-03-24,41.67233139212952
1970-03-25,42.52608724734675
1970-03-26,42.60318079686899
1970-03-30,42.47182666966789
1970-03-31,42.477853388373646
1970-04-01,42.69232190230121
1970-04-02,42.56557570991138
1970-04-03,42.38190503514683
1970-04-06,42.08913564228007
1970-04-07,41.98121356145959
1970-04-08,41.97285754801261
1970-04-09,41.99770085375278
1970-04-10,41.86600088619922
1970-04-13,41.58718297995129
1970-04-14,41.23710684366311
1970-04-15,41.16694140826332
1970-04-16,40.76923790279645
1970-04-17,40.67524805579853
1970-04-20,40.75690464735098
1970-04-21,40.54891709586083
1970-04-22,40.027423176103696
1970-04-23,39.448785123750405
1970-04-24,39.32603448711904
1970-04-27,38.70912263276074
1970-04-28,38.14905675233394
1970-04-29,38.88629158273143
1970-04-30,38.75388534380044
1970-05-01,38.7222796979779
1970-05-04,37.74447455083404
1970-05-05,37.38455393743701
1970-05-06,37.80454969302446
1970-05-07,37.98207057056367
1970-05-08,37.80280893583211
1970-05-11,37.40934473635362
1970-05-12,37.05858538521264
1970-05-13,36.43637377349604
1970-05-14,35.923459027341075
1970-05-15,36.6246436692046
1970-05-18,36.659288300081
1970-05-19,35.950850877280374
1970-05-20,35.032548148931
1970-05-21,34.39031263645542
1970-05-22,34.43890315462253
1970-05-25,33.491284860591016
1970-05-26,33.039161490293
1970-05-27,34.70398404173199
1970-05-28,35.587232920127775
1970-05-29,36.518466973441576
1970-06-01,37.1396824327202
1970-06-02,37.145600733508346
1970-06-03,37.47601921972384
1970-06-04,36.928348280709336
1970-06-05,36.36617674840578
1970-06-08,36.429265227466345
1970-06-09,36.41596947023276
1970-06-10,36.05403245544732
1970-06-11,35.56778142722089
1970-06-12,35.301137282101585
1970-06-15,35.64123686997831
1970-06-16,36.39720774982415
1970-06-17,36.33131191676652
1970-06-18,36.58090464761784
1970-06-19,36.84491873715725
1970-06-22,36.654728405176286
1970-06-23,35.761420297958594
1970-06-24,35.38922231370017
1970-06-25,35.41878081839217
1970-06-26,35.161250501233695
1970-06-29,34.88927643673418
1970-06-30,34.81346539081048
1970-07-01,34.92433112557428
1970-07-02,34.92031444154604
1970-07-06,34.37994640611441
1970-07-07,34.12199393130026
1970-07-08,34.97532622883092
1970-07-09,35.48875562333876
1970-07-10,35.68129056743388
1970-07-13,35.734902094251254
1970-07-14,35.67827599484768
1970-07-15,36.07228855013128
1970-07-16,36.61026718491492
1970-07-17,37.26351777742255
1970-07-20,37.31741545938485
1970-07-21,36.93478609988617
1970-07-22,36.964655458926586
1970-07-23,37.436019798502
1970-07-24,37.35559035427135
1970-07-27,37.27993559405084
1970-07-28,37.34348217375793
1970-07-29,37.479079207651125
1970-07-30,37.4994546373381
1970-07-31,37.49582124515983
1970-08-03,37.00708338992817
1970-08-04,37.09477473569097
1970-08-05,37.09598811754246
1970-08-06,37.05394485151776
1970-08-07,37.15610093199934
1970-08-10,36.64286776927968
1970-08-11,36.466082335557175
1970-08-12,36.27961723317038
1970-08-13,35.96802416826738
1970-08-14,36.17592802787807
1970-08-17,36.25397832439101
1970-08-18,36.67856341776248
1970-08-19,37.05033991003804
1970-08-20,37.480003970327225
1970-08-21,38.16018809926392
1970-08-24,39.00914141756956
1970-08-25,39.07808949831701
1970-08-26,39.12778552371847
1970-08-27,39.071501541257305
1970-08-28,39.45371465433992
1970-08-31,39.29624727740217
1970-09-01,39.02750593228561
1970-09-02,39.0383106952482
1970-09-03,39.58917118679316
1970-09-04,39.9521189326159
1970-09-08,40.05953390757803
1970-09-09,39.9450715304928
1970-09-10,39.714777295103566
1970-09-11,39.82702553567147
1970-09-14,39.615946434669205
1970-09-15,39.279296071204
1970-09-16,39.49291442648942
1970-09-17,39.74039705965816
1970-09-18,39.90585701814594
1970-09-21,39.56904124904914
1970-09-22,39.55095135968929
1970-09-23,39.58117329797952
1970-09-24,39.46643381977035
1970-09-25,40.03794597169152
1970-09-28,40.56612921349564
1970-09-29,40.54817373725386
1970-09-30,40.767140345065336
1970-10-01,40.78261873304093
1970-10-02,41.19470941072471
1970-10-05,41.83426755022558
1970-10-06,42.02407070307448
1970-10-07,42.0494130956505
1970-10-08,41.60050053288953
1970-10-09,41.18534261143974
1970-10-12,40.750697687505046
1970-10-13,40.70324691215517
1970-10-14,40.77199642498773
1970-10-15,41.000576090287566
1970-10-16,40.82720508941855
1970-10-19,40.28562460715871
1970-10-20,40.52876481515337
1970-10-21,40.54423225624812
1970-10-22,40.41430880158292
1970-10-23,40.60909944304037
1970-10-26,40.391891712433406
1970-10-27,40.305529549214974
1970-10-28,40.4615920797217
1970-10-29,40.43340843145903
1970-10-30,40.38581365581969
1970-11-02,40.51824719698199
1970-11-03,40.869055205584175
1970-11-04,40.95792749169702
1970-11-05,40.82357007544019
1970-11-06,40.88819240319271
1970-11-09,41.113043656433256
1970-11-10,41.17772928125749
1970-11-11,41.300708953672505
1970-11-12,40.879722745475206
1970-11-13,40.50718228026171
1970-11-16,40.45033807470012
1970-11-17,40.5684205283312
1970-11-18,40.24425522137652
1970-11-19,40.3088691530163
1970-11-20,40.70896130304533
1970-11-23,40.968163425371095
1970-11-24,41.23717382774471
1970-11-25,41.39439280746097
1970-11-27,41.80949611139748
1970-11-30,42.43394155608024
1970-12-01,42.57093787651604
1970-12-02,43.06812053161185
1970-12-03,43.27824541569873
1970-12-04,43.55657934698104
1970-12-07,43.79603798269655
1970-12-08,43.57295682142535
1970-12-09,43.61280268865195
1970-12-10,43.803650748416885
1970-12-11,43.97506601945536
1970-12-14,43.7567607555706
1970-12-15,43.6943228469428
1970-12-16,43.72933287865509
1970-12-17,43.89107586789664
1970-12-18,43.98461636983686
1970-12-21,43.853919176984185
1970-12-22,43.908469806155786
1970-12-23,43.9435274210709
1970-12-24,44.19806954200379
1970-12-28,44.43804131886928
1970-12-29,44.92688262275668
1970-12-30,45.02551726772014
1970-12-31,44.97290960304508
1971-01-04,44.491142985281925
1971-01-05,44.81462105403416
1971-01-06,45.08936754473618
1971-01-07,45.11030415600976
1971-01-08,45.02382011761536
1971-01-11,44.92754134495448
1971-01-12,45.295259868540114
1971-01-13,45.22341402083692
1971-01-14,45.3469856477515
1971-01-15,45.46569952784699
1971-01-18,45.65775820842286
1971-01-19,45.835202687689744
1971-01-20,45.85137209852774
1971-01-21,46.058229252712295
1971-01-22,46.40205675038074
1971-01-25,46.60415468101988
1971-01-26,46.76228448086832
1971-01-27,46.42637172071253
1971-01-28,46.58941281125916
1971-01-29,46.92376428348162
1971-02-01,47.19465349929649
1971-02-02,47.206199653124266
1971-02-03,47.31075790290202
1971-02-04,47.31253129225654
1971-02-05,47.47099679186171
1971-02-08,47.73235197526664
1971-02-09,47.76846952578882
1971-02-10,47.71641352009355
1971-02-11,47.97791452843919
1971-02-12,48.239484358634506
1971-02-16,48.35900417429281
1971-02-17,48.14034262430101
1971-02-18,47.8333809739289
1971-02-19,47.438077944626336
1971-02-22,46.94459022471307
1971-02-23,47.132664540449554
1971-02-24,47.45323313317392
1971-02-25,47.57274992764327
1971-02-26,47.47641902775207
1971-03-01,47.60446829576696
1971-03-02,47.60004025831238
1971-03-03,47.59069758372994
1971-03-04,48.07223472458904
1971-03-05,48.58824489354336
1971-03-08,48.79995623139642
1971-03-09,48.84476157376237
1971-03-10,48.77171358115798
1971-03-11,48.82143347527829
1971-03-12,48.91537490447815
1971-03-15,49.48095204420799
1971-03-16,49.73221057951119
1971-03-17,49.69361488672223
1971-03-18,49.73363700569187
1971-03-19,49.650795627888606
1971-03-22,49.46471119626513
1971-03-23,49.303161649063306
1971-03-24,48.9842491559857
1971-03-25,48.98487276484444
1971-03-26,49.157613452467686
1971-03-29,49.20252150027369
1971-03-30,49.32122147576872
1971-03-31,49.35139577476451
1971-04-01,49.3966626416195
1971-04-02,49.48622211969128
1971-04-05,49.60533125119312
1971-04-06,49.96562805321188
1971-04-07,50.20295416844955
1971-04-08,50.26803442946259
1971-04-12,50.65807652822001
1971-04-13,50.713382758500366
1971-04-14,50.91151116868292
1971-04-15,50.991479344171005
1971-04-16,50.98280582456618
1971-04-19,51.245080308108925
1971-04-20,51.05413556387857
1971-04-21,50.93705798360456
1971-04-22,51.04171554710511
1971-04-23,51.2893342013304
1971-04-26,51.24125044942383
1971-04-27,51.56782317710231
1971-04-28,51.66274400064688
1971-04-29,51.59989292806358
1971-04-30,51.270716299384624
1971-05-03,50.95171506761301
1971-05-04,51.20484363303058
1971-05-05,51.20642586954521
1971-05-06,50.94156784025364
1971-05-07,50.77039933213245
1971-05-10,50.52515468790397
1971-05-11,50.65992269018375
1971-05-12,50.80459578281908
1971-05-13,50.70737924357606
1971-05-14,50.47681148135101
1971-05-17,49.73257927850591
1971-05-18,49.808056882946495
1971-05-19,49.93295017995455
1971-05-20,50.05787442448976
1971-05-21,49.90613148664991
1971-05-24,49.48749730945869
1971-05-25,49.16760406027281
1971-05-26,49.23317466025109
1971-05-27,49.14551494667233
1971-05-28,49.26548452481612
1971-06-01,49.553141716725705
1971-06-02,49.93483003567624
1971-06-03,49.96544157590521
1971-06-04,50.11477658024364
1971-06-07,50.01678402007903
1971-06-08,49.641698749162586
1971-06-09,49.63269985384132
1971-06-10,49.81175567804447
1971-06-11,50.03044980889603
1971-06-14,49.61558511980469
1971-06-15,49.67093346553745
1971-06-16,49.77580589059936
1971-06-17,49.77176518836243
1971-06-18,49.01990720469822
1971-06-21,48.480849519229565
1971-06-22,48.34785445657315
1971-06-23,48.759794110830455
1971-06-24,48.626799316463135
1971-06-25,48.56315078650405
1971-06-28,48.444971055384485
1971-06-29,48.98598010909111
1971-06-30,48.93226193991052
1971-07-01,49.47376558630536
1971-07-02,49.47990651646723
1971-07-06,49.47613207295618
1971-07-07,49.6211391377574
1971-07-08,49.77609998458428
1971-07-09,49.95590749760478
1971-07-12,50.02660455536995
1971-07-13,49.3778339147706
1971-07-14,49.24501084474772
1971-07-15,49.28090145357261
1971-07-16,49.20263424711595
1971-07-19,49.11938132609848
1971-07-20,49.31911547319323
1971-07-21,49.30537404009526
1971-07-22,49.22706796663485
1971-07-23,49.14874167607167
1971-07-26,48.75743835764731
1971-07-27,48.58463661706172
1971-07-28,48.23788493877988
1971-07-29,47.722084821773386
1971-07-30,47.50933023176008
1971-08-02,47.70393774331953
1971-08-03,46.98885887847369
1971-08-04,46.6862654776093
1971-08-05,46.79133838657117
1971-08-06,46.876547090125285
1971-08-09,46.52409297684346
1971-08-10,46.5346743107014
1971-08-11,47.09746530587725
1971-08-12,47.76984683219317
1971-08-13,47.62134738835072
1971-08-16,49.15491004739223
1971-08-17,49.77302757424566
1971-08-18,49.08711110484906
1971-08-19,48.87397856072896
1971-08-20,48.96451002757132
1971-08-23,49.42853336514876
1971-08-24,50.00721369111649
1971-08-25,50.0182212883036
1971-08-26,49.93956169174527
1971-08-27,50.065149999072624
1971-08-30,49.59284992745568
1971-08-31,49.3546497747848
1971-09-01,49.38067381322123
1971-09-02,49.49642327780091
1971-09-03,50.2004349230973
1971-09-07,50.435966704419634
1971-09-08,50.53692469685182
1971-09-09,50.27387133461713
1971-09-10,50.090546134798025
1971-09-13,49.92214236248047
1971-09-14,49.56412232682944
1971-09-15,49.78477837885404
1971-09-16,49.736033787980645
1971-09-17,49.891884035095984
1971-09-20,49.75828608956515
1971-09-21,49.59470097139783
1971-09-22,49.16648080981293
1971-09-23,49.12760659280739
1971-09-24,49.018814933404784
1971-09-27,48.760165862742
1971-09-28,48.896045402825806
1971-09-29,48.91207033327731
1971-09-30,49.13793102146007
1971-10-01,49.43892032446645
1971-10-04,49.585063464797926
1971-10-05,49.541320265270826
1971-10-06,49.90245224890437
1971-10-07,50.008711459468486
1971-10-08,49.68501115670841
1971-10-11,49.61625134168862
1971-10-12,49.80253234124096
1971-10-13,49.53870009143584
1971-10-14,49.0947140447128
1971-10-15,48.93078719457262
1971-10-18,48.71677861236393
1971-10-19,48.547755912935294
1971-10-20,47.87819752106847
1971-10-21,47.859189468698936
1971-10-22,47.85019039819926
1971-10-25,47.62088694991806
1971-10-26,47.44660722283482
1971-10-27,46.97680757119952
1971-10-28,47.06786285652726
1971-10-29,47.20903685104085
1971-11-01,46.49882193663097
1971-11-02,46.69534403689572
1971-11-03,47.56844624093264
1971-11-04,47.514561007100816
1971-11-05,47.355396339590165
1971-11-08,47.32653510811753
1971-11-09,47.36786024580022
1971-11-10,46.847563288562746
1971-11-11,46.20675875884799
1971-11-12,46.21283914992805
1971-11-15,46.06340341255015
1971-11-16,46.52101852242633
1971-11-17,46.597390663786456
1971-11-18,46.242185046416495
1971-11-19,45.98727170885903
1971-11-22,45.5816918615107
1971-11-23,45.27139590990682
1971-11-24,45.36271317685951
1971-11-26,46.17720673721596
1971-11-29,46.92159679694462
1971-11-30,47.219113219851366
1971-12-01,47.95310993692241
1971-12-02,48.15970689227104
1971-12-03,48.77840615222705
1971-12-06,48.507720639828015
1971-12-07,48.69435170785935
1971-12-08,48.72519322742755
1971-12-09,48.75101670838642
1971-12-10,49.12377545150766
1971-12-13,49.27033417320421
1971-12-14,49.12523639675088
1971-12-15,49.56858356194146
1971-12-16,50.178030579788455
1971-12-17,50.445522602646285
1971-12-20,51.100498035657424
1971-12-21,51.232291459411634
1971-12-22,50.926273864707554
1971-12-23,50.71078196052543
1971-12-27,50.82243829159507
1971-12-28,51.33183949107677
1971-12-29,51.46876983788446
1971-12-30,51.25827458050849
1971-12-31,51.420405642081725
1972-01-03,51.214926324498784
1972-01-04,51.43253484622368
1972-01-05,51.92728323359494
1972-01-06,52.16014420922572
1972-01-07,52.14613861892772
1972-01-10,52.076691606233965
1972-01-11,52.2491650172864
1972-01-12,52.22507879711561
1972-01-13,51.92874760235133
1972-01-14,52.13655713971028
1972-01-17,52.299028506158535
1972-01-18,52.48171492697589
1972-01-19,52.40215516733833
1972-01-20,52.40833514153752
1972-01-21,52.298481059342926
1972-01-24,51.75971436912118
1972-01-25,51.831418858031206
1972-01-26,51.736595535881335
1972-01-27,52.24744429176568
1972-01-28,52.58677997753896
1972-01-31,52.481910725001455
1972-02-01,52.523636798683576
1972-02-02,52.868363311716685
1972-02-03,52.85458941747083
1972-02-04,52.97214077017304
1972-02-07,52.81692756415589
1972-02-08,52.92439458260585
1972-02-09,53.34011986467269
1972-02-10,53.36681646047805
1972-02-11,53.11554642619224
1972-02-14,52.87431833592307
1972-02-15,53.10318590280652
1972-02-16,53.40794903031573
1972-02-17,53.399270025283656
1972-02-18,53.24899020737861
1972-02-22,53.26052387923609
1972-02-23,53.31252431406321
1972-02-24,53.35442015212242
1972-02-25,53.73026672201149
1972-02-28,53.741861369865504
1972-02-29,53.9407094398449
1972-03-01,54.341332235879634
1972-03-02,54.33201408557
1972-03-03,54.65176421859489
1972-03-06,55.07790463355233
1972-03-07,55.13449173786292
1972-03-08,55.18602121928074
1972-03-09,55.18185197602596
1972-03-10,54.90414831824669
1972-03-13,54.378160073334406
1972-03-14,54.52589134924973
1972-03-15,54.602716287698826
1972-03-16,54.48192351848094
1972-03-17,54.70066482383136
1972-03-20,54.53930531626645
1972-03-21,54.08897103490574
1972-03-22,54.17085411587784
1972-03-23,54.638100358052505
1972-03-24,54.5273692522961
1972-03-27,54.42168989305031
1972-03-28,54.36162859410703
1972-03-29,54.02257031543678
1972-03-30,54.38858717413167
1972-04-03,54.53704466380644
1972-04-04,54.86820236882939
1972-04-05,55.32122988746443
1972-04-06,55.59672654682608
1972-04-07,55.64894851775558
1972-04-10,55.56918719782296
1972-04-11,55.73311415959004
1972-04-12,55.95293026131334
1972-04-13,55.822395737290286
1972-04-14,55.79340265253174
1972-04-17,55.63234122383039
1972-04-18,55.77096214534142
1972-04-19,55.48791879551749
1972-04-20,55.41314356967911
1972-04-21,55.34342909819956
1972-04-24,54.99416184329842
1972-04-25,54.45673498180393
1972-04-26,54.346210380078126
1972-04-27,54.4339507428559
1972-04-28,54.75561243334918
1972-05-01,54.263147465213606
1972-05-02,53.95875665747594
1972-05-03,53.918801288967344
1972-05-04,54.05689034252667
1972-05-05,54.256058556241946
1972-05-08,54.01259340016854
1972-05-09,53.30599164341356
1972-05-10,53.657824168279845
1972-05-11,53.84176386527088
1972-05-12,54.15809556849144
1972-05-15,54.40831311354678
1972-05-16,54.31235832675704
1972-05-17,54.43533880625996
1972-05-18,54.975946237753575
1972-05-19,55.51157493309637
1972-05-22,55.879223772889205
1972-05-23,55.93110397793215
1972-05-24,56.20716873865545
1972-05-25,56.28966916791413
1972-05-26,56.39766796377792
1972-05-30,56.24576386369333
1972-05-31,55.83388034635489
1972-06-01,55.9214554756716
1972-06-02,55.94786977124587
1972-06-05,55.48991171812603
1972-06-06,55.18483268534463
1972-06-07,54.90518763119411
1972-06-08,54.72238541746948
1972-06-09,54.51404099827033
1972-06-12,54.5964331936408
1972-06-13,54.87781992229203
1972-06-14,55.31234033116907
1972-06-15,55.343813013402944
1972-06-16,55.30894209106384
1972-06-19,55.1872928148581
1972-06-20,55.42294657654313
1972-06-21,55.54633739821226
1972-06-22,55.49615383829222
1972-06-23,55.29276581926381
1972-06-26,54.89527510338026
1972-06-27,54.84500322321488
1972-06-28,54.67212416142524
1972-06-29,54.57584069269648
1972-06-30,54.74520943584015
1972-07-03,54.93058734850891
1972-07-05,55.248877527112576
1972-07-06,55.73590354061856
1972-07-07,55.56365939139462
1972-07-10,55.273792696460255
1972-07-11,54.87648877208802
1972-07-12,54.66316975240693
1972-07-13,54.357747357099896
1972-07-14,54.630200949178096
1972-07-17,54.16612659318272
1972-07-18,54.147020314560805
1972-07-19,54.31209604374417
1972-07-20,54.14972113757207
1972-07-21,54.59119188622181
1972-07-24,55.24260898621538
1972-07-25,55.08540498775181
1972-07-26,55.05614912287697
1972-07-27,54.93472400142682
1972-07-28,54.99249229479789
1972-07-31,55.00418379698628
1972-08-01,55.5270216161214
1972-08-02,55.98849297645893
1972-08-03,56.42956390640305
1972-08-04,56.58381115559109
1972-08-07,56.68172498376445
1972-08-08,56.72841400878387
1972-08-09,56.82123478741142
1972-08-10,56.924326803130896
1972-08-11,57.39138116418843
1972-08-14,57.70473906925116
1972-08-15,57.45930681025139
1972-08-16,57.25997844549077
1972-08-17,57.10162702785042
1972-08-18,57.32276495747916
1972-08-21,57.30800484022568
1972-08-22,57.667704439919554
1972-08-23,57.59654319834942
1972-08-24,56.96612549524022
1972-08-25,56.792256628761336
1972-08-28,56.572169004450245
1972-08-29,56.67022999319498
1972-08-30,56.75804248335994
1972-08-31,57.030668355519246
1972-09-01,57.2529783021969
1972-09-05,57.11593367748017
1972-09-06,56.77345770685477
1972-09-07,56.64659232206097
1972-09-08,56.58133155843393
1972-09-11,56.259217059536255
1972-09-12,55.73153084942954
1972-09-13,55.95900126780437
1972-09-14,55.980980698875
1972-09-15,55.92587617950688
1972-09-18,55.82964274433617
1972-09-19,55.80535091410996
1972-09-20,55.83759979756368
1972-09-21,55.75674392815158
1972-09-22,55.80956236605434
1972-09-25,55.57440132710624
1972-09-26,55.61692418565853
1972-09-27,56.41562481000508
1972-09-28,56.77721707986747
1972-09-29,56.88678365668559
1972-10-02,56.69219923580856
1972-10-03,56.7703282938765
1972-10-04,56.66832874528495
1972-10-05,56.05671363679032
1972-10-06,56.43853262308331
1972-10-09,56.58874497482381
1972-10-10,56.641154468856925
1972-10-11,56.3948970175632
1972-10-12,55.93742510820448
1972-10-13,55.59317170452025
1972-10-16,55.00673035273187
1972-10-17,55.38871976123251
1972-10-18,55.75017997491946
1972-10-19,55.68401788497172
1972-10-20,56.30325898766736
1972-10-23,56.88140184793402
1972-10-24,57.12461536616601
1972-10-25,57.08434742282252
1972-10-26,57.22967318058407
1972-10-27,57.04503104082237
1972-10-30,57.03567550567135
1972-10-31,57.55237816037608
1972-11-01,58.12110670432683
1972-11-02,58.4165653502697
1972-11-03,58.93392777747556
1972-11-06,58.81676696711565
1972-11-08,58.49832467151192
1972-11-09,58.58235956262873
1972-11-10,58.70770519205475
1972-11-13,58.80210359428578
1972-11-14,59.35083066703892
1972-11-15,59.12520656276247
1972-11-16,59.45721506322254
1972-11-17,59.64986191744942
1972-11-20,59.67727371257562
1972-11-21,60.03528403339955
1972-11-22,60.39854160780454
1972-11-24,60.59654272130951
1972-11-27,60.31920410532602
1972-11-28,60.1968350634769
1972-11-29,60.22948838587321
1972-11-30,60.31384174187386
1972-12-01,60.68797536883886
1972-12-04,60.89674917959231
1972-12-05,60.8056665881705
1972-12-06,61.03518780809518
1972-12-07,61.34751257721162
1972-12-08,61.48921564205901
1972-12-11,61.630951147394185
1972-12-12,61.40020097407525
1972-12-13,61.35567267654608
1972-12-14,61.1972847484875
1972-12-15,61.21483397686273
1972-12-18,60.51805561945872
1972-12-19,60.23526186901742
1972-12-20,60.04042145174233
1972-12-21,59.6125200108901
1972-12-22,59.99239950635487
1972-12-26,60.24288351545667
1972-12-27,60.5763027161192
1972-12-29,61.16364963125686
1973-01-02,61.714140526120126
1973-01-03,61.96421065570074
1973-01-04,61.88266896871234
1973-01-05,62.132808398587365
1973-01-08,62.129013004622266
1973-01-09,62.07338188103647
1973-01-10,61.92441413018666
1973-01-11,62.35094905740651
1973-01-12,61.8701074509922
1973-01-15,61.43064874420945
1973-01-16,61.2815469823533
1973-01-17,61.56813956149906
1973-01-18,61.66284402870073
1973-01-19,61.63304994412152
1973-01-22,61.343806824645085
1973-01-23,61.35548736992764
1973-01-24,60.588678496357744
1973-01-26,60.44975139463915
1973-01-29,60.22774343462333
1973-01-30,60.14066645777553
1973-01-31,60.25087061418065
1973-02-01,59.59871968036455
1973-02-02,59.393031720431736
1973-02-05,59.33792234125168
1973-02-06,59.45940923569924
1973-02-07,59.05621330356033
1973-02-08,58.80359479960018
1973-02-09,59.600605138711295
1973-02-12,60.32504759404095
1973-02-13,60.706614935990615
1973-02-14,59.84066318571105
1973-02-15,59.50999650257557
1973-02-16,59.79281122235271
1973-02-20,60.018486272860095
1973-02-21,59.65651393352353
1973-02-22,59.53372304388278
1973-02-23,58.87507773361634
1973-02-26,58.37755664391009
1973-02-27,57.71340288325904
1973-02-28,58.12633322741252
1973-03-01,57.804646759562495
1973-03-02,58.45106930556015
1973-03-05,58.66554760531427
1973-03-06,59.41112051773592
1973-03-07,59.59970925519543
1973-03-08,59.49151481127903
1973-03-09,59.26871491889947
1973-03-12,59.311506609325534
1973-03-13,59.64081220432268
1973-03-14,59.90766929062941
1973-03-15,59.46598575351694
1973-03-16,59.17010938796229
1973-03-19,58.46246876686541
1973-03-20,58.354050663603765
1973-03-21,57.59925854713397
1973-03-22,56.74525373571763
1973-03-23,56.77217080903481
1973-03-26,57.27879811456081
1973-03-27,58.181854567044425
1973-03-28,58.21936456343614
1973-03-29,58.79411026148485
1973-03-30,58.17963760153109
1973-04-02,57.487569253495074
1973-04-03,57.00403342334504
1973-04-04,56.76563767137501
1973-04-05,56.64199932786766
1973-04-06,57.04550085344783
1973-04-09,57.87714827904206
1973-04-10,58.58891486550064
1973-04-11,58.84137243715825
1973-04-12,58.79623660292338
1973-04-13,58.542183518892415
1973-04-16,58.21494310044626
1973-04-17,57.96075684706468
1973-04-18,58.28120412664944
1973-04-19,58.61740229354838
1973-04-23,58.31091350354688
1973-04-24,57.492161190606495
1973-04-25,56.63662039548473
1973-04-26,56.93096192552968
1973-04-27,56.069919431763054
1973-04-30,55.94071552386664
1973-05-01,56.01503035847016
1973-05-02,56.71698308112421
1973-05-03,57.65970688082259
1973-05-04,58.074276315822935
1973-05-07,57.834948938534495
1973-05-08,58.21823666618869
1973-05-09,57.80094649483101
1973-05-10,57.33645541494224
1973-05-11,56.62584555587379
1973-05-14,55.4439358190432
1973-05-15,55.8009889227825
1973-05-16,55.734000051225934
1973-05-17,55.28471579067512
1973-05-18,54.400637563470326
1973-05-21,53.81491592874533
1973-05-22,54.26627724388868
1973-05-23,54.52913283164413
1973-05-24,56.14388011739956
1973-05-25,56.569455387652845
1973-05-29,56.35050281789855
1973-05-30,55.5182547265901
1973-05-31,55.02130115264928
1973-06-01,54.49326410765839
1973-06-04,53.99655515877963
1973-06-05,54.86838487068668
1973-06-06,54.71249123979806
1973-06-07,55.52167427221551
1973-06-08,56.15269670340256
1973-06-11,55.98640950630117
1973-06-12,56.82752447710127
1973-06-13,56.47235946096795
1973-06-14,55.84944320112943
1973-06-15,55.173880055984725
1973-06-18,54.39315880404876
1973-06-19,54.60455228335673
1973-06-20,54.84750478942704
1973-06-21,54.2082459648944
1973-06-22,54.47221338079871
1973-06-25,53.717191034110144
1973-06-26,54.27536120187011
1973-06-27,54.45011135383285
1973-06-28,55.01901232437852
1973-06-29,54.79973723861465
1973-07-02,54.09156463511621
1973-07-03,53.5566905853768
1973-07-05,53.51587397781472
1973-07-06,53.25947095067072
1973-07-09,53.71817962355646
1973-07-10,54.450478677046405
1973-07-11,55.656349341578455
1973-07-12,55.50528858548147
1973-07-13,54.77020066432015
1973-07-16,55.60821694956382
1973-07-17,55.64128149928612
1973-07-18,55.97960883925568
1973-07-19,56.09168137318107
1973-07-20,56.409085692926965
1973-07-23,56.61600176804664
1973-07-24,56.949345064858704
1973-07-25,57.74619774749848
1973-07-26,57.86381227007845
1973-07-27,57.73387993633781
1973-07-30,57.561772852956096
1973-07-31,57.02607373867023
1973-08-01,56.30009524176534
1973-08-02,56.222165671289474
1973-08-03,56.13367810370936
1973-08-06,56.26656579642611
1973-08-07,56.17806172850637
1973-08-08,55.65719526590332
1973-08-09,55.69515274154325
1973-08-10,55.25848766504121
1973-08-13,54.70569181101036
1973-08-14,54.184416986738974
1973-08-15,54.34883601678295
1973-08-16,53.97512986960203
1973-08-17,53.99181081583339
1973-08-20,53.6285343548855
1973-08-21,53.25461638799961
1973-08-22,53.07063821437192
1973-08-23,53.80518113603559
1973-08-24,53.658180109868816
1973-08-27,54.08669325355137
1973-08-28,54.40968681901766
1973-08-29,54.94929497816446
1973-08-30,54.87630322425425
1973-08-31,55.07799491116024
1973-09-04,55.22284126265858
1973-09-05,55.29903161979032
1973-09-06,55.576062572708025
1973-09-07,55.37748008039748
1973-09-10,54.90396159308114
1973-09-11,54.578348145586254
1973-09-12,54.50115759145582
1973-09-13,54.6672101240035
1973-09-14,55.24584884646214
1973-09-17,55.09994968574853
1973-09-18,54.906393744328525
1973-09-19,56.03028653401014
1973-09-20,56.50358319078034
1973-09-21,56.74412801290141
1973-09-24,56.83652940807148
1973-09-25,57.209536908462944
1973-09-26,57.630294976348566
1973-09-27,57.770508104441085
1973-09-28,57.4341030570628
1973-10-01,57.32383783306187
1973-10-02,57.637346428070735
1973-10-03,57.63833628546057
1973-10-04,57.44857924190957
1973-10-05,58.21792905910317
1973-10-08,58.42567513196137
1973-10-09,58.37904351752072
1973-10-10,57.9030317486625
1973-10-11,58.90072849982434
1973-10-12,59.09273117427329
1973-10-15,58.36211099815176
1973-10-16,58.44272408298004
1973-10-17,58.33241643895439
1973-10-18,58.35999936674789
1973-10-19,58.4777711731377
1973-10-22,57.92176491176869
1973-10-23,58.2411449577049
1973-10-24,58.52344701812436
1973-10-25,58.651902102472725
1973-10-26,59.12539244393153
1973-10-29,59.009752006846654
1973-10-30,58.04994940340686
1973-10-31,57.50408369261344
1973-11-01,57.19295248525039
1973-11-02,56.8711150914454
1973-11-05,56.05521541199328
1973-11-06,55.76501994914487
1973-11-07,56.21856561514747
1973-11-08,56.87414157707075
1973-11-09,55.96747491378666
1973-11-12,55.517660028387496
1973-11-13,55.48235428648909
1973-11-14,54.47412916650797
1973-11-15,54.4705821379898
1973-11-16,55.2487515741402
1973-11-19,53.56996893478684
1973-11-20,52.48649700464822
1973-11-21,53.07851616569842
1973-11-23,52.91516040101986
1973-11-26,51.40014660435537
1973-11-27,50.93849118745037
1973-11-28,51.98305088650829
1973-11-29,51.80881446080261
1973-11-30,51.09680058588116
1973-12-03,50.00748510978234
1973-12-04,49.849819013779445
1973-12-05,49.095554222849415
1973-12-06,50.30679548101432
1973-12-07,51.42782069303817
1973-12-10,52.20280036913005
1973-12-11,51.19261796774358
1973-12-12,49.88362920758964
1973-12-13,49.25663250229983
1973-12-14,49.7491617207194
1973-12-17,49.46858531399504
1973-12-18,50.53730919661741
1973-12-19,50.587494026274136
1973-12-20,50.45096468225316
1973-12-21,49.91953383190494
1973-12-24,49.5854026027742
1973-12-26,51.10861934797232
1973-12-27,52.18386805432113
1973-12-28,52.08484268109655
1973-12-31,52.097922938211454
1974-01-02,52.17433090981477
1974-01-03,53.31369048292456
1974-01-04,52.84004895966343
1974-01-07,52.40367822076873
1974-01-08,51.36871998974944
1974-01-09,49.93265944591044
1974-01-10,49.38881973333823
1974-01-11,50.07434263830689
1974-01-14,49.95273619520782
1974-01-15,50.39254887909335
1974-01-16,51.1693854107117
1974-01-17,52.04805513339093
1974-01-18,51.124259824811
1974-01-21,51.04551319096165
1974-01-22,51.66768263507412
1974-01-23,51.952876670690735
1974-01-24,51.82603577353126
1974-01-25,51.73127553713674
1974-01-28,51.44911579200125
1974-01-29,51.413178995913626
1974-01-30,51.98233899884057
1974-01-31,51.7268769257919
1974-02-01,51.065628212372886
1974-02-04,49.98629700214782
1974-02-05,49.83893328626856
1974-02-06,49.98626891205589
1974-02-07,50.015732412455925
1974-02-08,49.50376790921389
1974-02-11,48.6163256568591
1974-02-12,48.77427827294824
1974-02-13,48.80356108881194
1974-02-14,48.79529866615121
1974-02-15,49.51131988892673
1974-02-19,49.43878164238878
1974-02-20,50.1551320778285
1974-02-21,50.84486981522637
1974-02-22,51.21808788728341
1974-02-25,51.03301269524619
1974-02-26,51.56211427368101
1974-02-27,51.78523365888261
1974-02-28,51.696851313322746
1974-03-01,51.33337089459498
1974-03-04,51.34056240992216
1974-03-05,52.30975278568428
1974-03-06,52.67183477043501
1974-03-07,52.12013281610801
1974-03-08,52.57906153390571
1974-03-11,53.177927749383926
1974-03-12,53.33058669867207
1974-03-13,53.65540395683394
1974-03-14,53.61450700038605
1974-03-15,53.422946192927625
1974-03-18,52.76856505133284
1974-03-19,52.33465007299175
1974-03-20,52.52498699152034
1974-03-21,52.40852743416894
1974-03-22,52.37818125289793
1974-03-25,52.58475910728895
1974-03-26,52.75907746150546
1974-03-27,52.03392782425924
1974-03-28,51.08770385836952
1974-03-29,50.6422825528888
1974-04-01,50.25643154716547
1974-04-02,50.31778801923145
1974-04-03,50.85350439172203
1974-04-04,50.86105605392496
1974-04-05,50.15688852410138
1974-04-08,49.635856813119496
1974-04-09,49.95604834793937
1974-04-10,49.850188212794855
1974-04-11,49.70653036885335
1974-04-15,49.67614095335151
1974-04-16,50.55237833961034
1974-04-17,50.93770408906432
1974-04-18,51.17199295072884
1974-04-19,50.62349261536549
1974-04-22,50.43121458723049
1974-04-23,49.59080255657588
1974-04-24,48.78254922306
1974-04-25,48.395425428341305
1974-04-26,48.73220053863614
1974-04-29,48.64216716474871
1974-04-30,48.81693436994443
1974-05-01,49.85656026635419
1974-05-02,49.79360530127555
1974-05-03,49.36836289039263
1974-05-06,49.2836875748835
1974-05-07,49.47482482769978
1974-05-08,49.57946806449053
1974-05-09,50.30090836086504
1974-05-10,49.50206088152861
1974-05-13,49.07098050340781
1974-05-14,49.09443137121203
1974-05-15,48.97172305028065
1974-05-16,48.58368548017303
1974-05-17,47.773156172824656
1974-05-20,47.59062530093499
1974-05-21,47.62470616481528
1974-05-22,47.18747322436251
1974-05-23,47.30277728883233
1974-05-24,48.00878728101468
1974-05-28,47.90202897550901
1974-05-29,47.106817026279856
1974-05-30,47.40649969225392
1974-05-31,47.33213444226103
1974-06-03,48.326811758064416
1974-06-04,48.89874531020168
1974-06-05,48.99890709857348
1974-06-06,49.90209588527959
1974-06-07,50.23036645260072
1974-06-10,50.53702786323338
1974-06-11,50.100119364548895
1974-06-12,49.9888146447849
1974-06-13,50.14897368334827
1974-06-14,49.59230821804681
1974-06-17,48.91595522108887
1974-06-18,48.60336899844691
1974-06-19,48.27981426862443
1974-06-20,47.94528567387249
1974-06-21,47.54542096312246
1974-06-24,47.6781786201647
1974-06-25,48.38731235674879
1974-06-26,47.650163944629824
1974-06-27,46.95084501717047
1974-06-28,46.78983835632912
1974-07-01,46.80860638666256
1974-07-02,45.8805470367418
1974-07-03,45.86106791311074
1974-07-05,45.54763825850943
1974-07-08,44.15610912022456
1974-07-09,44.37592494364949
1974-07-10,43.571914457799146
1974-07-11,43.52478956090394
1974-07-12,45.30820604961296
1974-07-15,45.65912851627533
1974-07-16,45.138186958854014
1974-07-17,45.63091908589422
1974-07-18,45.68222697922697
1974-07-19,45.55906651821501
1974-07-22,45.71399188869472
1974-07-23,46.17987745338126
1974-07-24,46.373144379704456
1974-07-25,45.829878707582445
1974-07-26,44.9753609072647
1974-07-29,44.18605047955591
1974-07-30,43.95329775238677
1974-07-31,43.31096229227608
1974-08-01,43.01283095878443
1974-08-02,42.93306666050914
1974-08-05,43.32308808988113
1974-08-06,44.0028266112787
1974-08-07,45.17464296529205
1974-08-08,44.5923503851668
1974-08-09,44.21212001700327
1974-08-12,43.613042458714624
1974-08-13,42.931717868622016
1974-08-14,41.97666715666157
1974-08-15,41.74887205240708
1974-08-16,41.4115586091902
1974-08-19,40.81691254160292
1974-08-20,41.032148630005615
1974-08-21,40.25108617492877
1974-08-22,39.869458586324654
1974-08-23,39.191958202424296
1974-08-26,39.53304099448073
1974-08-27,38.871671899298576
1974-08-28,38.779934849988685
1974-08-29,38.36481302081237
1974-08-30,39.5556171907696
1974-09-03,38.67066698478034
1974-09-04,37.67565463189813
1974-09-05,38.8796321592751
1974-09-06,39.18989985371092
1974-09-09,38.26567557908757
1974-09-10,38.0106294317956
1974-09-11,37.6401901773984
1974-09-12,36.638125880276114
1974-09-13,35.81685549100567
1974-09-16,36.407021890106094
1974-09-17,37.030405589925614
1974-09-18,37.22539492228759
1974-09-19,38.536345347226565
1974-09-20,38.57229976074994
1974-09-23,38.18481734828512
1974-09-24,37.42312443080005
1974-09-25,37.18376355435372
1974-09-26,36.58109544563299
1974-09-27,35.752487482646714
1974-09-30,34.98957243615188
1974-10-01,34.91353129354096
1974-10-02,34.914570424076445
1974-10-03,34.315150849385546
1974-10-04,34.354644269473184
1974-10-07,35.79941573010985
1974-10-08,35.745497161104616
1974-10-09,37.39503850064868
1974-10-10,38.48828195894938
1974-10-11,39.24000481079082
1974-10-14,40.12990266432233
1974-10-15,39.42023262687189
1974-10-16,38.81513079759749
1974-10-17,39.28600226199056
1974-10-18,39.90609088133795
1974-10-21,40.58714067536789
1974-10-22,40.39043262683182
1974-10-23,39.238155164911454
1974-10-24,38.79805577861649
1974-10-25,38.750078729112
1974-10-28,38.74076168788925
1974-10-29,40.26250522775042
1974-10-30,41.08823795906777
1974-10-31,40.86924242923977
1974-11-01,40.86671675766443
1974-11-04,40.43273618158556
1974-11-05,41.56431323379845
1974-11-06,41.37377895424792
1974-11-07,41.63702909222364
1974-11-08,41.47964630655158
1974-11-11,41.6212043479436
1974-11-12,40.810211237847554
1974-11-13,40.641469345661726
1974-11-14,40.489276614257214
1974-11-15,39.8604170384728
1974-11-18,38.405362015759664
1974-11-19,37.82014480616436
1974-11-20,37.66168350183336
1974-11-21,37.82485606877867
1974-11-22,38.23219929815728
1974-11-25,38.20134339966313
1974-11-26,38.56452956728525
1974-11-27,38.83349489821276
1974-11-29,38.85826354550808
1974-12-02,37.83357764898533
1974-12-03,37.319485818439446
1974-12-04,37.46078122187102
1974-12-05,36.75744090821448
1974-12-06,36.14273639857206
1974-12-09,36.47844702353549
1974-12-10,37.42042114882595
1974-12-11,37.64530511004335
1974-12-12,37.53093519390669
1974-12-13,37.32748880387224
1974-12-16,36.99594651645906
1974-12-17,37.6272927244913
1974-12-18,37.81347712834862
1974-12-19,37.68230641279334
1974-12-20,37.2781400898514
1974-12-23,36.756796085128215
1974-12-24,37.277302336806095
1974-12-26,37.597375719863614
1974-12-27,37.438134043266565
1974-12-30,37.45726289822489
1974-12-31,38.24606215937223
1975-01-02,39.18490591539452
1975-01-03,39.46013187869132
1975-01-06,39.66849623162189
1975-01-07,39.648089784371365
1975-01-08,39.108490375026754
1975-01-09,39.74684843331664
1975-01-10,40.55857563607779
1975-01-13,40.39867125535856
1975-01-14,40.05434125820211
1975-01-15,40.3189621888983
1975-01-16,40.27628967750812
1975-01-17,39.674590613028094
1975-01-20,39.74919004951767
1975-01-21,39.54420318541758
1975-01-22,40.13338042137699
1975-01-23,40.32558399835045
1975-01-24,40.84238918357809
1975-01-27,42.18764920464047
1975-01-28,42.56505556828141
1975-01-29,43.26171864597067
1975-01-30,42.681952663386255
1975-01-31,43.12127233695177
1975-02-03,43.60041670953962
1975-02-04,43.49146598960599
1975-02-05,44.25106385881095
1975-02-06,44.04130716463524
1975-02-07,44.08934356121652
1975-02-10,43.946754928027225
1975-02-11,44.0789137152735
1975-02-12,44.83937704807315
1975-02-13,45.45988076238715
1975-02-14,45.74392714109782
1975-02-18,45.43313449238059
1975-02-19,45.728515567669696
1975-02-20,46.16999920474165
1975-02-21,46.40948067837551
1975-02-24,45.7559153683485
1975-02-25,44.6919432078701
1975-02-26,45.17290805005739
1975-02-27,45.40674935045048
1975-02-28,45.87679813053536
1975-03-03,46.69486283201754
1975-03-04,47.0014492564784
1975-03-05,47.20127600186786
1975-03-06,47.09174793802478
1975-03-07,47.44358605351146
1975-03-10,47.81805858827317
1975-03-11,47.49467952895655
1975-03-12,47.06983593987501
1975-03-13,47.16289361930961
1975-03-14,47.74597469333343
1975-03-17,48.45882418335631
1975-03-18,47.97186614617578
1975-03-19,47.53544621033114
1975-03-20,47.13268454031912
1975-03-21,47.017268044417015
1975-03-24,45.9151161007701
1975-03-25,46.28441096199838
1975-03-26,47.155826143093336
1975-03-27,47.31110873577524
1975-03-31,47.0432700660159
1975-04-01,46.644692812636
1975-04-02,46.53384414943385
1975-04-03,46.02214501295643
1975-04-04,45.67401100596907
1975-04-07,45.3822354082854
1975-04-08,45.75118521118901
1975-04-09,46.80378235091327
1975-04-10,47.33693118980153
1975-04-11,47.576412570950446
1975-04-14,48.38679477605681
1975-04-15,48.79045229554466
1975-04-16,48.96809229413042
1975-04-17,49.34370083055767
1975-04-18,48.81456200570501
1975-04-21,49.3486444930866
1975-04-22,49.27756521861229
1975-04-23,48.73683527894156
1975-04-24,48.69958699036971
1975-04-25,49.03589443775121
1975-04-28,48.82318979868689
1975-04-29,48.49717156769639
1975-04-30,49.44520360463863
1975-05-01,49.906357352998334
1975-05-02,50.548935107853005
1975-05-05,51.04441135610892
1975-05-06,50.2367353502097
1975-05-07,50.4942859351843
1975-05-08,50.7745887264973
1975-05-09,51.33278188569947
1975-05-12,51.386502504682525
1975-05-13,51.9449733353888
1975-05-14,52.3448016366895
1975-05-15,51.865449656340566
1975-05-16,51.31784633560025
1975-05-19,51.38294930689793
1975-05-20,51.1302291093301
1975-05-21,50.56520363391356
1975-05-22,50.76079992589901
1975-05-23,51.44481642870707
1975-05-27,51.31688137521076
1975-05-28,50.96737167404221
1975-05-29,50.958626403268845
1975-05-30,51.80221791576179
1975-06-02,52.6231670413956
1975-06-03,52.80775650088026
1975-06-04,52.65130556451712
1975-06-05,52.710869803002986
1975-06-06,52.599846203845765
1975-06-09,51.8858867542832
1975-06-10,51.45613210829495
1975-06-11,51.52691588963138
1975-06-12,51.267674475178815
1975-06-13,51.52625943735665
1975-06-16,52.06954222759841
1975-06-17,51.57684297362134
1975-06-18,51.47687215711326
1975-06-19,52.41335328295039
1975-06-20,52.75776270614881
1975-06-23,53.34154339338237
1975-06-24,53.67480912056463
1975-06-25,53.9283997819937
1975-06-26,54.045279269313085
1975-06-27,54.05389037982676
1975-06-30,54.27915451100842
1975-07-01,54.09352499878701
1975-07-02,53.71964003905308
1975-07-03,53.8304732249821
1975-07-07,53.37085903234423
1975-07-08,53.293382303377626
1975-07-09,54.10610407155496
1975-07-10,54.12002927092824
1975-07-11,54.04263188271054
1975-07-14,54.35342640072241
1975-07-15,54.60150358662571
1975-07-16,54.03871410357722
1975-07-17,53.48717297143055
1975-07-18,53.24965743316024
1975-07-21,52.82352669345687
1975-07-22,52.26582817662975
1975-07-23,51.5479364952889
1975-07-24,51.49289111672037
1975-07-25,51.05479080592909
1975-07-28,50.71947727510175
1975-07-29,50.4412468116655
1975-07-30,50.81496563500108
1975-07-31,50.77692168157014
1975-08-01,50.350820212014085
1975-08-04,49.87879485999812
1975-08-05,49.36081740584567
1975-08-06,49.38074272654997
1975-08-07,49.41785301519016
1975-08-08,49.26600172562
1975-08-11,49.57801318815491
1975-08-12,49.91303922260366
1975-08-13,49.26275053997728
1975-08-14,49.05919237401575
1975-08-15,49.503192666722434
1975-08-18,49.419978585357256
1975-08-19,48.71182030208886
1975-08-20,47.72817749100064
1975-08-21,47.65034706628415
1975-08-22,48.35260766180302
1975-08-25,48.80840923486807
1975-08-26,48.185601118343605
1975-08-27,48.46361691670864
1975-08-28,49.60274069889221
1975-08-29,49.88682917884889
1975-09-02,49.09162149475768
1975-09-03,49.41602273373518
1975-09-04,49.52226279830308
1975-09-05,49.19766449218673
1975-09-08,49.36136023429619
1975-09-09,48.62857387535816
1975-09-10,48.17143796476662
1975-09-11,47.984343322813295
1975-09-12,47.90643916849479
1975-09-15,47.67322063120457
1975-09-16,47.22709525346741
1975-09-17,47.396397134743566
1975-09-18,48.37707563642415
1975-09-19,49.43290899803644
1975-09-22,48.97526607390707
1975-09-23,48.90894164619706
1975-09-24,49.37808778157723
1975-09-25,49.32908391376875
1975-09-26,49.65446575089023
1975-09-29,48.99481598850168
1975-09-30,48.33493813903831
1975-10-01,47.800523274638536
1975-10-02,48.32075039496316
1975-10-03,49.55596995947852
1975-10-06,50.09967856050412
1975-10-07,50.04382929099276
1975-10-08,50.72619434744154
1975-10-09,50.98190808957112
1975-10-10,50.89731623789577
1975-10-13,51.626272044612605
1975-10-14,51.53021012893695
1975-10-15,51.50915352663113
1975-10-16,51.5977662871928
1975-10-17,51.31112632702627
1975-10-20,51.87323247998589
1975-10-21,52.30845066838376
1975-10-22,52.40301051333525
1975-10-23,52.71712152303904
1975-10-24,51.91042583554758
1975-10-27,51.86049638296957
1975-10-28,52.31915523826107
1975-10-29,51.67965845921813
1975-10-30,51.64122858829106
1975-10-31,51.49292623881848
1975-11-03,50.95277941882391
1975-11-04,51.2048734865308
1975-11-05,51.58432715604828
1975-11-06,51.8250465438776
1975-11-07,51.70703796788099
1975-11-10,51.72211407450657
1975-11-11,52.038247388277554
1975-11-12,52.81192933361062
1975-11-13,52.734546702308286
1975-11-14,52.70347526333667
1975-11-17,52.9968255667031
1975-11-18,52.73980016635728
1975-11-19,52.158129244228334
1975-11-20,51.97041335686053
1975-11-21,51.91597680416336
1975-11-24,52.02388256555856
1975-11-25,52.61900788393352
1975-11-26,52.76188294479176
1975-11-28,52.94541582798629
1975-12-01,52.622972705114925
1975-12-02,51.85353663738734
1975-12-03,50.85746756836923
1975-12-04,51.00479421752042
1975-12-05,50.42054286879453
1975-12-08,50.573653569361824
1975-12-09,50.71519625191197
1975-12-10,51.176290992841736
1975-12-11,51.0216484116009
1975-12-12,51.04709922741928
1975-12-15,51.20623108963506
1975-12-16,51.70256795088876
1975-12-17,51.83859852858798
1975-12-18,52.00955768340537
1975-12-19,51.651345337707866
1975-12-22,51.2755652054765
1975-12-23,51.6268588847637
1975-12-24,52.059714463579
1975-12-26,52.52762326261441
1975-12-29,52.466033668748906
1975-12-30,52.26471702119193
1975-12-31,52.51746083265984
1976-01-02,52.93881690287418
1976-01-05,53.92521282618112
1976-01-06,54.48669641084263
1976-01-07,54.73959208028663
1976-01-08,55.11492224559885
1976-01-09,55.33884770742329
1976-01-12,56.151494223240974
1976-01-13,55.71695655513304
1976-01-14,56.63483717774063
1976-01-15,56.34018236734365
1976-01-16,56.57612068789072
1976-01-19,57.35455982055928
1976-01-20,57.67822202212619
1976-01-21,57.3251955100477
1976-01-22,57.21714339920565
1976-01-23,57.90860044481988
1976-01-26,58.19167738599325
1976-01-27,57.84434950383721
1976-01-28,57.53778610885266
1976-01-29,58.46912989347234
1976-01-30,58.91598964612314
1976-02-02,58.93130192215119
1976-02-03,59.12188398408205
1976-02-04,59.55794509075268
1976-02-05,58.67920150473415
1976-02-06,58.14503638121237
1976-02-09,58.24792143020964
1976-02-10,58.75427872622187
1976-02-11,58.93915799630264
1976-02-12,58.64449160820335
1976-02-13,58.31462673694959
1976-02-17,57.96125484066432
1976-02-18,58.43870569988621
1976-02-19,59.361115029428575
1976-02-20,59.77454993826518
1976-02-23,59.49728784381088
1976-02-24,59.752779017801146
1976-02-25,59.563267957485806
1976-02-26,58.64738123991695
1976-02-27,58.42247507851437
1976-03-01,58.611835914655096
1976-03-02,58.94775050268978
1976-03-03,58.603899762216535
1976-03-04,57.99032097788315
1976-03-05,58.10937567242527
1976-03-08,58.75027807167217
1976-03-09,58.98673847428252
1976-03-10,59.20566701148487
1976-03-11,59.77071063085131
1976-03-12,59.17439689375352
1976-03-15,58.56032334657776
1976-03-16,59.22525453863312
1976-03-17,59.19787676810136
1976-03-18,58.96506123116186
1976-03-19,59.04917287775999
1976-03-22,59.13330124705293
1976-03-23,60.0394815303762
1976-03-24,60.74036534306376
1976-03-25,60.41362696600457
1976-03-26,60.42161612451833
1976-03-29,60.17112118617134
1976-03-30,59.94405689643651
1976-03-31,60.398578929661696
1976-04-01,60.09582933246956
1976-04-02,60.110398773519655
1976-04-05,60.85981712227253
1976-04-06,60.78042286014104
1976-04-07,60.11295846161464
1976-04-08,59.57468838254689
1976-04-09,59.03626064510034
1976-04-12,58.95655126128605
1976-04-13,59.46521081292229
1976-04-14,59.03833654571847
1976-04-15,59.25875543701402
1976-04-19,59.72058278561348
1976-04-20,60.57110019341244
1976-04-21,60.84482282719615
1976-04-22,60.6533986305389
1976-04-23,60.25577030563902
1976-04-26,60.34695286788553
1976-04-27,60.01986235890416
1976-04-28,60.18763413346552
1976-04-29,60.196337676756364
1976-04-30,59.91623333674541
1976-05-03,59.50101450384859
1976-05-04,59.82854560073592
1976-05-05,59.49573685752468
1976-05-06,59.67002884201916
1976-05-07,60.10390289921999
1976-05-10,60.83288709611409
1976-05-11,60.75373958164855
1976-05-12,60.65686311581749
1976-05-13,60.30616528304856
1976-05-14,59.83138401601206
1976-05-17,59.69298836168731
1976-05-18,59.80255935585727
1976-05-19,59.76451206510592
1976-05-20,60.25806018423822
1976-05-21,59.830165733562666
1976-05-24,58.76401122516683
1976-05-25,58.80259673999406
1976-05-26,58.72298648088737
1976-05-27,58.75566671388014
1976-05-28,59.23768579272754
1976-06-01,59.05083929095539
1976-06-02,59.27791881140488
1976-06-03,59.232976783883615
1976-06-04,58.6615368163354
1976-06-07,58.36208633103357
1976-06-08,58.47084864734425
1976-06-09,58.44351738438221
1976-06-10,58.937046090526096
1976-06-11,59.750378320293365
1976-06-14,60.36855560710521
1976-06-15,60.08685474683992
1976-06-16,60.42098522233376
1976-06-17,61.37712480300497
1976-06-18,61.47457064688168
1976-06-21,61.79125312486756
1976-06-22,61.319932948327725
1976-06-23,61.198131571352576
1976-06-24,61.52676180576869
1976-06-25,61.49387391262601
1976-06-28,61.33054052238074
1976-06-29,61.59409686837694
1976-06-30,61.85179385288728
1976-07-01,61.45145875766051
1976-07-02,61.76880427575092
1976-07-06,61.439536976183255
1976-07-07,61.62048830087199
1976-07-08,61.71840440332208
1976-07-09,62.320872837976346
1976-07-12,62.87602038380569
1976-07-13,62.74853565923532
1976-07-14,62.92386020959714
1976-07-15,62.4875161986602
1976-07-16,62.18766365044575
1976-07-19,61.96495100549578
1976-07-20,61.63522366127812
1976-07-21,61.70354348688718
1976-07-22,61.77782633125938
1976-07-23,61.86401568093563
1976-07-26,61.87889111247173
1976-07-27,61.53701697541314
1976-07-28,61.29018828377099
1976-07-29,61.22766155896884
1976-07-30,61.539872375500266
1976-08-02,61.399759289629465
1976-08-03,61.97362373792204
1976-08-04,62.1548839574391
1976-08-05,61.818383469772776
1976-08-06,61.791328136946326
1976-08-09,61.62137685151318
1976-08-10,62.17781039896904
1976-08-11,61.97808574873846
1976-08-12,62.08206540490382
1976-08-13,62.10863127763432
1976-08-16,62.22456922010101
1976-08-17,62.45375126813043
1976-08-18,62.31947231953207
1976-08-19,61.63086360376596
1976-08-20,61.03147567965602
1976-08-23,60.79558653801447
1976-08-24,60.39267538538139
1976-08-25,60.85436448191423
1976-08-26,60.4394196124004
1976-08-27,60.54333104021189
1976-08-30,60.9038055319194
1976-08-31,61.4135557505521
1976-09-01,62.10873056633971
1976-09-02,62.03416538495299
1976-09-03,62.269989448191154
1976-09-07,62.71483461571589
1976-09-08,62.67017851068375
1976-09-09,62.35676537763736
1976-09-10,62.51511720560259
1976-09-13,62.30911545683786
1976-09-14,62.10902850350664
1976-09-15,62.30326078882873
1976-09-16,62.96370111078907
1976-09-17,63.5286977867219
1976-09-20,63.567789628499455
1976-09-21,64.47981202729152
1976-09-22,64.26789658181416
1976-09-23,63.95424860807125
1976-09-24,63.89173488110876
1976-09-27,64.18215488921635
1976-09-28,63.38371355366211
1976-09-29,63.06376892066026
1976-09-30,62.99509367489206
1976-10-01,62.36421616415346
1976-10-04,62.28991383249178
1976-10-05,61.820402357758674
1976-10-06,61.67412645396989
1976-10-07,62.024935995731
1976-10-08,61.44733200494252
1976-10-11,60.90550075331006
1976-10-12,60.41743032161007
1976-10-13,61.21175759907952
1976-10-14,60.45984060376438
1976-10-15,60.48704661438912
1976-10-18,60.850035298324045
1976-10-19,60.84732021443448
1976-10-20,61.03053670110638
1976-10-21,60.45797302597983
1976-10-22,59.98122822208821
1976-10-25,60.05638300488
1976-10-26,60.65968414240466
1976-10-27,61.08910309465542
1976-10-28,61.008371026376366
1976-10-29,61.79221482505569
1976-11-01,61.92244864976957
1976-11-03,61.22388925020696
1976-11-04,61.52827914153357
1976-11-05,60.58309022641282
1976-11-08,59.85992309970161
1976-11-09,59.70146019137568
1976-11-10,59.40468811765725
1976-11-11,59.9134288147465
1976-11-12,59.68273435406719
1976-11-15,60.08944743319013
1976-11-16,60.18351141245704
1976-11-17,60.53629041594416
1976-11-18,61.31638437433483
1976-11-19,61.344493474655
1976-11-22,61.75781853465893
1976-11-23,61.38869706664392
1976-11-24,61.66970655676924
1976-11-26,62.12543580669256
1976-11-29,61.70800463957032
1976-11-30,61.51331276107296
1976-12-01,61.75729308335589
1976-12-02,61.54339433934024
1976-12-03,61.93811232051924
1976-12-06,62.42938116158772
1976-12-07,62.39633034847522
1976-12-08,62.76119881165409
1976-12-09,63.02968888214203
1976-12-10,63.153509489466536
1976-12-13,63.12054010768672
1976-12-14,63.3952306509935
1976-12-15,63.44675462690456
1976-12-16,63.2508801448068
1976-12-17,62.93423625719831
1976-12-20,62.57524421125561
1976-12-21,62.92853126957005
1976-12-22,63.23361475252536
1976-12-23,63.321384307489474
1976-12-27,64.06752008936387
1976-12-28,64.50579561672848
1976-12-29,64.25545965706912
1976-12-30,64.59116762955067
1976-12-31,64.95114625363745
1977-01-03,64.68328518135219
1977-01-04,63.90754201386171
1977-01-05,63.34921825090832
1977-01-06,63.51636045792438
1977-01-07,63.52026336349326
1977-01-10,63.6451389260559
1977-01-11,63.00171903226413
1977-01-12,62.57592225426983
1977-01-13,63.06986619926303
1977-01-14,62.964744381969936
1977-01-17,62.80510217463046
1977-01-18,62.56669466982268
1977-01-19,62.89744081629558
1977-01-20,62.37431531594721
1977-01-21,62.5960964448516
1977-01-24,62.56349083178662
1977-01-25,62.50057452661866
1977-01-26,62.031593413509086
1977-01-27,61.70793840891695
1977-01-28,61.80247432760459
1977-01-31,61.87278486228928
1977-02-01,62.19319162987432
1977-02-02,62.09520689457241
1977-02-03,61.79699403609124
1977-02-04,61.82631452039882
1977-02-07,61.84350850534032
1977-02-08,61.67861577992849
1977-02-09,61.16156280570008
1977-02-10,61.22721160708136
1977-02-11,60.87385349271438
1977-02-14,61.20065339313944
1977-02-15,61.393920109852345
1977-02-16,61.68447107633976
1977-02-17,61.34308589595406
1977-02-18,61.09275224670864
1977-02-22,61.10374440552253
1977-02-23,60.93232393368413
1977-02-24,60.5844658680897
1977-02-25,60.52237620971638
1977-02-28,60.74011521623166
1977-03-01,61.26042070369438
1977-03-02,61.1053440512639
1977-03-03,61.41281692461059
1977-03-04,61.61689103140704
1977-03-07,61.65663438665395
1977-03-08,61.43453774775781
1977-03-09,60.974840071407925
1977-03-10,61.331250748638766
1977-03-11,61.32832344369343
1977-03-14,61.8067546434638
1977-03-15,62.15735659800639
1977-03-16,62.28253937828982
1977-03-17,62.237076686165935
1977-03-18,62.11233627161499
1977-03-21,61.786327761220655
1977-03-22,61.60659226487471
1977-03-23,61.12791420946735
1977-03-24,60.83210926678851
1977-03-25,60.450792576811736
1977-03-28,60.42330180928749
1977-03-29,60.85355365117076
1977-03-30,60.160743870540976
1977-03-31,60.09655829553372
1977-04-01,60.58967909903874
1977-04-04,60.00199848386893
1977-04-05,59.87833362525912
1977-04-06,59.82793721854303
1977-04-07,60.10748394407868
1977-04-11,60.44213515495903
1977-04-12,61.22924505873507
1977-04-13,61.24629821371443
1977-04-14,61.77088416685744
1977-04-15,61.8063832977678
1977-04-18,61.51157343123347
1977-04-19,61.23500960138627
1977-04-20,61.44788402517074
1977-04-21,61.06104028422452
1977-04-22,60.27004543678905
1977-04-25,59.49100710106105
1977-04-26,59.4771396182465
1977-04-27,60.008364833828566
1977-04-28,60.1661027903374
1977-04-29,60.32389979921745
1977-05-02,60.6346005002465
1977-05-03,60.95153693784696
1977-05-04,61.2869704371602
1977-05-05,61.38953581736206
1977-05-06,61.01995216591381
1977-05-09,60.84037316756205
1977-05-10,61.028789536220295
1977-05-11,60.61599824010388
1977-05-12,60.59579990799442
1977-05-13,60.79040057971598
1977-05-16,61.071011130860825
1977-05-17,61.265757413934
1977-05-18,61.6018119591131
1977-05-19,61.35450629766263
1977-05-20,61.10097363521074
1977-05-23,60.31283592577983
1977-05-24,60.02830428831228
1977-05-25,59.48553993418248
1977-05-26,59.64335956185905
1977-05-27,59.19870490406857
1977-05-31,59.11670621542137
1977-06-01,59.62471221832881
1977-06-02,59.51775322669585
1977-06-03,60.11212824894204
1977-06-06,59.83907307316336
1977-06-07,60.15674543055008
1977-06-08,60.456051398306165
1977-06-09,60.429170180616616
1977-06-10,60.63625958355634
1977-06-13,60.818781670089066
1977-06-14,61.51876213905852
1977-06-15,61.37498218513054
1977-06-16,61.53306619699654
1977-06-17,61.61725344330585
1977-06-20,61.90486135800784
1977-06-21,62.11242499712511
1977-06-22,61.95011978536324
1977-06-23,62.05909268790551
1977-06-24,62.420972106458365
1977-06-27,62.3018128233301
1977-06-28,61.793916891804166
1977-06-29,61.785683722232186
1977-06-30,62.02431822005799
1977-07-01,61.8017125462063
1977-07-05,61.807458114170615
1977-07-06,61.50444889201552
1977-07-07,61.73248499068929
1977-07-08,61.657906879776746
1977-07-11,61.52151096040219
1977-07-12,61.47157441750437
1977-07-13,61.56996740005556
1977-07-15,61.94660436602291
1977-07-18,62.4346829374457
1977-07-19,62.96624431948239
1977-07-20,62.94127595862907
1977-07-21,62.86679303954472
1977-07-22,62.92842678571741
1977-07-25,62.43302795278482
1977-07-26,62.0860099160647
1977-07-27,61.0887103910848
1977-07-28,61.19339114785186
1977-07-29,61.242358920957
1977-08-01,61.41974870126484
1977-08-02,61.04570210039151
1977-08-03,60.97521247330304
1977-08-04,61.2146210435192
1977-08-05,61.23712733135445
1977-08-08,60.76978667931441
1977-08-09,60.81703074429876
1977-08-10,61.36669752670738
1977-08-11,60.90535164074228
1977-08-12,60.741669459175576
1977-08-15,60.937869626670086
1977-08-16,60.66862658315589
1977-08-17,60.68484531202089
1977-08-18,60.65761104312264
1977-08-19,60.56205762668874
1977-08-22,60.74595760382847
1977-08-23,60.65038393628278
1977-08-24,60.41809235464219
1977-08-25,59.75695923895732
1977-08-26,59.71088589704849
1977-08-29,60.25531846851145
1977-08-30,59.92954516887471
1977-08-31,60.18194102463683
1977-09-01,60.23042647406278
1977-09-02,60.62725410003564
1977-09-06,60.800261500178166
1977-09-07,60.99822159930021
1977-09-08,60.55521064842791
1977-09-09,59.99999004631923
1977-09-12,59.79943752050705
1977-09-13,59.84789579434303
1977-09-14,60.14550837147343
1977-09-15,60.31240609374987
1977-09-16,60.1242184466681
1977-09-19,59.74277033464184
1977-09-20,59.77878898812125
1977-09-21,59.29738747000725
1977-09-22,59.30215452815157
1977-09-23,59.281979804108765
1977-09-26,59.5050561054014
1977-09-27,59.428756384782986
1977-09-28,59.48346349253311
1977-09-29,59.83151904956773
1977-09-30,60.26709184862118
1977-10-03,60.4098269538833
1977-10-04,59.97811688051557
1977-10-05,59.77108543468121
1977-10-06,60.013754908640266
1977-10-07,59.97534472083541
1977-10-10,59.8494264707586
1977-10-11,59.34842273320747
1977-10-12,58.80346015999854
1977-10-13,58.45212641064052
1977-10-14,58.525943008183766
1977-10-17,58.48093568373771
1977-10-18,58.48595840334852
1977-10-19,57.82139006220982
1977-10-20,58.01405747468946
1977-10-21,57.80613911467759
1977-10-24,57.38524484433795
1977-10-25,57.00176495021643
1977-10-26,57.70179170172235
1977-10-27,57.86328375669642
1977-10-28,58.04363889567799
1977-10-31,57.88560913852332
1977-11-01,57.276244473576085
1977-11-02,56.88608793224916
1977-11-03,56.9284917483547
1977-11-04,57.453884173266346
1977-11-07,57.91046730588652
1977-11-08,58.028383171962005
1977-11-09,58.3660082861576
1977-11-10,59.46330562686881
1977-11-11,60.272219200516105
1977-11-14,59.86946245056204
1977-11-15,60.2642224286785
1977-11-16,59.974381169842616
1977-11-17,59.80381437851825
1977-11-18,59.922263073902926
1977-11-21,59.883611183805655
1977-11-22,60.4233442481212
1977-11-23,60.6866060763606
1977-11-25,60.82418119405544
1977-11-28,60.4270993236697
1977-11-29,59.50134582095221
1977-11-30,59.68910580263829
1977-12-01,59.612775665441845
1977-12-02,59.61195681316045
1977-12-05,59.371858028902686
1977-12-06,58.47666731007986
1977-12-07,58.45671931822131
1977-12-08,58.58167646451989
1977-12-09,59.02807458844363
1977-12-12,59.02712528258308
1977-12-13,58.9946547021072
1977-12-14,59.30266886046293
1977-12-15,59.011659755146205
1977-12-16,58.92869452997949
1977-12-19,58.49237594730469
1977-12-20,58.38402786511004
1977-12-21,58.74271033942709
1977-12-22,59.22779042426576
1977-12-23,59.80145839872451
1977-12-27,59.81327065026335
1977-12-28,59.86298416961858
1977-12-29,59.99485198447348
1977-12-30,60.10780774516303
1978-01-03,59.31124341458301
1978-01-04,59.13387896078282
1978-01-05,58.65293093735605
1978-01-06,57.95675124659796
1978-01-09,57.34883432145496
1978-01-10,57.06334499816045
1978-01-11,56.80304881097795
1978-01-12,56.86545989772878
1978-01-13,56.79494300611722
1978-01-16,56.64207064048008
1978-01-17,56.93882283643188
1978-01-18,57.38140203247799
1978-01-19,57.09548772973665
1978-01-20,56.980570195472616
1978-01-23,56.58034812344169
1978-01-24,56.598415610395136
1978-01-25,56.698926683291454
1978-01-26,56.196906113607575
1978-01-27,56.20855253507758
1978-01-30,56.70245684863501
1978-01-31,56.65708901721807
1978-02-01,57.10204630574736
1978-02-02,57.24242493751291
1978-02-03,56.93194381483291
1978-02-06,56.86905942833267
1978-02-07,57.4097833695496
1978-02-08,57.74102193303796
1978-02-09,57.41763761334862
1978-02-10,57.29121126644163
1978-02-13,57.16472239819534
1978-02-14,56.65648006704723
1978-02-15,56.536140770075626
1978-02-16,56.07205653210376
1978-02-17,56.00880920430527
1978-02-21,55.786340815978384
1978-02-22,55.78031437693637
1978-02-23,55.84435820624892
1978-02-24,56.39907217422131
1978-02-27,55.92153859710902
1978-02-28,55.50114968507369
1978-03-01,55.60815963140533
1978-03-02,55.70245267670108
1978-03-03,55.79678197088441
1978-03-06,55.45728355236236
1978-03-07,55.76219514016332
1978-03-08,56.07999284846185
1978-03-09,56.12339627431691
1978-03-10,56.76706203504781
1978-03-13,56.82339082407767
1978-03-14,57.09055337082351
1978-03-15,56.95528331390364
1978-03-16,57.216185169209126
1978-03-17,57.668952969577575
1978-03-20,58.07715394362565
1978-03-21,57.43038371293446
1978-03-22,57.23746565155079
1978-03-23,57.17881069465416
1978-03-27,56.876980349935984
1978-03-28,57.29182280924458
1978-03-29,57.39316878335708
1978-03-30,57.25765966159936
1978-03-31,57.14129874120221
1978-04-03,56.67332551482855
1978-04-04,56.94191228237999
1978-04-05,57.4541169418023
1978-04-06,57.56274840877799
1978-04-07,57.81887046176447
1978-04-10,58.03662924320514
1978-04-11,57.89531999258402
1978-04-12,57.81809543679634
1978-04-13,58.38889135571259
1978-04-14,59.6466280416643
1978-04-17,60.64172101139936
1978-04-18,60.00001304664435
1978-04-19,60.28919834237945
1978-04-20,60.73908902845227
1978-04-21,60.62379527137667
1978-04-24,61.55590538449688
1978-04-25,62.12847797366057
1978-04-26,62.257702751919005
1978-04-27,61.65393235624243
1978-04-28,62.29120655195392
1978-05-01,62.84338467386567
1978-05-02,62.58505613968799
1978-05-03,61.95980497833297
1978-05-04,61.75913388616463
1978-05-05,62.157112751215685
1978-05-08,61.94996303493985
1978-05-09,61.77493135234137
1978-05-10,61.7995189828592
1978-05-11,62.63591028779643
1978-05-12,63.208411891223285
1978-05-15,63.6651128726359
1978-05-16,64.05751568308949
1978-05-17,64.23084637433782
1978-05-18,63.61103086587383
1978-05-19,63.300579685344594
1978-05-22,63.93835153801042
1978-05-23,63.279406865357295
1978-05-24,62.66538020730449
1978-05-25,62.496515645240045
1978-05-26,62.36632066490649
1978-05-30,62.55894791821713
1978-05-31,62.816231833194095
1978-06-01,62.8992541116265
1978-06-02,63.42166383498787
1978-06-05,64.60342867865178
1978-06-06,64.85488587613656
1978-06-07,64.73794286464025
1978-06-08,64.80846358021684
1978-06-09,64.63972314494062
1978-06-12,64.4062319768876
1978-06-13,64.43143487696759
1978-06-14,64.38546892661812
1978-06-15,63.65989498549232
1978-06-16,63.07646232884856
1978-06-19,63.133797340758015
1978-06-20,62.51118267262424
1978-06-21,62.199228804952526
1978-06-22,62.3600747922709
1978-06-23,62.11924506912454
1978-06-26,61.32096498413519
1978-06-27,61.57896719063911
1978-06-28,61.86299434606537
1978-06-29,61.98501245831847
1978-06-30,61.97087306999716
1978-07-03,61.69858308340758
1978-07-05,61.17961556448729
1978-07-06,61.22504107722094
1978-07-07,61.608023558961904
1978-07-10,61.86780478474017
1978-07-11,62.30952781595695
1978-07-12,62.524094909198645
1978-07-13,62.5438524936592
1978-07-14,63.42135971049008
1978-07-17,63.56479595921069
1978-07-18,62.98670619050306
1978-07-19,63.81283742765298
1978-07-20,63.767835710532005
1978-07-21,63.59922171483512
1978-07-24,63.59319108057388
1978-07-25,64.07523211157758
1978-07-26,64.50540030155996
1978-07-27,64.81855944581564
1978-07-28,65.13184821910332
1978-07-31,65.58855752475692
1978-08-01,65.58692845236352
1978-08-02,67.07086817159514
1978-08-03,67.4670171965908
1978-08-04,67.74597372261087
1978-08-07,67.51654479556322
1978-08-08,67.82820572529586
1978-08-09,68.1595358562427
1978-08-10,67.62349761444257
1978-08-11,67.83095369834605
1978-08-14,67.84926734235522
1978-08-15,67.7827460612888
1978-08-16,68.31668606959974
1978-08-17,68.60926699920506
1978-08-18,68.39266734323353
1978-08-21,67.85599801630516
1978-08-22,68.14211269615718
1978-08-23,68.54591753191684
1978-08-24,68.66890242137407
1978-08-25,68.56320687792623
1978-08-28,67.96073099448937
1978-08-29,67.59992087781382
1978-08-30,67.68359042752188
1978-08-31,67.55802392719453
1978-09-01,67.82670802289925
1978-09-05,68.37025713925918
1978-09-06,68.9663686044405
1978-09-07,69.00643135643269
1978-09-08,69.9171077231416
1978-09-11,70.0555807239664
1978-09-12,70.0762288660931
1978-09-13,69.66459877406022
1978-09-14,68.86628595168327
1978-09-15,68.23801214363236
1978-09-18,67.65535266097382
1978-09-19,67.22322462834707
1978-09-20,66.7122451380416
1978-09-21,66.83715630883985
1978-09-22,66.81125369605527
1978-09-25,66.83782745903162
1978-09-26,67.34997616038964
1978-09-27,66.73348296500441
1978-09-28,66.94384581646953
1978-09-29,67.33813426849031
1978-10-02,67.62671788593595
1978-10-03,67.40308550199076
1978-10-04,67.71806463834601
1978-10-05,67.86889201518666
1978-10-06,68.04606265432675
1978-10-09,68.76230253994032
1978-10-10,68.68987676375109
1978-10-11,69.31444478719025
1978-10-12,68.99216422525316
1978-10-13,68.86053205650477
1978-10-16,67.52480174351874
1978-10-17,66.64921085464044
1978-10-18,66.15503466960959
1978-10-19,65.40392675685759
1978-10-20,64.50766486554228
1978-10-23,64.67137346462992
1978-10-24,64.22913200789664
1978-10-25,64.12272352130918
1978-10-26,63.29142493054696
1978-10-27,62.35435142891438
1978-10-30,62.67600453952373
1978-10-31,61.42857111552241
1978-11-01,63.88157222133715
1978-11-02,63.07720403389997
1978-11-03,63.46660772866629
1978-11-06,62.826772388231205
1978-11-07,61.95565275156217
1978-11-08,62.36486326505533
1978-11-09,62.35825969887989
1978-11-10,62.60261397786029
1978-11-13,61.5325275232581
1978-11-14,61.12269760350293
1978-11-15,61.281028509212206
1978-11-16,61.95500047834932
1978-11-17,62.43752372647349
1978-11-20,62.99960251788996
1978-11-21,62.854203646471326
1978-11-22,63.17844270617685
1978-11-24,63.39694263482171
1978-11-27,63.542730129587255
1978-11-28,63.000129597924406
1978-11-29,62.08650824320226
1978-11-30,62.72879504833469
1978-12-01,63.789168007390586
1978-12-04,63.71706074709535
1978-12-05,64.58592864624575
1978-12-06,64.63326299687866
1978-12-07,64.3756529910349
1978-12-08,64.09139591410126
1978-12-11,64.42385314477765
1978-12-12,64.0930369116629
1978-12-13,63.75543979882564
1978-12-14,63.756181399774384
1978-12-15,63.29886193274654
1978-12-18,62.05782058287243
1978-12-19,62.602774808984776
1978-12-20,62.90882453948226
1978-12-21,62.94258418999591
1978-12-22,64.01974956866319
1978-12-26,64.83813885171456
1978-12-27,64.28060659146284
1978-12-28,64.04202553679094
1978-12-29,63.943025262294135
1979-01-02,64.36794074755964
1979-01-03,65.09246401729139
1979-01-04,65.62424975522731
1979-01-05,66.00312667057537
1979-01-08,65.79622973844992
1979-01-09,66.16196532010659
1979-01-10,65.80180769061495
1979-01-11,66.03444104543021
1979-01-12,66.60033290025312
1979-01-15,67.11978853361522
1979-01-16,66.31290836052011
1979-01-17,66.33912708460117
1979-01-18,66.51205817951501
1979-01-19,66.54498698133284
1979-01-22,66.65798201709052
1979-01-23,67.13800123826097
1979-01-24,66.85740092397744
1979-01-25,67.55791831829285
1979-01-26,68.01835521940997
1979-01-29,67.82456284221806
1979-01-30,67.50379113690079
1979-01-31,66.76871543825014
1979-02-01,66.80413243632505
1979-02-02,66.51209238982659
1979-02-05,65.58487085498017
1979-02-06,65.57323116297391
1979-02-07,64.9931211836091
1979-02-08,65.33585919514205
1979-02-09,65.49810131364069
1979-02-12,65.73402583452533
1979-02-13,66.23781719602847
1979-02-14,66.21289722548522
1979-02-15,66.13438531425847
1979-02-16,66.10941789931039
1979-02-20,66.62714321309737
1979-02-21,66.4079293802242
1979-02-22,65.92718913639649
1979-02-23,65.57360871230637
1979-02-26,65.51493766926149
1979-02-27,64.49702261267264
1979-02-28,64.61251407517504
1979-03-01,65.04130551654781
1979-03-02,65.10108914205927
1979-03-05,65.84567144929045
1979-03-06,65.73104971115586
1979-03-07,66.12680465849513
1979-03-08,66.90560812138192
1979-03-09,66.89189760015127
1979-03-12,66.99241959689589
1979-03-13,67.11986484768441
1979-03-14,67.04567840564916
1979-03-15,67.15973322132174
1979-03-16,67.73115694237275
1979-03-19,67.99336926342201
1979-03-20,67.62998103573524
1979-03-21,68.14799013586975
1979-03-22,68.44408654181706
1979-03-23,68.41043079786496
1979-03-26,68.04682838997749
1979-03-27,69.03000832690756
1979-03-28,68.80109698585612
1979-03-29,68.75399699326526
1979-03-30,68.47102560568524
1979-04-02,68.02063405698568
1979-04-03,69.04640690191843
1979-04-04,69.2297610890124
1979-04-05,69.65598407067283
1979-04-06,69.61693170481011
1979-04-09,69.42267820746757
1979-04-10,69.75472172289103
1979-04-11,69.07440583326523
1979-04-12,68.87990140954538
1979-04-16,68.30039350030721
1979-04-17,68.39606700994041
1979-04-18,68.72147939114697
1979-04-19,68.45238938876916
1979-04-20,68.43325551840167
1979-04-23,68.67775157398826
1979-04-24,69.11843656260498
1979-04-25,69.33612960791301
1979-04-26,69.01951642512398
1979-04-27,68.89221007565115
1979-04-30,68.87989067063688
1979-05-01,68.83958672217179
1979-05-02,68.88050826213515
1979-05-03,68.95529826990618
1979-05-04,68.21059562917634
1979-05-07,67.09299441383708
1979-05-08,67.20811986666742
1979-05-09,67.41816731858904
1979-05-10,66.79454843001002
1979-05-11,66.80797732389631
1979-05-14,66.5094762191784
1979-05-15,66.57710927263244
1979-05-16,66.78044258048955
1979-05-17,67.82522974315772
1979-05-18,67.8320778086677
1979-05-21,67.98826182001355
1979-05-22,68.25313745546805
1979-05-23,67.84583550042677
1979-05-24,67.886644594455
1979-05-25,68.09730284892284
1979-05-29,67.99548361422143
1979-05-30,67.37031418678768
1979-05-31,67.36346707869598
1979-06-01,67.43869068373412
1979-06-04,67.55474809886866
1979-06-05,68.45305051166746
1979-06-06,68.92992630777869
1979-06-07,69.27770941358241
1979-06-08,69.08796388588263
1979-06-11,69.38827258495753
1979-06-12,70.04275222976128
1979-06-13,69.68959590322214
1979-06-14,69.62918846587945
1979-06-15,69.56875281285988
1979-06-18,69.22208313771635
1979-06-19,69.25014110431977
1979-06-20,69.29865362607957
1979-06-21,69.62675338803028
1979-06-22,70.01637049302938
1979-06-25,69.65577205210946
1979-06-26,69.376902686089
1979-06-27,69.807642146418
1979-06-28,70.18396019597749
1979-06-29,70.27368389101873
1979-07-02,69.66009744623842
1979-07-03,69.74292307788177
1979-07-05,69.98974029545678
1979-07-06,70.81745557756405
1979-07-09,71.4131407196319
1979-07-10,71.24346370861952
1979-07-11,70.87543896012056
1979-07-12,70.2405515051114
1979-07-13,70.0021143025399
1979-07-16,70.30405266556372
1979-07-17,69.69601064160481
1979-07-18,69.61472342030419
1979-07-19,69.57447224016502
1979-07-20,69.73277087156413
1979-07-23,69.58979095356037
1979-07-24,69.86460780770462
1979-07-25,70.63969162618044
1979-07-26,70.66812515655731
1979-07-27,70.68286111701342
1979-07-30,70.73188103110782
1979-07-31,71.19920188263337
1979-08-01,71.45921072774446
1979-08-02,71.42433827684715
1979-08-03,71.39631316384035
1979-08-06,71.58787160953467
1979-08-07,72.52763337583661
1979-08-08,72.76751917180493
1979-08-09,72.44446086043818
1979-08-10,73.08272666653386
1979-08-13,73.79677450997686
1979-08-14,73.87904918686813
1979-08-15,74.39424004900125
1979-08-16,74.29796473104656
1979-08-17,74.45598596649876
1979-08-20,74.83405653699697
1979-08-21,74.90283493455037
1979-08-22,74.97163085118837
1979-08-23,74.73778755751691
1979-08-24,74.73089785619248
1979-08-27,75.11623687908373
1979-08-28,75.04746347239742
1979-08-29,75.06126999899371
1979-08-30,75.07507906558494
1979-08-31,75.29548353196834
1979-09-04,74.01736792768028
1979-09-05,73.31736344156238
1979-09-06,73.6437594195623
1979-09-07,74.21842365385247
1979-09-10,74.58651834240293
1979-09-11,74.14802859009622
1979-09-12,74.3783293338816
1979-09-13,74.4155749778622
1979-09-14,75.06002934387736
1979-09-17,75.13193988270035
1979-09-18,74.56881184737318
1979-09-19,74.77873128875775
1979-09-20,76.33542367341333
1979-09-21,76.32477966709509
1979-09-24,75.74758151492506
1979-09-25,75.81281186543627
1979-09-26,76.02322267759806
1979-09-27,76.21298296634845
1979-09-28,75.61448564162231
1979-10-01,75.10337497650656
1979-10-02,75.83041235408844
1979-10-03,75.84502176319374
1979-10-04,76.26104153295915
1979-10-05,77.03716651728882
1979-10-08,76.08965003187183
1979-10-09,73.85375087811552
1979-10-10,72.94680284586184
1979-10-11,72.78766866580536
1979-10-12,72.41367214966981
1979-10-15,71.64451244699985
1979-10-16,71.54048030568688
1979-10-17,71.69291887938286
1979-10-18,71.85928488956061
1979-10-19,70.47908120598775
1979-10-22,69.87527439497543
1979-10-23,69.59039085152261
1979-10-24,69.71483433814313
1979-10-25,69.42286233467873
1979-10-26,69.83194737524582
1979-10-29,69.94261132851817
1979-10-30,71.31729636336216
1979-10-31,70.74060485749312
1979-11-01,71.27684415927311
1979-11-02,71.25043453694411
1979-11-05,70.78612014266056
1979-11-06,70.3702670349189
1979-11-07,69.46053325562076
1979-11-08,69.77449632526165
1979-11-09,70.6312029328086
1979-11-12,72.03795843878721
1979-11-13,71.65671263789527
1979-11-14,71.98532097638076
1979-11-15,72.51597988147206
1979-11-16,72.29475585630702
1979-11-19,72.6167403382963
1979-11-20,72.25609380949123
1979-11-21,72.41095434346433
1979-11-23,72.97013708986893
1979-11-26,74.4707050730115
1979-11-27,74.19380678276124
1979-11-28,74.48171717090628
1979-11-29,74.52559185181775
1979-11-30,74.08804504360845
1979-12-03,73.87391949641056
1979-12-04,74.56017318099896
1979-12-05,74.89762459371944
1979-12-06,75.43774055980941
1979-12-07,75.11893367365451
1979-12-10,75.24013704615011
1979-12-11,75.13078341297829
1979-12-12,75.16815851243102
1979-12-13,75.289441308531
1979-12-14,76.17995960255352
1979-12-17,76.48335749933824
1979-12-18,75.77950985661764
1979-12-19,75.72608268338345
1979-12-20,75.78461587249177
1979-12-21,75.33214569083692
1979-12-24,75.39761452277823
1979-12-26,75.49811633974961
1979-12-27,75.64069108343385
1979-12-28,75.57313143315422
1979-12-31,75.65971852779272
1980-01-02,74.14639404584752
1980-01-03,73.782244746836
1980-01-04,74.7081905228381
1980-01-07,74.92612852396685
1980-01-08,76.44190358674292
1980-01-09,76.52695257057361
1980-01-10,77.13132745958617
1980-01-11,77.1674000271097
1980-01-14,77.50535786163934
1980-01-15,78.05409679689123
1980-01-16,78.0060881869323
1980-01-17,77.77541636487484
1980-01-18,78.05051421509786
1980-01-21,78.78950493607361
1980-01-22,78.39016527758068
1980-01-23,79.76219347718143
1980-01-24,79.96053015738029
1980-01-25,79.91280679828002
1980-01-28,80.80057426334746
1980-01-29,80.26755157998959
1980-01-30,81.07832304047551
1980-01-31,80.36215564712093
1980-02-01,81.05463900673156
1980-02-04,80.54341528031156
1980-02-05,80.76438043654096
1980-02-06,81.52780519436891
1980-02-07,81.93927906957883
1980-02-08,83.13310657000815
1980-02-11,82.56538727758122
1980-02-12,83.1324147147042
1980-02-13,83.53044869664977
1980-02-14,82.33476548346435
1980-02-15,81.42779630171454
1980-02-19,80.87321524397967
1980-02-20,82.20968087024261
1980-02-21,81.3868069412577
1980-02-22,81.23428173314285
1980-02-25,80.04366371308474
1980-02-26,80.51938461406928
1980-02-27,79.40581663722882
1980-02-28,79.40111983955819
1980-02-29,80.34343872870221
1980-03-03,79.54112254523164
1980-03-04,79.75657597406573
1980-03-05,78.60724858854864
1980-03-06,76.87031598065933
1980-03-07,75.64908205603328
1980-03-10,75.38972396061496
1980-03-11,76.30522345651157
1980-03-12,75.67774566523315
1980-03-13,74.80922044634856
1980-03-14,74.69108936164666
1980-03-17,72.46174715117098
1980-03-18,73.7815031664859
1980-03-19,73.94656044368918
1980-03-20,73.11921483607316
1980-03-21,72.56093869706021
1980-03-24,70.42793478650371
1980-03-25,70.37957451181128
1980-03-26,70.03317737403984
1980-03-27,69.72211128562014
1980-03-28,71.48368454399488
1980-03-31,72.50050814642903
1980-04-01,72.58075657317757
1980-04-02,72.95226688127525
1980-04-03,72.59214514387207
1980-04-07,71.21563785833051
1980-04-08,71.94958938687915
1980-04-09,73.32374075602709
1980-04-10,74.0300459036335
1980-04-11,73.84044948944013
1980-04-14,73.1812101892899
1980-04-15,73.04825858786899
1980-04-16,72.28889361929721
1980-04-17,71.95633505163569
1980-04-18,71.61650022997728
1980-04-21,71.09844635614945
1980-04-22,73.70050516141364
1980-04-23,73.93087783500377
1980-04-24,74.42505486729793
1980-04-25,74.98361244528421
1980-04-28,75.34276036784362
1980-04-29,75.51663708177159
1980-04-30,75.84039386732911
1980-05-01,75.26463636957904
1980-05-02,75.36662300564998
1980-05-05,75.95405243495095
1980-05-06,75.87772878336673
1980-05-07,76.55835856563203
1980-05-08,75.82496853931701
1980-05-09,74.83405647698262
1980-05-12,74.8931810297956
1980-05-13,75.99589089040846
1980-05-14,76.40559498831739
1980-05-15,76.52229572196586
1980-05-16,76.79639464907923
1980-05-19,77.04199283118551
1980-05-20,77.02294827715068
1980-05-21,77.11124148941514
1980-05-22,78.05143130667425
1980-05-23,79.22114399863963
1980-05-27,79.79694682452175
1980-05-28,80.28703594808243
1980-05-29,79.0219971395477
1980-05-30,79.73428118161844
1980-06-02,79.4066313394128
1980-06-03,79.24373275425627
1980-06-04,80.76588404301754
1980-06-05,80.90442201616418
1980-06-06,81.22235477080584
1980-06-09,81.60499358579885
1980-06-10,82.30355770355834
1980-06-11,83.29669642111058
1980-06-12,82.95485364685257
1980-06-13,83.18016568049876
1980-06-16,83.39838278090028
1980-06-17,83.37243462503305
1980-06-18,83.55485011801025
1980-06-19,82.42213384054277
1980-06-20,82.00777872827686
1980-06-23,82.34819437399189
1980-06-24,82.81818542714987
1980-06-25,83.97168748407786
1980-06-26,83.60766295669178
1980-06-27,83.48813834357678
1980-06-30,82.23859242928268
1980-07-01,82.75086653087682
1980-07-02,83.30652985536233
1980-07-03,84.60414966022425
1980-07-07,85.21798948445984
1980-07-08,84.90992086077591
1980-07-09,85.0268668058203
1980-07-10,84.30063836678843
1980-07-11,84.95812162167864
1980-07-14,86.53868528179075
1980-07-15,86.04307971331679
1980-07-16,86.29736025955373
1980-07-17,87.61936771949743
1980-07-18,88.06884472307597
1980-07-21,88.42467714515398
1980-07-22,88.21043776193201
1980-07-23,88.0394270004222
1980-07-24,87.95499615694797
1980-07-25,87.24222665871018
1980-07-28,87.72824276020206
1980-07-29,88.44562593701635
1980-07-30,88.33951852735328
1980-07-31,87.95149727142554
1980-08-01,87.63600959963892
1980-08-04,87.48669086583041
1980-08-05,87.33007239227408
1980-08-06,87.93285248163686
1980-08-07,89.21588192752135
1980-08-08,89.45746245719836
1980-08-11,90.32152183318097
1980-08-12,89.62240614713664
1980-08-13,89.2705260806681
1980-08-14,90.71434649339425
1980-08-15,91.07231903632858
1980-08-18,89.40208765358935
1980-08-19,88.8470057753537
1980-08-20,89.71209679339242
1980-08-21,90.95443220675072
1980-08-22,91.3780253009328
1980-08-25,90.77213311841176
1980-08-26,90.55762593088004
1980-08-27,89.61764815408729
1980-08-28,88.59024071586855
1980-08-29,88.8250946898509
1980-09-02,89.82911543635944
1980-09-03,91.5739858836568
1980-09-04,91.08315918108316
1980-09-05,90.70834038443468
1980-09-08,89.5852211380763
1980-09-09,90.15442405162432
1980-09-10,90.70930390411652
1980-09-11,91.3443428889194
1980-09-12,91.2745040917093
1980-09-15,91.38639915752232
1980-09-16,92.18189712359325
1980-09-17,93.74866228688865
1980-09-18,93.42460293873413
1980-09-19,94.0608617607746
1980-09-22,94.91567292529584
1980-09-23,94.22770072506366
1980-09-24,94.92998408670124
1980-09-25,93.74660340758876
1980-09-26,92.038384215708
1980-09-29,90.0089951333958
1980-09-30,91.42500976154923
1980-10-01,92.65748754965443
1980-10-02,93.37290234611056
1980-10-03,94.29267085256872
1980-10-06,96.05847855867226
1980-10-07,95.54246624896588
1980-10-08,96.03274580281952
1980-10-09,95.60407936795436
1980-10-10,95.0731236116678
1980-10-13,96.3589511668113
1980-10-14,96.36801384537604
1980-10-15,97.61068311810205
1980-10-16,96.54674843771669
1980-10-17,96.05200104560016
1980-10-20,96.86435457955514
1980-10-21,96.31835128456372
1980-10-22,96.39314826500298
1980-10-23,94.66315283948845
1980-10-24,94.91308975851732
1980-10-27,93.48923500140964
1980-10-28,93.6293909447144
1980-10-29,93.542917822857
1980-10-30,92.37405918703688
1980-10-31,93.25284378664756
1980-11-03,94.42090058044566
1980-11-05,96.11628803718084
1980-11-06,94.36526895714265
1980-11-07,94.58264259227694
1980-11-10,94.82207852835748
1980-11-11,96.14545556417607
1980-11-12,98.6047261119142
1980-11-13,100.01735233210756
1980-11-14,100.52189676735456
1980-11-17,100.98268430895332
1980-11-18,102.43332003600204
1980-11-19,101.98547068417436
1980-11-20,102.98954183391449
1980-11-21,102.06481401183268
1980-11-24,101.49919821767972
1980-11-25,102.26895839333326
1980-11-26,102.90690817513487
1980-11-28,103.18538935670298
1980-12-01,100.77285653298284
1980-12-02,100.61419953860836
1980-12-03,100.44080060011711
1980-12-04,100.28936679411264
1980-12-05,98.50656836618856
1980-12-08,96.01022669017068
1980-12-09,95.9314420937384
1980-12-10,94.31602086687292
1980-12-11,93.67069481495405
1980-12-12,95.06241016613625
1980-12-15,95.24085962192996
1980-12-16,96.10360764928257
1980-12-17,97.80552427887976
1980-12-18,97.90357807232245
1980-12-19,98.4359695522176
1980-12-22,99.98456552701926
1980-12-23,99.64858565169114
1980-12-24,100.09317430371183
1980-12-26,100.61894466224447
1980-12-29,99.501918515691
1980-12-30,99.74037811200714
1980-12-31,100.07472237385174
1981-01-02,100.5207799371841
1981-01-05,101.74114522986972
1981-01-06,101.8705736910367
1981-01-07,99.64726753072
1981-01-08,98.17556244575594
1981-01-09,98.50361052475392
1981-01-12,98.55135726024432
1981-01-13,98.399816382662
1981-01-14,98.5509078015473
1981-01-15,99.12291959245776
1981-01-16,99.5474391622707
1981-01-19,99.27038856963954
1981-01-20,97.27925912865749
1981-01-21,97.08297163583492
1981-01-22,96.28795972705836
1981-01-23,96.28359663297688
1981-01-26,96.01306756992554
1981-01-27,96.9773521813146
1981-01-28,96.41839859200496
1981-01-29,96.36226691583748
1981-01-30,95.869572061168
1981-02-02,93.93635471500647
1981-02-03,95.1036598009143
1981-02-04,95.22016720881332
1981-02-05,96.01058382179758
1981-02-06,96.74948075594958
1981-02-09,95.78482737654714
1981-02-10,95.78301577327964
1981-02-11,95.06230676480436
1981-02-12,94.51919159103608
1981-02-13,94.1686166889646
1981-02-17,94.80421401026128
1981-02-18,95.3213986611987
1981-02-19,93.95433659398678
1981-02-20,93.9521015359669
1981-02-23,94.54364581903
1981-02-24,94.59349413622743
1981-02-25,95.45274228085732
1981-02-26,96.64656685989124
1981-02-27,97.536316169715
1981-03-02,98.10356293535968
1981-03-03,97.04351410551608
1981-03-04,97.2838331697904
1981-03-05,96.60982113598584
1981-03-06,96.56760021295796
1981-03-09,97.52931873876716
1981-03-10,97.0558254912996
1981-03-11,96.69373629612988
1981-03-12,99.1218414210448
1981-03-13,99.08000489175372
1981-03-16,100.26631795203517
1981-03-17,99.71842494176316
1981-03-18,99.95961926763329
1981-03-19,99.41146902949004
1981-03-20,99.89104363025446
1981-03-23,101.10835071294676
1981-03-24,100.36635916261253
1981-03-25,102.20275937108126
1981-03-26,101.59487234285714
1981-03-27,100.40523181417308
1981-03-30,100.14726657420162
1981-03-31,101.44794448033136
1981-04-01,101.89205663905643
1981-04-02,101.72454009804191
1981-04-03,101.1241492454673
1981-04-06,99.97868011914252
1981-04-07,99.98240476287545
1981-04-08,100.29970285494436
1981-04-09,100.58724956636588
1981-04-10,100.48650011835848
1981-04-13,99.48924462966951
1981-04-14,99.15661639010658
1981-04-15,100.2886451646082
1981-04-16,100.7035099523148
1981-04-20,101.28300154865106
1981-04-21,100.38963293188792
1981-04-22,100.34104840637436
1981-04-23,100.21015825168364
1981-04-24,101.1266519623928
1981-04-27,101.39993525519218
1981-04-28,100.55813440020684
1981-04-29,99.61869425294996
1981-04-30,99.45757393630196
1981-05-01,99.41016963262533
1981-05-04,97.8946545552976
1981-05-05,97.65212747829791
1981-05-06,98.01643934049264
1981-05-07,98.70317399454596
1981-05-08,98.71552157738672
1981-05-11,97.27330270832311
1981-05-12,98.05027924329352
1981-05-13,97.94247573445097
1981-05-14,98.50982694811412
1981-05-15,99.19746514872344
1981-05-18,99.4950964234372
1981-05-19,99.1772917001216
1981-05-20,99.12965465933604
1981-05-21,98.96183454447454
1981-05-22,98.66625157356368
1981-05-26,99.76793600809116
1981-05-27,100.53942405423597
1981-05-28,100.31912041200094
1981-05-29,99.69279182321404
1981-06-01,99.57569653071111
1981-06-02,98.2477820656305
1981-06-03,98.33346025887136
1981-06-04,98.5395261752765
1981-06-05,99.5056242375995
1981-06-08,99.5388837265204
1981-06-09,99.35385860567818
1981-06-10,99.63553832970736
1981-06-11,100.73053590875256
1981-06-12,100.55315626509224
1981-06-15,100.66194061169492
1981-06-16,99.58038603806828
1981-06-17,100.48025708915252
1981-06-18,99.23245638234502
1981-06-19,99.72551948394748
1981-06-22,99.50249361190062
1981-06-23,100.57643409252611
1981-06-24,100.07441493740582
1981-06-25,100.205874291527
1981-06-26,100.03558077722322
1981-06-29,99.54827251697236
1981-06-30,99.05323845092552
1981-07-01,97.984846934193
1981-07-02,97.15011472278825
1981-07-06,96.2093394112174
1981-07-07,96.88465906632412
1981-07-08,96.9633878015925
1981-07-09,97.72221178468835
1981-07-10,97.79355617136513
1981-07-13,98.01611752495604
1981-07-14,98.042175349105
1981-07-15,98.49928279356898
1981-07-16,98.60107414800224
1981-07-17,98.93741086576128
1981-07-20,97.4125585565113
1981-07-21,97.14336635749244
1981-07-22,96.24582803369974
1981-07-23,96.46840633322428
1981-07-24,97.2892608191059
1981-07-27,98.39820008828902
1981-07-28,97.84108382492188
1981-07-29,97.87470807720004
1981-07-30,98.53728773648793
1981-07-31,99.2455982148239
1981-08-03,98.93173013983083
1981-08-04,99.48209669278926
1981-08-05,100.63179059516774
1981-08-06,100.62899252445908
1981-08-07,99.97373917890744
1981-08-10,100.59302297825532
1981-08-11,101.60722362480456
1981-08-12,101.28576350009416
1981-08-13,101.38936901706268
1981-08-14,100.63488160389042
1981-08-17,99.69018672615364
1981-08-18,98.86666900274795
1981-08-19,99.175029584858
1981-08-20,99.34669876252843
1981-08-21,98.25654608650406
1981-08-24,95.4400296407548
1981-08-25,95.17757735477488
1981-08-26,95.0671464542429
1981-08-27,93.98286970261567
1981-08-28,94.4352392459262
1981-08-31,93.4721683853618
1981-09-01,93.66769241157184
1981-09-02,94.04603812337724
1981-09-03,92.35307849718698
1981-09-04,91.4820450170744
1981-09-08,89.90967215590692
1981-09-09,90.24940633578348
1981-09-10,91.59544324748629
1981-09-11,92.73621338493378
1981-09-14,92.0320556661075
1981-09-15,91.37334089710204
1981-09-16,90.70671343550649
1981-09-17,89.41406188142827
1981-09-18,88.75433045329582
1981-09-21,89.52188254728185
1981-09-22,89.11385977961892
1981-09-23,88.34669234962192
1981-09-24,87.87710967410231
1981-09-25,86.1847803944335
1981-09-28,88.31296882400831
1981-09-29,88.64569679320874
1981-09-30,88.84858237738199
1981-10-01,89.55527727831883
1981-10-02,91.31782941383716
1981-10-05,91.45152111796205
1981-10-06,91.37865145515347
1981-10-07,92.86712239768264
1981-10-08,93.6519103892897
1981-10-09,93.01282901358186
1981-10-12,92.84830855325728
1981-10-13,92.53817166425767
1981-10-14,91.04033990601762
1981-10-15,91.75657339495896
1981-10-16,91.37702308116718
1981-10-19,91.23497074173508
1981-10-20,92.25073331915716
1981-10-21,92.13180371176014
1981-10-22,91.7980265069213
1981-10-23,91.01907972445602
1981-10-26,90.70027678713596
1981-10-27,91.58647214650487
1981-10-28,91.72829810503208
1981-10-29,91.447825231917
1981-10-30,93.64045647278677
1981-11-02,95.43601473021585
1981-11-03,95.9183960816688
1981-11-04,95.89371841081436
1981-11-05,94.99265766005288
1981-11-06,94.34492717099472
1981-11-09,94.8428576170869
1981-11-10,94.4101878879546
1981-11-11,94.60056924647368
1981-11-12,94.8295138261034
1981-11-13,93.68063859376782
1981-11-16,92.60054089626732
1981-11-17,93.3220621379173
1981-11-18,92.65735458406968
1981-11-19,93.0247780713478
1981-11-20,93.8162190104578
1981-11-23,93.75239961818768
1981-11-24,95.24595036258772
1981-11-25,95.68366798361389
1981-11-27,96.50723596617512
1981-11-30,97.5009032283423
1981-12-01,97.32776363036228
1981-12-02,96.25922994300558
1981-12-03,96.61071198327306
1981-12-04,97.5105542632798
1981-12-07,96.70397453465982
1981-12-08,96.43778011529076
1981-12-09,96.9672717498959
1981-12-10,97.16467615508024
1981-12-11,96.58150437902148
1981-12-14,94.93896272107445
1981-12-15,95.12060235187944
1981-12-16,94.69905978206909
1981-12-17,95.25976476364954
1981-12-18,95.9599557010456
1981-12-21,95.46866436616506
1981-12-22,95.13197843500132
1981-12-23,94.70999077008292
1981-12-24,94.90730498668744
1981-12-28,94.7174390789928
1981-12-29,94.27185947112764
1981-12-30,94.77912098566009
1981-12-31,94.9920906356307
1982-01-04,95.16183372313807
1982-01-05,93.09876028787892
1982-01-06,92.4460979244535
1982-01-07,92.27404700020207
1982-01-08,92.7769171707454
1982-01-11,90.64920067719228
1982-01-12,90.2980543709714
1982-01-13,89.21689058349216
1982-01-14,89.75056195699767
1982-01-15,90.38546099075144
1982-01-18,91.09835069352748
1982-01-19,90.14845577746092
1982-01-20,89.62563887753512
1982-01-21,90.02005787794751
1982-01-22,89.75359894637651
1982-01-25,89.79817406971905
1982-01-26,89.64823941273467
1982-01-27,90.09748942831504
1982-01-28,92.59426671952652
1982-01-29,93.7685419059067
1982-02-01,91.75209095632678
1982-02-02,91.95477910523506
1982-02-03,90.78615069512183
1982-02-04,90.76264693357524
1982-02-05,91.44078479064537
1982-02-08,89.41330767810967
1982-02-09,88.69520754686312
1982-02-10,89.48255331570493
1982-02-11,89.32598597291866
1982-02-12,89.30984368706207
1982-02-16,89.08286929474991
1982-02-17,88.81672522108808
1982-02-18,88.94104190538181
1982-02-19,88.49498435031514
1982-02-22,87.2436183927687
1982-02-23,87.20343439639144
1982-02-24,88.7585466114806
1982-02-25,88.57791316869793
1982-02-26,88.52237146928267
1982-03-01,88.69834588735098
1982-03-02,88.22467912378433
1982-03-03,86.86604319363323
1982-03-04,86.07066385703534
1982-03-05,85.66658663226954
1982-03-08,84.11843528642584
1982-03-09,85.30458284573915
1982-03-10,85.77795293016509
1982-03-11,85.75759964274495
1982-03-12,85.1883117417026
1982-03-15,85.8658830832078
1982-03-16,85.75138451391003
1982-03-17,85.6132915625466
1982-03-18,86.58964339027979
1982-03-19,86.85203081579317
1982-03-22,88.56716573020343
1982-03-23,89.199228490848
1982-03-24,88.76320908088812
1982-03-25,88.97128642962043
1982-03-26,87.99275219637049
1982-03-29,88.29507414660256
1982-03-30,88.2908842872856
1982-03-31,88.0664988946796
1982-04-01,89.52624122220838
1982-04-02,90.59326234600032
1982-04-05,90.30721881147032
1982-04-06,90.82390657243944
1982-04-07,90.92355438931304
1982-04-08,91.54298932717654
1982-04-12,91.39078478808528
1982-04-13,91.40395332041828
1982-04-14,91.29892292086882
1982-04-15,91.7298195503092
1982-04-16,92.11360759194336
1982-04-19,92.04807891514052
1982-04-20,91.07544803903198
1982-04-21,91.31732689571471
1982-04-22,92.49837063895843
1982-04-23,93.66416078899177
1982-04-26,94.17521421056534
1982-04-27,93.20192713951812
1982-04-28,92.63890803087942
1982-04-29,91.77540856408282
1982-04-30,92.033612375792
1982-05-03,92.35629669556816
1982-05-04,92.88468612550186
1982-05-05,93.07329149793716
1982-05-06,93.89476029023557
1982-05-07,94.54256472311366
1982-05-10,93.70293552588998
1982-05-11,94.54888312724744
1982-05-12,94.37389639218908
1982-05-13,93.64447281737226
1982-05-14,93.50085555013546
1982-05-17,92.49353870096311
1982-05-18,91.82650303986748
1982-05-19,91.09572539913428
1982-05-20,90.8799631423516
1982-05-21,91.13994834285562
1982-05-24,91.08274099115144
1982-05-25,90.79539265390268
1982-05-26,89.79359859890909
1982-05-27,89.45815633992146
1982-05-28,88.8605002041604
1982-06-01,88.7225481046378
1982-06-02,89.02940804365947
1982-06-03,88.90731076708212
1982-06-04,87.52140197682984
1982-06-07,87.5658372905872
1982-06-08,87.19678269974868
1982-06-09,86.70824814045451
1982-06-10,87.2218875156352
1982-06-11,88.53946363685519
1982-06-14,87.54149141841798
1982-06-15,87.34712633701876
1982-06-16,86.71469255169983
1982-06-17,85.72352780010843
1982-06-18,85.48874567648316
1982-06-21,85.44509650840395
1982-06-22,86.34196213706008
1982-06-23,87.82919847810835
1982-06-24,87.6026490319881
1982-06-25,87.07288837798103
1982-06-28,87.9869115915788
1982-06-29,87.96769913568504
1982-06-30,87.50947602114294
1982-07-01,86.81259941513385
1982-07-02,85.98760290622876
1982-07-06,85.72132727519386
1982-07-07,85.68661591670016
1982-07-08,85.95556312997384
1982-07-09,87.0160123674733
1982-07-12,87.62922098016601
1982-07-13,87.55493650890479
1982-07-14,88.36856513677304
1982-07-15,88.41444004581362
1982-07-16,88.91653034086427
1982-07-19,88.66635498937165
1982-07-20,89.33690053909105
1982-07-21,89.2628965344667
1982-07-22,89.33306176097466
1982-07-23,89.1067532062599
1982-07-26,88.47956511044815
1982-07-27,87.75584941642708
1982-07-28,86.42229546969743
1982-07-29,86.42764509301298
1982-07-30,85.94356044091855
1982-08-02,87.48064719797638
1982-08-03,86.57816689919103
1982-08-04,85.241679272066
1982-08-05,84.47476143199167
1982-08-06,83.32991811850688
1982-08-09,82.84339319041189
1982-08-10,82.6700619786615
1982-08-11,82.49665034172234
1982-08-12,82.37139381081722
1982-08-13,83.54091820933395
1982-08-16,83.75370288607867
1982-08-17,87.75638552040822
1982-08-18,87.37469729658692
1982-08-19,87.89442571275309
1982-08-20,91.02319821658426
1982-08-23,93.53328997632244
1982-08-24,92.94314456329752
1982-08-25,94.76190825967906
1982-08-26,95.56603686336886
1982-08-27,94.42777584418698
1982-08-30,94.8935438341109
1982-08-31,96.4079805811662
1982-09-01,95.41295488327188
1982-09-02,97.08016965100296
1982-09-03,99.03058065290028
1982-09-07,97.99510822118364
1982-09-08,98.68701487108768
1982-09-09,98.52318989623576
1982-09-10,97.73730413099854
1982-09-13,98.78509909039512
1982-09-14,99.50202453842924
1982-09-15,100.48600373811058
1982-09-16,100.08790647310506
1982-09-17,99.123573333894
1982-09-20,99.11323223947365
1982-09-21,101.05262039506374
1982-09-22,100.35487656005644
1982-09-23,100.23147489587215
1982-09-24,99.85705216908
1982-09-27,100.12215264639198
1982-09-28,99.8366146683378
1982-09-29,98.55452625229928
1982-09-30,97.595973429334
1982-10-01,98.87220504137672
1982-10-04,98.51959016056853
1982-10-05,98.920864972213
1982-10-06,102.17687526202688
1982-10-07,104.49329882178544
1982-10-08,106.340111837841
1982-10-11,109.13706270715124
1982-10-12,109.13509305577162
1982-10-13,111.00020401230148
1982-10-14,109.28541441719652
1982-10-15,108.49571420381436
1982-10-18,111.08474313824333
1982-10-19,110.98565927161316
1982-10-20,113.1618155263738
1982-10-21,113.04684916458405
1982-10-22,112.88305670208123
1982-10-25,108.42601071101718
1982-10-26,109.3916336937327
1982-10-27,110.0729492942393
1982-10-28,108.7123885997762
1982-10-29,108.8404740594892
1982-11-01,110.2863395167446
1982-11-02,111.95257830538236
1982-11-03,116.35536610735952
1982-11-04,115.54761953706262
1982-11-05,115.82292388938926
1982-11-08,114.44441841170608
1982-11-09,116.5694295329456
1982-11-10,115.07641263280728
1982-11-11,115.5800840892112
1982-11-12,113.7927341419322
1982-11-15,111.77631794851042
1982-11-16,110.48507331597963
1982-11-17,112.5546911316806
1982-11-18,112.91146297659718
1982-11-19,111.85636899148344
1982-11-22,109.5926444818747
1982-11-23,108.56094650213694
1982-11-24,109.35821006747116
1982-11-26,110.19661469430456
1982-11-29,109.66278243403896
1982-11-30,113.222711102272
1982-12-01,113.39913907527745
1982-12-02,113.50205982144576
1982-12-03,113.41695337275054
1982-12-06,115.95686831993528
1982-12-07,116.7555385868334
1982-12-08,116.0410724118286
1982-12-09,114.57355398576516
1982-12-10,114.24304370163225
1982-12-13,114.57540531244568
1982-12-14,112.5091365640037
1982-12-15,110.76144622830029
1982-12-16,110.83126075384818
1982-12-17,112.6458951250984
1982-12-20,111.65098397579686
1982-12-21,113.60574507039895
1982-12-22,113.80726718169626
1982-12-23,114.55809814565922
1982-12-27,116.58826523590922
1982-12-28,115.46194723584092
1982-12-29,115.86900426725568
1982-12-30,115.14409498279424
1982-12-31,115.41995004822496
1983-01-03,113.55423951558684
1983-01-04,116.05465804670024
1983-01-05,116.56922317364663
1983-01-06,119.30926443580655
1983-01-07,119.25792278607996
1983-01-10,120.5948203344532
1983-01-11,119.796045397242
1983-01-12,120.56652562237998
1983-01-13,119.80030518312051
1983-01-14,120.5792855894674
1983-01-17,120.65967202463604
1983-01-18,120.41934411468095
1983-01-19,119.51268075168042
1983-01-20,120.37444179677654
1983-01-21,118.3894888904764
1983-01-24,115.21862983834336
1983-01-25,116.7056753170799
1983-01-26,116.55486391583324
1983-01-27,118.82502679232232
1983-01-28,119.04518242022463
1983-01-31,119.71851397273782
1983-02-01,117.81516525199685
1983-02-02,118.06194278833266
1983-02-03,118.9352794922232
1983-02-04,120.50975812185168
1983-02-07,121.18603263452052
1983-02-08,120.19651816145256
1983-02-09,119.64381623645346
1983-02-10,121.7312935989587
1983-02-11,121.88016617282295
1983-02-14,122.961876404317
1983-02-15,122.46707129949624
1983-02-16,121.77384596655487
1983-02-17,121.80720565025598
1983-02-18,122.29494501205563
1983-02-22,120.23782136483013
1983-02-23,121.34529712563582
1983-02-24,123.69322358806014
1983-02-25,123.83446610560866
1983-02-28,122.47062180014557
1983-03-01,124.82342975702969
1983-03-02,126.01877148134484
1983-03-03,127.0159124383634
1983-03-04,127.19408816804784
1983-03-07,127.2150523595268
1983-03-08,125.24090875680544
1983-03-09,126.59460633874342
1983-03-10,125.7293905521758
1983-03-11,125.28629152425316
1983-03-14,124.96729675661112
1983-03-15,125.4352949775384
1983-03-16,124.16325104221832
1983-03-17,124.001377613145
1983-03-18,124.27878546662866
1983-03-21,125.36878684650694
1983-03-22,124.94996806303143
1983-03-23,126.75366115738876
1983-03-24,127.23906255346216
1983-03-25,126.67930156117365
1983-03-28,126.01978512758208
1983-03-29,125.82477458133386
1983-03-30,127.33957590729578
1983-03-31,127.00359761881464
1983-04-04,127.0766348535156
1983-04-05,126.1697479173214
1983-04-06,125.47849072718128
1983-04-07,126.09958341474102
1983-04-08,127.02834550073818
1983-04-11,128.95470502977173
1983-04-12,129.5435155119125
1983-04-13,130.3569963335111
1983-04-14,131.50337132795417
1983-04-15,132.05136998382363
1983-04-18,132.8990198348328
1983-04-19,132.066389734738
1983-04-20,133.75478410541365
1983-04-21,133.22993539030702
1983-04-22,133.56228860575558
1983-04-25,132.24625631530077
1983-04-26,134.7686334617831
1983-04-27,134.4851118307265
1983-04-28,135.76757833977922
1983-04-29,137.0255126369624
1983-05-02,135.11514143398526
1983-05-03,135.32948054053844
1983-05-04,136.1607692594937
1983-05-05,136.99233198904838
1983-05-06,138.53298496490706
1983-05-09,138.31432355666325
1983-05-10,138.4542861695205
1983-05-11,137.6515264427198
1983-05-12,137.0821262927886
1983-05-13,137.65593396210198
1983-05-16,136.41854643977297
1983-05-17,136.70022946759963
1983-05-18,136.35572937489533
1983-05-19,135.30958283224584
1983-05-20,135.45754739523434
1983-05-23,136.5579539436313
1983-05-24,138.34390138419926
1983-05-25,138.927023996585
1983-05-26,138.3401240952161
1983-05-27,137.5106035234051
1983-05-31,135.8028441451526
1983-06-01,135.95810549178034
1983-06-02,137.17564131919045
1983-06-03,137.56539148039127
1983-06-06,137.93016210884667
1983-06-07,136.22814115819813
1983-06-08,135.06957909867012
1983-06-09,135.48434121145766
1983-06-10,136.21735875335077
1983-06-13,138.0475211544562
1983-06-14,138.64718193819297
1983-06-15,140.0008592018024
1983-06-16,141.71518778067585
1983-06-17,141.72920198103992
1983-06-20,141.6594129877287
1983-06-21,142.94735222241448
1983-06-22,143.3555372454173
1983-06-23,143.02606419400618
1983-06-24,142.91449346657566
1983-06-27,141.30170451684958
1983-06-28,138.9921936575548
1983-06-29,139.81952010111985
1983-06-30,140.68066016650798
1983-07-01,141.54427287679184
1983-07-05,139.8566289427428
1983-07-06,141.45912071511853
1983-07-07,140.71123690103403
1983-07-08,140.33258755687467
1983-07-11,141.2220655725845
1983-07-12,139.0792392960348
1983-07-13,139.04458305226396
1983-07-14,139.53091164614898
1983-07-15,138.1094856026559
1983-07-18,137.84765262239029
1983-07-19,138.6030869774626
1983-07-20,142.38612814403845
1983-07-21,142.21740947912153
1983-07-22,142.09909929327682
1983-07-25,142.66225192789332
1983-07-26,143.52854188060226
1983-07-27,141.07897900773645
1983-07-28,138.95685901120285
1983-07-29,136.8929352531787
1983-08-01,136.47635368983242
1983-08-02,136.4723404337644
1983-08-03,137.69818830500338
1983-08-04,135.94195611626137
1983-08-05,136.30860832009432
1983-08-08,134.17234915553306
1983-08-09,134.99400574381494
1983-08-10,136.203686850597
1983-08-11,136.22489726624224
1983-08-12,136.76895890665838
1983-08-15,138.0891181890578
1983-08-16,137.86599840353696
1983-08-17,139.47358016590096
1983-08-18,138.0270761973442
1983-08-19,138.4114603855979
1983-08-22,138.73688222339635
1983-08-23,137.43308972018545
1983-08-24,136.1710924451496
1983-08-25,135.84606121709513
1983-08-26,136.96520337080776
1983-08-29,137.07945365221133
1983-08-30,137.3796076627027
1983-08-31,138.93888896597693
1983-09-01,138.81830152472418
1983-09-02,139.49222380511975
1983-09-06,141.9586252696783
1983-09-07,142.04140394533007
1983-09-08,141.9043196194379
1983-09-09,141.2089371901902
1983-09-12,140.0142013000285
1983-09-13,139.46211428134066
1983-09-14,139.9507242798493
1983-09-15,139.15297488711312
1983-09-16,140.75910423974295
1983-09-19,141.94242481031853
1983-09-20,143.3378487280617
1983-09-21,142.65869198781914
1983-09-22,143.82595843930426
1983-09-23,143.6380451778596
1983-09-26,144.13644774360387
1983-09-27,142.77046103265198
1983-09-28,142.4296949309724
1983-09-29,141.8005511026535
1983-09-30,140.8405117070462
1983-10-03,140.64343160503864
1983-10-04,141.05701468574188
1983-10-05,142.32757141112137
1983-10-06,144.50643452326605
1983-10-07,144.97176958441148
1983-10-10,146.5661223561154
1983-10-11,144.62949924431513
1983-10-12,144.04223143613297
1983-10-13,144.27849417459186
1983-10-14,144.29400604232305
1983-10-17,144.80221062224615
1983-10-18,142.60027540283014
1983-10-19,141.7062413379026
1983-10-20,141.94229273791058
1983-10-21,141.09034847330184
1983-10-24,141.14783397739157
1983-10-25,141.57947311768382
1983-10-26,140.67600428353765
1983-10-27,140.24006209317065
1983-10-28,139.01276571420786
1983-10-31,139.1890605444479
1983-11-01,139.30628118983398
1983-11-02,140.3343075431685
1983-11-03,139.17474927059567
1983-11-04,138.33835932368115
1983-11-07,137.9104583050706
1983-11-08,137.80607256481096
1983-11-09,139.71218482900352
1983-11-10,140.11078651126329
1983-11-11,141.7366813702056
1983-11-14,142.00790590173676
1983-11-15,140.9919489624394
1983-11-16,141.62975866976868
1983-11-17,141.69641894086195
1983-11-18,140.83339970645358
1983-11-21,141.67623667841224
1983-11-22,142.37429677918772
1983-11-23,142.50085354700957
1983-11-25,142.71277858729027
1983-11-28,142.19064704333584
1983-11-29,143.38446580900978
1983-11-30,142.11932971871144
1983-12-01,142.22052892584065
1983-12-02,141.34792545259427
1983-12-05,141.6455087701669
1983-12-06,141.4219440060529
1983-12-07,141.82220261513504
1983-12-08,141.23954992302586
1983-12-09,141.16113009202576
1983-12-12,141.64704023392372
1983-12-13,141.08115444629203
1983-12-14,139.7366661058427
1983-12-15,138.3318165252128
1983-12-16,138.98014463065925
1983-12-19,138.94402714062437
1983-12-20,138.69388307729182
1983-12-21,140.05318736628942
1983-12-22,140.05146828604535
1983-12-23,139.80994606520963
1983-12-27,141.15299033031724
1983-12-28,141.67404531999546
1983-12-29,141.28699948104068
1983-12-30,141.371162952659
1984-01-03,140.6322964994319
1984-01-04,143.0051954712497
1984-01-05,144.7700957329073
1984-01-06,145.19774630657955
1984-01-09,144.896455916932
1984-01-10,144.10607232230888
1984-01-11,144.00184167612392
1984-01-12,143.98338114727204
1984-01-13,143.38125806672488
1984-01-16,143.54294841323846
1984-01-17,144.12542779794498
1984-01-18,143.9094483341622
1984-01-19,143.495833835539
1984-01-20,142.80719818091484
1984-01-23,141.6801117781637
1984-01-24,142.62367325390386
1984-01-25,141.70244652259137
1984-01-26,141.21073304084445
1984-01-27,140.97677251924176
1984-01-30,140.08057934370476
1984-01-31,140.56881280049822
1984-02-01,140.01908879304693
1984-02-02,140.57904216988277
1984-02-03,138.49732820899348
1984-02-06,136.0877394639241
1984-02-07,136.6816968893804
1984-02-08,134.21917481216235
1984-02-09,133.87426910541473
1984-02-10,134.6576347091383
1984-02-13,133.5200630318163
1984-02-14,134.97577233566366
1984-02-15,134.69106608513064
1984-02-16,134.6131372270801
1984-02-17,134.3023800436458
1984-02-21,133.37922593382322
1984-02-22,133.11985582030428
1984-02-23,133.12781066641026
1984-02-24,135.9313749799158
1984-02-27,137.50189977070502
1984-02-28,135.38730075871388
1984-02-29,135.62013288421858
1984-03-01,136.6193172975136
1984-03-02,137.54974891952608
1984-03-05,136.40739570164013
1984-03-06,135.01410524874302
1984-03-07,133.58576885391196
1984-03-08,134.14467631431845
1984-03-09,133.44177064173874
1984-03-12,135.18525426403627
1984-03-13,135.5890774222563
1984-03-14,135.6038620919947
1984-03-15,136.180883456458
1984-03-16,137.81356538975598
1984-03-19,136.548102195591
1984-03-20,137.50636599236125
1984-03-21,137.3570117936073
1984-03-22,135.67525283968374
1984-03-23,135.84589458632007
1984-03-26,135.70481891321128
1984-03-27,136.2739664343472
1984-03-28,138.53265022568604
1984-03-29,138.2446541955015
1984-03-30,137.97387744060555
1984-04-02,136.96009443226197
1984-04-03,136.70883421530277
1984-04-04,136.63087939167372
1984-04-05,134.4887785248731
1984-04-06,134.89614036828013
1984-04-09,134.89587450392364
1984-04-10,135.28610045266217
1984-04-11,134.55683110885926
1984-04-12,136.95246044978464
1984-04-13,136.61394211204217
1984-04-16,137.5171621878787
1984-04-17,138.1080104902389
1984-04-18,137.20479741476427
1984-04-19,137.33528089810838
1984-04-23,136.3012043139951
1984-04-24,137.43120795180192
1984-04-25,137.96171268151545
1984-04-26,139.4229041366225
1984-04-27,139.09292428574503
1984-04-30,139.2586789610989
1984-05-01,140.70140170956958
1984-05-02,140.91758773993692
1984-05-03,140.3330799172865
1984-05-04,138.53829418808482
1984-05-07,138.87610006797755
1984-05-08,139.8149160576062
1984-05-09,139.48237276394872
1984-05-10,139.4110605176891
1984-05-11,138.1198774203894
1984-05-14,137.2813906846572
1984-05-15,137.7413342956181
1984-05-16,137.7568317941212
1984-05-17,136.5429005808709
1984-05-18,135.87794309467137
1984-05-21,134.98596874831895
1984-05-22,134.26816558019974
1984-05-23,133.6547937441094
1984-05-24,132.00269361970456
1984-05-25,132.36631053847464
1984-05-29,131.2284666739537
1984-05-30,131.30393372924473
1984-05-31,131.50167444521443
1984-06-01,133.8762402064112
1984-06-04,134.86259923756828
1984-06-05,134.28522620311972
1984-06-06,135.49926673594152
1984-06-07,135.44627113277718
1984-06-08,135.69050875099165
1984-06-11,133.87109946026186
1984-06-12,133.13553892875552
1984-06-13,133.10827843269283
1984-06-14,131.61105635140024
1984-06-15,130.44581311573202
1984-06-18,132.83383345683515
1984-06-19,133.6294123169985
1984-06-20,135.6073752593222
1984-06-21,135.3440564385828
1984-06-22,135.32591300781314
1984-06-25,134.92224835937353
1984-06-26,133.84369257626585
1984-06-27,132.93123703370992
1984-06-28,134.00836950488252
1984-06-29,134.3318650602279
1984-07-02,134.37527901676953
1984-07-03,134.83972012448396
1984-07-05,134.0410327855327
1984-07-06,133.61057749193245
1984-07-09,134.61925235034744
1984-07-10,134.23261222795654
1984-07-11,132.21279588829037
1984-07-12,131.7728456291004
1984-07-13,132.54479275302387
1984-07-16,133.20282506617636
1984-07-17,133.91382199580875
1984-07-18,133.07836432887578
1984-07-19,132.1986402841654
1984-07-20,131.50319985728763
1984-07-23,131.00092526137752
1984-07-24,130.03233352939728
1984-07-25,130.9458351041666
1984-07-26,132.07084777689772
1984-07-27,133.07308728430496
1984-07-30,132.21854476784023
1984-07-31,132.65777062805645
1984-08-01,135.6906243359321
1984-08-02,139.15597073105562
1984-08-03,143.0187761145206
1984-08-06,143.2621962915801
1984-08-07,143.3911480177716
1984-08-08,142.55961771448492
1984-08-09,145.9230712715914
1984-08-10,145.84095477825073
1984-08-13,145.87341191430858
1984-08-14,145.00646641935168
1984-08-15,143.60125896040202
1984-08-16,144.48015193512322
1984-08-17,144.82999166464674
1984-08-20,145.55936120419517
1984-08-21,148.13338223928517
1984-08-22,147.47776333602678
1984-08-23,147.55463912928084
1984-08-24,147.92290326690335
1984-08-27,147.0020094430994
1984-08-28,147.87372040104822
1984-08-29,147.62385747729635
1984-08-30,147.21488619931134
1984-08-31,147.30943408740333
1984-09-04,145.74733682824805
1984-09-05,145.25419238424223
1984-09-06,146.4849198364778
1984-09-07,145.38155801572364
1984-09-10,145.31259590792914
1984-09-11,145.50899907348003
1984-09-12,145.74086017547808
1984-09-13,148.65435131404686
1984-09-14,149.4268541007821
1984-09-17,149.53565028950092
1984-09-18,148.48447051120854
1984-09-19,147.88457995929886
1984-09-20,148.382900576227
1984-09-21,146.81696556086808
1984-09-24,146.49995827636548
1984-09-25,146.82987122359708
1984-09-26,147.4436085278759
1984-09-27,148.0753171707774
1984-09-28,147.34144631703782
1984-10-01,146.05264927972092
1984-10-02,145.16268105168032
1984-10-03,144.16593875918474
1984-10-04,144.6154859471435
1984-10-05,144.4260688584652
1984-10-08,143.96138603190417
1984-10-09,143.57644488384915
1984-10-10,143.99065715191867
1984-10-11,144.6092894069114
1984-10-12,145.87662772478842
1984-10-15,147.31320835064588
1984-10-16,146.45749365215102
1984-10-17,145.91258220937277
1984-10-18,149.4566731392982
1984-10-19,149.35661448788832
1984-10-22,148.84746316041273
1984-10-23,148.63163985091668
1984-10-24,148.75376791112257
1984-10-25,147.9862562326881
1984-10-26,147.10280796996292
1984-10-29,146.6729585997538
1984-10-30,148.5305501657245
1984-10-31,147.88711973062817
1984-11-01,149.16008889350172
1984-11-02,149.12436636434185
1984-11-05,150.18422190030438
1984-11-06,151.84133641596125
1984-11-07,150.76354953649096
1984-11-08,150.35376829266775
1984-11-09,149.41795310570478
1984-11-12,149.23065385864936
1984-11-13,148.01786264092075
1984-11-14,148.06212255121426
1984-11-15,147.99934498570326
1984-11-16,146.4288122892226
1984-11-19,145.55370171914873
1984-11-20,146.55247549123953
1984-11-21,146.8732038531141
1984-11-23,149.0510508876959
1984-11-26,147.85431888390713
1984-11-27,148.54160157251147
1984-11-28,147.4336733577516
1984-11-29,146.46828164352988
1984-11-30,146.19953824284622
1984-12-03,145.54817812542473
1984-12-04,146.076531874828
1984-12-05,144.95995805831626
1984-12-06,145.57780908123482
1984-12-07,145.15835887207376
1984-12-10,145.6959753976927
1984-12-11,145.93851447794196
1984-12-12,145.57257173788307
1984-12-13,144.8663357880377
1984-12-14,145.68182272086364
1984-12-17,146.53342689442331
1984-12-18,150.59169369288264
1984-12-19,149.76941573729556
1984-12-20,149.09913002663538
1984-12-21,148.34791991440588
1984-12-24,149.49659914406035
1984-12-26,149.26514006888158
1984-12-27,148.64802104411976
1984-12-28,149.13374620427115
1984-12-31,150.04125160319202
1985-01-02,148.38863358471113
1985-01-03,147.69560074683284
1985-01-04,146.92153563510567
1985-01-07,147.4487725506387
1985-01-08,147.24898096530754
1985-01-09,148.34210357330372
1985-01-10,151.17784512544105
1985-01-11,150.84383914404623
1985-01-14,153.20478713411185
1985-01-15,153.49995429213098
1985-01-16,153.86711014872157
1985-01-17,153.4793743858583
1985-01-18,154.0354285745282
1985-01-21,157.57668642939572
1985-01-22,157.8278430561558
1985-01-23,159.49115394000302
1985-01-24,158.9870822050112
1985-01-25,159.58947191957262
1985-01-28,159.66113275856424
1985-01-29,161.289834082885
1985-01-30,161.50583603238297
1985-01-31,161.74891372817086
1985-02-01,160.8783275929344
1985-02-04,162.45710969024373
1985-02-05,162.72131024040547
1985-02-06,162.58918078846597
1985-02-07,163.8717766278316
1985-02-08,164.23550982310346
1985-02-11,162.75139265665177
1985-02-12,162.8265313799864
1985-02-13,165.37259170659573
1985-02-14,164.55529526065553
1985-02-15,163.85497021875435
1985-02-19,163.641608176052
1985-02-20,163.53645150004402
1985-02-21,162.6730677455075
1985-02-22,161.9537939691999
1985-02-25,161.86631325510157
1985-02-26,163.64826108746698
1985-02-27,163.2629780057439
1985-02-28,163.71773763497336
1985-03-01,165.59789963668788
1985-03-04,164.56854783661873
1985-03-05,164.75009724126477
1985-03-06,163.34956723445134
1985-03-07,162.34642021903568
1985-03-08,162.0031395658621
1985-03-11,161.75016970760362
1985-03-12,162.5646688689919
1985-03-13,161.26208818640967
1985-03-14,160.97265600510144
1985-03-15,159.8141805141033
1985-03-18,160.15812243937128
1985-03-19,162.59377740875024
1985-03-20,162.20475234750018
1985-03-21,162.4767966325644
1985-03-22,162.22347917830055
1985-03-25,161.28147371345628
1985-03-26,161.72565793888435
1985-03-27,162.75914419616598
1985-03-28,162.7867214608698
1985-03-29,163.82980314152982
1985-04-01,164.4106466191869
1985-04-02,163.76723506662245
1985-04-03,162.5067477482009
1985-04-04,162.46160875448956
1985-04-08,161.58159323572937
1985-04-09,161.7722605424613
1985-04-10,162.89796745169355
1985-04-11,163.62457813130845
1985-04-12,163.97002880905725
1985-04-15,164.34285075485906
1985-04-16,164.6249509878824
1985-04-17,165.08884423219658
1985-04-18,164.3534398509621
1985-04-19,164.62658744453208
1985-04-22,164.28170436553185
1985-04-23,165.382244052028
1985-04-24,165.75569845449266
1985-04-25,166.84774460604422
1985-04-26,165.73892576507032
1985-04-29,164.35681128620735
1985-04-30,163.6566408020696
1985-05-01,162.35380300045662
1985-05-02,162.96199008731918
1985-05-03,163.96182330141505
1985-05-06,163.9057907367851
1985-05-07,164.6328719532022
1985-05-08,164.53137771752765
1985-05-09,165.74158237036
1985-05-10,167.91789444160406
1985-05-13,168.2451293337936
1985-05-14,167.59730752264505
1985-05-15,168.23449320704654
1985-05-16,169.28212596227365
1985-05-17,170.91361297177767
1985-05-20,173.0380580861761
1985-05-21,172.99243354096865
1985-05-22,172.03457534904845
1985-05-23,171.18590188350242
1985-05-24,171.84256859636844
1985-05-28,171.47729032766682
1985-05-29,171.34007650427105
1985-05-30,171.43106327999396
1985-05-31,173.10170172977257
1985-06-03,172.9212168341497
1985-06-04,173.60836004306412
1985-06-05,173.74763316317643
1985-06-06,174.5996133012186
1985-06-07,173.36830848625502
1985-06-10,173.24252779522976
1985-06-11,172.84244817680843
1985-06-12,171.56449037115078
1985-06-13,169.5087808826696
1985-06-14,171.1566231523439
1985-06-17,170.66440871156536
1985-06-18,171.43464743158216
1985-06-19,170.81420316869787
1985-06-20,170.93488267175456
1985-06-21,173.60045666132714
1985-06-24,173.20892816787597
1985-06-25,173.77878627140765
1985-06-26,174.10152854226706
1985-06-27,175.20301084158683
1985-06-28,175.80096972945825
1985-07-01,176.35932823683507
1985-07-02,176.00138152462614
1985-07-03,175.5149939546381
1985-07-05,176.52278754329402
1985-07-08,176.00880283405087
1985-07-09,175.22873305616466
1985-07-10,176.46621633390657
1985-07-11,177.0160914540612
1985-07-12,177.36427255849063
1985-07-15,176.86837308524662
1985-07-16,178.73092229882369
1985-07-17,179.61188865668012
1985-07-18,178.47347811648575
1985-07-19,179.18940299266117
1985-07-22,178.50053250801494
1985-07-23,176.87462494089172
1985-07-24,176.0106453312828
1985-07-25,176.4785549352453
1985-07-26,176.8179618739797
1985-07-29,174.27178437563472
1985-07-30,174.6017494462138
1985-07-31,175.53856359191985
1985-08-01,176.6602603630392
1985-08-02,176.10866411542676
1985-08-05,175.3453574756181
1985-08-06,172.898444879299
1985-08-07,172.6955931381496
1985-08-08,173.8913202701594
1985-08-09,173.33884666563546
1985-08-12,172.7309562457835
1985-08-13,172.45428446664482
1985-08-14,172.58264854163326
1985-08-15,172.47161015050654
1985-08-16,171.4303139189099
1985-08-19,171.71516275032326
1985-08-20,173.3083659415471
1985-08-21,174.33076181685706
1985-08-22,172.69924740095493
1985-08-23,172.55123325164044
1985-08-26,172.70739562553618
1985-08-27,173.46293751465066
1985-08-28,174.16336906662409
1985-08-29,174.2829442096727
1985-08-30,174.03358284328235
1985-09-03,173.40180197584152
1985-09-04,172.93587431223423
1985-09-05,172.8758870449624
1985-09-06,173.80362068977314
1985-09-09,173.84531152436077
1985-09-10,172.6310770498672
1985-09-11,170.93609089222764
1985-09-12,169.73009055403583
1985-09-13,169.0410714100843
1985-09-16,169.04492052964284
1985-09-17,167.6714803385234
1985-09-18,168.026386475969
1985-09-19,169.6112515381079
1985-09-20,168.40361370191982
1985-09-23,170.51640889055605
1985-09-24,168.9938957372942
1985-09-25,167.21171252788693
1985-09-26,167.82603745413502
1985-09-30,168.58872036876755
1985-10-01,171.38296507142428
1985-10-02,170.47386369144436
1985-10-03,170.77779546856593
1985-10-04,169.74790185139452
1985-10-07,168.52312320402697
1985-10-08,168.548897884291
1985-10-09,169.1770756361239
1985-10-10,169.4439382228013
1985-10-11,170.86041019265485
1985-10-14,172.82434153384222
1985-10-15,172.58185792690085
1985-10-16,174.3704227226707
1985-10-17,174.10026677101453
1985-10-18,173.55168411869715
1985-10-21,173.50400951476396
1985-10-22,174.5328031281054
1985-10-23,175.53407673903982
1985-10-24,175.01322438569645
1985-10-25,174.13011258145883
1985-10-28,174.3795985184466
1985-10-29,175.77151300343658
1985-10-30,176.57866427948133
1985-10-31,176.37341623899394
1985-11-01,177.99159537589932
1985-11-04,177.7609786284169
1985-11-05,178.83153138474708
1985-11-06,179.2238135039569
1985-11-07,179.12344030219796
1985-11-08,180.1761491797621
1985-11-11,183.51720434760853
1985-11-12,184.2919057570293
1985-11-13,183.41076383842676
1985-11-14,185.2651185267975
1985-11-15,184.4117558170668
1985-11-18,185.00093219596027
1985-11-19,184.9944392841132
1985-11-20,185.32317307751637
1985-11-21,187.60777235414557
1985-11-22,187.7414236417403
1985-11-25,186.6826330889924
1985-11-26,187.0118311044696
1985-11-27,188.78563880091903
1985-11-29,188.47215441960583
1985-12-02,186.9065238166666
1985-12-03,187.307738540844
1985-12-04,190.47868194839543
1985-12-05,190.1810622392114
1985-12-06,189.3796233517562
1985-12-09,190.5837750080985
1985-12-10,190.74322841021365
1985-12-11,192.5638769699744
1985-12-12,192.98501201865736
1985-12-13,196.01077745624343
1985-12-16,197.98241605969557
1985-12-17,196.73305255762943
1985-12-18,195.9783031777229
1985-12-19,196.2041022970515
1985-12-20,197.09325075803284
1985-12-23,194.9086351001872
1985-12-24,193.6017682436799
1985-12-26,194.1077082647448
1985-12-27,195.96924363272075
1985-12-30,196.9992396914226
1985-12-31,197.59007515404403
1986-01-02,196.03811979895872
1986-01-03,197.2730365999862
1986-01-06,197.0863642938961
1986-01-07,200.06201653175188
1986-01-08,194.635528934187
1986-01-09,192.9229028042118
1986-01-10,192.81037453606805
1986-01-13,193.54969939971895
1986-01-14,193.5027539837812
1986-01-15,195.04770971996783
1986-01-16,195.92815739593
1986-01-17,195.2633021474772
1986-01-20,194.44836856319048
1986-01-21,192.84613337198468
1986-01-22,190.7186689136342
1986-01-23,191.4585155033284
1986-01-24,193.52963998257368
1986-01-27,194.4576098889671
1986-01-28,196.75479281877625
1986-01-29,197.23334374858948
1986-01-30,196.36144855094335
1986-01-31,198.68802724464965
1986-02-03,200.7649657495723
1986-02-04,199.69913497422505
1986-02-05,199.8905463617647
1986-02-06,200.4011299901758
1986-02-07,201.45636472490287
1986-02-10,203.0659085457821
1986-02-11,202.79779147431435
1986-02-12,202.87710718371565
1986-02-13,204.2527726250606
1986-02-14,206.5026362929024
1986-02-18,209.0633027529176
1986-02-19,206.56853149512247
1986-02-20,208.9138252189719
1986-02-21,211.2034385265065
1986-02-24,210.97385651513392
1986-02-25,210.49027836530223
1986-02-26,210.75899967217484
1986-02-27,213.36079832746108
1986-02-28,213.53595947976595
1986-03-03,212.15514887857927
1986-03-04,211.20687284399463
1986-03-05,211.19959555389127
1986-03-06,211.97371180098224
1986-03-07,212.4184937974886
1986-03-10,213.40015880803315
1986-03-11,218.24361570156336
1986-03-12,219.07567102005407
1986-03-13,219.7195582570213
1986-03-14,222.9170721621944
1986-03-17,221.1774832853558
1986-03-18,222.255480315729
1986-03-19,222.1177839045448
1986-03-20,223.0359322145796
1986-03-21,220.050707013537
1986-03-24,221.95903136642627
1986-03-25,221.4156188503775
1986-03-26,223.88123213547027
1986-03-27,225.48900135377824
1986-03-31,225.45538024377484
1986-04-01,221.9358608227552
1986-04-02,222.50228227832423
1986-04-03,219.472321637776
1986-04-04,215.93177420954189
1986-04-07,215.90277742489823
1986-04-08,220.54821338475787
1986-04-09,220.79367791385656
1986-04-10,223.36285484657617
1986-04-11,222.9474539834228
1986-04-14,224.2137083985712
1986-04-15,224.667639628174
1986-04-16,228.9397088359216
1986-04-17,229.734615827529
1986-04-18,229.1496022811829
1986-04-21,231.4101277533228
1986-04-22,229.24611657161367
1986-04-23,228.64188698787376
1986-04-24,228.9265325011168
1986-04-25,229.21123270171032
1986-04-28,229.9879510235583
1986-04-29,227.5858155126482
1986-04-30,222.89311627537796
1986-05-01,222.5823569031431
1986-05-02,222.2620355637153
1986-05-05,225.07502076279317
1986-05-06,224.6413476449888
1986-05-07,223.5731215417382
1986-05-08,224.5975302092028
1986-05-09,225.30964844280567
1986-05-12,225.08414502487645
1986-05-13,224.00591947764065
1986-05-14,225.10671028821045
1986-05-15,222.18973080869367
1986-05-16,220.63677414281827
1986-05-19,221.08349672346023
1986-05-20,223.8720012429161
1986-05-21,223.276278825675
1986-05-22,227.73481124641307
1986-05-23,228.93197028537224
1986-05-27,232.18777813101332
1986-05-28,234.00247759576783
1986-05-29,235.314781404876
1986-05-30,234.74857673875968
1986-06-02,232.58700948885655
1986-06-03,233.06360216095428
1986-06-04,231.60374198840057
1986-06-05,233.25760584132556
1986-06-06,233.30716583492625
1986-06-09,227.9150892161141
1986-06-10,227.5840237036525
1986-06-11,229.08623820680535
1986-06-12,229.4582760862547
1986-06-13,233.5170848023208
1986-06-16,233.92781217494604
1986-06-17,232.26671169202316
1986-06-18,232.9054976648032
1986-06-19,232.0518825431723
1986-06-20,235.4291042596365
1986-06-23,233.2538092381424
1986-06-24,234.9677310739868
1986-06-25,236.80573883113257
1986-06-26,236.6560348773376
1986-06-27,237.50526622790096
1986-06-30,238.7162923645984
1986-07-01,239.88894596928648
1986-07-02,240.5479363352116
1986-07-03,239.71258436100737
1986-07-07,232.37463539264488
1986-07-08,230.06215658748275
1986-07-09,231.26301976793928
1986-07-10,231.4736628145633
1986-07-11,230.75089794411545
1986-07-14,226.86513814323345
1986-07-15,222.6544280141519
1986-07-16,223.969425979224
1986-07-17,225.00840195406315
1986-07-18,225.31370201098096
1986-07-21,225.2282491545521
1986-07-22,227.10673183611425
1986-07-23,227.60312095104703
1986-07-24,226.9457337148915
1986-07-25,229.1399029694849
1986-07-28,225.15350758522905
1986-07-29,223.78958961524276
1986-07-30,225.76473301041744
1986-07-31,225.3452290727314
1986-08-01,224.2203332373788
1986-08-04,225.280920588156
1986-08-05,226.30359165577207
1986-08-06,226.15219512417968
1986-08-07,226.37315445868725
1986-08-08,226.25038244221375
1986-08-11,229.9098522856372
1986-08-12,232.4813098263488
1986-08-13,234.73816559897057
1986-08-14,235.3234845627672
1986-08-15,236.21474794564128
1986-08-18,236.4659038769354
1986-08-19,235.66563245879527
1986-08-20,238.8134783284777
1986-08-21,238.7495255970703
1986-08-22,239.27844305493468
1986-08-25,237.0339656543306
1986-08-26,241.87666514581167
1986-08-27,242.3487982590405
1986-08-28,241.94081477307355
1986-08-29,242.059012776464
1986-09-02,237.8717404241887
1986-09-03,239.3974972619035
1986-09-04,243.0201200950045
1986-09-05,239.8365177580088
1986-09-08,237.63830341213324
1986-09-09,237.2207614673816
1986-09-10,236.6690077018232
1986-09-11,225.32109402401127
1986-09-12,221.03104141443808
1986-09-15,222.2782683362049
1986-09-16,222.0978944965709
1986-09-17,222.0899855459909
1986-09-18,222.7243495938329
1986-09-19,222.65900870858383
1986-09-22,225.2976344511608
1986-09-23,226.038175770777
1986-09-24,226.6542239449771
1986-09-25,222.4165774341943
1986-09-26,222.8308115612333
1986-09-29,220.63525662514675
1986-09-30,222.0186174492057
1986-10-01,224.23488068901372
1986-10-02,224.5702664070026
1986-10-03,224.3969327497917
1986-10-06,225.45252953562365
1986-10-07,225.1256093151751
1986-10-08,227.3340241181936
1986-10-09,226.5654242090916
1986-10-10,226.23849543100977
1986-10-13,226.68010199237293
1986-10-14,226.18975113437764
1986-10-15,229.5144452083485
1986-10-16,230.2449423638205
1986-10-17,229.6106656350732
1986-10-20,226.8804726482568
1986-10-21,226.82249820370836
1986-10-22,227.2164446375144
1986-10-23,230.14944685045097
1986-10-24,229.19733103396467
1986-10-27,229.7167884751186
1986-10-28,230.21711244219065
1986-10-29,231.86259932040065
1986-10-30,234.55742611390295
1986-10-31,234.84679710521868
1986-11-03,236.63340043664024
1986-11-04,237.05346811663887
1986-11-05,237.45440835434317
1986-11-06,236.8057901618247
1986-11-07,236.74450178349124
1986-11-10,237.12628911552085
1986-11-11,238.0765977052612
1986-11-12,237.68783274487055
1986-11-13,234.23437739591012
1986-11-14,235.6955045021433
1986-11-17,234.48681618339864
1986-11-18,228.3221060564225
1986-11-19,229.20443849783095
1986-11-20,233.47214090292272
1986-11-21,237.1816415625326
1986-11-24,238.75058605282533
1986-11-25,239.48057853389025
1986-11-26,240.0949877725976
1986-11-28,240.56479518165236
1986-12-01,240.4310508160586
1986-12-02,245.2400746872973
1986-12-03,245.12619350922253
1986-12-04,244.3749429801012
1986-12-05,242.5998141958999
1986-12-08,242.62076735876616
1986-12-09,240.83529040642068
1986-12-10,242.48876975655932
1986-12-11,239.82353149807852
1986-12-12,239.06137383761936
1986-12-15,239.92271629181272
1986-12-16,241.72187177014615
1986-12-17,239.3548743522205
1986-12-18,238.63092509722892
1986-12-19,241.5136143145364
1986-12-22,240.59633109512396
1986-12-23,238.29567778815843
1986-12-24,238.72235626987737
1986-12-26,238.91694126408407
1986-12-29,236.7700092361277
1986-12-30,235.5418522817304
1986-12-31,234.41017016663685
1987-01-02,238.5822150035001
1987-01-05,244.1686830775988
1987-01-06,244.7703183858989
1987-01-07,247.2700007950196
1987-01-08,249.18923316362248
1987-01-09,250.62467633270472
1987-01-12,252.17667857340984
1987-01-13,251.86902680986356
1987-01-14,254.50676963270115
1987-01-15,257.3001813611485
1987-01-16,258.09785976104394
1987-01-19,261.09597030074
1987-01-20,260.8376772349417
1987-01-21,259.7067307464274
1987-01-22,265.6247550389331
1987-01-23,261.96307911499423
1987-01-26,261.5204411375425
1987-01-27,265.5688017165283
1987-01-28,267.2025540623381
1987-01-29,266.1103516188753
1987-01-30,265.9882281800142
1987-02-02,268.3228367927784
1987-02-03,267.9111960598543
1987-02-04,271.48918063375567
1987-02-05,273.0001343075635
1987-02-06,271.94810883318235
1987-02-09,270.1577559594641
1987-02-10,267.1917499213294
1987-02-11,269.6257184539588
1987-02-12,267.7954824527856
1987-02-13,271.7944617187369
1987-02-17,277.45609788714245
1987-02-18,277.4241341146144
1987-02-19,277.6059657018216
1987-02-20,277.5545425081994
1987-02-23,274.5766551001001
1987-02-24,275.0985077659571
1987-02-25,276.22343148942707
1987-02-26,275.2477844565404
1987-02-27,276.4897648211697
1987-03-02,275.35217028145803
1987-03-03,276.4716373915104
1987-03-04,280.8803596036552
1987-03-05,282.7597392042735
1987-03-06,282.92655276997374
1987-03-09,280.65988565478654
1987-03-10,283.1823540642168
1987-03-11,282.6774684956894
1987-03-12,283.5940773314187
1987-03-13,282.32954699798825
1987-03-16,280.74332947911523
1987-03-17,284.90350848777234
1987-03-18,285.2362565625143
1987-03-19,286.53355539314657
1987-03-20,290.549573963108
1987-03-23,293.4945281867508
1987-03-24,293.9940196951323
1987-03-25,292.797701024584
1987-03-26,293.3654288827525
1987-03-27,288.71778414182586
1987-03-30,281.99243363012295
1987-03-31,284.460583514832
1987-04-01,285.1564758235488
1987-04-02,286.4084492858307
1987-04-03,293.0547004974902
1987-04-06,294.5907690942124
1987-04-07,289.49290127116
1987-04-08,290.08243692668174
1987-04-09,285.82207799133187
1987-04-10,285.49390707055875
1987-04-13,278.82113051379304
1987-04-14,272.5470378829442
1987-04-15,277.7333628679687
1987-04-16,280.17712603484034
1987-04-20,279.40864389969704
1987-04-21,286.2578371917477
1987-04-22,280.5474909766706
1987-04-23,280.21837846109634
1987-04-24,275.0726356332815
1987-04-27,275.4072276941555
1987-04-28,276.1034861115763
1987-04-29,278.1485816059682
1987-04-30,281.8850858603302
1987-05-01,281.5968791648276
1987-05-04,282.931495770929
1987-05-05,288.8131512983452
1987-05-06,288.9754981720872
1987-05-07,288.26742842687065
1987-05-08,286.9918738146239
1987-05-11,285.2660122927512
1987-05-12,286.9933716130825
1987-05-13,287.693765901153
1987-05-14,287.9832644882799
1987-05-15,281.3531887066764
1987-05-18,280.62398598079085
1987-05-19,273.7759896233632
1987-05-20,272.428836314994
1987-05-21,274.3813466555005
1987-05-22,276.36367652786373
1987-05-26,283.20458391580604
1987-05-27,282.8669021318399
1987-05-28,284.89016864790267
1987-05-29,284.2782257846021
1987-06-01,284.0440644499967
1987-06-02,282.7318330851607
1987-06-03,287.67262928208794
1987-06-04,289.2914249563321
1987-06-05,287.71464299659
1987-06-08,290.9515286680291
1987-06-09,291.531793375227
1987-06-10,291.7493380083399
1987-06-11,293.01635582385387
1987-06-12,295.8824397553383
1987-06-15,297.4052266990758
1987-06-16,299.0264198106336
1987-06-17,299.1074857339437
1987-06-18,300.00305437436856
1987-06-19,301.2913636595157
1987-06-22,303.95404024999823
1987-06-23,302.78902692713154
1987-06-24,301.2801553818384
1987-06-25,303.37423563565204
1987-06-26,301.639274339602
1987-06-29,302.3982627338364
1987-06-30,298.600335750484
1987-07-01,297.5904120840278
1987-07-02,300.2640524917
1987-07-06,299.5979466250706
1987-07-07,302.06599212347487
1987-07-08,302.9721720585081
1987-07-09,302.2471385860169
1987-07-10,303.114197941242
1987-07-13,302.4185384527412
1987-07-14,305.4485030328374
1987-07-15,305.2248642981568
1987-07-16,307.4986446765171
1987-07-17,309.38936861825846
1987-07-20,306.2746624008004
1987-07-21,303.5133392369786
1987-07-22,303.4664185997597
1987-07-23,302.84887597911205
1987-07-24,304.3170267855478
1987-07-27,305.70677524045243
1987-07-28,307.3920248208026
1987-07-29,310.6917087064875
1987-07-30,313.08651450521216
1987-07-31,313.71977251777867
1987-08-03,312.6792273843142
1987-08-04,311.3923127073631
1987-08-05,313.6106635983919
1987-08-06,317.22787396285315
1987-08-07,318.15705748016853
1987-08-10,323.11510259731097
1987-08-11,328.39923752125094
1987-08-12,327.50724607181724
1987-08-13,329.7680099828217
1987-08-14,329.1518527378522
1987-08-17,329.30426375286817
1987-08-18,324.5483526839663
1987-08-19,325.15373357750474
1987-08-20,330.1264518586298
1987-08-21,331.2057830862779
1987-08-24,328.70605893498464
1987-08-25,332.1324498050017
1987-08-26,329.9972266884919
1987-08-27,326.88506588670765
1987-08-28,322.6378574979864
1987-08-31,325.394164014126
1987-09-01,319.1147550395391
1987-09-02,317.4519546418315
1987-09-03,316.03550505545536
1987-09-04,312.6053621762622
1987-09-08,309.53965303101444
1987-09-09,309.9284302454527
1987-09-10,313.13102498712186
1987-09-11,317.95363754706585
1987-09-14,319.0741424924184
1987-09-15,313.834761784054
1987-09-16,311.0239944759883
1987-09-17,311.12668627340446
1987-09-18,311.0910728617817
1987-09-21,306.8563513221783
1987-09-22,315.7431464370935
1987-09-23,317.4473231620334
1987-09-24,316.028681193591
1987-09-25,316.49768063070513
1987-09-28,319.5370420024498
1987-09-29,318.0786011891605
1987-09-30,318.25131188520874
1987-10-01,323.7276259762402
1987-10-02,324.49762021441325
1987-10-05,324.54569908847884
1987-10-06,315.8193731188816
1987-10-07,315.18381081931443
1987-10-08,310.8870661230636
1987-10-09,307.8658672531586
1987-10-12,306.2394291135549
1987-10-13,311.35322230104714
1987-10-14,302.19344166429323
1987-10-15,295.15013106371407
1987-10-16,279.95608061827784
1987-10-19,222.6906270323136
1987-10-20,234.59223438877217
1987-10-21,255.9662373258173
1987-10-22,245.96100522137775
1987-10-23,245.9602439666776
1987-10-26,225.62628585728265
1987-10-27,231.1233056102988
1987-10-28,231.23971817683352
1987-10-29,242.65645895330547
1987-10-30,249.644403437355
1987-11-02,253.6078574820867
1987-11-03,248.75694044450347
1987-11-04,246.94929858292403
1987-11-05,252.4614961960162
1987-11-06,248.46139834583127
1987-11-09,241.31474778595097
1987-11-10,237.2125153314135
1987-11-11,240.1261599527446
1987-11-12,246.7334002020057
1987-11-13,243.9108578432343
1987-11-16,245.05930668282528
1987-11-17,241.4014528165012
1987-11-18,243.93050434936535
1987-11-19,238.50311967629693
1987-11-20,240.47608293223692
1987-11-23,241.49568021330504
1987-11-24,244.9107429602637
1987-11-25,242.670984853865
1987-11-27,238.9691401310297
1987-11-30,229.02201468974712
1987-12-01,230.7442905823056
1987-12-02,232.2183904697061
1987-12-03,224.05402697642455
1987-12-04,222.80166461962529
1987-12-07,227.64833964275687
1987-12-08,233.7999853558457
1987-12-09,237.7935486701638
1987-12-10,232.53090137291844
1987-12-11,234.30531447321408
1987-12-14,241.17813057704092
1987-12-15,241.82893122724087
1987-12-16,247.11112820346384
1987-12-17,242.06525753439703
1987-12-18,248.25551852982449
1987-12-21,248.668504621203
1987-12-22,249.1115094625364
1987-12-23,252.3452422316549
1987-12-24,251.2538163026992
1987-12-28,244.8485108847361
1987-12-29,243.90528333210816
1987-12-30,247.19990695673508
1987-12-31,246.4562151595925
1988-01-04,256.0199890136719
1988-01-05,258.7699890136719
1988-01-06,259.0299987792969
1988-01-07,261.2099914550781
1988-01-08,243.5500030517578
1988-01-11,247.6699981689453
1988-01-12,245.6000061035156
1988-01-13,246.0200042724609
1988-01-14,246.08999633789065
1988-01-15,252.2899932861328
1988-01-18,252.1199951171875
1988-01-19,249.57000732421875
1988-01-20,242.8699951171875
1988-01-21,243.3800048828125
1988-01-22,246.75
1988-01-25,252.509994506836
1988-01-26,249.9499969482422
1988-01-27,249.759994506836
1988-01-28,253.6699981689453
1988-01-29,257.4700012207031
1988-02-01,255.509994506836
1988-02-02,256.1499938964844
1988-02-03,252.7899932861328
1988-02-04,252.97000122070312
1988-02-05,251.9199981689453
1988-02-08,250.1000061035156
1988-02-09,252.7700042724609
1988-02-10,257.760009765625
1988-02-11,257.0599975585937
1988-02-12,258.8699951171875
1988-02-16,261.1400146484375
1988-02-17,260.5400085449219
1988-02-18,259.2300109863281
1988-02-19,262.9599914550781
1988-02-22,267.0799865722656
1988-02-23,266.4800109863281
1988-02-24,265.9599914550781
1988-02-25,263.1000061035156
1988-02-26,263.989990234375
1988-02-29,269.4800109863281
1988-03-01,269.44000244140625
1988-03-02,269.75
1988-03-03,269.6499938964844
1988-03-04,269.1000061035156
1988-03-07,269.2200012207031
1988-03-08,271.3399963378906
1988-03-09,271.0299987792969
1988-03-10,265.7799987792969
1988-03-11,266.8999938964844
1988-03-14,268.3599853515625
1988-03-15,268.1300048828125
1988-03-16,270.8699951171875
1988-03-17,273.2699890136719
1988-03-18,273.17999267578125
1988-03-21,270.7900085449219
1988-03-22,270.8999938964844
1988-03-23,270.9800109863281
1988-03-24,265.3800048828125
1988-03-25,260.7200012207031
1988-03-28,260.2799987792969
1988-03-29,262.3299865722656
1988-03-30,260.32000732421875
1988-03-31,261.1499938964844
1988-04-04,258.4100036621094
1988-04-05,260.8900146484375
1988-04-06,267.94000244140625
1988-04-07,268.6099853515625
1988-04-08,271.9200134277344
1988-04-11,272.67999267578125
1988-04-12,273.8999938964844
1988-04-13,274.1099853515625
1988-04-14,262.2099914550781
1988-04-15,262.2300109863281
1988-04-18,261.67999267578125
1988-04-19,260.3900146484375
1988-04-20,258.5799865722656
1988-04-21,258.8800048828125
1988-04-22,262.6400146484375
1988-04-25,265.0400085449219
1988-04-26,266.6099853515625
1988-04-27,266.5199890136719
1988-04-28,265.32000732421875
1988-04-29,264.0400085449219
1988-05-02,264.3299865722656
1988-05-03,265.8900146484375
1988-05-04,263.2300109863281
1988-05-05,261.8399963378906
1988-05-06,260.5899963378906
1988-05-09,259.8800048828125
1988-05-10,261.010009765625
1988-05-11,256.6499938964844
1988-05-12,257.2099914550781
1988-05-13,260.20001220703125
1988-05-16,262.2900085449219
1988-05-17,259.04998779296875
1988-05-18,255.0200042724609
1988-05-19,256.29998779296875
1988-05-20,256.760009765625
1988-05-23,254.5800018310547
1988-05-24,257.3299865722656
1988-05-25,257.6400146484375
1988-05-26,258.5299987792969
1988-05-27,257.3999938964844
1988-05-31,266.32000732421875
1988-06-01,270.95001220703125
1988-06-02,269.5799865722656
1988-06-03,270.739990234375
1988-06-06,271.4100036621094
1988-06-07,269.5599975585937
1988-06-08,276.0199890136719
1988-06-09,274.7799987792969
1988-06-10,275.8699951171875
1988-06-13,276.07000732421875
1988-06-14,279.010009765625
1988-06-15,279.1700134277344
1988-06-16,274.4200134277344
1988-06-17,275.3599853515625
1988-06-20,273.6199951171875
1988-06-21,276.3999938964844
1988-06-22,280.4599914550781
1988-06-23,279.6099853515625
1988-06-24,278.739990234375
1988-06-27,273.9700012207031
1988-06-28,277.32000732421875
1988-06-29,275.9700012207031
1988-06-30,278.5400085449219
1988-07-01,276.8599853515625
1988-07-05,281.04998779296875
1988-07-06,277.19000244140625
1988-07-07,276.95001220703125
1988-07-08,275.1600036621094
1988-07-11,275.7300109863281
1988-07-12,272.9800109863281
1988-07-13,274.4800109863281
1988-07-14,275.4700012207031
1988-07-15,277.2900085449219
1988-07-18,275.739990234375
1988-07-19,273.67999267578125
1988-07-20,275.2300109863281
1988-07-21,271.8299865722656
1988-07-22,268.6099853515625
1988-07-25,269.8900146484375
1988-07-26,270.45001220703125
1988-07-27,267.760009765625
1988-07-28,271.3500061035156
1988-07-29,277.489990234375
1988-08-01,277.760009765625
1988-08-02,277.7099914550781
1988-08-03,278.67999267578125
1988-08-04,277.8099975585937
1988-08-05,277.07000732421875
1988-08-08,275.9599914550781
1988-08-09,272.57000732421875
1988-08-10,267.8900146484375
1988-08-11,268.79998779296875
1988-08-12,268.6000061035156
1988-08-15,264.7699890136719
1988-08-16,266.7300109863281
1988-08-17,266.95001220703125
1988-08-18,267.239990234375
1988-08-19,266.45001220703125
1988-08-22,263.17999267578125
1988-08-23,263.29998779296875
1988-08-24,267.44000244140625
1988-08-25,265.4599914550781
1988-08-26,266.0400085449219
1988-08-29,268.8599853515625
1988-08-30,269.0799865722656
1988-08-31,268.07000732421875
1988-09-01,264.8500061035156
1988-09-02,271.19000244140625
1988-09-06,272.3699951171875
1988-09-07,272.6600036621094
1988-09-08,272.69000244140625
1988-09-09,273.7799987792969
1988-09-12,273.4100036621094
1988-09-13,274.4200134277344
1988-09-14,276.3599853515625
1988-09-15,275.1600036621094
1988-09-16,277.760009765625
1988-09-19,275.8900146484375
1988-09-20,276.92999267578125
1988-09-21,277.42999267578125
1988-09-22,276.4200134277344
1988-09-23,277.0199890136719
1988-09-26,276.32000732421875
1988-09-27,275.70001220703125
1988-09-28,276.54998779296875
1988-09-29,280.17999267578125
1988-09-30,279.489990234375
1988-10-03,279.0899963378906
1988-10-04,278.3500061035156
1988-10-05,279.6199951171875
1988-10-06,280.1700134277344
1988-10-07,286.0400085449219
1988-10-10,286.2099914550781
1988-10-11,285.8999938964844
1988-10-12,281.8399963378906
1988-10-13,283.1199951171875
1988-10-14,283.44000244140625
1988-10-17,284.3900146484375
1988-10-18,287.4599914550781
1988-10-19,284.9800109863281
1988-10-20,291.0599975585937
1988-10-21,291.8699951171875
1988-10-24,290.489990234375
1988-10-25,290.6199951171875
1988-10-26,289.6600036621094
1988-10-27,285.44000244140625
1988-10-28,286.75
1988-10-31,287.2699890136719
1988-11-01,287.510009765625
1988-11-02,287.510009765625
1988-11-03,287.7099914550781
1988-11-04,284.9700012207031
1988-11-07,282.6499938964844
1988-11-08,283.9700012207031
1988-11-09,282.1499938964844
1988-11-10,282.5899963378906
1988-11-11,276.6300048828125
1988-11-14,276.54998779296875
1988-11-15,277.2099914550781
1988-11-16,272.6000061035156
1988-11-17,273.4200134277344
1988-11-18,275.42999267578125
1988-11-21,275.19000244140625
1988-11-22,276.2099914550781
1988-11-23,278.0899963378906
1988-11-25,276.3599853515625
1988-11-28,277.8900146484375
1988-11-29,280.2900085449219
1988-11-30,283.17999267578125
1988-12-01,281.95001220703125
1988-12-02,281.3099975585937
1988-12-05,284.6000061035156
1988-12-06,287.3900146484375
1988-12-07,287.9599914550781
1988-12-08,286.3500061035156
1988-12-09,286.92999267578125
1988-12-12,286.42999267578125
1988-12-13,286.239990234375
1988-12-14,285.2200012207031
1988-12-15,284.1600036621094
1988-12-16,286.260009765625
1988-12-19,288.9800109863281
1988-12-20,287.5
1988-12-21,287.4100036621094
1988-12-22,286.8900146484375
1988-12-23,288.1700134277344
1988-12-27,287.1000061035156
1988-12-28,287.3699951171875
1988-12-29,289.8099975585937
1988-12-30,288.1199951171875
1989-01-03,285.6499938964844
1989-01-04,289.989990234375
1989-01-05,290.6099853515625
1989-01-06,291.2900085449219
1989-01-09,291.6499938964844
1989-01-10,291.0299987792969
1989-01-11,292.7300109863281
1989-01-12,293.92999267578125
1989-01-13,294.7200012207031
1989-01-16,295.0
1989-01-17,294.3900146484375
1989-01-18,297.4800109863281
1989-01-19,297.8699951171875
1989-01-20,297.6000061035156
1989-01-23,295.44000244140625
1989-01-24,299.6400146484375
1989-01-25,300.3500061035156
1989-01-26,303.0199890136719
1989-01-27,305.239990234375
1989-01-30,306.510009765625
1989-01-31,309.2099914550781
1989-02-01,308.8599853515625
1989-02-02,308.760009765625
1989-02-03,308.9100036621094
1989-02-06,308.1600036621094
1989-02-07,311.92999267578125
1989-02-08,310.9200134277344
1989-02-09,308.29998779296875
1989-02-10,304.19000244140625
1989-02-13,304.8800048828125
1989-02-14,304.20001220703125
1989-02-15,306.760009765625
1989-02-16,307.3599853515625
1989-02-17,309.489990234375
1989-02-21,308.69000244140625
1989-02-22,303.4200134277344
1989-02-23,304.69000244140625
1989-02-24,299.5599975585937
1989-02-27,300.3800048828125
1989-02-28,301.510009765625
1989-03-01,299.7699890136719
1989-03-02,302.7699890136719
1989-03-03,304.0599975585937
1989-03-06,307.92999267578125
1989-03-07,306.9800109863281
1989-03-08,307.2099914550781
1989-03-09,307.17999267578125
1989-03-10,306.1000061035156
1989-03-13,308.67999267578125
1989-03-14,308.510009765625
1989-03-15,310.1300048828125
1989-03-16,313.0299987792969
1989-03-17,305.989990234375
1989-03-20,303.1000061035156
1989-03-21,304.5799865722656
1989-03-22,303.70001220703125
1989-03-23,302.1199951171875
1989-03-27,303.9800109863281
1989-03-28,305.0599975585937
1989-03-29,305.8599853515625
1989-03-30,306.0799865722656
1989-03-31,308.5400085449219
1989-04-03,310.2099914550781
1989-04-04,309.2200012207031
1989-04-05,310.20001220703125
1989-04-06,309.2099914550781
1989-04-07,311.1600036621094
1989-04-10,311.1499938964844
1989-04-11,312.6000061035156
1989-04-12,313.1300048828125
1989-04-13,310.44000244140625
1989-04-14,315.6400146484375
1989-04-17,316.0400085449219
1989-04-18,320.57000732421875
1989-04-19,321.760009765625
1989-04-20,320.760009765625
1989-04-21,324.3399963378906
1989-04-24,323.44000244140625
1989-04-25,321.4599914550781
1989-04-26,321.7099914550781
1989-04-27,324.489990234375
1989-04-28,324.5599975585937
1989-05-01,324.1099853515625
1989-05-02,323.1400146484375
1989-05-03,323.239990234375
1989-05-04,323.0199890136719
1989-05-05,322.95001220703125
1989-05-08,321.3999938964844
1989-05-09,320.739990234375
1989-05-10,321.3999938964844
1989-05-11,322.6300048828125
1989-05-12,329.8900146484375
1989-05-15,332.4599914550781
1989-05-16,331.7300109863281
1989-05-17,334.04998779296875
1989-05-18,334.6000061035156
1989-05-19,338.04998779296875
1989-05-22,338.9200134277344
1989-05-23,335.07000732421875
1989-05-24,335.9800109863281
1989-05-25,336.0899963378906
1989-05-26,338.739990234375
1989-05-30,336.1400146484375
1989-05-31,337.69000244140625
1989-06-01,339.25
1989-06-02,343.0
1989-06-05,339.3800048828125
1989-06-06,341.79998779296875
1989-06-07,344.6600036621094
1989-06-08,344.45001220703125
1989-06-09,344.510009765625
1989-06-12,344.07000732421875
1989-06-13,341.6300048828125
1989-06-14,341.5599975585937
1989-06-15,337.6099853515625
1989-06-16,338.95001220703125
1989-06-19,339.57000732421875
1989-06-20,338.9200134277344
1989-06-21,338.1099853515625
1989-06-22,341.1099853515625
1989-06-23,346.0400085449219
1989-06-26,344.7699890136719
1989-06-27,346.7200012207031
1989-06-28,343.989990234375
1989-06-29,337.5199890136719
1989-06-30,335.7799987792969
1989-07-03,337.19000244140625
1989-07-05,338.7200012207031
1989-07-06,339.7300109863281
1989-07-07,343.2799987792969
1989-07-10,345.6000061035156
1989-07-11,347.4100036621094
1989-07-12,348.510009765625
1989-07-13,348.6499938964844
1989-07-14,350.69000244140625
1989-07-17,351.3599853515625
1989-07-18,350.2300109863281
1989-07-19,354.8599853515625
1989-07-20,352.510009765625
1989-07-21,355.0400085449219
1989-07-24,352.75
1989-07-25,353.0
1989-07-26,357.44000244140625
1989-07-27,361.6700134277344
1989-07-28,361.8500061035156
1989-07-31,366.1000061035156
1989-08-01,363.7699890136719
1989-08-02,364.4500122070313
1989-08-03,365.0299987792969
1989-08-04,364.2099914550781
1989-08-07,370.1000061035156
1989-08-08,370.1799926757813
1989-08-09,367.6900024414063
1989-08-10,369.1199951171875
1989-08-11,365.4800109863281
1989-08-14,363.8299865722656
1989-08-15,365.6000061035156
1989-08-16,366.6700134277344
1989-08-17,365.4100036621094
1989-08-18,367.0899963378906
1989-08-21,361.4700012207031
1989-08-22,362.0700073242188
1989-08-23,365.7900085449219
1989-08-24,373.0299987792969
1989-08-25,372.0199890136719
1989-08-28,373.8500061035156
1989-08-29,371.5299987792969
1989-08-30,372.3999938964844
1989-08-31,373.25
1989-09-01,375.7799987792969
1989-09-05,374.5799865722656
1989-09-06,371.0700073242188
1989-09-07,370.1400146484375
1989-09-08,370.5799865722656
1989-09-11,369.5499877929688
1989-09-12,370.6900024414063
1989-09-13,367.25
1989-09-14,364.8299865722656
1989-09-15,366.8599853515625
1989-09-18,368.6499938964844
1989-09-19,368.6199951171875
1989-09-20,368.5400085449219
1989-09-21,367.7799987792969
1989-09-22,369.2200012207031
1989-09-25,366.3800048828125
1989-09-26,366.5
1989-09-27,367.3299865722656
1989-09-28,371.1199951171875
1989-09-29,371.739990234375
1989-10-02,373.5899963378906
1989-10-03,377.8299865722656
1989-10-04,380.260009765625
1989-10-05,380.2999877929688
1989-10-06,382.25
1989-10-09,383.3399963378906
1989-10-10,382.6300048828125
1989-10-11,380.3599853515625
1989-10-12,378.6499938964844
1989-10-13,355.489990234375
1989-10-16,365.3599853515625
1989-10-17,363.5799865722656
1989-10-18,364.2200012207031
1989-10-19,369.9500122070313
1989-10-20,369.989990234375
1989-10-23,367.5499877929688
1989-10-24,366.3500061035156
1989-10-25,365.1199951171875
1989-10-26,360.3200073242188
1989-10-27,357.260009765625
1989-10-30,357.3299865722656
1989-10-31,363.1099853515625
1989-11-01,364.010009765625
1989-11-02,361.30999755859375
1989-11-03,360.4100036621094
1989-11-06,355.19000244140625
1989-11-07,357.69000244140625
1989-11-08,361.2799987792969
1989-11-09,359.70001220703125
1989-11-10,362.5
1989-11-13,363.1199951171875
1989-11-14,361.5
1989-11-15,364.25
1989-11-16,364.3599853515625
1989-11-17,365.5
1989-11-20,363.1300048828125
1989-11-21,363.3900146484375
1989-11-22,365.8699951171875
1989-11-24,368.1199951171875
1989-11-27,370.0400085449219
1989-11-28,370.2699890136719
1989-11-29,367.9500122070313
1989-11-30,370.510009765625
1989-12-01,375.5199890136719
1989-12-04,376.5199890136719
1989-12-05,374.6199951171875
1989-12-06,373.5199890136719
1989-12-07,372.5199890136719
1989-12-08,373.7000122070313
1989-12-11,373.7200012207031
1989-12-12,377.1499938964844
1989-12-13,378.25
1989-12-14,376.2999877929688
1989-12-15,375.3800048828125
1989-12-18,368.5700073242188
1989-12-19,367.2699890136719
1989-12-20,367.6900024414063
1989-12-21,369.7799987792969
1989-12-22,372.80999755859375
1989-12-26,372.2300109863281
1989-12-27,374.3800048828125
1989-12-28,376.3800048828125
1989-12-29,379.4100036621094
1990-01-02,386.1600036621094
1990-01-03,385.1700134277344
1990-01-04,382.0199890136719
1990-01-05,378.2999877929688
1990-01-08,380.0400085449219
1990-01-09,375.55999755859375
1990-01-10,373.0899963378906
1990-01-11,374.3999938964844
1990-01-12,365.2200012207031
1990-01-15,362.0799865722656
1990-01-16,366.1199951171875
1990-01-17,362.5400085449219
1990-01-18,363.3800048828125
1990-01-19,364.4299926757813
1990-01-22,355.0400085449219
1990-01-23,356.3599853515625
1990-01-24,348.44000244140625
1990-01-25,350.5199890136719
1990-01-26,350.25
1990-01-29,349.6700134277344
1990-01-30,347.3800048828125
1990-01-31,353.94000244140625
1990-02-01,353.67999267578125
1990-02-02,356.0299987792969
1990-02-05,357.2799987792969
1990-02-06,355.04998779296875
1990-02-07,359.5299987792969
1990-02-08,358.70001220703125
1990-02-09,359.5799865722656
1990-02-12,355.8900146484375
1990-02-13,357.010009765625
1990-02-14,358.1000061035156
1990-02-15,361.2300109863281
1990-02-16,358.989990234375
1990-02-20,353.9100036621094
1990-02-21,353.57000732421875
1990-02-22,351.4800109863281
1990-02-23,349.8999938964844
1990-02-26,354.8800048828125
1990-02-27,356.6600036621094
1990-02-28,358.5
1990-03-01,359.4599914550781
1990-03-02,362.489990234375
1990-03-05,360.6799926757813
1990-03-06,365.239990234375
1990-03-07,364.1900024414063
1990-03-08,367.7900085449219
1990-03-09,365.4200134277344
1990-03-12,366.239990234375
1990-03-13,363.3699951171875
1990-03-14,364.3200073242188
1990-03-15,365.6300048828125
1990-03-16,369.7900085449219
1990-03-19,371.55999755859375
1990-03-20,369.4700012207031
1990-03-21,367.489990234375
1990-03-22,363.1099853515625
1990-03-23,364.7699890136719
1990-03-26,365.4400024414063
1990-03-27,369.6400146484375
1990-03-28,370.1900024414063
1990-03-29,368.8800048828125
1990-03-30,368.0
1990-04-02,366.7200012207031
1990-04-03,372.1300048828125
1990-04-04,369.5299987792969
1990-04-05,369.1499938964844
1990-04-06,368.4800109863281
1990-04-09,369.8900146484375
1990-04-10,370.6499938964844
1990-04-11,370.489990234375
1990-04-12,373.1400146484375
1990-04-16,373.6099853515625
1990-04-17,373.5499877929688
1990-04-18,369.2799987792969
1990-04-19,366.4299926757813
1990-04-20,363.2200012207031
1990-04-23,358.8500061035156
1990-04-24,358.1300048828125
1990-04-25,359.9800109863281
1990-04-26,361.0
1990-04-27,356.8800048828125
1990-04-30,358.82000732421875
1990-05-01,360.4800109863281
1990-05-02,362.9200134277344
1990-05-03,364.2099914550781
1990-05-04,367.4599914550781
1990-05-07,369.8999938964844
1990-05-08,371.6400146484375
1990-05-09,372.6400146484375
1990-05-10,373.739990234375
1990-05-11,382.7200012207031
1990-05-14,385.8900146484375
1990-05-15,385.3999938964844
1990-05-16,385.1799926757813
1990-05-17,385.7099914550781
1990-05-18,385.8999938964844
1990-05-21,389.6400146484375
1990-05-22,390.3299865722656
1990-05-23,391.2799987792969
1990-05-24,390.3699951171875
1990-05-25,386.3800048828125
1990-05-29,393.0799865722656
1990-05-30,393.3200073242188
1990-05-31,393.7999877929688
1990-06-01,395.9400024414063
1990-06-04,400.6400146484375
1990-06-05,399.8599853515625
1990-06-06,398.0499877929688
1990-06-07,396.0899963378906
1990-06-08,391.260009765625
1990-06-11,394.6099853515625
1990-06-12,399.6700134277344
1990-06-13,398.2099914550781
1990-06-14,396.0400085449219
1990-06-15,396.05999755859375
1990-06-18,389.5
1990-06-19,391.2699890136719
1990-06-20,391.9599914550781
1990-06-21,393.4599914550781
1990-06-22,387.9599914550781
1990-06-25,384.7799987792969
1990-06-26,384.5199890136719
1990-06-27,387.8900146484375
1990-06-28,390.6400146484375
1990-06-29,391.1400146484375
1990-07-02,392.80999755859375
1990-07-03,393.6600036621094
1990-07-05,388.8200073242188
1990-07-06,391.8200073242188
1990-07-09,393.0499877929688
1990-07-10,389.75
1990-07-11,394.9299926757813
1990-07-12,399.5299987792969
1990-07-13,401.5799865722656
1990-07-16,403.4599914550781
1990-07-17,401.8999938964844
1990-07-18,398.30999755859375
1990-07-19,399.5199890136719
1990-07-20,395.4599914550781
1990-07-23,388.6099853515625
1990-07-24,389.1400146484375
1990-07-25,390.5899963378906
1990-07-26,389.3299865722656
1990-07-27,386.7000122070313
1990-07-30,389.1000061035156
1990-07-31,389.8900146484375
1990-08-01,389.2200012207031
1990-08-02,384.8599853515625
1990-08-03,377.6700134277344
1990-08-06,366.510009765625
1990-08-07,367.1099853515625
1990-08-08,370.9800109863281
1990-08-09,372.80999755859375
1990-08-10,368.0700073242188
1990-08-13,371.8299865722656
1990-08-14,372.489990234375
1990-08-15,373.25
1990-08-16,364.9100036621094
1990-08-17,359.8999938964844
1990-08-20,360.7200012207031
1990-08-21,353.4599914550781
1990-08-22,347.6400146484375
1990-08-23,337.2200012207031
1990-08-24,342.1099853515625
1990-08-27,353.1499938964844
1990-08-28,353.1700134277344
1990-08-29,356.3299865722656
1990-08-30,350.3099975585937
1990-08-31,354.6499938964844
1990-09-04,355.32000732421875
1990-09-05,356.75
1990-09-06,352.45001220703125
1990-09-07,355.69000244140625
1990-09-10,353.9100036621094
1990-09-11,353.32000732421875
1990-09-12,354.9700012207031
1990-09-13,350.69000244140625
1990-09-14,348.70001220703125
1990-09-17,349.760009765625
1990-09-18,350.8699951171875
1990-09-19,348.6700134277344
1990-09-20,343.1099853515625
1990-09-21,342.92999267578125
1990-09-24,335.6700134277344
1990-09-25,339.75
1990-09-26,336.2300109863281
1990-09-27,331.7900085449219
1990-09-28,337.3900146484375
1990-10-01,347.29998779296875
1990-10-02,347.6000061035156
1990-10-03,343.6199951171875
1990-10-04,345.04998779296875
1990-10-05,343.75
1990-10-08,345.92999267578125
1990-10-09,336.7099914550781
1990-10-10,331.5199890136719
1990-10-11,326.0799865722656
1990-10-12,331.1199951171875
1990-10-15,334.7300109863281
1990-10-16,329.9800109863281
1990-10-17,329.82000732421875
1990-10-18,337.5299987792969
1990-10-19,344.9800109863281
1990-10-22,347.5400085449219
1990-10-23,344.8999938964844
1990-10-24,345.1700134277344
1990-10-25,342.510009765625
1990-10-26,336.57000732421875
1990-10-29,333.510009765625
1990-10-30,336.010009765625
1990-10-31,335.95001220703125
1990-11-01,339.3500061035156
1990-11-02,344.7300109863281
1990-11-05,348.20001220703125
1990-11-06,345.0
1990-11-07,338.8099975585937
1990-11-08,340.760009765625
1990-11-09,347.7099914550781
1990-11-12,354.07000732421875
1990-11-13,352.1099853515625
1990-11-14,355.20001220703125
1990-11-15,351.4700012207031
1990-11-16,351.69000244140625
1990-11-19,354.1600036621094
1990-11-20,349.70001220703125
1990-11-21,350.5199890136719
1990-11-23,349.5
1990-11-26,351.17999267578125
1990-11-27,353.0799865722656
1990-11-28,352.9200134277344
1990-11-29,351.2300109863281
1990-11-30,357.6700134277344
1990-12-03,360.0
1990-12-04,362.5700073242188
1990-12-05,366.5400085449219
1990-12-06,365.6199951171875
1990-12-07,364.1700134277344
1990-12-10,365.5
1990-12-11,362.9200134277344
1990-12-12,367.0899963378906
1990-12-13,366.1700134277344
1990-12-14,363.3699951171875
1990-12-17,362.5
1990-12-18,367.0
1990-12-19,367.1900024414063
1990-12-20,367.1000061035156
1990-12-21,368.9100036621094
1990-12-24,367.1300048828125
1990-12-26,368.2099914550781
1990-12-27,365.3699951171875
1990-12-28,365.9599914550781
1990-12-31,367.6300048828125
1991-01-02,363.4400024414063
1991-01-03,358.3999938964844
1991-01-04,357.510009765625
1991-01-07,351.3900146484375
1991-01-08,350.7900085449219
1991-01-09,347.0199890136719
1991-01-10,350.3999938964844
1991-01-11,351.19000244140625
1991-01-14,348.2200012207031
1991-01-15,349.6099853515625
1991-01-16,352.3500061035156
1991-01-17,365.5
1991-01-18,370.2799987792969
1991-01-21,368.9800109863281
1991-01-22,365.9200134277344
1991-01-23,368.0499877929688
1991-01-24,373.2099914550781
1991-01-25,374.6600036621094
1991-01-28,374.6900024414063
1991-01-29,374.5799865722656
1991-01-30,380.2699890136719
1991-01-31,383.6400146484375
1991-02-01,382.6799926757813
1991-02-04,388.8599853515625
1991-02-05,392.3299865722656
1991-02-06,399.9500122070313
1991-02-07,398.3399963378906
1991-02-08,401.55999755859375
1991-02-11,412.05999755859375
1991-02-12,408.6799926757813
1991-02-13,412.7000122070313
1991-02-14,407.3500061035156
1991-02-15,412.8399963378906
1991-02-19,413.239990234375
1991-02-20,408.5
1991-02-21,408.30999755859375
1991-02-22,409.1799926757813
1991-02-25,411.1199951171875
1991-02-26,406.2099914550781
1991-02-27,411.75
1991-02-28,411.0799865722656
1991-03-01,414.9200134277344
1991-03-04,413.7799987792969
1991-03-05,422.1000061035156
1991-03-06,421.5
1991-03-07,421.25
1991-03-08,420.239990234375
1991-03-11,418.1300048828125
1991-03-12,414.8699951171875
1991-03-13,419.9800109863281
1991-03-14,418.7900085449219
1991-03-15,418.8900146484375
1991-03-18,417.239990234375
1991-03-19,411.0799865722656
1991-03-20,412.5799865722656
1991-03-21,411.0799865722656
1991-03-22,412.2799987792969
1991-03-25,414.9700012207031
1991-03-26,422.2300109863281
1991-03-27,421.1700134277344
1991-03-28,421.0299987792969
1991-04-01,416.739990234375
1991-04-02,425.9700012207031
1991-04-03,425.3800048828125
1991-04-04,426.5
1991-04-05,421.5499877929688
1991-04-08,425.2699890136719
1991-04-09,419.5700073242188
1991-04-10,419.1099853515625
1991-04-11,424.1499938964844
1991-04-12,427.260009765625
1991-04-15,428.2300109863281
1991-04-16,435.4599914550781
1991-04-17,438.6499938964844
1991-04-18,436.4200134277344
1991-04-19,431.6499938964844
1991-04-22,428.0299987792969
1991-04-23,428.9400024414063
1991-04-24,430.0899963378906
1991-04-25,426.1700134277344
1991-04-26,425.9500122070313
1991-04-29,420.010009765625
1991-04-30,422.0299987792969
1991-05-01,427.5899963378906
1991-05-02,427.8599853515625
1991-05-03,428.2300109863281
1991-05-06,427.7000122070313
1991-05-07,424.80999755859375
1991-05-08,426.1499938964844
1991-05-09,431.6900024414063
1991-05-10,423.2999877929688
1991-05-13,424.5700073242188
1991-05-14,418.8200073242188
1991-05-15,415.4299926757813
1991-05-16,419.5899963378906
1991-05-17,420.0299987792969
1991-05-20,420.0
1991-05-21,423.510009765625
1991-05-22,424.4700012207031
1991-05-23,423.1000061035156
1991-05-24,426.05999755859375
1991-05-28,431.2200012207031
1991-05-29,432.1900024414063
1991-05-30,436.9200134277344
1991-05-31,440.239990234375
1991-06-03,438.3800048828125
1991-06-04,438.0700073242188
1991-06-05,435.0799865722656
1991-06-06,433.4599914550781
1991-06-07,428.7200012207031
1991-06-10,427.8900146484375
1991-06-11,430.7799987792969
1991-06-12,425.7999877929688
1991-06-13,426.9500122070313
1991-06-14,432.2200012207031
1991-06-17,429.7900085449219
1991-06-18,428.0799865722656
1991-06-19,424.1300048828125
1991-06-20,424.510009765625
1991-06-21,427.1400146484375
1991-06-24,419.6700134277344
1991-06-25,419.3599853515625
1991-06-26,420.4400024414063
1991-06-27,423.6199951171875
1991-06-28,420.0700073242188
1991-07-01,427.7300109863281
1991-07-02,427.2200012207031
1991-07-03,422.7099914550781
1991-07-05,423.6300048828125
1991-07-08,428.010009765625
1991-07-09,425.9800109863281
1991-07-10,425.55999755859375
1991-07-11,426.9500122070313
1991-07-12,430.6700134277344
1991-07-15,433.1700134277344
1991-07-16,432.2200012207031
1991-07-17,431.8299865722656
1991-07-18,436.5799865722656
1991-07-19,435.2799987792969
1991-07-22,433.7999877929688
1991-07-23,429.8800048828125
1991-07-24,429.010009765625
1991-07-25,431.6600036621094
1991-07-26,431.6499938964844
1991-07-29,434.25
1991-07-30,438.3699951171875
1991-07-31,439.6499938964844
1991-08-01,438.8900146484375
1991-08-02,439.0199890136719
1991-08-05,436.7900085449219
1991-08-06,443.30999755859375
1991-08-07,443.4200134277344
1991-08-08,442.0799865722656
1991-08-09,439.7200012207031
1991-08-12,440.8699951171875
1991-08-13,442.7099914550781
1991-08-14,443.0899963378906
1991-08-15,442.4700012207031
1991-08-16,438.2799987792969
1991-08-19,428.010009765625
1991-08-20,431.3900146484375
1991-08-21,444.0799865722656
1991-08-22,444.9400024414063
1991-08-23,448.1700134277344
1991-08-26,447.9599914550781
1991-08-27,447.1600036621094
1991-08-28,451.2999877929688
1991-08-29,451.1199951171875
1991-08-30,450.05999755859375
1991-09-03,446.3900146484375
1991-09-04,443.9400024414063
1991-09-05,443.010009765625
1991-09-06,442.9700012207031
1991-09-09,442.5299987792969
1991-09-10,438.1099853515625
1991-09-11,438.7200012207031
1991-09-12,441.2900085449219
1991-09-13,437.0299987792969
1991-09-16,439.7099914550781
1991-09-17,439.4299926757813
1991-09-18,441.0700073242188
1991-09-19,441.7799987792969
1991-09-20,442.2699890136719
1991-09-23,440.0
1991-09-24,442.2099914550781
1991-09-25,441.2900085449219
1991-09-26,440.8500061035156
1991-09-27,440.1799926757813
1991-09-30,442.5299987792969
1991-10-01,444.0799865722656
1991-10-02,443.010009765625
1991-10-03,438.6900024414063
1991-10-04,435.2200012207031
1991-10-07,433.2699890136719
1991-10-08,434.6300048828125
1991-10-09,430.2200012207031
1991-10-10,434.5
1991-10-11,435.6000061035156
1991-10-14,441.3299865722656
1991-10-15,446.5400085449219
1991-10-16,448.5899963378906
1991-10-17,447.6000061035156
1991-10-18,448.260009765625
1991-10-21,445.4500122070313
1991-10-22,442.9599914550781
1991-10-23,443.0799865722656
1991-10-24,439.7999877929688
1991-10-25,438.8399963378906
1991-10-28,445.010009765625
1991-10-29,447.3599853515625
1991-10-30,449.0499877929688
1991-10-31,448.4800109863281
1991-11-01,447.2000122070313
1991-11-04,446.3800048828125
1991-11-05,444.8200073242188
1991-11-06,446.3699951171875
1991-11-07,450.7300109863281
1991-11-08,450.0
1991-11-11,450.260009765625
1991-11-12,454.4400024414063
1991-11-13,455.25
1991-11-14,455.0
1991-11-15,438.3599853515625
1991-11-18,441.510009765625
1991-11-19,434.8599853515625
1991-11-20,433.8599853515625
1991-11-21,435.6199951171875
1991-11-22,431.25
1991-11-25,430.4500122070313
1991-11-26,433.4500122070313
1991-11-27,431.8999938964844
1991-11-29,430.4100036621094
1991-12-02,437.6700134277344
1991-12-03,437.2699890136719
1991-12-04,436.2799987792969
1991-12-05,433.2200012207031
1991-12-06,435.1900024414063
1991-12-09,434.2999877929688
1991-12-10,434.0299987792969
1991-12-11,433.80999755859375
1991-12-12,438.239990234375
1991-12-13,441.6000061035156
1991-12-16,441.6099853515625
1991-12-17,439.6900024414063
1991-12-18,440.5400085449219
1991-12-19,439.4400024414063
1991-12-20,444.6499938964844
1991-12-23,455.8900146484375
1991-12-24,459.05999755859375
1991-12-26,465.4200134277344
1991-12-27,467.4100036621094
1991-12-30,477.3900146484375
1991-12-31,479.6300048828125
1992-01-02,479.8399963378906
1992-01-03,482.239990234375
1992-01-06,480.8500061035156
1992-01-07,480.2300109863281
1992-01-08,481.0299987792969
1992-01-09,480.5
1992-01-10,477.6099853515625
1992-01-13,476.75
1992-01-14,483.7799987792969
1992-01-15,484.2000122070313
1992-01-16,481.2699890136719
1992-01-17,482.0499877929688
1992-01-20,479.1700134277344
1992-01-21,474.8999938964844
1992-01-22,481.2200012207031
1992-01-23,477.5799865722656
1992-01-24,478.1799926757813
1992-01-27,477.7000122070313
1992-01-28,477.7300109863281
1992-01-29,472.4500122070313
1992-01-30,473.9400024414063
1992-01-31,470.7000122070313
1992-02-03,471.6799926757813
1992-02-04,476.8399963378906
1992-02-05,477.0199890136719
1992-02-06,477.1199951171875
1992-02-07,474.0700073242188
1992-02-10,477.3999938964844
1992-02-11,477.4400024414063
1992-02-12,481.3500061035156
1992-02-13,477.4100036621094
1992-02-14,476.1799926757813
1992-02-18,470.3200073242188
1992-02-19,471.3500061035156
1992-02-20,477.8900146484375
1992-02-21,475.0799865722656
1992-02-24,476.1300048828125
1992-02-25,474.1600036621094
1992-02-26,479.8200073242188
1992-02-27,478.1199951171875
1992-02-28,476.7900085449219
1992-03-02,476.6600036621094
1992-03-03,477.2799987792969
1992-03-04,473.239990234375
1992-03-05,470.010009765625
1992-03-06,467.7099914550781
1992-03-09,468.7000122070313
1992-03-10,470.7099914550781
1992-03-11,467.4100036621094
1992-03-12,467.25
1992-03-13,469.5199890136719
1992-03-16,470.1799926757813
1992-03-17,473.9200134277344
1992-03-18,473.4200134277344
1992-03-19,474.1799926757813
1992-03-20,475.9200134277344
1992-03-23,474.3200073242188
1992-03-24,473.1300048828125
1992-03-25,471.7999877929688
1992-03-26,472.2099914550781
1992-03-27,467.1700134277344
1992-03-30,466.7000122070313
1992-03-31,467.5199890136719
1992-04-01,468.1600036621094
1992-04-02,463.8599853515625
1992-04-03,465.1099853515625
1992-04-06,469.989990234375
1992-04-07,461.2900085449219
1992-04-08,457.1600036621094
1992-04-09,464.3200073242188
1992-04-10,468.5899963378906
1992-04-13,470.6799926757813
1992-04-14,477.989990234375
1992-04-15,482.5
1992-04-16,482.25
1992-04-20,475.4700012207031
1992-04-21,475.6000061035156
1992-04-22,475.0799865722656
1992-04-23,477.1600036621094
1992-04-24,474.2000122070313
1992-04-27,473.6199951171875
1992-04-28,474.4700012207031
1992-04-29,477.8399963378906
1992-04-30,481.25
1992-05-01,478.4500122070313
1992-05-04,483.7699890136719
1992-05-05,483.760009765625
1992-05-06,483.75
1992-05-07,483.0499877929688
1992-05-08,483.2999877929688
1992-05-11,486.3500061035156
1992-05-12,483.8299865722656
1992-05-13,484.0499877929688
1992-05-14,480.239990234375
1992-05-15,476.9400024414063
1992-05-18,480.2900085449219
1992-05-19,484.4500122070313
1992-05-20,483.3399963378906
1992-05-21,480.1000061035156
1992-05-22,481.8599853515625
1992-05-26,478.9500122070313
1992-05-27,479.8500061035156
1992-05-28,485.2099914550781
1992-05-29,483.6000061035156
1992-06-01,486.0400085449219
1992-06-02,481.7699890136719
1992-06-03,483.05999755859375
1992-06-04,481.5700073242188
1992-06-05,481.8299865722656
1992-06-08,481.739990234375
1992-06-09,478.1000061035156
1992-06-10,474.8299865722656
1992-06-11,476.9299926757813
1992-06-12,477.7799987792969
1992-06-15,478.4100036621094
1992-06-16,476.1600036621094
1992-06-17,469.0899963378906
1992-06-18,467.5899963378906
1992-06-19,470.760009765625
1992-06-22,470.4500122070313
1992-06-23,471.2000122070313
1992-06-24,471.2099914550781
1992-06-25,470.3900146484375
1992-06-26,470.8999938964844
1992-06-29,477.3399963378906
1992-06-30,476.4100036621094
1992-07-01,481.9500122070313
1992-07-02,480.6600036621094
1992-07-06,483.3200073242188
1992-07-07,477.8699951171875
1992-07-08,479.1799926757813
1992-07-09,483.8299865722656
1992-07-10,484.2900085449219
1992-07-13,484.5899963378906
1992-07-14,487.8800048828125
1992-07-15,487.2099914550781
1992-07-16,487.760009765625
1992-07-17,485.5299987792969
1992-07-20,483.3900146484375
1992-07-21,483.4100036621094
1992-07-22,480.1000061035156
1992-07-23,481.4500122070313
1992-07-24,480.8900146484375
1992-07-27,480.9200134277344
1992-07-28,487.9800109863281
1992-07-29,493.5199890136719
1992-07-30,495.510009765625
1992-07-31,495.8699951171875
1992-08-03,497.0499877929688
1992-08-04,496.3900146484375
1992-08-05,493.8599853515625
1992-08-06,492.1600036621094
1992-08-07,490.3699951171875
1992-08-10,491.2200012207031
1992-08-11,490.6300048828125
1992-08-12,489.3500061035156
1992-08-13,489.3200073242188
1992-08-14,491.9599914550781
1992-08-17,493.0199890136719
1992-08-18,493.8299865722656
1992-08-19,490.1400146484375
1992-08-20,490.260009765625
1992-08-21,486.2699890136719
1992-08-24,481.489990234375
1992-08-25,482.6099853515625
1992-08-26,484.9400024414063
1992-08-27,484.9800109863281
1992-08-28,486.5199890136719
1992-08-31,485.7200012207031
1992-09-01,488.2300109863281
1992-09-02,490.510009765625
1992-09-03,490.5400085449219
1992-09-04,489.5299987792969
1992-09-08,486.4599914550781
1992-09-09,488.9100036621094
1992-09-10,493.1400146484375
1992-09-11,492.7099914550781
1992-09-14,499.6099853515625
1992-09-15,493.2099914550781
1992-09-16,493.3800048828125
1992-09-17,493.4100036621094
1992-09-18,496.9299926757813
1992-09-21,496.1000061035156
1992-09-22,490.239990234375
1992-09-23,490.6000061035156
1992-09-24,492.0400085449219
1992-09-25,487.2200012207031
1992-09-28,489.9800109863281
1992-09-29,490.2300109863281
1992-09-30,491.4299926757813
1992-10-01,489.6600036621094
1992-10-02,482.8200073242188
1992-10-05,479.6499938964844
1992-10-06,479.2099914550781
1992-10-07,475.760009765625
1992-10-08,479.9200134277344
1992-10-09,473.9400024414063
1992-10-12,479.5700073242188
1992-10-13,481.760009765625
1992-10-14,481.8500061035156
1992-10-15,482.1600036621094
1992-10-16,484.6700134277344
1992-10-19,488.5400085449219
1992-10-20,489.1499938964844
1992-10-21,489.3800048828125
1992-10-22,488.4700012207031
1992-10-23,487.8900146484375
1992-10-26,492.4100036621094
1992-10-27,492.8900146484375
1992-10-28,494.8299865722656
1992-10-29,495.6900024414063
1992-10-30,493.1300048828125
1992-11-02,498.0799865722656
1992-11-03,494.8900146484375
1992-11-04,491.7000122070313
1992-11-05,493.489990234375
1992-11-06,492.80999755859375
1992-11-09,494.0499877929688
1992-11-10,494.1199951171875
1992-11-11,498.3399963378906
1992-11-12,499.1700134277344
1992-11-13,498.6900024414063
1992-11-16,496.760009765625
1992-11-17,495.2000122070313
1992-11-18,499.4400024414063
1992-11-19,500.3699951171875
1992-11-20,504.0
1992-11-23,502.260009765625
1992-11-24,505.3500061035156
1992-11-25,507.260009765625
1992-11-27,508.4200134277344
1992-11-30,509.9200134277344
1992-12-01,509.4200134277344
1992-12-02,508.4400024414063
1992-12-03,508.489990234375
1992-12-04,511.0700073242188
1992-12-07,514.97998046875
1992-12-08,516.989990234375
1992-12-09,515.5800170898438
1992-12-10,514.3900146484375
1992-12-11,513.3300170898438
1992-12-14,512.3099975585938
1992-12-15,512.030029296875
1992-12-16,510.7900085449219
1992-12-17,515.4500122070312
1992-12-18,522.3800048828125
1992-12-21,521.7000122070312
1992-12-22,521.239990234375
1992-12-23,519.739990234375
1992-12-24,520.8900146484375
1992-12-28,520.1900024414062
1992-12-29,518.8300170898438
1992-12-30,519.8400268554688
1992-12-31,516.1799926757812
1993-01-04,516.0
1993-01-05,514.8599853515625
1993-01-06,515.0800170898438
1993-01-07,510.5799865722656
1993-01-08,508.6099853515625
1993-01-11,510.8999938964844
1993-01-12,511.010009765625
1993-01-13,513.4099731445312
1993-01-14,516.8599853515625
1993-01-15,518.3499755859375
1993-01-18,517.97998046875
1993-01-19,515.969970703125
1993-01-20,513.8800048828125
1993-01-21,516.4000244140625
1993-01-22,517.1300048828125
1993-01-25,521.8699951171875
1993-01-26,521.8599853515625
1993-01-27,519.6799926757812
1993-01-28,520.3300170898438
1993-01-29,520.489990234375
1993-02-01,525.030029296875
1993-02-02,525.219970703125
1993-02-03,530.75
1993-02-04,533.8900146484375
1993-02-05,533.1900024414062
1993-02-08,532.1300048828125
1993-02-09,529.260009765625
1993-02-10,530.3599853515625
1993-02-11,532.0700073242188
1993-02-12,528.52001953125
1993-02-16,515.9199829101562
1993-02-17,515.219970703125
1993-02-18,513.5900268554688
1993-02-19,516.3699951171875
1993-02-22,517.7000122070312
1993-02-23,517.2999877929688
1993-02-24,524.5599975585938
1993-02-25,526.3200073242188
1993-02-26,527.5900268554688
1993-03-01,526.0700073242188
1993-03-02,533.2100219726562
1993-03-03,534.9500122070312
1993-03-04,532.719970703125
1993-03-05,531.3699951171875
1993-03-08,541.6699829101562
1993-03-09,541.4299926757812
1993-03-10,543.72998046875
1993-03-11,540.6400146484375
1993-03-12,536.02001953125
1993-03-15,537.9500122070312
1993-03-16,537.9199829101562
1993-03-17,534.2999877929688
1993-03-18,538.5700073242188
1993-03-19,536.530029296875
1993-03-22,534.989990234375
1993-03-23,534.8499755859375
1993-03-24,534.030029296875
1993-03-25,537.6199951171875
1993-03-26,533.9299926757812
1993-03-29,537.5900268554688
1993-03-30,539.0599975585938
1993-03-31,538.719970703125
1993-04-01,537.0900268554688
1993-04-02,526.7100219726562
1993-04-05,527.8499755859375
1993-04-06,526.5
1993-04-07,528.3699951171875
1993-04-08,527.3499755859375
1993-04-12,535.1500244140625
1993-04-13,536.1699829101562
1993-04-14,535.5
1993-04-15,535.22998046875
1993-04-16,535.8800048828125
1993-04-19,534.1599731445312
1993-04-20,531.3599853515625
1993-04-21,529.5999755859375
1993-04-22,524.8599853515625
1993-04-23,521.719970703125
1993-04-26,517.6799926757812
1993-04-27,523.0900268554688
1993-04-28,523.0999755859375
1993-04-29,524.1400146484375
1993-04-30,525.7000122070312
1993-05-03,528.5499877929688
1993-05-04,530.5900268554688
1993-05-05,531.25
1993-05-06,529.8800048828125
1993-05-07,528.97998046875
1993-05-10,529.8599853515625
1993-05-11,531.760009765625
1993-05-12,532.3099975585938
1993-05-13,525.6799926757812
1993-05-14,526.3699951171875
1993-05-17,527.469970703125
1993-05-18,527.489990234375
1993-05-19,536.2000122070312
1993-05-20,539.8400268554688
1993-05-21,534.1599731445312
1993-05-24,536.8699951171875
1993-05-25,538.02001953125
1993-05-26,543.5399780273438
1993-05-27,542.3200073242188
1993-05-28,539.760009765625
1993-06-01,544.2000122070312
1993-06-02,544.4099731445312
1993-06-03,542.8200073242188
1993-06-04,539.9299926757812
1993-06-07,537.1500244140625
1993-06-08,533.6099853515625
1993-06-09,535.1099853515625
1993-06-10,534.6500244140625
1993-06-11,536.9199829101562
1993-06-14,537.489990234375
1993-06-15,535.7899780273438
1993-06-16,537.2000122070312
1993-06-17,538.5499877929688
1993-06-18,532.719970703125
1993-06-21,535.780029296875
1993-06-22,535.4299926757812
1993-06-23,532.1400146484375
1993-06-24,536.52001953125
1993-06-25,537.7000122070312
1993-06-28,542.9000244140625
1993-06-29,541.530029296875
1993-06-30,541.3400268554688
1993-07-01,539.5599975585938
1993-07-02,536.010009765625
1993-07-06,530.739990234375
1993-07-07,532.4299926757812
1993-07-08,539.4099731445312
1993-07-09,538.8400268554688
1993-07-12,539.8699951171875
1993-07-13,538.7999877929688
1993-07-14,541.2100219726562
1993-07-15,540.2100219726562
1993-07-16,536.0399780273438
1993-07-19,536.4299926757812
1993-07-20,537.989990234375
1993-07-21,537.8400268554688
1993-07-22,534.6300048828125
1993-07-23,537.739990234375
1993-07-26,540.219970703125
1993-07-27,539.2899780273438
1993-07-28,538.030029296875
1993-07-29,541.7000122070312
1993-07-30,539.1599731445312
1993-08-02,541.75
1993-08-03,540.8900146484375
1993-08-04,540.0599975585938
1993-08-05,539.6500244140625
1993-08-06,540.3400268554688
1993-08-09,543.2100219726562
1993-08-10,541.719970703125
1993-08-11,542.969970703125
1993-08-12,541.2000122070312
1993-08-13,542.6599731445312
1993-08-16,545.5
1993-08-17,546.5
1993-08-18,550.02001953125
1993-08-19,550.530029296875
1993-08-20,550.219970703125
1993-08-23,549.1500244140625
1993-08-24,554.6500244140625
1993-08-25,555.1599731445312
1993-08-26,556.3800048828125
1993-08-27,555.780029296875
1993-08-30,557.530029296875
1993-08-31,559.6199951171875
1993-09-01,559.2000122070312
1993-09-02,557.030029296875
1993-09-03,557.1699829101562
1993-09-07,553.780029296875
1993-09-08,551.5399780273438
1993-09-09,552.7899780273438
1993-09-10,557.9000244140625
1993-09-13,558.530029296875
1993-09-14,555.9400024414062
1993-09-15,558.030029296875
1993-09-16,555.4299926757812
1993-09-17,554.7000122070312
1993-09-20,550.239990234375
1993-09-21,547.7000122070312
1993-09-22,551.6400146484375
1993-09-23,553.5
1993-09-24,553.6099853515625
1993-09-27,558.72998046875
1993-09-28,558.4099731445312
1993-09-29,556.72998046875
1993-09-30,555.3300170898438
1993-10-01,558.239990234375
1993-10-04,558.530029296875
1993-10-05,558.4000244140625
1993-10-06,557.8400268554688
1993-10-07,555.969970703125
1993-10-08,557.3900146484375
1993-10-11,558.0800170898438
1993-10-12,558.3699951171875
1993-10-13,558.8200073242188
1993-10-14,565.3400268554688
1993-10-15,568.5700073242188
1993-10-18,567.3599853515625
1993-10-19,564.6699829101562
1993-10-20,564.5
1993-10-21,563.6400146484375
1993-10-22,561.1099853515625
1993-10-25,562.3200073242188
1993-10-26,562.530029296875
1993-10-27,562.9099731445312
1993-10-28,566.6900024414062
1993-10-29,566.8200073242188
1993-11-01,568.489990234375
1993-11-02,567.8599853515625
1993-11-03,561.3300170898438
1993-11-04,554.8200073242188
1993-11-05,557.6699829101562
1993-11-08,558.5599975585938
1993-11-09,558.760009765625
1993-11-10,562.9000244140625
1993-11-11,561.5900268554688
1993-11-12,564.9400024414062
1993-11-15,563.1099853515625
1993-11-16,566.8400268554688
1993-11-17,564.530029296875
1993-11-18,563.0999755859375
1993-11-19,561.9299926757812
1993-11-22,557.739990234375
1993-11-23,560.1199951171875
1993-11-24,561.9400024414062
1993-11-26,562.7999877929688
1993-11-29,561.5
1993-11-30,561.4099731445312
1993-12-01,561.5800170898438
1993-12-02,563.1799926757812
1993-12-03,565.3400268554688
1993-12-06,567.3099975585938
1993-12-07,567.75
1993-12-08,567.1799926757812
1993-12-09,564.8099975585938
1993-12-10,564.530029296875
1993-12-13,566.7100219726562
1993-12-14,563.5399780273438
1993-12-15,562.0700073242188
1993-12-16,563.9099731445312
1993-12-17,567.6199951171875
1993-12-20,566.989990234375
1993-12-21,566.3300170898438
1993-12-22,568.7899780273438
1993-12-23,568.8699951171875
1993-12-27,573.0999755859375
1993-12-28,573.5999755859375
1993-12-29,573.1799926757812
1993-12-30,570.8400268554688
1993-12-31,568.2000122070312
1994-01-03,567.0999755859375
1994-01-04,569.0700073242188
1994-01-05,569.9000244140625
1994-01-06,569.3699951171875
1994-01-07,572.760009765625
1994-01-10,579.3699951171875
1994-01-11,577.97998046875
1994-01-12,578.030029296875
1994-01-13,576.010009765625
1994-01-14,579.0399780273438
1994-01-17,577.0700073242188
1994-01-18,578.239990234375
1994-01-19,578.3099975585938
1994-01-20,579.1400146484375
1994-01-21,578.8200073242188
1994-01-24,575.5399780273438
1994-01-25,574.3200073242188
1994-01-26,577.1199951171875
1994-01-27,581.8200073242188
1994-01-28,583.8499755859375
1994-01-31,587.52001953125
1994-02-01,585.27001953125
1994-02-02,588.1900024414062
1994-02-03,586.6900024414062
1994-02-04,573.6799926757812
1994-02-07,576.2000122070312
1994-02-08,575.3599853515625
1994-02-09,577.6099853515625
1994-02-10,572.9600219726562
1994-02-11,574.510009765625
1994-02-14,574.7100219726562
1994-02-15,577.6400146484375
1994-02-16,578.0
1994-02-17,575.010009765625
1994-02-18,571.8699951171875
1994-02-22,576.5800170898438
1994-02-23,575.75
1994-02-24,567.9099731445312
1994-02-25,570.1400146484375
1994-02-28,571.5700073242188
1994-03-01,568.3300170898438
1994-03-02,569.0
1994-03-03,566.8300170898438
1994-03-04,569.0
1994-03-07,571.719970703125
1994-03-08,570.47998046875
1994-03-09,572.1699829101562
1994-03-10,568.3200073242188
1994-03-11,571.4400024414062
1994-03-14,572.6199951171875
1994-03-15,572.2100219726562
1994-03-16,575.1900024414062
1994-03-17,577.030029296875
1994-03-18,577.22998046875
1994-03-21,574.1400146484375
1994-03-22,574.469970703125
1994-03-23,574.1500244140625
1994-03-24,569.02001953125
1994-03-25,564.719970703125
1994-03-28,564.010009765625
1994-03-29,554.8400268554688
1994-03-30,546.3599853515625
1994-03-31,546.6500244140625
1994-04-04,538.3699951171875
1994-04-05,550.02001953125
1994-04-06,549.72998046875
1994-04-07,553.2000122070312
1994-04-08,548.5999755859375
1994-04-11,552.0499877929688
1994-04-12,549.25
1994-04-13,547.6500244140625
1994-04-14,547.8400268554688
1994-04-15,547.5900268554688
1994-04-18,543.0800170898438
1994-04-19,543.2000122070312
1994-04-20,542.489990234375
1994-04-21,550.8099975585938
1994-04-22,549.4500122070312
1994-04-25,555.77001953125
1994-04-26,554.8300170898438
1994-04-28,551.4400024414062
1994-04-29,553.6599731445312
1994-05-02,556.4400024414062
1994-05-03,556.5399780273438
1994-05-04,555.0
1994-05-05,554.780029296875
1994-05-06,550.4600219726562
1994-05-09,544.1400146484375
1994-05-10,548.719970703125
1994-05-11,543.2000122070312
1994-05-12,546.010009765625
1994-05-13,546.5
1994-05-16,547.0999755859375
1994-05-17,553.2100219726562
1994-05-18,558.5599975585938
1994-05-19,562.02001953125
1994-05-20,560.3499755859375
1994-05-23,558.2999877929688
1994-05-24,560.3900146484375
1994-05-25,562.4299926757812
1994-05-26,563.3200073242188
1994-05-27,563.760009765625
1994-05-31,562.75
1994-06-01,564.1900024414062
1994-06-02,564.3400268554688
1994-06-03,567.4299926757812
1994-06-06,566.010009765625
1994-06-07,565.2100219726562
1994-06-08,563.7999877929688
1994-06-09,565.0499877929688
1994-06-10,566.0599975585938
1994-06-13,566.6099853515625
1994-06-14,570.6799926757812
1994-06-15,568.530029296875
1994-06-16,570.2000122070312
1994-06-17,565.9099731445312
1994-06-20,562.25
1994-06-21,557.1400146484375
1994-06-22,559.3099975585938
1994-06-23,555.0399780273438
1994-06-24,546.8499755859375
1994-06-27,552.489990234375
1994-06-28,551.0999755859375
1994-06-29,553.0800170898438
1994-06-30,548.9600219726562
1994-07-01,551.469970703125
1994-07-05,551.8300170898438
1994-07-06,551.5499877929688
1994-07-07,554.3300170898438
1994-07-08,555.77001953125
1994-07-11,554.0
1994-07-12,553.8699951171875
1994-07-13,554.8300170898438
1994-07-14,560.6799926757812
1994-07-15,561.5999755859375
1994-07-18,562.969970703125
1994-07-19,561.3099975585938
1994-07-20,558.52001953125
1994-07-21,559.77001953125
1994-07-22,560.3900146484375
1994-07-25,561.9000244140625
1994-07-26,560.8599853515625
1994-07-27,559.9199829101562
1994-07-28,561.969970703125
1994-07-29,566.97998046875
1994-08-01,570.5399780273438
1994-08-02,570.1599731445312
1994-08-03,571.2899780273438
1994-08-04,567.6699829101562
1994-08-05,566.0700073242188
1994-08-08,567.1900024414062
1994-08-09,567.510009765625
1994-08-10,570.5
1994-08-11,568.760009765625
1994-08-12,572.5900268554688
1994-08-15,571.8900146484375
1994-08-16,576.6599731445312
1994-08-17,576.8900146484375
1994-08-18,574.4299926757812
1994-08-19,575.0800170898438
1994-08-22,573.4600219726562
1994-08-23,576.1900024414062
1994-08-24,581.8300170898438
1994-08-25,580.739990234375
1994-08-26,587.969970703125
1994-08-29,589.0499877929688
1994-08-30,590.9299926757812
1994-08-31,590.22998046875
1994-09-01,587.4500122070312
1994-09-02,584.9099731445312
1994-09-06,586.02001953125
1994-09-07,584.9099731445312
1994-09-08,587.6400146484375
1994-09-09,581.739990234375
1994-09-12,579.3300170898438
1994-09-13,580.969970703125
1994-09-14,582.5700073242188
1994-09-15,590.0800170898438
1994-09-16,585.5900268554688
1994-09-19,585.4000244140625
1994-09-20,576.1099853515625
1994-09-21,573.75
1994-09-22,573.52001953125
1994-09-23,571.530029296875
1994-09-26,573.3300170898438
1994-09-27,574.8699951171875
1994-09-28,578.3499755859375
1994-09-29,575.2000122070312
1994-09-30,575.7999877929688
1994-10-03,574.8200073242188
1994-10-04,566.0499877929688
1994-10-05,564.719970703125
1994-10-06,563.280029296875
1994-10-07,566.75
1994-10-10,571.6599731445312
1994-10-11,580.0900268554688
1994-10-12,579.6900024414062
1994-10-13,582.1799926757812
1994-10-14,584.260009765625
1994-10-17,584.1400146484375
1994-10-18,582.5399780273438
1994-10-19,585.8099975585938
1994-10-20,581.5399780273438
1994-10-21,579.0999755859375
1994-10-24,574.0900268554688
1994-10-25,575.030029296875
1994-10-26,576.4600219726562
1994-10-27,580.47998046875
1994-10-28,590.3800048828125
1994-10-31,588.72998046875
1994-11-01,583.97998046875
1994-11-02,581.6500244140625
1994-11-03,583.489990234375
1994-11-04,576.75
1994-11-07,577.9099731445312
1994-11-08,581.27001953125
1994-11-09,581.010009765625
1994-11-10,579.760009765625
1994-11-11,577.239990234375
1994-11-14,581.989990234375
1994-11-15,580.75
1994-11-16,581.5700073242188
1994-11-17,579.0399780273438
1994-11-18,576.5399780273438
1994-11-21,572.6099853515625
1994-11-22,562.3499755859375
1994-11-23,562.22998046875
1994-11-25,565.3900146484375
1994-11-28,567.8300170898438
1994-11-29,569.1199951171875
1994-11-30,567.2899780273438
1994-12-01,561.4299926757812
1994-12-02,566.989990234375
1994-12-05,567.1099853515625
1994-12-06,566.8699951171875
1994-12-07,564.5399780273438
1994-12-08,557.3300170898438
1994-12-09,559.4600219726562
1994-12-12,562.6400146484375
1994-12-13,563.5399780273438
1994-12-14,569.5800170898438
1994-12-15,570.0900268554688
1994-12-16,574.4299926757812
1994-12-19,573.3300170898438
1994-12-20,572.3499755859375
1994-12-21,575.5
1994-12-22,575.5800170898438
1994-12-23,576.2100219726562
1994-12-27,579.530029296875
1994-12-28,577.510009765625
1994-12-29,577.9199829101562
1994-12-30,575.7100219726562
1995-01-03,575.52001953125
1995-01-04,577.6900024414062
1995-01-05,577.2999877929688
1995-01-06,577.719970703125
1995-01-09,577.97998046875
1995-01-10,579.0499877929688
1995-01-11,579.030029296875
1995-01-12,579.0
1995-01-13,584.5399780273438
1995-01-16,588.8200073242188
1995-01-17,589.6799926757812
1995-01-18,589.27001953125
1995-01-19,585.7999877929688
1995-01-20,583.0800170898438
1995-01-23,584.4099731445312
1995-01-24,584.52001953125
1995-01-25,586.5900268554688
1995-01-26,587.719970703125
1995-01-27,590.3300170898438
1995-01-30,588.0800170898438
1995-01-31,590.6400146484375
1995-02-01,590.6500244140625
1995-02-02,593.72998046875
1995-02-03,601.1300048828125
1995-02-06,604.5599975585938
1995-02-07,604.2100219726562
1995-02-08,604.739990234375
1995-02-09,603.6199951171875
1995-02-10,605.3300170898438
1995-02-13,605.7100219726562
1995-02-14,606.9600219726562
1995-02-15,609.52001953125
1995-02-16,610.3800048828125
1995-02-17,606.4099731445312
1995-02-21,607.4099731445312
1995-02-22,610.4199829101562
1995-02-23,612.8699951171875
1995-02-24,614.4000244140625
1995-02-27,609.1199951171875
1995-02-28,613.6500244140625
1995-03-01,611.6400146484375
1995-03-02,611.010009765625
1995-03-03,611.5
1995-03-06,611.8699951171875
1995-03-07,607.47998046875
1995-03-08,608.77001953125
1995-03-09,609.1099853515625
1995-03-10,617.2000122070312
1995-03-13,617.8499755859375
1995-03-14,621.4500122070312
1995-03-15,620.2100219726562
1995-03-16,624.7100219726562
1995-03-17,624.8499755859375
1995-03-20,625.6500244140625
1995-03-21,624.2999877929688
1995-03-22,625.0599975585938
1995-03-23,625.4099731445312
1995-03-24,631.739990234375
1995-03-27,634.8300170898438
1995-03-28,635.719970703125
1995-03-29,634.739990234375
1995-03-30,633.6500244140625
1995-03-31,631.760009765625
1995-04-03,633.3300170898438
1995-04-04,637.77001953125
1995-04-05,638.3099975585938
1995-04-06,638.9500122070312
1995-04-07,639.4400024414062
1995-04-10,640.2100219726562
1995-04-11,638.3400268554688
1995-04-12,640.4600219726562
1995-04-13,643.0700073242188
1995-04-17,639.219970703125
1995-04-18,638.280029296875
1995-04-19,637.72998046875
1995-04-20,638.1900024414062
1995-04-21,642.239990234375
1995-04-24,647.9299926757812
1995-04-25,647.010009765625
1995-04-26,647.77001953125
1995-04-27,648.8900146484375
1995-04-28,650.3599853515625
1995-05-01,649.9500122070312
1995-05-02,650.8099975585938
1995-05-03,657.9400024414062
1995-05-04,658.219970703125
1995-05-05,657.739990234375
1995-05-08,662.8200073242188
1995-05-09,662.5800170898438
1995-05-10,663.6500244140625
1995-05-11,663.760009765625
1995-05-12,665.280029296875
1995-05-15,668.22998046875
1995-05-16,668.8900146484375
1995-05-17,667.47998046875
1995-05-18,658.0399780273438
1995-05-19,657.8499755859375
1995-05-22,663.5700073242188
1995-05-23,669.8599853515625
1995-05-24,669.9500122070312
1995-05-25,670.0999755859375
1995-05-26,663.9500122070312
1995-05-30,663.8900146484375
1995-05-31,676.3599853515625
1995-06-01,676.530029296875
1995-06-02,675.4000244140625
1995-06-05,679.3200073242188
1995-06-06,679.3599853515625
1995-06-07,676.2899780273438
1995-06-08,675.3900146484375
1995-06-09,669.7999877929688
1995-06-12,673.5599975585938
1995-06-13,680.4099731445312
1995-06-14,680.989990234375
1995-06-15,681.8200073242188
1995-06-16,685.260009765625
1995-06-19,692.1500244140625
1995-06-20,691.8499755859375
1995-06-21,690.5900268554688
1995-06-22,699.6300048828125
1995-06-23,697.9199829101562
1995-06-26,690.8400268554688
1995-06-27,688.6799926757812
1995-06-28,691.8900146484375
1995-06-29,690.7999877929688
1995-06-30,692.0700073242188
1995-07-03,695.0800170898438
1995-07-05,695.4099731445312
1995-07-06,704.1400146484375
1995-07-07,707.280029296875
1995-07-10,708.3300170898438
1995-07-11,705.280029296875
1995-07-12,713.0999755859375
1995-07-13,713.260009765625
1995-07-14,711.8499755859375
1995-07-17,715.4500122070312
1995-07-18,710.0999755859375
1995-07-19,700.6599731445312
1995-07-20,703.9299926757812
1995-07-21,704.0499877929688
1995-07-24,707.8699951171875
1995-07-25,713.5599975585938
1995-07-26,714.25
1995-07-27,718.9500122070312
1995-07-28,716.0700073242188
1995-07-31,715.02001953125
1995-08-01,711.9500122070312
1995-08-02,711.030029296875
1995-08-03,711.1599731445312
1995-08-04,711.4500122070312
1995-08-07,712.9099731445312
1995-08-08,713.4400024414062
1995-08-09,712.6799926757812
1995-08-10,709.989990234375
1995-08-11,707.1400146484375
1995-08-14,713.0999755859375
1995-08-15,711.7100219726562
1995-08-16,713.6699829101562
1995-08-17,712.52001953125
1995-08-18,712.8200073242188
1995-08-21,711.4400024414062
1995-08-22,713.27001953125
1995-08-23,710.3400268554688
1995-08-24,710.77001953125
1995-08-25,714.1500244140625
1995-08-28,712.8200073242188
1995-08-29,714.1300048828125
1995-08-30,715.5399780273438
1995-08-31,716.8200073242188
1995-09-01,719.3400268554688
1995-09-05,726.260009765625
1995-09-06,727.6799926757812
1995-09-07,727.8800048828125
1995-09-08,730.9400024414062
1995-09-11,732.5399780273438
1995-09-12,735.8699951171875
1995-09-13,739.1099853515625
1995-09-14,745.3099975585938
1995-09-15,744.97998046875
1995-09-18,744.5
1995-09-19,746.3400268554688
1995-09-20,749.6599731445312
1995-09-21,744.8800048828125
1995-09-22,743.260009765625
1995-09-25,743.3599853515625
1995-09-26,742.8499755859375
1995-09-27,742.739990234375
1995-09-28,748.9299926757812
1995-09-29,747.0700073242188
1995-10-02,743.6500244140625
1995-10-03,744.469970703125
1995-10-04,743.47998046875
1995-10-05,745.219970703125
1995-10-06,745.1099853515625
1995-10-09,739.8400268554688
1995-10-10,738.75
1995-10-11,741.3400268554688
1995-10-12,746.02001953125
1995-10-13,747.8200073242188
1995-10-16,745.9299926757812
1995-10-17,750.72998046875
1995-10-18,751.7100219726562
1995-10-19,755.8300170898438
1995-10-20,751.760009765625
1995-10-23,748.7000122070312
1995-10-24,750.5900268554688
1995-10-25,745.4299926757812
1995-10-26,738.1099853515625
1995-10-27,742.0
1995-10-30,746.6300048828125
1995-10-31,744.4000244140625
1995-11-01,748.010009765625
1995-11-02,755.239990234375
1995-11-03,756.3699951171875
1995-11-06,753.739990234375
1995-11-07,751.030029296875
1995-11-08,758.0999755859375
1995-11-09,760.3099975585938
1995-11-10,759.6599731445312
1995-11-13,759.260009765625
1995-11-14,755.489990234375
1995-11-15,761.6699829101562
1995-11-16,766.0599975585938
1995-11-17,769.5700073242188
1995-11-20,765.5599975585938
1995-11-21,770.0
1995-11-22,767.6599731445312
1995-11-24,769.6900024414062
1995-11-27,771.4299926757812
1995-11-28,778.0999755859375
1995-11-29,779.97998046875
1995-11-30,777.0700073242188
1995-12-01,779.1500244140625
1995-12-04,787.7999877929688
1995-12-05,793.010009765625
1995-12-06,796.4099731445312
1995-12-07,791.2899780273438
1995-12-08,792.97998046875
1995-12-11,795.6300048828125
1995-12-12,794.6799926757812
1995-12-13,798.760009765625
1995-12-14,792.6900024414062
1995-12-15,791.9500122070312
1995-12-18,779.77001953125
1995-12-19,786.3499755859375
1995-12-20,778.6900024414062
1995-12-21,784.5700073242188
1995-12-22,786.469970703125
1995-12-26,789.47998046875
1995-12-27,790.2000122070312
1995-12-28,789.6900024414062
1995-12-29,792.0399780273438
1996-01-02,798.219970703125
1996-01-03,799.1199951171875
1996-01-04,794.469970703125
1996-01-05,793.2000122070312
1996-01-08,795.6799926757812
1996-01-09,784.1599731445312
1996-01-10,770.1099853515625
1996-01-11,775.5700073242188
1996-01-12,774.4299926757812
1996-01-15,771.8699951171875
1996-01-16,782.969970703125
1996-01-17,780.3699951171875
1996-01-18,782.8499755859375
1996-01-19,787.47998046875
1996-01-22,789.5
1996-01-23,788.719970703125
1996-01-24,797.989990234375
1996-01-25,794.219970703125
1996-01-26,800.1300048828125
1996-01-29,803.6500244140625
1996-01-30,811.3099975585938
1996-01-31,819.0
1996-02-01,822.2999877929688
1996-02-02,818.969970703125
1996-02-05,826.22998046875
1996-02-06,832.5599975585938
1996-02-07,837.3400268554688
1996-02-08,845.4400024414062
1996-02-09,845.8699951171875
1996-02-12,852.469970703125
1996-02-13,851.47998046875
1996-02-14,845.239990234375
1996-02-15,839.9000244140625
1996-02-16,835.7000122070312
1996-02-20,826.260009765625
1996-02-21,836.010009765625
1996-02-22,849.9299926757812
1996-02-23,850.22998046875
1996-02-26,839.1199951171875
1996-02-27,835.0599975585938
1996-02-28,832.0999755859375
1996-02-29,826.5900268554688
1996-03-01,831.7000122070312
1996-03-04,840.1500244140625
1996-03-05,846.6599731445312
1996-03-06,842.02001953125
1996-03-07,844.2100219726562
1996-03-08,818.1900024414062
1996-03-11,826.6500244140625
1996-03-12,822.8699951171875
1996-03-13,825.1400146484375
1996-03-14,828.1500244140625
1996-03-15,828.9000244140625
1996-03-18,843.4400024414062
1996-03-19,842.219970703125
1996-03-20,840.02001953125
1996-03-21,839.0499877929688
1996-03-22,840.9000244140625
1996-03-25,840.1500244140625
1996-03-26,843.9400024414062
1996-03-27,838.9500122070312
1996-03-28,839.0
1996-03-29,834.5499877929688
1996-04-01,845.2000122070312
1996-04-02,847.3499755859375
1996-04-03,848.1699829101562
1996-04-04,848.2100219726562
1996-04-08,833.469970703125
1996-04-09,830.8400268554688
1996-04-10,819.6199951171875
1996-04-11,816.7000122070312
1996-04-12,823.8599853515625
1996-04-15,831.3300170898438
1996-04-16,834.5800170898438
1996-04-17,830.3099975585938
1996-04-18,832.9199829101562
1996-04-19,834.8099975585938
1996-04-22,838.4600219726562
1996-04-23,843.25
1996-04-24,841.4600219726562
1996-04-25,844.9600219726562
1996-04-26,845.8300170898438
1996-04-29,846.77001953125
1996-04-30,846.8499755859375
1996-05-01,847.489990234375
1996-05-02,833.1199951171875
1996-05-03,830.8900146484375
1996-05-06,829.9099731445312
1996-05-07,826.6300048828125
1996-05-08,835.280029296875
1996-05-09,836.3699951171875
1996-05-10,845.0700073242188
1996-05-13,857.4400024414062
1996-05-14,862.8900146484375
1996-05-15,862.7899780273438
1996-05-16,862.1400146484375
1996-05-17,867.760009765625
1996-05-20,873.3400268554688
1996-05-21,872.8499755859375
1996-05-22,880.3099975585938
1996-05-23,877.1900024414062
1996-05-24,880.4600219726562
1996-05-28,872.3200073242188
1996-05-29,866.9600219726562
1996-05-30,872.0
1996-05-31,868.6900024414062
1996-06-03,866.8300170898438
1996-06-04,873.2100219726562
1996-06-05,881.0900268554688
1996-06-06,874.219970703125
1996-06-07,874.5999755859375
1996-06-10,873.1400146484375
1996-06-11,871.5999755859375
1996-06-12,869.47998046875
1996-06-13,868.0800170898438
1996-06-14,865.4000244140625
1996-06-17,864.530029296875
1996-06-18,860.52001953125
1996-06-19,860.4000244140625
1996-06-20,860.6099853515625
1996-06-21,866.7899780273438
1996-06-24,869.4099731445312
1996-06-25,868.9299926757812
1996-06-26,863.8800048828125
1996-06-27,869.2999877929688
1996-06-28,872.010009765625
1996-07-01,878.969970703125
1996-07-02,876.1900024414062
1996-07-03,874.6300048828125
1996-07-05,855.1900024414062
1996-07-08,849.0700073242188
1996-07-09,852.030029296875
1996-07-10,853.77001953125
1996-07-11,840.3400268554688
1996-07-12,841.010009765625
1996-07-15,819.6799926757812
1996-07-16,817.8200073242188
1996-07-17,825.3200073242188
1996-07-18,837.739990234375
1996-07-19,831.4600219726562
1996-07-22,825.0
1996-07-23,816.030029296875
1996-07-24,815.77001953125
1996-07-25,821.6599731445312
1996-07-26,827.8099975585938
1996-07-29,821.4299926757812
1996-07-30,827.1300048828125
1996-07-31,833.47998046875
1996-08-01,846.77001953125
1996-08-02,863.0599975585938
1996-08-05,860.1900024414062
1996-08-06,863.02001953125
1996-08-07,865.4600219726562
1996-08-08,863.4400024414062
1996-08-09,863.010009765625
1996-08-12,867.8400268554688
1996-08-13,860.8200073242188
1996-08-14,863.3599853515625
1996-08-15,863.7100219726562
1996-08-16,867.6300048828125
1996-08-19,869.4500122070312
1996-08-20,868.3699951171875
1996-08-21,867.6699829101562
1996-08-22,875.010009765625
1996-08-23,870.280029296875
1996-08-26,866.1699829101562
1996-08-27,869.469970703125
1996-08-28,867.6199951171875
1996-08-29,858.0999755859375
1996-08-30,851.0599975585938
1996-09-03,854.6300048828125
1996-09-04,856.1400146484375
1996-09-05,848.1500244140625
1996-09-06,856.3699951171875
1996-09-09,866.9400024414062
1996-09-10,867.1099853515625
1996-09-11,871.8099975585938
1996-09-12,877.1500244140625
1996-09-13,889.4199829101562
1996-09-16,894.1599731445312
1996-09-17,892.8099975585938
1996-09-18,890.9199829101562
1996-09-19,892.969970703125
1996-09-20,898.239990234375
1996-09-23,897.5499877929688
1996-09-24,896.4099731445312
1996-09-25,896.72998046875
1996-09-26,897.0499877929688
1996-09-27,897.5
1996-09-30,898.969970703125
1996-10-01,901.2899780273438
1996-10-02,907.8800048828124
1996-10-03,906.280029296875
1996-10-04,917.6599731445312
1996-10-07,920.1599731445312
1996-10-08,916.8400268554688
1996-10-09,911.8699951171876
1996-10-10,909.1599731445312
1996-10-11,917.0800170898438
1996-10-14,920.8499755859376
1996-10-15,919.5900268554688
1996-10-16,922.0700073242188
1996-10-17,925.52001953125
1996-10-18,930.5499877929688
1996-10-21,929.280029296875
1996-10-22,924.97998046875
1996-10-23,925.9299926757812
1996-10-24,919.4199829101562
1996-10-25,917.6300048828124
1996-10-28,912.8300170898438
1996-10-29,918.489990234375
1996-10-30,917.9500122070312
1996-10-31,923.760009765625
1996-11-01,921.9099731445312
1996-11-04,925.8800048828124
1996-11-05,935.5900268554688
1996-11-06,949.469970703125
1996-11-07,953.6699829101562
1996-11-08,957.9099731445312
1996-11-11,959.2899780273438
1996-11-12,956.3699951171876
1996-11-13,958.6799926757812
1996-11-14,964.989990234375
1996-11-15,967.3400268554688
1996-11-18,966.6300048828124
1996-11-19,973.3900146484376
1996-11-20,975.9099731445312
1996-11-21,974.3599853515624
1996-11-22,982.219970703125
1996-11-25,993.1599731445312
1996-11-26,991.97998046875
1996-11-27,990.8900146484376
1996-11-29,993.5800170898438
1996-12-02,993.0
1996-12-03,982.1500244140624
1996-12-04,978.239990234375
1996-12-05,977.4099731445312
1996-12-06,971.2100219726562
1996-12-09,984.6300048828124
1996-12-10,981.6500244140624
1996-12-11,972.8499755859376
1996-12-12,958.1500244140624
1996-12-13,957.260009765625
1996-12-16,947.22998046875
1996-12-17,953.8800048828124
1996-12-18,961.1599731445312
1996-12-19,979.8800048828124
1996-12-20,983.989990234375
1996-12-23,981.4299926757812
1996-12-24,986.8699951171876
1996-12-26,993.1599731445312
1996-12-27,994.8499755859376
1996-12-30,991.010009765625
1996-12-31,973.9000244140624
1997-01-02,969.0499877929688
1997-01-03,983.5599975585938
1997-01-06,983.0800170898438
1997-01-07,990.47998046875
1997-01-08,984.4000244140624
1997-01-09,992.8900146484376
1997-01-10,999.010009765625
1997-01-13,999.0800170898438
1997-01-14,1011.3900146484376
1997-01-15,1009.219970703125
1997-01-16,1012.5999755859376
1997-01-17,1021.0900268554688
1997-01-20,1021.7899780273438
1997-01-21,1029.7099609375
1997-01-22,1034.4100341796875
1997-01-23,1023.02001953125
1997-01-24,1013.75
1997-01-27,1006.52001953125
1997-01-28,1006.5999755859376
1997-01-29,1016.6300048828124
1997-01-30,1032.1199951171875
1997-01-31,1034.739990234375
1997-02-03,1035.5899658203125
1997-02-04,1039.0
1997-02-05,1024.719970703125
1997-02-06,1027.5
1997-02-07,1039.9100341796875
1997-02-10,1034.510009765625
1997-02-11,1039.989990234375
1997-02-12,1057.6400146484375
1997-02-13,1069.6800537109375
1997-02-14,1065.31005859375
1997-02-18,1075.8199462890625
1997-02-19,1070.9200439453125
1997-02-20,1058.199951171875
1997-02-21,1056.8599853515625
1997-02-24,1068.0899658203125
1997-02-25,1070.5
1997-02-26,1062.22998046875
1997-02-27,1048.4300537109375
1997-02-28,1042.8499755859375
1997-03-03,1048.780029296875
1997-03-04,1043.18994140625
1997-03-05,1058.0999755859375
1997-03-06,1053.699951171875
1997-03-07,1062.1700439453125
1997-03-10,1073.6400146484375
1997-03-11,1070.6099853515625
1997-03-12,1061.510009765625
1997-03-13,1042.3199462890625
1997-03-14,1047.0899658203125
1997-03-17,1050.489990234375
1997-03-18,1042.52001953125
1997-03-19,1037.4000244140625
1997-03-20,1033.3399658203125
1997-03-21,1035.260009765625
1997-03-24,1044.25
1997-03-25,1041.93994140625
1997-03-26,1044.0799560546875
1997-03-27,1022.1400146484376
1997-03-31,1000.0
1997-04-01,1003.3300170898438
1997-04-02,990.9299926757812
1997-04-03,991.2100219726562
1997-04-04,1001.25
1997-04-07,1006.8499755859376
1997-04-08,1012.4099731445312
1997-04-09,1005.1799926757812
1997-04-10,1002.219970703125
1997-04-11,974.9400024414062
1997-04-14,982.97998046875
1997-04-15,997.5
1997-04-16,1009.219970703125
1997-04-17,1006.9299926757812
1997-04-18,1012.969970703125
1997-04-21,1005.0800170898438
1997-04-22,1023.9000244140624
1997-04-23,1022.6699829101562
1997-04-24,1019.4299926757812
1997-04-25,1011.75
1997-04-28,1021.9199829101562
1997-04-29,1049.8499755859375
1997-04-30,1059.699951171875
1997-05-01,1056.1300048828125
1997-05-02,1075.22998046875
1997-05-05,1098.1400146484375
1997-05-06,1094.949951171875
1997-05-07,1079.050048828125
1997-05-08,1085.219970703125
1997-05-09,1091.489990234375
1997-05-12,1108.5799560546875
1997-05-13,1102.780029296875
1997-05-14,1106.7900390625
1997-05-15,1114.8599853515625
1997-05-16,1099.0
1997-05-19,1103.6800537109375
1997-05-20,1114.8800048828125
1997-05-21,1111.93994140625
1997-05-22,1107.0799560546875
1997-05-23,1122.1600341796875
1997-05-27,1125.719970703125
1997-05-28,1122.5999755859375
1997-05-29,1118.6199951171875
1997-05-30,1124.219970703125
1997-06-02,1121.68994140625
1997-06-03,1120.5400390625
1997-06-04,1113.68994140625
1997-06-05,1118.22998046875
1997-06-06,1137.6199951171875
1997-06-09,1144.1500244140625
1997-06-10,1147.300048828125
1997-06-11,1153.2099609375
1997-06-12,1171.9100341796875
1997-06-13,1184.9000244140625
1997-06-16,1185.780029296875
1997-06-17,1186.469970703125
1997-06-18,1179.4100341796875
1997-06-19,1191.2900390625
1997-06-20,1192.239990234375
1997-06-23,1165.6199951171875
1997-06-24,1189.1300048828125
1997-06-25,1179.4200439453125
1997-06-26,1172.6300048828125
1997-06-27,1177.449951171875
1997-06-30,1174.5899658203125
1997-07-01,1182.5699462890625
1997-07-02,1199.97998046875
1997-07-03,1217.1099853515625
1997-07-07,1210.8599853515625
1997-07-08,1219.8199462890625
1997-07-09,1205.0
1997-07-10,1213.3199462890625
1997-07-11,1217.3399658203125
1997-07-14,1219.5999755859375
1997-07-15,1229.4000244140625
1997-07-16,1243.8599853515625
1997-07-17,1237.280029296875
1997-07-18,1215.6300048828125
1997-07-21,1212.5
1997-07-22,1240.43994140625
1997-07-23,1243.9000244140625
1997-07-24,1248.8800048828125
1997-07-25,1246.8699951171875
1997-07-28,1243.760009765625
1997-07-29,1251.6600341796875
1997-07-30,1265.2099609375
1997-07-31,1268.050048828125
1997-08-01,1258.5899658203125
1997-08-04,1262.81005859375
1997-08-05,1265.5799560546875
1997-08-06,1276.25
1997-08-07,1264.199951171875
1997-08-08,1240.75
1997-08-11,1245.6700439453125
1997-08-12,1231.8199462890625
1997-08-13,1226.0999755859375
1997-08-14,1229.800048828125
1997-08-15,1197.989990234375
1997-08-18,1213.6800537109375
1997-08-19,1231.6800537109375
1997-08-20,1249.6099853515625
1997-08-21,1230.6099853515625
1997-08-22,1228.6300048828125
1997-08-25,1224.1199951171875
1997-08-26,1214.6400146484375
1997-08-27,1215.719970703125
1997-08-28,1202.56005859375
1997-08-29,1197.010009765625
1997-09-02,1234.43994140625
1997-09-03,1235.1400146484375
1997-09-04,1239.1700439453125
1997-09-05,1236.8199462890625
1997-09-08,1239.760009765625
1997-09-09,1242.989990234375
1997-09-10,1223.5999755859375
1997-09-11,1215.4100341796875
1997-09-12,1230.52001953125
1997-09-15,1225.260009765625
1997-09-16,1259.719970703125
1997-09-17,1256.2900390625
1997-09-18,1262.06005859375
1997-09-19,1266.3699951171875
1997-09-22,1272.949951171875
1997-09-23,1268.2900390625
1997-09-24,1258.4000244140625
1997-09-25,1249.6500244140625
1997-09-26,1259.7900390625
1997-09-29,1270.6400146484375
1997-09-30,1262.56005859375
1997-10-01,1273.510009765625
1997-10-02,1280.300048828125
1997-10-03,1286.4200439453125
1997-10-06,1296.6300048828125
1997-10-07,1310.5999755859375
1997-10-08,1298.5799560546875
1997-10-09,1294.3199462890625
1997-10-10,1289.5400390625
1997-10-13,1291.030029296875
1997-10-14,1293.93994140625
1997-10-15,1287.8800048828125
1997-10-16,1273.9200439453125
1997-10-17,1259.1600341796875
1997-10-20,1274.43994140625
1997-10-21,1296.6800537109375
1997-10-22,1291.7099609375
1997-10-23,1267.97998046875
1997-10-24,1255.9100341796875
1997-10-27,1169.68994140625
1997-10-28,1229.52001953125
1997-10-29,1226.219970703125
1997-10-30,1205.7900390625
1997-10-31,1220.4000244140625
1997-11-03,1252.9599609375
1997-11-04,1255.3299560546875
1997-11-05,1258.1800537109375
1997-11-06,1251.969970703125
1997-11-07,1238.199951171875
1997-11-10,1229.7900390625
1997-11-11,1233.3299560546875
1997-11-12,1209.8199462890625
1997-11-13,1224.199951171875
1997-11-14,1239.8800048828125
1997-11-17,1263.760009765625
1997-11-18,1253.260009765625
1997-11-19,1261.949951171875
1997-11-20,1281.18994140625
1997-11-21,1286.68994140625
1997-11-24,1264.7900390625
1997-11-25,1270.47998046875
1997-11-26,1271.8299560546875
1997-11-28,1276.8900146484375
1997-12-01,1302.8199462890625
1997-12-02,1298.699951171875
1997-12-03,1305.8399658203125
1997-12-04,1300.97998046875
1997-12-05,1315.280029296875
1997-12-08,1313.469970703125
1997-12-09,1304.6600341796875
1997-12-10,1296.739990234375
1997-12-11,1277.219970703125
1997-12-12,1275.1600341796875
1997-12-15,1288.56005859375
1997-12-16,1294.780029296875
1997-12-17,1291.52001953125
1997-12-18,1277.8900146484375
1997-12-19,1266.5
1997-12-22,1275.780029296875
1997-12-23,1256.3199462890625
1997-12-24,1247.75
1997-12-26,1252.7900390625
1997-12-29,1275.81005859375
1997-12-30,1299.3399658203125
1997-12-31,1298.8199462890625
1998-01-02,1305.0400390625
1998-01-05,1307.780029296875
1998-01-06,1293.800048828125
1998-01-07,1290.6600341796875
1998-01-08,1280.0699462890625
1998-01-09,1242.0999755859375
1998-01-12,1257.530029296875
1998-01-13,1274.8699951171875
1998-01-14,1282.7099609375
1998-01-15,1273.0999755859375
1998-01-16,1287.530029296875
1998-01-20,1310.4300537109375
1998-01-21,1300.0799560546875
1998-01-22,1289.6800537109375
1998-01-23,1282.4000244140625
1998-01-26,1281.5400390625
1998-01-27,1297.699951171875
1998-01-28,1309.31005859375
1998-01-29,1320.1600341796875
1998-01-30,1313.18994140625
1998-02-02,1341.3199462890625
1998-02-03,1347.719970703125
1998-02-04,1349.1099853515625
1998-02-05,1344.77001953125
1998-02-06,1356.9599609375
1998-02-09,1354.75
1998-02-10,1365.8499755859375
1998-02-11,1367.489990234375
1998-02-12,1373.1600341796875
1998-02-13,1367.77001953125
1998-02-17,1371.4100341796875
1998-02-18,1384.239990234375
1998-02-19,1379.18994140625
1998-02-20,1387.1600341796875
1998-02-23,1392.4599609375
1998-02-24,1382.2900390625
1998-02-25,1399.0400390625
1998-02-26,1406.949951171875
1998-02-27,1407.9000244140625
1998-03-02,1405.72998046875
1998-03-03,1411.5400390625
1998-03-04,1405.56005859375
1998-03-05,1389.27001953125
1998-03-06,1417.0999755859375
1998-03-09,1412.5799560546875
1998-03-10,1428.6300048828125
1998-03-11,1434.56005859375
1998-03-12,1436.72998046875
1998-03-13,1434.989990234375
1998-03-16,1449.3299560546875
1998-03-17,1450.9100341796875
1998-03-18,1457.7900390625
1998-03-19,1463.510009765625
1998-03-20,1476.1700439453125
1998-03-23,1471.3499755859375
1998-03-24,1484.9200439453125
1998-03-25,1479.949951171875
1998-03-26,1478.4300537109375
1998-03-27,1471.489990234375
1998-03-30,1468.969970703125
1998-03-31,1480.0
1998-04-01,1488.699951171875
1998-04-02,1504.68994140625
1998-04-03,1508.3199462890625
1998-04-06,1506.56005859375
1998-04-07,1491.1199951171875
1998-04-08,1480.5400390625
1998-04-09,1492.6800537109375
1998-04-13,1491.449951171875
1998-04-14,1499.5899658203125
1998-04-15,1504.4000244140625
1998-04-16,1489.43994140625
1998-04-17,1509.010009765625
1998-04-20,1510.260009765625
1998-04-21,1514.3299560546875
1998-04-22,1519.6199951171875
1998-04-23,1504.9100341796875
1998-04-24,1489.2099609375
1998-04-27,1460.5
1998-04-28,1458.72998046875
1998-04-29,1471.77001953125
1998-04-30,1494.8900146484375
1998-05-01,1507.3299560546875
1998-05-04,1508.77001953125
1998-05-05,1499.969970703125
1998-05-06,1486.0999755859375
1998-05-07,1472.97998046875
1998-05-08,1490.47998046875
1998-05-11,1489.199951171875
1998-05-12,1501.5799560546875
1998-05-13,1506.0
1998-05-14,1504.030029296875
1998-05-15,1492.4599609375
1998-05-18,1488.7099609375
1998-05-19,1493.699951171875
1998-05-20,1506.75
1998-05-21,1500.800048828125
1998-05-22,1495.18994140625
1998-05-26,1473.06005859375
1998-05-27,1470.8399658203125
1998-05-28,1478.280029296875
1998-05-29,1469.18994140625
1998-06-01,1469.4599609375
1998-06-02,1472.47998046875
1998-06-03,1458.6800537109375
1998-06-04,1474.989990234375
1998-06-05,1500.6800537109375
1998-06-08,1503.27001953125
1998-06-09,1506.9300537109375
1998-06-10,1498.75
1998-06-11,1475.2900390625
1998-06-12,1481.06005859375
1998-06-15,1451.6500244140625
1998-06-16,1465.9100341796875
1998-06-17,1492.280029296875
1998-06-18,1491.3499755859375
1998-06-19,1483.6500244140625
1998-06-22,1487.1199951171875
1998-06-23,1509.0699462890625
1998-06-24,1527.1800537109375
1998-06-25,1522.3199462890625
1998-06-26,1527.8599853515625
1998-06-29,1535.010009765625
1998-06-30,1528.8699951171875
1998-07-01,1548.77001953125
1998-07-02,1545.8900146484375
1998-07-06,1560.8299560546875
1998-07-07,1557.25
1998-07-08,1573.449951171875
1998-07-09,1562.9200439453125
1998-07-10,1570.7099609375
1998-07-13,1571.9300537109375
1998-07-14,1588.6700439453125
1998-07-15,1584.93994140625
1998-07-16,1597.3599853515625
1998-07-17,1601.0799560546875
1998-07-20,1597.52001953125
1998-07-21,1571.8499755859375
1998-07-22,1570.6300048828125
1998-07-23,1537.8199462890625
1998-07-24,1539.22998046875
1998-07-27,1547.969970703125
1998-07-28,1524.989990234375
1998-07-29,1518.5
1998-07-30,1542.6600341796875
1998-07-31,1512.5899658203125
1998-08-03,1501.530029296875
1998-08-04,1447.1500244140625
1998-08-05,1459.9200439453125
1998-08-06,1471.1199951171875
1998-08-07,1470.8800048828125
1998-08-10,1462.449951171875
1998-08-11,1443.6099853515625
1998-08-12,1464.469970703125
1998-08-13,1451.9300537109375
1998-08-14,1435.5799560546875
1998-08-17,1463.8800048828125
1998-08-18,1487.7099609375
1998-08-19,1483.56005859375
1998-08-20,1474.9200439453125
1998-08-21,1460.949951171875
1998-08-24,1470.280029296875
1998-08-25,1476.6400146484375
1998-08-26,1465.06005859375
1998-08-27,1408.97998046875
1998-08-28,1388.300048828125
1998-08-31,1293.9000244140625
1998-09-01,1343.93994140625
1998-09-02,1339.1400146484375
1998-09-03,1328.0699462890625
1998-09-04,1316.81005859375
1998-09-08,1383.9200439453125
1998-09-09,1360.6600341796875
1998-09-10,1325.510009765625
1998-09-11,1364.949951171875
1998-09-14,1393.1700439453125
1998-09-15,1403.93994140625
1998-09-16,1414.5899658203125
1998-09-17,1378.6800537109375
1998-09-18,1380.3399658203125
1998-09-21,1385.510009765625
1998-09-22,1393.280029296875
1998-09-23,1442.6600341796875
1998-09-24,1411.0400390625
1998-09-25,1413.7900390625
1998-09-28,1419.5699462890625
1998-09-29,1420.0400390625
1998-09-30,1376.7900390625
1998-10-01,1335.3599853515625
1998-10-02,1357.3800048828125
1998-10-05,1338.3699951171875
1998-10-06,1333.0699462890625
1998-10-07,1314.6300048828125
1998-10-08,1299.43994140625
1998-10-09,1333.22998046875
1998-10-12,1351.27001953125
1998-10-13,1347.4100341796875
1998-10-14,1361.969970703125
1998-10-15,1418.81005859375
1998-10-16,1430.9200439453125
1998-10-19,1439.0
1998-10-20,1441.0899658203125
1998-10-21,1449.300048828125
1998-10-22,1460.9300537109375
1998-10-23,1450.3699951171875
1998-10-26,1452.5999755859375
1998-10-27,1443.1500244140625
1998-10-28,1447.1500244140625
1998-10-29,1471.510009765625
1998-10-30,1488.780029296875
1998-11-02,1506.31005859375
1998-11-03,1505.3199462890625
1998-11-04,1516.1500244140625
1998-11-05,1536.8499755859375
1998-11-06,1546.699951171875
1998-11-09,1532.2900390625
1998-11-10,1529.9200439453125
1998-11-11,1520.0400390625
1998-11-12,1515.75
1998-11-13,1526.7099609375
1998-11-16,1540.510009765625
1998-11-17,1545.2099609375
1998-11-18,1552.4000244140625
1998-11-19,1563.52001953125
1998-11-20,1578.3699951171875
1998-11-23,1611.8399658203125
1998-11-24,1604.8699951171875
1998-11-25,1610.280029296875
1998-11-27,1617.949951171875
1998-11-30,1579.02001953125
1998-12-01,1594.8699951171875
1998-12-02,1589.77001953125
1998-12-03,1561.1600341796875
1998-12-04,1597.27001953125
1998-12-07,1612.1800537109375
1998-12-08,1603.68994140625
1998-12-09,1606.6800537109375
1998-12-10,1581.6500244140625
1998-12-11,1583.9200439453125
1998-12-14,1549.6300048828125
1998-12-15,1579.02001953125
1998-12-16,1577.8699951171875
1998-12-17,1602.469970703125
1998-12-18,1613.4100341796875
1998-12-21,1633.56005859375
1998-12-22,1634.5799560546875
1998-12-23,1668.5
1998-12-24,1665.449951171875
1998-12-28,1664.3900146484375
1998-12-29,1687.030029296875
1998-12-30,1673.6600341796875
1998-12-31,1670.010009765625
1999-01-04,1668.52001953125
1999-01-05,1691.25
1999-01-06,1729.0799560546875
1999-01-07,1725.6400146484375
1999-01-08,1732.9300537109375
1999-01-11,1717.68994140625
1999-01-12,1684.5699462890625
1999-01-13,1677.72998046875
1999-01-14,1647.5699462890625
1999-01-15,1689.8199462890625
1999-01-19,1701.7099609375
1999-01-20,1708.0899658203125
1999-01-21,1678.9300537109375
1999-01-22,1665.3900146484375
1999-01-25,1677.3399658203125
1999-01-26,1702.260009765625
1999-01-27,1690.0799560546875
1999-01-28,1720.43994140625
1999-01-29,1739.8399658203125
1999-02-01,1730.81005859375
1999-02-02,1715.9100341796875
1999-02-03,1729.8399658203125
1999-02-04,1697.9100341796875
1999-02-05,1685.5799560546875
1999-02-08,1691.800048828125
1999-02-09,1654.239990234375
1999-02-10,1664.6400146484375
1999-02-11,1706.25
1999-02-12,1673.77001953125
1999-02-16,1689.75
1999-02-17,1665.6800537109375
1999-02-18,1683.8399658203125
1999-02-19,1686.47998046875
1999-02-22,1731.3199462890625
1999-02-23,1730.050048828125
1999-02-24,1706.030029296875
1999-02-25,1694.8299560546875
1999-02-26,1685.77001953125
1999-03-01,1682.8599853515625
1999-03-02,1668.3699951171875
1999-03-03,1671.739990234375
1999-03-04,1697.760009765625
1999-03-05,1737.050048828125
1999-03-08,1747.0400390625
1999-03-09,1743.1099853515625
1999-03-10,1752.75
1999-03-11,1767.9300537109375
1999-03-12,1763.739990234375
1999-03-15,1781.02001953125
1999-03-16,1779.8399658203125
1999-03-17,1768.27001953125
1999-03-18,1793.8499755859375
1999-03-19,1770.3399658203125
1999-03-22,1767.260009765625
1999-03-23,1719.760009765625
1999-03-24,1728.5699462890625
1999-03-25,1757.75
1999-03-26,1747.949951171875
1999-03-29,1785.5
1999-03-30,1772.7900390625
1999-03-31,1753.2099609375
1999-04-01,1763.31005859375
1999-04-05,1800.6700439453125
1999-04-06,1796.3399658203125
1999-04-07,1808.969970703125
1999-04-08,1832.3399658203125
1999-04-09,1838.300048828125
1999-04-12,1852.3499755859373
1999-04-13,1840.4000244140625
1999-04-14,1811.2900390625
1999-04-15,1803.6800537109373
1999-04-16,1798.4200439453125
1999-04-19,1758.18994140625
1999-04-20,1780.93994140625
1999-04-21,1821.8800048828125
1999-04-22,1852.8599853515625
1999-04-23,1850.1800537109373
1999-04-26,1854.530029296875
1999-04-27,1858.2900390625
1999-04-28,1842.219970703125
1999-04-29,1831.530029296875
1999-04-30,1821.1099853515625
1999-05-03,1847.6300048828125
1999-05-04,1816.7900390625
1999-05-05,1838.0799560546875
1999-05-06,1817.3900146484373
1999-05-07,1835.06005859375
1999-05-10,1829.1600341796875
1999-05-11,1850.1600341796875
1999-05-12,1861.969970703125
1999-05-13,1866.8699951171875
1999-05-14,1826.31005859375
1999-05-17,1828.6700439453125
1999-05-18,1820.3599853515625
1999-05-19,1835.3299560546875
1999-05-20,1828.050048828125
1999-05-21,1816.4100341796875
1999-05-24,1784.1400146484375
1999-05-25,1753.7900390625
1999-05-26,1781.8399658203125
1999-05-27,1750.18994140625
1999-05-28,1778.0999755859375
1999-06-01,1767.800048828125
1999-06-02,1768.9200439453125
1999-06-03,1775.4000244140625
1999-06-04,1813.969970703125
1999-06-07,1823.2900390625
1999-06-08,1799.8699951171875
1999-06-09,1801.7900390625
1999-06-10,1780.18994140625
1999-06-11,1768.0400390625
1999-06-14,1768.56005859375
1999-06-15,1778.3599853515625
1999-06-16,1818.4000244140625
1999-06-17,1831.449951171875
1999-06-18,1835.47998046875
1999-06-21,1843.9300537109373
1999-06-22,1826.0
1999-06-23,1822.1700439453125
1999-06-24,1798.550048828125
1999-06-25,1797.9100341796875
1999-06-28,1820.0899658203125
1999-06-29,1847.5899658203125
1999-06-30,1876.780029296875
1999-07-01,1888.1500244140625
1999-07-02,1902.1800537109373
1999-07-06,1898.1500244140625
1999-07-07,1909.1300048828125
1999-07-08,1907.280029296875
1999-07-09,1919.4000244140625
1999-07-12,1913.68994140625
1999-07-13,1906.18994140625
1999-07-14,1912.5400390625
1999-07-15,1928.2099609375
1999-07-16,1940.760009765625
1999-07-19,1925.550048828125
1999-07-20,1883.760009765625
1999-07-21,1886.8599853515625
1999-07-22,1861.8299560546875
1999-07-23,1856.31005859375
1999-07-26,1843.75
1999-07-27,1864.3800048828125
1999-07-28,1868.050048828125
1999-07-29,1835.02001953125
1999-07-30,1818.1800537109373
1999-08-02,1817.27001953125
1999-08-03,1809.300048828125
1999-08-04,1786.510009765625
1999-08-05,1798.1099853515625
1999-08-06,1780.06005859375
1999-08-09,1776.6800537109375
1999-08-10,1754.3299560546875
1999-08-11,1782.8499755859375
1999-08-12,1777.75
1999-08-13,1818.25
1999-08-16,1822.530029296875
1999-08-17,1840.8800048828125
1999-08-18,1825.56005859375
1999-08-19,1812.97998046875
1999-08-20,1830.8199462890625
1999-08-23,1863.1800537109373
1999-08-24,1867.6800537109373
1999-08-25,1892.8699951171875
1999-08-26,1865.7900390625
1999-08-27,1847.1199951171875
1999-08-30,1814.1099853515625
1999-08-31,1809.18994140625
1999-09-01,1824.199951171875
1999-09-02,1807.8299560546875
1999-09-03,1860.1500244140625
1999-09-07,1851.010009765625
1999-09-08,1842.56005859375
1999-09-09,1847.3699951171875
1999-09-10,1852.8499755859373
1999-09-13,1842.9599609375
1999-09-14,1832.22998046875
1999-09-15,1807.1700439453125
1999-09-16,1807.97998046875
1999-09-17,1831.22998046875
1999-09-20,1831.4200439453125
1999-09-21,1793.0899658203125
1999-09-22,1797.1500244140625
1999-09-23,1755.8800048828125
1999-09-24,1751.699951171875
1999-09-27,1759.8599853515625
1999-09-28,1758.77001953125
1999-09-29,1739.9200439453125
1999-09-30,1759.5899658203125
1999-10-01,1759.77001953125
1999-10-04,1789.7099609375
1999-10-05,1785.3199462890625
1999-10-06,1818.6099853515625
1999-10-07,1808.0
1999-10-08,1833.219970703125
1999-10-11,1832.1099853515625
1999-10-12,1801.68994140625
1999-10-13,1764.0999755859375
1999-10-14,1761.1800537109375
1999-10-15,1711.77001953125
1999-10-18,1721.0
1999-10-19,1730.8699951171875
1999-10-20,1769.550048828125
1999-10-21,1761.5799560546875
1999-10-22,1786.3599853515625
1999-10-25,1775.3499755859375
1999-10-26,1759.27001953125
1999-10-27,1779.719970703125
1999-10-28,1842.800048828125
1999-10-29,1870.93994140625
1999-11-01,1858.8599853515625
1999-11-02,1850.1300048828125
1999-11-03,1860.280029296875
1999-11-04,1870.8800048828125
1999-11-05,1881.3299560546875
1999-11-08,1890.81005859375
1999-11-09,1875.0699462890625
1999-11-10,1886.510009765625
1999-11-11,1897.5
1999-11-12,1917.719970703125
1999-11-15,1915.469970703125
1999-11-16,1950.8299560546875
1999-11-17,1938.219970703125
1999-11-18,1957.8699951171875
1999-11-19,1953.8399658203125
1999-11-22,1952.4100341796875
1999-11-23,1930.0999755859373
1999-11-24,1947.2099609375
1999-11-26,1946.719970703125
1999-11-29,1934.949951171875
1999-11-30,1908.969970703125
1999-12-01,1921.489990234375
1999-12-02,1937.0699462890625
1999-12-03,1970.4300537109373
1999-12-06,1956.760009765625
1999-12-07,1937.3399658203125
1999-12-08,1930.239990234375
1999-12-09,1936.0899658203125
1999-12-10,1948.3699951171875
1999-12-13,1946.22998046875
1999-12-14,1929.6800537109373
1999-12-15,1943.7099609375
1999-12-16,1951.31005859375
1999-12-17,1954.43994140625
1999-12-20,1950.43994140625
1999-12-21,1971.56005859375
1999-12-22,1975.5
1999-12-23,2006.0699462890625
1999-12-27,2004.3699951171875
1999-12-28,2005.1400146484373
1999-12-29,2013.3800048828125
1999-12-30,2014.81005859375
1999-12-31,2021.4000244140625
2000-01-03,2002.1099853515625
2000-01-04,1925.4100341796875
2000-01-05,1929.280029296875
2000-01-06,1931.510009765625
2000-01-07,1983.8299560546875
2000-01-10,2006.0699462890625
2000-01-11,1979.9200439453125
2000-01-12,1971.3599853515625
2000-01-13,1995.3499755859373
2000-01-14,2016.6400146484373
2000-01-18,2002.8900146484373
2000-01-19,2004.02001953125
2000-01-20,1989.81005859375
2000-01-21,1984.010009765625
2000-01-24,1929.199951171875
2000-01-25,1940.9000244140625
2000-01-26,1932.780029296875
2000-01-27,1925.31005859375
2000-01-28,1872.6099853515625
2000-01-31,1919.8399658203125
2000-02-01,1940.239990234375
2000-02-02,1940.2099609375
2000-02-03,1962.2099609375
2000-02-04,1961.43994140625
2000-02-07,1961.300048828125
2000-02-08,1985.489990234375
2000-02-09,1944.5699462890625
2000-02-10,1951.6500244140625
2000-02-11,1910.9200439453125
2000-02-14,1914.8800048828125
2000-02-15,1931.5799560546875
2000-02-16,1912.1199951171875
2000-02-17,1912.9599609375
2000-02-18,1854.8499755859373
2000-02-22,1863.260009765625
2000-02-23,1875.1600341796875
2000-02-24,1865.199951171875
2000-02-25,1837.699951171875
2000-02-28,1858.1700439453125
2000-02-29,1883.5
2000-03-01,1901.510009765625
2000-03-02,1905.0899658203125
2000-03-03,1942.8900146484373
2000-03-06,1918.43994140625
2000-03-07,1869.3299560546875
2000-03-08,1884.81005859375
2000-03-09,1933.1099853515625
2000-03-10,1923.97998046875
2000-03-13,1908.4200439453125
2000-03-14,1874.68994140625
2000-03-15,1920.280029296875
2000-03-16,2012.030029296875
2000-03-17,2020.31005859375
2000-03-20,2009.530029296875
2000-03-21,2060.89990234375
2000-03-22,2070.27001953125
2000-03-23,2107.1298828125
2000-03-24,2107.280029296875
2000-03-27,2102.31005859375
2000-03-28,2080.080078125
2000-03-29,2081.449951171875
2000-03-30,2053.050048828125
2000-03-31,2067.760009765625
2000-04-03,2077.969970703125
2000-04-04,2062.530029296875
2000-04-05,2052.52001953125
2000-04-06,2072.14990234375
2000-04-07,2092.8701171875
2000-04-10,2076.4599609375
2000-04-11,2071.219970703125
2000-04-12,2025.22998046875
2000-04-13,1988.4300537109373
2000-04-14,1872.550048828125
2000-04-17,1934.5
2000-04-18,1990.0400390625
2000-04-19,1970.5799560546875
2000-04-20,1980.3599853515625
2000-04-24,1973.9100341796875
2000-04-25,2039.5999755859373
2000-04-26,2017.0400390625
2000-04-27,2022.6800537109373
2000-04-28,2005.550048828125
2000-05-01,2027.4000244140625
2000-05-02,1997.0899658203125
2000-05-03,1954.22998046875
2000-05-04,1946.6500244140625
2000-05-05,1978.52001953125
2000-05-08,1967.010009765625
2000-05-09,1950.5
2000-05-10,1910.7900390625
2000-05-11,1945.3800048828125
2000-05-12,1963.5899658203125
2000-05-15,2007.030029296875
2000-05-16,2025.9599609375
2000-05-17,2000.93994140625
2000-05-18,1986.4000244140625
2000-05-19,1944.6500244140625
2000-05-22,1936.0400390625
2000-05-23,1898.93994140625
2000-05-24,1933.8499755859373
2000-05-25,1909.6700439453125
2000-05-26,1904.97998046875
2000-05-30,1966.5899658203125
2000-05-31,1964.4000244140625
2000-06-01,2003.449951171875
2000-06-02,2042.7900390625
2000-06-05,2029.5
2000-06-06,2015.97998046875
2000-06-07,2034.9100341796875
2000-06-08,2021.56005859375
2000-06-09,2015.030029296875
2000-06-12,1999.9200439453125
2000-06-13,2032.5799560546875
2000-06-14,2034.18994140625
2000-06-15,2045.52001953125
2000-06-16,2026.0
2000-06-19,2055.840087890625
2000-06-20,2041.93994140625
2000-06-21,2046.3499755859373
2000-06-22,2009.1300048828125
2000-06-23,1994.3299560546875
2000-06-26,2013.469970703125
2000-06-27,2006.8800048828125
2000-06-28,2013.0799560546875
2000-06-29,1995.8900146484373
2000-06-30,2012.8299560546875
2000-07-03,2033.5799560546875
2000-07-05,2001.7099609375
2000-07-06,2016.4100341796875
2000-07-07,2047.18994140625
2000-07-10,2042.6500244140625
2000-07-11,2049.989990234375
2000-07-12,2066.7900390625
2000-07-13,2070.860107421875
2000-07-14,2090.43994140625
2000-07-17,2091.139892578125
2000-07-18,2067.969970703125
2000-07-19,2051.760009765625
2000-07-20,2070.610107421875
2000-07-21,2049.31005859375
2000-07-24,2027.4100341796875
2000-07-25,2041.510009765625
2000-07-26,2011.010009765625
2000-07-27,2007.2900390625
2000-07-28,1966.199951171875
2000-07-31,1981.3599853515625
2000-08-01,1991.4300537109373
2000-08-02,1992.4100341796875
2000-08-03,2011.800048828125
2000-08-04,2026.4000244140625
2000-08-07,2049.139892578125
2000-08-08,2054.1201171875
2000-08-09,2040.550048828125
2000-08-10,2023.3299560546875
2000-08-11,2039.510009765625
2000-08-14,2066.89990234375
2000-08-15,2057.030029296875
2000-08-16,2050.929931640625
2000-08-17,2073.43994140625
2000-08-18,2067.47998046875
2000-08-21,2078.25
2000-08-22,2076.3798828125
2000-08-23,2087.39990234375
2000-08-24,2090.659912109375
2000-08-25,2088.10009765625
2000-08-28,2098.719970703125
2000-08-29,2092.989990234375
2000-08-30,2083.47998046875
2000-08-31,2104.429931640625
2000-09-01,2108.760009765625
2000-09-05,2089.77001953125
2000-09-06,2069.39990234375
2000-09-07,2083.679931640625
2000-09-08,2072.580078125
2000-09-11,2065.340087890625
2000-09-12,2055.260009765625
2000-09-13,2059.77001953125
2000-09-14,2054.2099609375
2000-09-15,2033.3199462890625
2000-09-18,2003.81005859375
2000-09-19,2025.1700439453125
2000-09-20,2013.3399658203125
2000-09-21,2010.2099609375
2000-09-22,2009.760009765625
2000-09-25,1996.3199462890625
2000-09-26,1979.9200439453125
2000-09-27,1979.31005859375
2000-09-28,2023.3299560546875
2000-09-29,1993.3299560546875
2000-10-02,1992.93994140625
2000-10-03,1979.43994140625
2000-10-04,1990.6199951171875
2000-10-05,1993.699951171875
2000-10-06,1955.8199462890625
2000-10-09,1946.1600341796875
2000-10-10,1925.4100341796875
2000-10-11,1894.3699951171875
2000-10-12,1846.0799560546875
2000-10-13,1907.7099609375
2000-10-16,1908.3399658203125
2000-10-17,1874.1199951171875
2000-10-18,1863.3499755859373
2000-10-19,1928.0999755859373
2000-10-20,1939.43994140625
2000-10-23,1937.8599853515625
2000-10-24,1941.1300048828125
2000-10-25,1895.030029296875
2000-10-26,1894.4200439453125
2000-10-27,1915.550048828125
2000-10-30,1942.199951171875
2000-10-31,1984.9100341796875
2000-11-01,1973.719970703125
2000-11-02,1983.72998046875
2000-11-03,1981.5
2000-11-06,1989.18994140625
2000-11-07,1988.800048828125
2000-11-08,1957.6199951171875
2000-11-09,1945.239990234375
2000-11-10,1897.780029296875
2000-11-13,1877.510009765625
2000-11-14,1921.6700439453125
2000-11-15,1931.43994140625
2000-11-16,1907.199951171875
2000-11-17,1900.8800048828125
2000-11-20,1866.010009765625
2000-11-21,1872.719970703125
2000-11-22,1838.0
2000-11-24,1865.0
2000-11-27,1875.010009765625
2000-11-28,1857.300048828125
2000-11-29,1865.8900146484373
2000-11-30,1828.4200439453125
2000-12-01,1828.81005859375
2000-12-04,1842.3599853515625
2000-12-05,1914.0899658203125
2000-12-06,1879.5799560546875
2000-12-07,1868.6400146484373
2000-12-08,1905.2900390625
2000-12-11,1919.6500244140625
2000-12-12,1907.0999755859373
2000-12-13,1891.9300537109373
2000-12-14,1865.449951171875
2000-12-15,1825.4200439453125
2000-12-18,1840.1800537109373
2000-12-19,1816.3599853515625
2000-12-20,1759.6199951171875
2000-12-21,1773.7099609375
2000-12-22,1817.0
2000-12-26,1829.8299560546875
2000-12-27,1849.3399658203125
2000-12-28,1856.760009765625
2000-12-29,1837.3699951171875
2001-01-02,1785.8599853515625
2001-01-03,1875.56005859375
2001-01-04,1855.8199462890625
2001-01-05,1807.1300048828125
2001-01-08,1804.0400390625
2001-01-09,1810.97998046875
2001-01-10,1828.5
2001-01-11,1847.3699951171875
2001-01-12,1835.5400390625
2001-01-16,1847.1300048828125
2001-01-17,1851.1600341796875
2001-01-18,1876.93994140625
2001-01-19,1869.3800048828125
2001-01-22,1869.8900146484373
2001-01-23,1894.25
2001-01-24,1899.7099609375
2001-01-25,1890.27001953125
2001-01-26,1886.800048828125
2001-01-29,1899.75
2001-01-30,1913.1300048828125
2001-01-31,1902.550048828125
2001-02-01,1913.1099853515625
2001-02-02,1879.68994140625
2001-02-05,1886.47998046875
2001-02-06,1883.719970703125
2001-02-07,1868.2900390625
2001-02-08,1856.6600341796875
2001-02-09,1831.9599609375
2001-02-12,1853.6500244140625
2001-02-13,1837.77001953125
2001-02-14,1834.0999755859373
2001-02-15,1849.1500244140625
2001-02-16,1814.219970703125
2001-02-20,1782.75
2001-02-21,1749.8599853515625
2001-02-22,1746.5
2001-02-23,1736.8199462890625
2001-02-26,1767.2900390625
2001-02-27,1753.8800048828125
2001-02-28,1729.0799560546875
2001-03-01,1730.9200439453125
2001-03-02,1721.0899658203125
2001-03-05,1731.4200439453125
2001-03-06,1748.739990234375
2001-03-07,1760.3599853515625
2001-03-08,1764.3900146484375
2001-03-09,1720.7099609375
2001-03-12,1646.4200439453125
2001-03-13,1671.18994140625
2001-03-14,1628.02001953125
2001-03-15,1637.6099853515625
2001-03-16,1605.47998046875
2001-03-19,1633.81005859375
2001-03-20,1594.5
2001-03-21,1565.97998046875
2001-03-22,1559.6500244140625
2001-03-23,1590.699951171875
2001-03-26,1608.6500244140625
2001-03-27,1649.7900390625
2001-03-28,1609.6700439453125
2001-03-29,1602.260009765625
2001-03-30,1619.5400390625
2001-04-02,1599.3599853515625
2001-04-03,1544.3499755859375
2001-04-04,1540.1700439453125
2001-04-05,1607.4599609375
2001-04-06,1575.7099609375
2001-04-09,1588.5
2001-04-10,1631.68994140625
2001-04-11,1628.22998046875
2001-04-12,1652.8299560546875
2001-04-16,1647.5
2001-04-17,1664.43994140625
2001-04-18,1729.260009765625
2001-04-19,1750.97998046875
2001-04-20,1736.02001953125
2001-04-23,1710.010009765625
2001-04-24,1689.22998046875
2001-04-25,1716.1700439453125
2001-04-26,1724.3800048828125
2001-04-27,1750.3199462890625
2001-04-30,1745.3900146484375
2001-05-01,1769.1199951171875
2001-05-02,1770.6600341796875
2001-05-03,1744.5400390625
2001-05-04,1769.780029296875
2001-05-07,1765.489990234375
2001-05-08,1762.4100341796875
2001-05-09,1754.719970703125
2001-05-10,1754.4599609375
2001-05-11,1741.3299560546875
2001-05-14,1746.010009765625
2001-05-15,1746.75
2001-05-16,1796.719970703125
2001-05-17,1801.6300048828125
2001-05-18,1806.8299560546875
2001-05-21,1836.02001953125
2001-05-22,1831.199951171875
2001-05-23,1802.8399658203125
2001-05-24,1808.6400146484373
2001-05-25,1787.280029296875
2001-05-29,1773.4599609375
2001-05-30,1746.1099853515625
2001-05-31,1757.0899658203125
2001-06-01,1763.8699951171875
2001-06-04,1772.9200439453125
2001-06-05,1795.9599609375
2001-06-06,1777.25
2001-06-07,1786.989990234375
2001-06-08,1770.2099609375
2001-06-11,1755.4300537109375
2001-06-12,1757.47998046875
2001-06-13,1737.93994140625
2001-06-14,1707.56005859375
2001-06-15,1699.8499755859375
2001-06-18,1691.5899658203125
2001-06-19,1697.4100341796875
2001-06-20,1712.260009765625
2001-06-21,1731.75
2001-06-22,1715.3900146484375
2001-06-25,1705.93994140625
2001-06-26,1703.3699951171875
2001-06-27,1695.6099853515625
2001-06-28,1716.81005859375
2001-06-29,1714.3199462890625
2001-07-02,1731.530029296875
2001-07-03,1728.6500244140625
2001-07-05,1707.6800537109375
2001-07-06,1667.9000244140625
2001-07-09,1679.4000244140625
2001-07-10,1655.31005859375
2001-07-11,1653.5400390625
2001-07-12,1692.72998046875
2001-07-13,1703.31005859375
2001-07-16,1684.77001953125
2001-07-17,1701.5699462890625
2001-07-18,1692.27001953125
2001-07-19,1702.52001953125
2001-07-20,1696.6700439453125
2001-07-23,1668.9000244140625
2001-07-24,1641.760009765625
2001-07-25,1668.1600341796875
2001-07-26,1685.6199951171875
2001-07-27,1689.7900390625
2001-07-30,1688.030029296875
2001-07-31,1697.449951171875
2001-08-01,1704.239990234375
2001-08-02,1711.1700439453125
2001-08-03,1702.4300537109375
2001-08-06,1683.030029296875
2001-08-07,1688.5999755859375
2001-08-08,1659.5799560546875
2001-08-09,1659.760009765625
2001-08-10,1669.2099609375
2001-08-13,1670.9599609375
2001-08-14,1664.6099853515625
2001-08-15,1652.7099609375
2001-08-16,1657.8800048828125
2001-08-17,1630.3499755859375
2001-08-20,1643.5899658203125
2001-08-21,1623.739990234375
2001-08-22,1635.1600341796875
2001-08-23,1630.6700439453125
2001-08-24,1662.739990234375
2001-08-27,1654.719970703125
2001-08-28,1629.9100341796875
2001-08-29,1612.050048828125
2001-08-30,1584.77001953125
2001-08-31,1591.1800537109375
2001-09-04,1590.2900390625
2001-09-05,1588.9300537109375
2001-09-06,1553.4100341796875
2001-09-07,1524.469970703125
2001-09-10,1533.97998046875
2001-09-17,1459.0
2001-09-18,1450.5400390625
2001-09-19,1427.25
2001-09-20,1382.9300537109375
2001-09-21,1356.6099853515625
2001-09-24,1409.5
2001-09-25,1421.9100341796875
2001-09-26,1415.010009765625
2001-09-27,1431.2900390625
2001-09-28,1462.68994140625
2001-10-01,1459.3299560546875
2001-10-02,1477.2900390625
2001-10-03,1507.030029296875
2001-10-04,1503.31005859375
2001-10-05,1506.1099853515625
2001-10-08,1493.5400390625
2001-10-09,1485.6300048828125
2001-10-10,1519.77001953125
2001-10-11,1542.97998046875
2001-10-12,1534.8599853515625
2001-10-15,1532.52001953125
2001-10-16,1543.1500244140625
2001-10-17,1514.5
2001-10-18,1502.6099853515625
2001-10-19,1509.4599609375
2001-10-22,1532.550048828125
2001-10-23,1525.3499755859375
2001-10-24,1525.9599609375
2001-10-25,1546.9000244140625
2001-10-26,1553.260009765625
2001-10-29,1516.3900146484375
2001-10-30,1490.43994140625
2001-10-31,1490.5799560546875
2001-11-01,1524.9599609375
2001-11-02,1529.3499755859375
2001-11-05,1551.3900146484375
2001-11-06,1573.9300537109375
2001-11-07,1570.1600341796875
2001-11-08,1574.0899658203125
2001-11-09,1576.6099853515625
2001-11-12,1573.8199462890625
2001-11-13,1603.280029296875
2001-11-14,1606.6400146484375
2001-11-15,1608.0899658203125
2001-11-16,1603.1700439453125
2001-11-19,1620.6600341796875
2001-11-20,1608.9000244140625
2001-11-21,1601.02001953125
2001-11-23,1619.780029296875
2001-11-26,1629.760009765625
2001-11-27,1618.6199951171875
2001-11-28,1589.3800048828125
2001-11-29,1605.989990234375
2001-11-30,1604.9200439453125
2001-12-03,1591.47998046875
2001-12-04,1612.469970703125
2001-12-05,1649.0
2001-12-06,1644.47998046875
2001-12-07,1632.0999755859375
2001-12-10,1606.22998046875
2001-12-11,1601.760009765625
2001-12-12,1602.449951171875
2001-12-13,1577.5799560546875
2001-12-14,1582.81005859375
2001-12-17,1598.739990234375
2001-12-18,1610.8299560546875
2001-12-19,1620.27001953125
2001-12-20,1606.9200439453125
2001-12-21,1613.93994140625
2001-12-24,1613.5999755859375
2001-12-26,1620.260009765625
2001-12-27,1631.68994140625
2001-12-28,1637.22998046875
2001-12-31,1618.97998046875
2002-01-02,1628.510009765625
2002-01-03,1643.47998046875
2002-01-04,1653.68994140625
2002-01-07,1642.949951171875
2002-01-08,1637.47998046875
2002-01-09,1629.699951171875
2002-01-10,1631.719970703125
2002-01-11,1616.3499755859375
2002-01-14,1606.199951171875
2002-01-15,1617.1800537109375
2002-01-16,1591.0400390625
2002-01-17,1607.02001953125
2002-01-18,1591.0799560546875
2002-01-22,1579.4100341796875
2002-01-23,1591.93994140625
2002-01-24,1597.550048828125
2002-01-25,1599.1400146484375
2002-01-28,1598.8599853515625
2002-01-29,1553.22998046875
2002-01-30,1571.68994140625
2002-01-31,1595.3499755859375
2002-02-01,1584.06005859375
2002-02-04,1544.8900146484375
2002-02-05,1538.699951171875
2002-02-06,1529.6800537109375
2002-02-07,1525.260009765625
2002-02-08,1547.93994140625
2002-02-11,1570.2099609375
2002-02-12,1563.949951171875
2002-02-13,1580.030029296875
2002-02-14,1577.2900390625
2002-02-15,1559.97998046875
2002-02-19,1530.5799560546875
2002-02-20,1551.3699951171875
2002-02-21,1527.3399658203125
2002-02-22,1539.9100341796875
2002-02-25,1567.5899658203125
2002-02-26,1567.6500244140625
2002-02-27,1569.010009765625
2002-02-28,1564.5899658203125
2002-03-01,1600.02001953125
2002-03-04,1631.25
2002-03-05,1620.3699951171875
2002-03-06,1644.199951171875
2002-03-07,1636.8599853515625
2002-03-08,1646.43994140625
2002-03-11,1652.0400390625
2002-03-12,1648.280029296875
2002-03-13,1632.4599609375
2002-03-14,1631.0
2002-03-15,1649.56005859375
2002-03-18,1648.72998046875
2002-03-19,1655.43994140625
2002-03-20,1629.4300537109375
2002-03-21,1631.9300537109375
2002-03-22,1625.02001953125
2002-03-25,1601.2099609375
2002-03-26,1610.81005859375
2002-03-27,1619.449951171875
2002-03-28,1623.4300537109375
2002-04-01,1622.22998046875
2002-04-02,1608.3900146484375
2002-04-03,1592.5999755859375
2002-04-04,1593.9599609375
2002-04-05,1588.8800048828125
2002-04-08,1592.8800048828125
2002-04-09,1582.3599853515625
2002-04-10,1600.3599853515625
2002-04-11,1562.52001953125
2002-04-12,1572.8900146484375
2002-04-15,1560.9200439453125
2002-04-16,1597.47998046875
2002-04-17,1594.3199462890625
2002-04-18,1592.0799560546875
2002-04-19,1593.0699462890625
2002-04-22,1568.52001953125
2002-04-23,1558.7900390625
2002-04-24,1547.739990234375
2002-04-25,1545.4000244140625
2002-04-26,1524.0799560546875
2002-04-29,1508.75
2002-04-30,1525.0
2002-05-01,1538.6500244140625
2002-05-02,1536.1600341796875
2002-05-03,1520.43994140625
2002-05-06,1491.050048828125
2002-05-07,1486.5699462890625
2002-05-08,1542.530029296875
2002-05-09,1520.3900146484375
2002-05-10,1494.8699951171875
2002-05-13,1522.800048828125
2002-05-14,1555.0400390625
2002-05-15,1546.72998046875
2002-05-16,1556.9300537109375
2002-05-17,1569.1700439453125
2002-05-20,1548.31005859375
2002-05-21,1531.3199462890625
2002-05-22,1540.1199951171875
2002-05-23,1555.8199462890625
2002-05-24,1537.02001953125
2002-05-28,1523.8900146484375
2002-05-29,1514.3299560546875
2002-05-30,1510.25
2002-05-31,1513.77001953125
2002-06-03,1476.260009765625
2002-06-04,1476.280029296875
2002-06-05,1489.8800048828125
2002-06-06,1460.5
2002-06-07,1458.2099609375
2002-06-10,1462.780029296875
2002-06-11,1438.469970703125
2002-06-12,1448.1600341796875
2002-06-13,1433.010009765625
2002-06-14,1429.780029296875
2002-06-17,1470.8399658203125
2002-06-18,1472.25
2002-06-19,1447.97998046875
2002-06-20,1428.550048828125
2002-06-21,1404.2099609375
2002-06-24,1409.300048828125
2002-06-25,1385.77001953125
2002-06-26,1382.780029296875
2002-06-27,1407.1099853515625
2002-06-28,1405.93994140625
2002-07-01,1375.8800048828125
2002-07-02,1346.9599609375
2002-07-03,1355.4000244140625
2002-07-05,1405.199951171875
2002-07-08,1388.43994140625
2002-07-09,1354.22998046875
2002-07-10,1308.300048828125
2002-07-11,1318.1800537109375
2002-07-12,1309.6800537109375
2002-07-15,1304.760009765625
2002-07-16,1280.780029296875
2002-07-17,1287.97998046875
2002-07-18,1253.2099609375
2002-07-19,1205.1600341796875
2002-07-22,1165.47998046875
2002-07-23,1133.989990234375
2002-07-24,1199.010009765625
2002-07-25,1192.280029296875
2002-07-26,1212.4100341796875
2002-07-29,1278.0999755859375
2002-07-30,1283.6199951171875
2002-07-31,1296.3399658203125
2002-08-01,1258.219970703125
2002-08-02,1229.18994140625
2002-08-05,1187.0699462890625
2002-08-06,1222.5899658203125
2002-08-07,1247.280029296875
2002-08-08,1288.1199951171875
2002-08-09,1292.93994140625
2002-08-12,1286.0899658203125
2002-08-13,1258.3599853515625
2002-08-14,1309.0400390625
2002-08-15,1324.3199462890625
2002-08-16,1322.3599853515625
2002-08-19,1353.6300048828125
2002-08-20,1334.699951171875
2002-08-21,1351.8199462890625
2002-08-22,1370.8499755859375
2002-08-23,1339.7900390625
2002-08-26,1349.8800048828125
2002-08-27,1331.199951171875
2002-08-28,1307.280029296875
2002-08-29,1307.280029296875
2002-08-30,1304.8599853515625
2002-09-03,1250.6800537109375
2002-09-04,1273.030029296875
2002-09-05,1252.77001953125
2002-09-06,1273.8800048828125
2002-09-09,1286.7900390625
2002-09-10,1296.22998046875
2002-09-11,1296.25
2002-09-12,1264.4200439453125
2002-09-13,1268.5699462890625
2002-09-16,1270.449951171875
2002-09-17,1245.3900146484375
2002-09-18,1239.699951171875
2002-09-19,1202.469970703125
2002-09-20,1205.4200439453125
2002-09-23,1188.760009765625
2002-09-24,1168.219970703125
2002-09-25,1197.56005859375
2002-09-26,1219.5999755859375
2002-09-27,1180.280029296875
2002-09-30,1163.0400390625
2002-10-01,1209.5899658203125
2002-10-02,1181.3199462890625
2002-10-03,1168.5699462890625
2002-10-04,1142.3599853515625
2002-10-07,1120.52001953125
2002-10-08,1139.9000244140625
2002-10-09,1108.9100341796875
2002-10-10,1147.800048828125
2002-10-11,1192.6300048828125
2002-10-14,1201.3699951171875
2002-10-15,1258.239990234375
2002-10-16,1228.010009765625
2002-10-17,1255.4200439453125
2002-10-18,1262.8399658203125
2002-10-21,1284.72998046875
2002-10-22,1271.0799560546875
2002-10-23,1279.6300048828125
2002-10-24,1260.1700439453125
2002-10-25,1281.81005859375
2002-10-28,1271.199951171875
2002-10-29,1259.7900390625
2002-10-30,1272.25
2002-10-31,1265.4100341796875
2002-11-01,1287.1300048828125
2002-11-04,1297.68994140625
2002-11-05,1307.800048828125
2002-11-06,1320.0400390625
2002-11-07,1290.1500244140625
2002-11-08,1278.93994140625
2002-11-11,1252.4200439453125
2002-11-12,1262.1400146484375
2002-11-13,1261.969970703125
2002-11-14,1293.2099609375
2002-11-15,1301.280029296875
2002-11-18,1287.7900390625
2002-11-19,1282.6099853515625
2002-11-20,1307.6099853515625
2002-11-21,1335.75
2002-11-22,1331.1700439453125
2002-11-25,1334.52001953125
2002-11-26,1306.7900390625
2002-11-27,1343.469970703125
2002-11-29,1339.8900146484375
2002-12-02,1337.3499755859375
2002-12-03,1317.6500244140625
2002-12-04,1313.5400390625
2002-12-05,1297.800048828125
2002-12-06,1305.989990234375
2002-12-09,1277.050048828125
2002-12-10,1294.9100341796875
2002-12-11,1295.9100341796875
2002-12-12,1291.1600341796875
2002-12-13,1273.8299560546875
2002-12-16,1303.8499755859375
2002-12-17,1293.260009765625
2002-12-18,1276.3599853515625
2002-12-19,1266.7900390625
2002-12-20,1283.260009765625
2002-12-23,1285.5999755859375
2002-12-24,1278.5799560546875
2002-12-26,1274.56005859375
2002-12-27,1254.6600341796875
2002-12-30,1260.4200439453125
2002-12-31,1261.1800537109375
2003-01-02,1303.1700439453125
2003-01-03,1302.550048828125
2003-01-06,1331.8199462890625
2003-01-07,1323.1700439453125
2003-01-08,1304.949951171875
2003-01-09,1330.31005859375
2003-01-10,1330.2900390625
2003-01-13,1328.5
2003-01-14,1336.25
2003-01-15,1317.1800537109375
2003-01-16,1312.010009765625
2003-01-17,1293.6300048828125
2003-01-21,1273.31005859375
2003-01-22,1260.1600341796875
2003-01-23,1273.0400390625
2003-01-24,1235.8399658203125
2003-01-27,1215.8599853515625
2003-01-28,1231.739990234375
2003-01-29,1240.31005859375
2003-01-30,1212.22998046875
2003-01-31,1228.1400146484375
2003-02-03,1234.7900390625
2003-02-04,1217.4000244140625
2003-02-05,1211.0400390625
2003-02-06,1203.5799560546875
2003-02-07,1191.4599609375
2003-02-10,1200.510009765625
2003-02-11,1190.8299560546875
2003-02-12,1176.1500244140625
2003-02-13,1174.4300537109375
2003-02-14,1199.6099853515625
2003-02-18,1223.1099853515625
2003-02-19,1214.6600341796875
2003-02-20,1203.1800537109375
2003-02-21,1219.0999755859375
2003-02-24,1196.7099609375
2003-02-25,1205.3199462890625
2003-02-26,1189.97998046875
2003-02-27,1204.1099853515625
2003-02-28,1209.7099609375
2003-03-03,1200.5999755859375
2003-03-04,1182.1700439453125
2003-03-05,1193.8699951171875
2003-03-06,1182.8199462890625
2003-03-07,1192.6199951171875
2003-03-10,1161.8499755859375
2003-03-11,1152.1500244140625
2003-03-12,1157.6099853515625
2003-03-13,1197.56005859375
2003-03-14,1199.550048828125
2003-03-17,1242.0899658203125
2003-03-18,1247.4000244140625
2003-03-19,1258.3699951171875
2003-03-20,1260.77001953125
2003-03-21,1289.739990234375
2003-03-24,1244.31005859375
2003-03-25,1259.43994140625
2003-03-26,1252.5899658203125
2003-03-27,1250.7099609375
2003-03-28,1243.510009765625
2003-03-31,1221.4599609375
2003-04-01,1236.300048828125
2003-04-02,1268.8199462890625
2003-04-03,1262.4300537109375
2003-04-04,1265.9000244140625
2003-04-07,1267.489990234375
2003-04-08,1265.5699462890625
2003-04-09,1247.989990234375
2003-04-10,1256.0400390625
2003-04-11,1251.4100341796875
2003-04-14,1275.8199462890625
2003-04-15,1283.9599609375
2003-04-16,1268.280029296875
2003-04-17,1287.989990234375
2003-04-21,1285.719970703125
2003-04-22,1313.6300048828125
2003-04-23,1324.6800537109375
2003-04-24,1313.75
2003-04-25,1295.5699462890625
2003-04-28,1318.8499755859375
2003-04-29,1323.260009765625
2003-04-30,1322.0699462890625
2003-05-01,1321.3900146484375
2003-05-02,1341.280029296875
2003-05-05,1336.239990234375
2003-05-06,1347.5400390625
2003-05-07,1340.8699951171875
2003-05-08,1327.4200439453125
2003-05-09,1346.6800537109375
2003-05-12,1363.6099853515625
2003-05-13,1359.739990234375
2003-05-14,1355.760009765625
2003-05-15,1366.5899658203125
2003-05-16,1363.3199462890625
2003-05-19,1329.3800048828125
2003-05-20,1327.8699951171875
2003-05-21,1333.3299560546875
2003-05-22,1345.530029296875
2003-05-23,1347.489990234375
2003-05-27,1373.8599853515625
2003-05-28,1376.5799560546875
2003-05-29,1371.510009765625
2003-05-30,1391.719970703125
2003-06-02,1396.699951171875
2003-06-03,1403.2900390625
2003-06-04,1424.9100341796875
2003-06-05,1430.6400146484375
2003-06-06,1427.280029296875
2003-06-09,1410.2099609375
2003-06-10,1423.1099853515625
2003-06-11,1441.8599853515625
2003-06-12,1443.4100341796875
2003-06-13,1429.1099853515625
2003-06-16,1461.1500244140625
2003-06-17,1462.47998046875
2003-06-18,1460.3199462890625
2003-06-19,1438.0899658203125
2003-06-20,1439.5400390625
2003-06-23,1419.239990234375
2003-06-24,1421.8599853515625
2003-06-25,1410.0999755859375
2003-06-26,1425.8199462890625
2003-06-27,1411.969970703125
2003-06-30,1409.47998046875
2003-07-01,1421.030029296875
2003-07-02,1437.6099853515625
2003-07-03,1425.969970703125
2003-07-07,1453.0699462890625
2003-07-08,1458.510009765625
2003-07-09,1450.510009765625
2003-07-10,1430.9599609375
2003-07-11,1444.699951171875
2003-07-14,1453.0
2003-07-15,1448.02001953125
2003-07-16,1438.8599853515625
2003-07-17,1421.1099853515625
2003-07-18,1437.8900146484375
2003-07-21,1416.8800048828125
2003-07-22,1430.3499755859375
2003-07-23,1431.0999755859375
2003-07-24,1420.9599609375
2003-07-25,1445.699951171875
2003-07-28,1442.5799560546875
2003-07-29,1432.31005859375
2003-07-30,1429.9100341796875
2003-07-31,1434.3299560546875
2003-08-01,1419.6400146484375
2003-08-04,1423.510009765625
2003-08-05,1398.4200439453125
2003-08-06,1401.010009765625
2003-08-07,1411.27001953125
2003-08-08,1416.300048828125
2003-08-11,1421.010009765625
2003-08-12,1435.1700439453125
2003-08-13,1426.550048828125
2003-08-14,1435.9599609375
2003-08-15,1436.4300537109375
2003-08-18,1449.6500244140625
2003-08-19,1453.449951171875
2003-08-20,1450.6099853515625
2003-08-21,1454.97998046875
2003-08-22,1440.1700439453125
2003-08-25,1441.1099853515625
2003-08-26,1445.510009765625
2003-08-27,1445.8399658203125
2003-08-28,1454.699951171875
2003-08-29,1462.300048828125
2003-09-02,1482.6099853515625
2003-09-03,1489.25
2003-09-04,1491.77001953125
2003-09-05,1482.239990234375
2003-09-08,1497.219970703125
2003-09-09,1484.9300537109375
2003-09-10,1467.2900390625
2003-09-11,1475.719970703125
2003-09-12,1478.93994140625
2003-09-15,1473.4300537109375
2003-09-16,1494.5
2003-09-17,1489.699951171875
2003-09-18,1509.469970703125
2003-09-19,1504.739990234375
2003-09-22,1485.1600341796875
2003-09-23,1494.18994140625
2003-09-24,1465.6600341796875
2003-09-25,1457.0899658203125
2003-09-26,1448.030029296875
2003-09-29,1462.199951171875
2003-09-30,1446.77001953125
2003-10-01,1479.22998046875
2003-10-02,1482.3599853515625
2003-10-03,1496.3199462890625
2003-10-06,1502.8599853515625
2003-10-07,1510.050048828125
2003-10-08,1502.6500244140625
2003-10-09,1509.8599853515625
2003-10-10,1509.0
2003-10-13,1519.5999755859375
2003-10-14,1525.5999755859375
2003-10-15,1521.949951171875
2003-10-16,1526.800048828125
2003-10-17,1511.1800537109375
2003-10-20,1518.969970703125
2003-10-21,1520.9300537109375
2003-10-22,1498.280029296875
2003-10-23,1503.260009765625
2003-10-24,1496.199951171875
2003-10-27,1499.4300537109375
2003-10-28,1522.2099609375
2003-10-29,1524.4100341796875
2003-10-30,1523.1199951171875
2003-10-31,1528.6199951171875
2003-11-03,1540.7099609375
2003-11-04,1532.3399658203125
2003-11-05,1530.5400390625
2003-11-06,1539.75
2003-11-07,1533.02001953125
2003-11-10,1524.260009765625
2003-11-11,1523.469970703125
2003-11-12,1541.489990234375
2003-11-13,1541.300048828125
2003-11-14,1529.8399658203125
2003-11-17,1520.0699462890625
2003-11-18,1506.3199462890625
2003-11-19,1518.510009765625
2003-11-20,1505.760009765625
2003-11-21,1508.2099609375
2003-11-24,1532.68994140625
2003-11-25,1535.489990234375
2003-11-26,1542.3900146484375
2003-11-28,1542.0699462890625
2003-12-01,1559.5
2003-12-02,1554.4200439453125
2003-12-03,1552.0899658203125
2003-12-04,1559.469970703125
2003-12-05,1547.52001953125
2003-12-08,1558.9599609375
2003-12-09,1545.6800537109375
2003-12-10,1544.31005859375
2003-12-11,1562.22998046875
2003-12-12,1566.5
2003-12-15,1557.6600341796875
2003-12-16,1568.02001953125
2003-12-17,1570.1500244140625
2003-12-18,1588.9000244140625
2003-12-19,1588.18994140625
2003-12-22,1594.4300537109375
2003-12-23,1598.9300537109375
2003-12-24,1596.050048828125
2003-12-26,1598.75
2003-12-29,1619.1600341796875
2003-12-30,1619.5899658203125
2003-12-31,1622.93994140625
2004-01-02,1618.050048828125
2004-01-05,1638.0999755859375
2004-01-06,1640.31005859375
2004-01-07,1644.5999755859375
2004-01-08,1652.8299560546875
2004-01-09,1638.1400146484375
2004-01-12,1646.030029296875
2004-01-13,1637.3299560546875
2004-01-14,1650.9599609375
2004-01-15,1653.2099609375
2004-01-16,1664.5699462890625
2004-01-20,1663.030029296875
2004-01-21,1676.0699462890625
2004-01-22,1670.72998046875
2004-01-23,1667.260009765625
2004-01-26,1687.43994140625
2004-01-27,1670.9100341796875
2004-01-28,1648.43994140625
2004-01-29,1657.0899658203125
2004-01-30,1652.72998046875
2004-02-02,1658.7900390625
2004-02-03,1659.9200439453125
2004-02-04,1646.2900390625
2004-02-05,1649.3499755859375
2004-02-06,1670.1400146484375
2004-02-09,1666.1600341796875
2004-02-10,1674.550048828125
2004-02-11,1693.030029296875
2004-02-12,1684.9200439453125
2004-02-13,1675.8599853515625
2004-02-17,1692.219970703125
2004-02-18,1684.9000244140625
2004-02-19,1678.010009765625
2004-02-20,1673.7099609375
2004-02-23,1669.199951171875
2004-02-24,1666.4200439453125
2004-02-25,1673.3399658203125
2004-02-26,1675.6300048828125
2004-02-27,1675.699951171875
2004-03-01,1691.9000244140625
2004-03-02,1681.8800048828125
2004-03-03,1685.1700439453125
2004-03-04,1690.8299560546875
2004-03-05,1693.760009765625
2004-03-08,1679.739990234375
2004-03-09,1670.0699462890625
2004-03-10,1645.7900390625
2004-03-11,1621.2099609375
2004-03-12,1641.4200439453125
2004-03-15,1617.9100341796875
2004-03-16,1627.030029296875
2004-03-17,1646.2900390625
2004-03-18,1644.2099609375
2004-03-19,1625.8399658203125
2004-03-22,1604.800048828125
2004-03-23,1602.6700439453125
2004-03-24,1598.8499755859375
2004-03-25,1625.010009765625
2004-03-26,1623.3599853515625
2004-03-29,1644.75
2004-03-30,1651.4300537109375
2004-03-31,1650.4200439453125
2004-04-01,1659.1600341796875
2004-04-02,1673.4100341796875
2004-04-05,1686.239990234375
2004-04-06,1683.22998046875
2004-04-07,1672.1400146484375
2004-04-08,1670.3599853515625
2004-04-12,1679.02001953125
2004-04-13,1655.989990234375
2004-04-14,1654.1700439453125
2004-04-15,1655.1500244140625
2004-04-16,1663.6199951171875
2004-04-19,1665.4000244140625
2004-04-20,1639.489990234375
2004-04-21,1648.31005859375
2004-04-22,1671.6300048828125
2004-04-23,1672.6199951171875
2004-04-26,1665.199951171875
2004-04-27,1668.989990234375
2004-04-28,1646.199951171875
2004-04-29,1634.1600341796875
2004-04-30,1624.510009765625
2004-05-03,1639.4599609375
2004-05-04,1642.5
2004-05-05,1645.6500244140625
2004-05-06,1634.75
2004-05-07,1612.31005859375
2004-05-10,1595.3800048828125
2004-05-11,1607.93994140625
2004-05-12,1611.1500244140625
2004-05-13,1610.050048828125
2004-05-14,1609.1199951171875
2004-05-17,1592.22998046875
2004-05-18,1603.1400146484375
2004-05-19,1599.2900390625
2004-05-20,1600.06005859375
2004-05-21,1606.489990234375
2004-05-24,1609.219970703125
2004-05-25,1635.1400146484375
2004-05-26,1638.1600341796875
2004-05-27,1647.6500244140625
2004-05-28,1646.800048828125
2004-06-01,1647.5699462890625
2004-06-02,1653.6700439453125
2004-06-03,1641.4300537109375
2004-06-04,1650.0799560546875
2004-06-07,1676.47998046875
2004-06-08,1679.2099609375
2004-06-09,1663.3800048828125
2004-06-10,1671.02001953125
2004-06-14,1655.0
2004-06-15,1664.9200439453125
2004-06-16,1667.22998046875
2004-06-17,1665.02001953125
2004-06-18,1669.3900146484375
2004-06-21,1662.4599609375
2004-06-22,1668.550048828125
2004-06-23,1682.75
2004-06-24,1678.0699462890625
2004-06-25,1668.9300537109375
2004-06-28,1667.6099853515625
2004-06-29,1671.8399658203125
2004-06-30,1678.8299560546875
2004-07-01,1661.530029296875
2004-07-02,1656.3299560546875
2004-07-06,1642.8399658203125
2004-07-07,1646.3599853515625
2004-07-08,1632.8900146484375
2004-07-09,1638.4200439453125
2004-07-12,1640.72998046875
2004-07-13,1641.9599609375
2004-07-14,1636.6199951171875
2004-07-15,1629.5799560546875
2004-07-16,1621.81005859375
2004-07-19,1621.0899658203125
2004-07-20,1632.52001953125
2004-07-21,1610.8800048828125
2004-07-22,1615.27001953125
2004-07-23,1599.6199951171875
2004-07-26,1596.47998046875
2004-07-27,1612.3299560546875
2004-07-28,1613.5
2004-07-29,1621.3499755859375
2004-07-30,1623.260009765625
2004-08-02,1630.47998046875
2004-08-03,1620.280029296875
2004-08-04,1619.0
2004-08-05,1592.6400146484375
2004-08-06,1568.0699462890625
2004-08-09,1569.9599609375
2004-08-10,1590.3499755859375
2004-08-11,1586.4300537109375
2004-08-12,1567.949951171875
2004-08-13,1570.43994140625
2004-08-16,1591.93994140625
2004-08-17,1595.5699462890625
2004-08-18,1615.719970703125
2004-08-19,1609.969970703125
2004-08-20,1620.469970703125
2004-08-23,1616.6800537109375
2004-08-24,1617.4599609375
2004-08-25,1630.489990234375
2004-08-26,1630.6800537109375
2004-08-27,1634.8299560546875
2004-08-30,1622.280029296875
2004-08-31,1629.8299560546875
2004-09-01,1632.8199462890625
2004-09-02,1651.1400146484375
2004-09-03,1644.25
2004-09-07,1655.6500244140625
2004-09-08,1648.52001953125
2004-09-09,1651.6500244140625
2004-09-10,1659.8399658203125
2004-09-13,1663.0999755859375
2004-09-14,1666.8199462890625
2004-09-15,1655.0999755859375
2004-09-16,1659.780029296875
2004-09-17,1667.25
2004-09-20,1657.8800048828125
2004-09-21,1668.3900146484375
2004-09-22,1645.1700439453125
2004-09-23,1637.8199462890625
2004-09-24,1640.4000244140625
2004-09-27,1630.6700439453125
2004-09-28,1640.6199951171875
2004-09-29,1647.7900390625
2004-09-30,1647.47998046875
2004-10-01,1672.489990234375
2004-10-04,1678.0999755859375
2004-10-05,1677.0899658203125
2004-10-06,1688.8299560546875
2004-10-07,1672.0799560546875
2004-10-08,1659.510009765625
2004-10-11,1662.8399658203125
2004-10-12,1659.0699462890625
2004-10-13,1647.1300048828125
2004-10-14,1631.81005859375
2004-10-15,1639.0799560546875
2004-10-18,1647.699951171875
2004-10-19,1631.739990234375
2004-10-20,1632.489990234375
2004-10-21,1636.760009765625
2004-10-22,1620.8499755859375
2004-10-25,1619.47998046875
2004-10-26,1643.5699462890625
2004-10-27,1665.010009765625
2004-10-28,1668.550048828125
2004-10-29,1672.6500244140625
2004-11-01,1673.1099853515625
2004-11-02,1673.1600341796875
2004-11-03,1692.219970703125
2004-11-04,1719.6400146484375
2004-11-05,1726.3399658203125
2004-11-08,1724.5899658203125
2004-11-09,1724.0799560546875
2004-11-10,1722.6700439453125
2004-11-11,1738.3199462890625
2004-11-12,1754.3299560546875
2004-11-15,1753.989990234375
2004-11-16,1741.719970703125
2004-11-17,1751.5699462890625
2004-11-18,1753.969970703125
2004-11-19,1734.449951171875
2004-11-22,1744.7099609375
2004-11-23,1744.31005859375
2004-11-24,1751.550048828125
2004-11-26,1753.0899658203125
2004-11-29,1747.3399658203125
2004-11-30,1740.3299560546875
2004-12-01,1766.9000244140625
2004-12-02,1765.3699951171875
2004-12-03,1766.6300048828125
2004-12-06,1765.3299560546875
2004-12-07,1745.8399658203125
2004-12-08,1754.75
2004-12-09,1764.3499755859375
2004-12-10,1762.510009765625
2004-12-13,1778.5400390625
2004-12-14,1785.510009765625
2004-12-15,1789.1400146484375
2004-12-16,1785.510009765625
2004-12-17,1772.18994140625
2004-12-20,1772.8699951171875
2004-12-21,1788.9300537109375
2004-12-22,1795.6600341796875
2004-12-23,1796.489990234375
2004-12-27,1788.760009765625
2004-12-28,1801.5799560546875
2004-12-29,1801.7099609375
2004-12-30,1801.97998046875
2004-12-31,1799.550048828125
2005-01-03,1784.9599609375
2005-01-04,1764.300048828125
2005-01-05,1758.0699462890625
2005-01-06,1764.6300048828125
2005-01-07,1762.1199951171875
2005-01-10,1768.1700439453125
2005-01-11,1757.510009765625
2005-01-12,1764.719970703125
2005-01-13,1749.47998046875
2005-01-14,1759.97998046875
2005-01-18,1777.0400390625
2005-01-19,1760.280029296875
2005-01-20,1746.6099853515625
2005-01-21,1735.4300537109375
2005-01-24,1729.3299560546875
2005-01-25,1736.25
2005-01-26,1744.719970703125
2005-01-27,1745.5799560546875
2005-01-28,1740.9599609375
2005-01-31,1755.6800537109375
2005-02-01,1767.7900390625
2005-02-02,1773.6300048828125
2005-02-03,1769.260009765625
2005-02-04,1788.8199462890625
2005-02-07,1786.9200439453125
2005-02-08,1788.1600341796875
2005-02-09,1773.280029296875
2005-02-10,1780.800048828125
2005-02-11,1793.5400390625
2005-02-14,1794.97998046875
2005-02-15,1801.06005859375
2005-02-16,1801.5899658203125
2005-02-17,1787.4100341796875
2005-02-18,1788.6500244140625
2005-02-22,1762.760009765625
2005-02-23,1772.760009765625
2005-02-24,1787.3399658203125
2005-02-25,1804.1700439453125
2005-02-28,1792.6300048828125
2005-03-01,1802.7900390625
2005-03-02,1802.9200439453125
2005-03-03,1803.510009765625
2005-03-04,1820.8800048828125
2005-03-07,1825.699951171875
2005-03-08,1817.1199951171875
2005-03-09,1798.7900390625
2005-03-10,1802.199951171875
2005-03-11,1789.010009765625
2005-03-14,1799.1400146484375
2005-03-15,1785.6099853515625
2005-03-16,1771.3499755859375
2005-03-17,1774.550048828125
2005-03-18,1773.719970703125
2005-03-21,1764.97998046875
2005-03-22,1747.030029296875
2005-03-23,1748.280029296875
2005-03-24,1746.6199951171875
2005-03-28,1750.8900146484375
2005-03-29,1737.93994140625
2005-03-30,1762.0899658203125
2005-03-31,1760.8900146484375
2005-04-01,1749.449951171875
2005-04-04,1754.4300537109375
2005-04-05,1762.3199462890625
2005-04-06,1766.68994140625
2005-04-07,1777.3499755859375
2005-04-08,1762.52001953125
2005-04-11,1762.56005859375
2005-04-12,1772.43994140625
2005-04-13,1751.77001953125
2005-04-14,1734.25
2005-04-15,1705.260009765625
2005-04-18,1710.27001953125
2005-04-19,1720.4300537109375
2005-04-20,1697.739990234375
2005-04-21,1731.27001953125
2005-04-22,1719.6600341796875
2005-04-25,1734.56005859375
2005-04-26,1719.0899658203125
2005-04-27,1726.2099609375
2005-04-28,1707.1300048828125
2005-04-29,1727.489990234375
2005-05-02,1735.4300537109375
2005-05-03,1733.949951171875
2005-05-04,1755.9200439453125
2005-05-05,1751.469970703125
2005-05-06,1749.6500244140625
2005-05-09,1760.8699951171875
2005-05-10,1742.06005859375
2005-05-11,1750.260009765625
2005-05-12,1732.8900146484375
2005-05-13,1725.1500244140625
2005-05-16,1742.739990234375
2005-05-17,1755.0999755859375
2005-05-18,1773.010009765625
2005-05-19,1781.280029296875
2005-05-20,1778.5899658203125
2005-05-23,1785.4599609375
2005-05-24,1785.800048828125
2005-05-25,1779.81005859375
2005-05-26,1791.4100341796875
2005-05-27,1793.3399658203125
2005-05-31,1782.4599609375
2005-06-01,1799.1500244140625
2005-06-02,1802.18994140625
2005-06-03,1789.8299560546875
2005-06-06,1792.1400146484375
2005-06-07,1791.8900146484375
2005-06-08,1788.300048828125
2005-06-09,1797.719970703125
2005-06-10,1793.510009765625
2005-06-13,1798.0699462890625
2005-06-14,1802.72998046875
2005-06-15,1806.780029296875
2005-06-16,1813.3499755859373
2005-06-17,1822.3499755859373
2005-06-20,1821.06005859375
2005-06-21,1817.3599853515625
2005-06-22,1817.800048828125
2005-06-23,1798.489990234375
2005-06-24,1784.77001953125
2005-06-27,1783.449951171875
2005-06-28,1800.0699462890625
2005-06-29,1797.72998046875
2005-06-30,1784.989990234375
2005-07-01,1789.8499755859375
2005-07-05,1805.6800537109373
2005-07-06,1791.050048828125
2005-07-07,1795.550048828125
2005-07-08,1816.52001953125
2005-07-11,1827.9100341796875
2005-07-12,1832.1500244140625
2005-07-13,1833.97998046875
2005-07-14,1838.800048828125
2005-07-15,1840.9300537109373
2005-07-18,1830.75
2005-07-19,1843.0699462890625
2005-07-20,1852.02001953125
2005-07-21,1839.800048828125
2005-07-22,1849.81005859375
2005-07-25,1842.8499755859373
2005-07-26,1846.0400390625
2005-07-27,1854.719970703125
2005-07-28,1865.6400146484373
2005-07-29,1851.3699951171875
2005-08-01,1853.1300048828125
2005-08-02,1866.280029296875
2005-08-03,1868.06005859375
2005-08-04,1854.300048828125
2005-08-05,1840.18994140625
2005-08-08,1835.3699951171875
2005-08-09,1847.760009765625
2005-08-10,1845.1600341796875
2005-08-11,1858.4300537109373
2005-08-12,1847.31005859375
2005-08-15,1852.780029296875
2005-08-16,1830.989990234375
2005-08-17,1832.8199462890625
2005-08-18,1831.0899658203125
2005-08-19,1832.2900390625
2005-08-22,1835.3199462890625
2005-08-23,1829.1099853515625
2005-08-24,1817.219970703125
2005-08-25,1821.4599609375
2005-08-26,1810.52001953125
2005-08-29,1821.56005859375
2005-08-30,1815.969970703125
2005-08-31,1834.47998046875
2005-09-01,1836.3699951171875
2005-09-02,1831.06005859375
2005-09-06,1854.22998046875
2005-09-07,1859.0
2005-09-08,1852.0
2005-09-09,1866.739990234375
2005-09-12,1865.449951171875
2005-09-13,1851.8699951171875
2005-09-14,1845.8399658203125
2005-09-15,1846.760009765625
2005-09-16,1862.1099853515625
2005-09-19,1851.739990234375
2005-09-20,1837.199951171875
2005-09-21,1820.489990234375
2005-09-22,1827.5400390625
2005-09-23,1828.5400390625
2005-09-26,1829.050048828125
2005-09-27,1829.1300048828125
2005-09-28,1831.3199462890625
2005-09-29,1847.6199951171875
2005-09-30,1849.3299560546875
2005-10-03,1846.1700439453125
2005-10-04,1827.9599609375
2005-10-05,1801.4000244140625
2005-10-06,1794.0400390625
2005-10-07,1800.7099609375
2005-10-10,1787.800048828125
2005-10-11,1784.219970703125
2005-10-12,1773.5999755859375
2005-10-13,1772.3599853515625
2005-10-14,1787.010009765625
2005-10-17,1792.3299560546875
2005-10-18,1774.3199462890625
2005-10-19,1801.010009765625
2005-10-20,1774.02001953125
2005-10-21,1776.72998046875
2005-10-24,1806.5899658203125
2005-10-25,1802.300048828125
2005-10-26,1794.56005859375
2005-10-27,1776.010009765625
2005-10-28,1805.56005859375
2005-10-31,1818.5
2005-11-01,1812.1099853515625
2005-11-02,1830.4300537109373
2005-11-03,1838.8599853515625
2005-11-04,1839.1600341796875
2005-11-07,1843.27001953125
2005-11-08,1837.800048828125
2005-11-09,1841.0
2005-11-10,1856.9000244140625
2005-11-11,1862.56005859375
2005-11-14,1861.25
2005-11-15,1854.280029296875
2005-11-16,1857.969970703125
2005-11-17,1875.489990234375
2005-11-18,1883.989990234375
2005-11-21,1893.9300537109373
2005-11-22,1903.6600341796875
2005-11-23,1910.3900146484373
2005-11-25,1914.4100341796875
2005-11-28,1898.3699951171875
2005-11-29,1898.739990234375
2005-11-30,1887.280029296875
2005-12-01,1910.22998046875
2005-12-02,1910.8599853515625
2005-12-05,1906.4200439453125
2005-12-06,1908.8900146484373
2005-12-07,1899.68994140625
2005-12-08,1897.5699462890625
2005-12-09,1902.9200439453125
2005-12-12,1904.5899658203125
2005-12-13,1915.300048828125
2005-12-14,1923.43994140625
2005-12-15,1920.8499755859373
2005-12-16,1915.4000244140625
2005-12-19,1904.2099609375
2005-12-20,1903.81005859375
2005-12-21,1908.6500244140625
2005-12-22,1917.1600341796875
2005-12-23,1918.25
2005-12-27,1899.9300537109373
2005-12-28,1902.739990234375
2005-12-29,1897.199951171875
2005-12-30,1887.93994140625
2006-01-03,1918.9599609375
2006-01-04,1926.3900146484373
2006-01-05,1926.43994140625
2006-01-06,1945.02001953125
2006-01-09,1952.1300048828125
2006-01-10,1951.530029296875
2006-01-11,1958.56005859375
2006-01-12,1946.280029296875
2006-01-13,1948.6400146484373
2006-01-17,1941.5699462890625
2006-01-18,1934.2099609375
2006-01-19,1944.97998046875
2006-01-20,1909.3499755859373
2006-01-23,1912.9100341796875
2006-01-24,1917.5400390625
2006-01-25,1914.280029296875
2006-01-26,1928.1700439453125
2006-01-27,1943.3399658203125
2006-01-30,1945.6600341796875
2006-01-31,1937.9300537109373
2006-02-01,1941.75
2006-02-02,1924.6700439453125
2006-02-03,1914.5
2006-02-06,1916.0400390625
2006-02-07,1900.5799560546875
2006-02-08,1917.8399658203125
2006-02-09,1915.0999755859373
2006-02-10,1920.0
2006-02-13,1914.02001953125
2006-02-14,1933.4599609375
2006-02-15,1940.68994140625
2006-02-16,1955.06005859375
2006-02-17,1951.8299560546875
2006-02-21,1945.449951171875
2006-02-22,1960.260009765625
2006-02-23,1953.3699951171875
2006-02-24,1956.1400146484373
2006-02-27,1963.5799560546875
2006-02-28,1943.18994140625
2006-03-01,1959.77001953125
2006-03-02,1956.5999755859373
2006-03-03,1953.739990234375
2006-03-06,1940.199951171875
2006-03-07,1936.6800537109373
2006-03-08,1941.1700439453125
2006-03-09,1931.72998046875
2006-03-10,1945.9300537109373
2006-03-13,1950.3900146484373
2006-03-14,1970.6600341796875
2006-03-15,1979.2099609375
2006-03-16,1982.760009765625
2006-03-17,1985.68994140625
2006-03-20,1982.4000244140625
2006-03-21,1970.5
2006-03-22,1982.4000244140625
2006-03-23,1977.2900390625
2006-03-24,1979.239990234375
2006-03-27,1977.18994140625
2006-03-28,1964.469970703125
2006-03-29,1979.510009765625
2006-03-30,1975.5999755859373
2006-03-31,1967.3800048828125
2006-04-03,1971.9300537109373
2006-04-04,1984.469970703125
2006-04-05,1993.2099609375
2006-04-06,1989.8699951171875
2006-04-07,1969.300048828125
2006-04-10,1971.030029296875
2006-04-11,1956.1199951171875
2006-04-12,1958.489990234375
2006-04-13,1960.010009765625
2006-04-17,1954.25
2006-04-18,1988.1800537109373
2006-04-19,1991.8399658203125
2006-04-20,1994.22998046875
2006-04-21,1993.989990234375
2006-04-24,1989.199951171875
2006-04-25,1979.510009765625
2006-04-26,1985.2900390625
2006-04-27,1992.3900146484373
2006-04-28,1993.7900390625
2006-05-01,1985.550048828125
2006-05-02,1997.75
2006-05-03,1989.969970703125
2006-05-04,1996.739990234375
2006-05-05,2017.3399658203125
2006-05-08,2015.8399658203125
2006-05-09,2016.5999755859373
2006-05-10,2013.989990234375
2006-05-11,1988.56005859375
2006-05-12,1966.27001953125
2006-05-15,1971.449951171875
2006-05-16,1967.7900390625
2006-05-17,1935.1800537109373
2006-05-18,1922.3199462890625
2006-05-19,1930.27001953125
2006-05-22,1922.719970703125
2006-05-23,1914.3800048828125
2006-05-24,1917.47998046875
2006-05-25,1939.52001953125
2006-05-26,1950.8699951171875
2006-05-30,1920.0899658203125
2006-05-31,1936.4100341796875
2006-06-01,1960.280029296875
2006-06-02,1964.1099853515625
2006-06-05,1929.22998046875
2006-06-06,1927.1300048828125
2006-06-07,1915.77001953125
2006-06-08,1918.5899658203125
2006-06-09,1910.010009765625
2006-06-12,1885.81005859375
2006-06-13,1866.9200439453125
2006-06-14,1876.6700439453125
2006-06-15,1916.56005859375
2006-06-16,1909.52001953125
2006-06-19,1892.1199951171875
2006-06-20,1892.1300048828125
2006-06-21,1910.6199951171875
2006-06-22,1900.97998046875
2006-06-23,1899.3199462890625
2006-06-26,1908.56005859375
2006-06-27,1891.239990234375
2006-06-28,1901.97998046875
2006-06-29,1943.0899658203125
2006-06-30,1939.030029296875
2006-07-03,1954.489990234375
2006-07-05,1940.550048828125
2006-07-06,1945.9000244140625
2006-07-07,1932.75
2006-07-10,1935.6199951171875
2006-07-11,1943.6600341796875
2006-07-12,1922.6199951171875
2006-07-13,1897.72998046875
2006-07-14,1888.4300537109373
2006-07-17,1885.8199462890625
2006-07-18,1889.47998046875
2006-07-19,1924.739990234375
2006-07-20,1908.4200439453125
2006-07-21,1894.93994140625
2006-07-24,1926.5
2006-07-25,1938.6800537109373
2006-07-26,1937.9599609375
2006-07-27,1930.3199462890625
2006-07-28,1953.8599853515625
2006-07-31,1951.0
2006-08-01,1942.219970703125
2006-08-02,1954.1800537109373
2006-08-03,1957.4100341796875
2006-08-04,1956.050048828125
2006-08-07,1950.6300048828125
2006-08-08,1944.219970703125
2006-08-09,1936.300048828125
2006-08-10,1945.6099853515625
2006-08-11,1938.1300048828125
2006-08-14,1940.5
2006-08-15,1967.260009765625
2006-08-16,1982.81005859375
2006-08-17,1986.0400390625
2006-08-18,1993.4300537109373
2006-08-21,1986.1099853515625
2006-08-22,1988.0999755859373
2006-08-23,1979.3499755859373
2006-08-24,1984.0899658203125
2006-08-25,1982.81005859375
2006-08-28,1993.06005859375
2006-08-29,1997.2099609375
2006-08-30,1998.0799560546875
2006-08-31,1997.4200439453125
2006-09-01,2008.469970703125
2006-09-05,2012.0
2006-09-06,1992.4200439453125
2006-09-07,1982.9300537109373
2006-09-08,1990.43994140625
2006-09-11,1991.489990234375
2006-09-12,2012.3199462890625
2006-09-13,2020.489990234375
2006-09-14,2017.8599853515625
2006-09-15,2023.3499755859373
2006-09-18,2025.3900146484373
2006-09-19,2021.010009765625
2006-09-20,2031.5899658203125
2006-09-21,2021.0799560546875
2006-09-22,2016.0899658203125
2006-09-25,2033.8699951171875
2006-09-26,2049.199951171875
2006-09-27,2049.969970703125
2006-09-28,2053.929931640625
2006-09-29,2048.889892578125
2006-10-02,2041.989990234375
2006-10-03,2046.280029296875
2006-10-04,2071.449951171875
2006-10-05,2076.6298828125
2006-10-06,2071.050048828125
2006-10-09,2072.7099609375
2006-10-10,2077.010009765625
2006-10-11,2071.89990234375
2006-10-12,2091.68994140625
2006-10-13,2095.969970703125
2006-10-16,2101.27001953125
2006-10-17,2093.580078125
2006-10-18,2096.7099609375
2006-10-19,2098.320068359375
2006-10-20,2100.860107421875
2006-10-23,2113.820068359375
2006-10-24,2114.360107421875
2006-10-25,2121.840087890625
2006-10-26,2132.389892578125
2006-10-27,2114.64990234375
2006-10-30,2115.6298828125
2006-10-31,2115.64990234375
2006-11-01,2100.3701171875
2006-11-02,2100.2099609375
2006-11-03,2095.679931640625
2006-11-06,2119.530029296875
2006-11-07,2124.280029296875
2006-11-08,2129.219970703125
2006-11-09,2118.320068359375
2006-11-10,2122.260009765625
2006-11-13,2128.169921875
2006-11-14,2141.949951171875
2006-11-15,2147.60009765625
2006-11-16,2152.570068359375
2006-11-17,2154.800048828125
2006-11-20,2153.760009765625
2006-11-21,2157.419921875
2006-11-22,2162.64990234375
2006-11-24,2154.9599609375
2006-11-27,2125.669921875
2006-11-28,2133.52001953125
2006-11-29,2154.090087890625
2006-11-30,2155.889892578125
2006-12-01,2149.85009765625
2006-12-04,2169.0
2006-12-05,2177.75
2006-12-06,2175.449951171875
2006-12-07,2166.8701171875
2006-12-08,2170.840087890625
2006-12-11,2175.800048828125
2006-12-12,2173.580078125
2006-12-13,2176.52001953125
2006-12-14,2195.590087890625
2006-12-15,2198.070068359375
2006-12-18,2190.969970703125
2006-12-19,2195.800048828125
2006-12-20,2192.760009765625
2006-12-21,2185.2099609375
2006-12-22,2173.89990234375
2006-12-26,2183.3798828125
2006-12-27,2199.14990234375
2006-12-28,2196.0
2006-12-29,2186.1298828125
2007-01-03,2183.919921875
2007-01-04,2186.60009765625
2007-01-05,2173.2900390625
2007-01-08,2178.800048828125
2007-01-09,2177.679931640625
2007-01-10,2182.159912109375
2007-01-11,2196.02001953125
2007-01-12,2206.679931640625
2007-01-16,2208.47998046875
2007-01-17,2206.699951171875
2007-01-18,2200.199951171875
2007-01-19,2206.60009765625
2007-01-22,2195.0
2007-01-23,2202.77001953125
2007-01-24,2221.56005859375
2007-01-25,2196.5400390625
2007-01-26,2193.889892578125
2007-01-29,2191.7099609375
2007-01-30,2204.39990234375
2007-01-31,2219.18994140625
2007-02-01,2231.610107421875
2007-02-02,2235.389892578125
2007-02-05,2233.43994140625
2007-02-06,2235.02001953125
2007-02-07,2239.050048828125
2007-02-08,2236.4599609375
2007-02-09,2220.719970703125
2007-02-12,2213.580078125
2007-02-13,2230.800048828125
2007-02-14,2248.39990234375
2007-02-15,2250.969970703125
2007-02-16,2249.070068359375
2007-02-20,2255.47998046875
2007-02-21,2252.429931640625
2007-02-22,2251.030029296875
2007-02-23,2243.260009765625
2007-02-26,2240.72998046875
2007-02-27,2163.110107421875
2007-02-28,2175.780029296875
2007-03-01,2170.169921875
2007-03-02,2145.429931640625
2007-03-05,2125.340087890625
2007-03-06,2158.360107421875
2007-03-07,2153.64990234375
2007-03-08,2169.139892578125
2007-03-09,2170.6201171875
2007-03-12,2176.5
2007-03-13,2132.760009765625
2007-03-14,2147.179931640625
2007-03-15,2155.179931640625
2007-03-16,2146.929931640625
2007-03-19,2170.330078125
2007-03-20,2184.10009765625
2007-03-21,2221.4599609375
2007-03-22,2220.679931640625
2007-03-23,2223.1201171875
2007-03-26,2225.260009765625
2007-03-27,2211.52001953125
2007-03-28,2194.3798828125
2007-03-29,2202.679931640625
2007-03-30,2200.1201171875
2007-04-02,2205.85009765625
2007-04-03,2226.760009765625
2007-04-04,2229.260009765625
2007-04-05,2236.7099609375
2007-04-09,2238.030029296875
2007-04-10,2243.929931640625
2007-04-11,2229.43994140625
2007-04-12,2243.300048828125
2007-04-13,2251.1201171875
2007-04-16,2275.35009765625
2007-04-17,2280.010009765625
2007-04-18,2281.610107421875
2007-04-19,2278.909912109375
2007-04-20,2300.080078125
2007-04-23,2294.830078125
2007-04-24,2294.02001953125
2007-04-25,2317.5
2007-04-26,2315.909912109375
2007-04-27,2315.699951171875
2007-04-30,2297.580078125
2007-05-01,2303.679931640625
2007-05-02,2318.840087890625
2007-05-03,2329.5400390625
2007-05-04,2334.610107421875
2007-05-07,2340.679931640625
2007-05-08,2338.139892578125
2007-05-09,2346.300048828125
2007-05-10,2313.93994140625
2007-05-11,2336.47998046875
2007-05-14,2332.429931640625
2007-05-15,2329.610107421875
2007-05-16,2350.39990234375
2007-05-17,2348.43994140625
2007-05-18,2363.969970703125
2007-05-21,2367.6298828125
2007-05-22,2366.10009765625
2007-05-23,2363.2900390625
2007-05-24,2340.639892578125
2007-05-25,2353.419921875
2007-05-29,2357.389892578125
2007-05-30,2377.090087890625
2007-05-31,2377.75
2007-06-01,2386.6298828125
2007-06-04,2391.1298828125
2007-06-05,2378.43994140625
2007-06-06,2357.949951171875
2007-06-07,2316.6298828125
2007-06-08,2342.97998046875
2007-06-11,2345.27001953125
2007-06-12,2320.219970703125
2007-06-13,2356.02001953125
2007-06-14,2367.52001953125
2007-06-15,2382.969970703125
2007-06-18,2380.090087890625
2007-06-19,2384.260009765625
2007-06-20,2351.8701171875
2007-06-21,2366.919921875
2007-06-22,2336.409912109375
2007-06-25,2328.909912109375
2007-06-26,2321.4599609375
2007-06-27,2342.840087890625
2007-06-28,2341.89990234375
2007-06-29,2338.25
2007-07-02,2363.280029296875
2007-07-03,2372.219970703125
2007-07-05,2373.070068359375
2007-07-06,2381.590087890625
2007-07-09,2383.800048828125
2007-07-10,2349.97998046875
2007-07-11,2363.719970703125
2007-07-12,2408.7900390625
2007-07-13,2416.280029296875
2007-07-16,2411.64990234375
2007-07-17,2411.409912109375
2007-07-18,2406.68994140625
2007-07-19,2417.5
2007-07-20,2387.9599609375
2007-07-23,2399.639892578125
2007-07-24,2352.1201171875
2007-07-25,2363.1201171875
2007-07-26,2307.97998046875
2007-07-27,2271.409912109375
2007-07-30,2294.75
2007-07-31,2265.75
2007-08-01,2282.300048828125
2007-08-02,2292.7900390625
2007-08-03,2231.97998046875
2007-08-06,2285.929931640625
2007-08-07,2300.10009765625
2007-08-08,2333.239990234375
2007-08-09,2264.5
2007-08-10,2265.360107421875
2007-08-13,2264.580078125
2007-08-14,2223.7099609375
2007-08-15,2193.39990234375
2007-08-16,2200.610107421875
2007-08-17,2254.679931640625
2007-08-20,2254.070068359375
2007-08-21,2256.530029296875
2007-08-22,2283.090087890625
2007-08-23,2280.679931640625
2007-08-24,2307.219970703125
2007-08-27,2287.6201171875
2007-08-28,2234.030029296875
2007-08-29,2283.580078125
2007-08-30,2274.159912109375
2007-08-31,2299.7099609375
2007-09-04,2323.830078125
2007-09-05,2298.159912109375
2007-09-06,2308.35009765625
2007-09-07,2269.320068359375
2007-09-10,2266.510009765625
2007-09-11,2297.409912109375
2007-09-12,2298.139892578125
2007-09-13,2317.6298828125
2007-09-14,2318.110107421875
2007-09-17,2306.25
2007-09-18,2373.6298828125
2007-09-19,2388.14990234375
2007-09-20,2372.610107421875
2007-09-21,2383.56005859375
2007-09-24,2371.030029296875
2007-09-25,2370.27001953125
2007-09-26,2383.530029296875
2007-09-27,2392.919921875
2007-09-28,2385.719970703125
2007-10-01,2417.43994140625
2007-10-02,2416.830078125
2007-10-03,2406.31005859375
2007-10-04,2411.409912109375
2007-10-05,2435.159912109375
2007-10-08,2427.330078125
2007-10-09,2447.030029296875
2007-10-10,2443.02001953125
2007-10-11,2430.550048828125
2007-10-12,2442.1201171875
2007-10-15,2421.669921875
2007-10-16,2405.760009765625
2007-10-17,2410.219970703125
2007-10-18,2408.4599609375
2007-10-19,2346.780029296875
2007-10-22,2355.739990234375
2007-10-23,2376.47998046875
2007-10-24,2370.7099609375
2007-10-25,2368.429931640625
2007-10-26,2401.070068359375
2007-10-29,2410.330078125
2007-10-30,2394.81005859375
2007-10-31,2423.669921875
2007-11-01,2360.2099609375
2007-11-02,2362.2099609375
2007-11-05,2350.68994140625
2007-11-06,2379.050048828125
2007-11-07,2310.409912109375
2007-11-08,2309.179931640625
2007-11-09,2276.260009765625
2007-11-12,2253.530029296875
2007-11-13,2319.860107421875
2007-11-14,2304.06005859375
2007-11-15,2273.72998046875
2007-11-16,2285.669921875
2007-11-19,2245.81005859375
2007-11-20,2256.02001953125
2007-11-21,2220.2099609375
2007-11-23,2257.949951171875
2007-11-26,2205.489990234375
2007-11-27,2238.52001953125
2007-11-28,2303.169921875
2007-11-29,2304.429931640625
2007-11-30,2322.340087890625
2007-12-03,2308.739990234375
2007-12-04,2293.64990234375
2007-12-05,2329.7099609375
2007-12-06,2364.969970703125
2007-12-07,2360.7900390625
2007-12-10,2378.60009765625
2007-12-11,2318.52001953125
2007-12-12,2332.85009765625
2007-12-13,2335.7900390625
2007-12-14,2303.7900390625
2007-12-17,2269.239990234375
2007-12-18,2283.5
2007-12-19,2280.469970703125
2007-12-20,2292.22998046875
2007-12-21,2330.81005859375
2007-12-24,2349.659912109375
2007-12-26,2351.60009765625
2007-12-27,2318.719970703125
2007-12-28,2322.110107421875
2007-12-31,2306.22998046875
2008-01-02,2273.409912109375
2008-01-03,2273.409912109375
2008-01-04,2217.590087890625
2008-01-07,2224.760009765625
2008-01-08,2184.669921875
2008-01-09,2214.60009765625
2008-01-10,2232.25
2008-01-11,2202.030029296875
2008-01-14,2225.97998046875
2008-01-15,2170.510009765625
2008-01-16,2158.580078125
2008-01-17,2095.860107421875
2008-01-18,2083.239990234375
2008-01-22,2060.14990234375
2008-01-23,2104.3701171875
2008-01-24,2125.610107421875
2008-01-25,2091.8798828125
2008-01-28,2128.639892578125
2008-01-29,2141.85009765625
2008-01-30,2131.7900390625
2008-01-31,2167.89990234375
2008-02-01,2194.429931640625
2008-02-04,2171.510009765625
2008-02-05,2102.22998046875
2008-02-06,2087.050048828125
2008-02-07,2104.02001953125
2008-02-08,2095.2099609375
2008-02-11,2107.64990234375
2008-02-12,2123.06005859375
2008-02-13,2152.760009765625
2008-02-14,2123.93994140625
2008-02-15,2125.85009765625
2008-02-19,2124.1201171875
2008-02-20,2141.949951171875
2008-02-21,2115.1298828125
2008-02-22,2132.02001953125
2008-02-25,2161.510009765625
2008-02-26,2176.47998046875
2008-02-27,2175.0
2008-02-28,2155.81005859375
2008-02-29,2097.47998046875
2008-03-03,2098.639892578125
2008-03-04,2091.419921875
2008-03-05,2103.419921875
2008-03-06,2057.43994140625
2008-03-07,2040.1700439453125
2008-03-10,2008.7099609375
2008-03-11,2083.360107421875
2008-03-12,2065.2099609375
2008-03-13,2075.8798828125
2008-03-14,2032.7900390625
2008-03-17,2014.8800048828125
2008-03-18,2100.3798828125
2008-03-19,2049.39990234375
2008-03-20,2098.4599609375
2008-03-24,2130.6201171875
2008-03-25,2135.5400390625
2008-03-26,2116.929931640625
2008-03-27,2093.110107421875
2008-03-28,2076.56005859375
2008-03-31,2088.419921875
2008-04-01,2163.3798828125
2008-04-02,2159.6298828125
2008-04-03,2162.4599609375
2008-04-04,2164.2099609375
2008-04-07,2167.610107421875
2008-04-08,2157.280029296875
2008-04-09,2139.989990234375
2008-04-10,2149.669921875
2008-04-11,2106.010009765625
2008-04-14,2098.919921875
2008-04-15,2108.590087890625
2008-04-16,2156.669921875
2008-04-17,2158.080078125
2008-04-18,2197.239990234375
2008-04-21,2193.8701171875
2008-04-22,2174.590087890625
2008-04-23,2180.909912109375
2008-04-24,2194.9599609375
2008-04-25,2209.25
2008-04-28,2207.02001953125
2008-04-29,2198.5
2008-04-30,2190.1298828125
2008-05-01,2228.090087890625
2008-05-02,2235.300048828125
2008-05-05,2225.3701171875
2008-05-06,2242.469970703125
2008-05-07,2202.77001953125
2008-05-08,2210.949951171875
2008-05-09,2196.5400390625
2008-05-12,2220.81005859375
2008-05-13,2220.4599609375
2008-05-14,2229.739990234375
2008-05-15,2253.760009765625
2008-05-16,2256.639892578125
2008-05-19,2258.739990234375
2008-05-20,2237.7900390625
2008-05-21,2202.02001953125
2008-05-22,2208.199951171875
2008-05-23,2179.050048828125
2008-05-27,2193.97998046875
2008-05-28,2203.10009765625
2008-05-29,2215.1201171875
2008-05-30,2218.5
2008-06-02,2195.27001953125
2008-06-03,2182.64990234375
2008-06-04,2183.010009765625
2008-06-05,2225.739990234375
2008-06-06,2157.239990234375
2008-06-09,2159.030029296875
2008-06-10,2153.77001953125
2008-06-11,2117.840087890625
2008-06-12,2124.93994140625
2008-06-13,2156.9599609375
2008-06-16,2157.139892578125
2008-06-17,2142.550048828125
2008-06-18,2121.780029296875
2008-06-19,2130.300048828125
2008-06-20,2090.820068359375
2008-06-23,2090.93994140625
2008-06-24,2085.080078125
2008-06-25,2097.3701171875
2008-06-26,2036.4000244140625
2008-06-27,2028.8900146484373
2008-06-30,2031.469970703125
2008-07-01,2039.6600341796875
2008-07-02,2002.6400146484373
2008-07-03,2004.8699951171875
2008-07-07,1988.0899658203125
2008-07-08,2022.8299560546875
2008-07-09,1976.969970703125
2008-07-10,1990.780029296875
2008-07-11,1968.8599853515625
2008-07-14,1951.0799560546875
2008-07-15,1929.8499755859373
2008-07-16,1978.469970703125
2008-07-17,2002.300048828125
2008-07-18,2002.8800048828125
2008-07-21,2001.8599853515625
2008-07-22,2028.9100341796875
2008-07-23,2037.1500244140625
2008-07-24,1990.0899658203125
2008-07-25,1998.4100341796875
2008-07-28,1961.22998046875
2008-07-29,2007.2099609375
2008-07-30,2040.81005859375
2008-07-31,2014.3900146484373
2008-08-01,2003.1600341796875
2008-08-04,1985.22998046875
2008-08-05,2042.43994140625
2008-08-06,2050.22998046875
2008-08-07,2013.6600341796875
2008-08-08,2061.77001953125
2008-08-11,2076.590087890625
2008-08-12,2051.659912109375
2008-08-13,2046.3499755859373
2008-08-14,2057.719970703125
2008-08-15,2066.360107421875
2008-08-18,2035.300048828125
2008-08-19,2016.52001953125
2008-08-20,2029.1500244140625
2008-08-21,2034.3499755859373
2008-08-22,2057.639892578125
2008-08-25,2017.27001953125
2008-08-26,2024.719970703125
2008-08-27,2041.239990234375
2008-08-28,2071.860107421875
2008-08-29,2043.530029296875
2008-09-02,2035.239990234375
2008-09-03,2032.1300048828125
2008-09-04,1971.3699951171875
2008-09-05,1980.1800537109373
2008-09-08,2021.1300048828125
2008-09-09,1952.1400146484373
2008-09-10,1964.25
2008-09-11,1992.0
2008-09-12,1996.260009765625
2008-09-15,1902.1700439453125
2008-09-16,1935.489990234375
2008-09-17,1844.31005859375
2008-09-18,1924.8499755859373
2008-09-19,2002.3199462890625
2008-09-22,1925.8599853515625
2008-09-23,1895.780029296875
2008-09-24,1892.050048828125
2008-09-25,1929.239990234375
2008-09-26,1935.7900390625
2008-09-29,1765.719970703125
2008-09-30,1861.43994140625
2008-10-01,1853.260009765625
2008-10-02,1778.9000244140625
2008-10-03,1754.9100341796875
2008-10-06,1687.3399658203125
2008-10-07,1590.510009765625
2008-10-08,1573.3399658203125
2008-10-09,1453.52001953125
2008-10-10,1436.56005859375
2008-10-13,1602.9300537109375
2008-10-14,1594.4100341796875
2008-10-15,1450.5
2008-10-16,1512.2099609375
2008-10-17,1502.8399658203125
2008-10-20,1574.5
2008-10-21,1526.02001953125
2008-10-22,1433.219970703125
2008-10-23,1451.3699951171875
2008-10-24,1401.2900390625
2008-10-27,1356.780029296875
2008-10-28,1503.1600341796875
2008-10-29,1486.72998046875
2008-10-30,1525.3699951171875
2008-10-31,1548.81005859375
2008-11-03,1544.9100341796875
2008-11-04,1608.0
2008-11-05,1524.2099609375
2008-11-06,1448.010009765625
2008-11-07,1490.31005859375
2008-11-10,1471.6400146484375
2008-11-11,1439.219970703125
2008-11-12,1365.1500244140625
2008-11-13,1459.8199462890625
2008-11-14,1399.199951171875
2008-11-17,1363.1400146484375
2008-11-18,1376.8199462890625
2008-11-19,1292.760009765625
2008-11-20,1206.0400390625
2008-11-21,1282.5899658203125
2008-11-24,1365.6300048828125
2008-11-25,1374.7900390625
2008-11-26,1423.9000244140625
2008-11-28,1437.6800537109375
2008-12-01,1309.3900146484375
2008-12-02,1361.7900390625
2008-12-03,1397.719970703125
2008-12-04,1356.81005859375
2008-12-05,1406.3599853515625
2008-12-08,1460.5999755859375
2008-12-09,1426.8800048828125
2008-12-10,1444.0
2008-12-11,1403.199951171875
2008-12-12,1413.0699462890625
2008-12-15,1395.2099609375
2008-12-16,1466.8699951171875
2008-12-17,1452.8800048828125
2008-12-18,1422.18994140625
2008-12-19,1426.3900146484375
2008-12-22,1400.4200439453125
2008-12-23,1387.0799560546875
2008-12-24,1395.760009765625
2008-12-26,1403.219970703125
2008-12-29,1398.25
2008-12-30,1432.6500244140625
2008-12-31,1452.97998046875
2009-01-02,1499.1700439453125
2009-01-05,1492.2099609375
2009-01-06,1503.8699951171875
2009-01-07,1459.5799560546875
2009-01-08,1464.5999755859375
2009-01-09,1433.4100341796875
2009-01-12,1401.0699462890625
2009-01-13,1403.6300048828125
2009-01-14,1356.7900390625
2009-01-15,1358.6400146484375
2009-01-16,1368.9200439453125
2009-01-20,1296.6300048828125
2009-01-21,1353.3299560546875
2009-01-22,1332.8399658203125
2009-01-23,1340.02001953125
2009-01-26,1347.469970703125
2009-01-27,1362.1800537109375
2009-01-28,1408.0699462890625
2009-01-29,1361.5400390625
2009-01-30,1330.510009765625
2009-02-02,1329.81005859375
2009-02-03,1350.8900146484375
2009-02-04,1341.77001953125
2009-02-05,1363.8199462890625
2009-02-06,1401.06005859375
2009-02-09,1403.18994140625
2009-02-10,1334.300048828125
2009-02-11,1345.5
2009-02-12,1348.1500244140625
2009-02-13,1334.8299560546875
2009-02-17,1274.260009765625
2009-02-18,1273.2900390625
2009-02-19,1258.8199462890625
2009-02-20,1244.719970703125
2009-02-23,1201.56005859375
2009-02-24,1249.760009765625
2009-02-25,1236.739990234375
2009-02-26,1217.489990234375
2009-02-27,1188.8399658203125
2009-03-02,1133.4300537109375
2009-03-03,1126.1800537109375
2009-03-04,1153.3499755859375
2009-03-05,1104.3800048828125
2009-03-06,1106.0
2009-03-09,1095.0400390625
2009-03-10,1164.8299560546875
2009-03-11,1168.0699462890625
2009-03-12,1215.8699951171875
2009-03-13,1225.3199462890625
2009-03-16,1221.030029296875
2009-03-17,1260.2900390625
2009-03-18,1286.6199951171875
2009-03-19,1269.9300537109375
2009-03-20,1244.8599853515625
2009-03-23,1333.2099609375
2009-03-24,1306.030029296875
2009-03-25,1318.6099853515625
2009-03-26,1349.3699951171875
2009-03-27,1322.18994140625
2009-03-30,1276.219970703125
2009-03-31,1292.97998046875
2009-04-01,1314.6300048828125
2009-04-02,1352.469970703125
2009-04-03,1365.6600341796875
2009-04-06,1354.3599853515625
2009-04-07,1322.9100341796875
2009-04-08,1338.530029296875
2009-04-09,1389.489990234375
2009-04-13,1393.1300048828125
2009-04-14,1365.199951171875
2009-04-15,1382.3599853515625
2009-04-16,1403.8900146484375
2009-04-17,1410.8499755859375
2009-04-20,1350.52001953125
2009-04-21,1379.219970703125
2009-04-22,1368.9200439453125
2009-04-23,1382.52001953125
2009-04-24,1405.739990234375
2009-04-27,1391.5799560546875
2009-04-28,1387.8199462890625
2009-04-29,1417.989990234375
2009-04-30,1416.72998046875
2009-05-01,1424.4100341796875
2009-05-04,1472.6400146484375
2009-05-05,1467.25
2009-05-06,1493.31005859375
2009-05-07,1473.6600341796875
2009-05-08,1509.1400146484375
2009-05-11,1477.199951171875
2009-05-12,1475.8299560546875
2009-05-13,1436.739990234375
2009-05-14,1451.1700439453125
2009-05-15,1435.47998046875
2009-05-18,1479.239990234375
2009-05-19,1476.93994140625
2009-05-20,1469.469970703125
2009-05-21,1445.280029296875
2009-05-22,1443.1400146484375
2009-05-26,1481.0999755859375
2009-05-27,1453.280029296875
2009-05-28,1475.93994140625
2009-05-29,1495.969970703125
2009-06-01,1534.6500244140625
2009-06-02,1537.68994140625
2009-06-03,1516.8800048828125
2009-06-04,1534.5899658203125
2009-06-05,1530.81005859375
2009-06-08,1529.5899658203125
2009-06-09,1535.030029296875
2009-06-10,1529.760009765625
2009-06-11,1539.5
2009-06-12,1541.699951171875
2009-06-15,1505.06005859375
2009-06-16,1485.9200439453125
2009-06-17,1483.9000244140625
2009-06-18,1496.5899658203125
2009-06-19,1501.25
2009-06-22,1455.5400390625
2009-06-23,1458.9200439453125
2009-06-24,1468.47998046875
2009-06-25,1499.97998046875
2009-06-26,1498.0799560546875
2009-06-29,1511.699951171875
2009-06-30,1498.93994140625
2009-07-01,1505.6400146484375
2009-07-02,1461.800048828125
2009-07-06,1465.5799560546875
2009-07-07,1436.739990234375
2009-07-08,1435.199951171875
2009-07-09,1440.300048828125
2009-07-10,1434.5
2009-07-13,1470.4300537109375
2009-07-14,1478.239990234375
2009-07-15,1522.0899658203125
2009-07-16,1535.300048828125
2009-07-17,1534.7099609375
2009-07-20,1552.260009765625
2009-07-21,1557.9100341796875
2009-07-22,1557.3699951171875
2009-07-23,1593.6500244140625
2009-07-24,1598.5
2009-07-27,1603.260009765625
2009-07-28,1599.0899658203125
2009-07-29,1592.0
2009-07-30,1611.1400146484375
2009-07-31,1612.31005859375
2009-08-03,1637.06005859375
2009-08-04,1642.030029296875
2009-08-05,1637.81005859375
2009-08-06,1628.8199462890625
2009-08-07,1650.72998046875
2009-08-10,1645.260009765625
2009-08-11,1624.9100341796875
2009-08-12,1644.22998046875
2009-08-13,1655.6600341796875
2009-08-14,1641.5400390625
2009-08-17,1602.06005859375
2009-08-18,1618.5999755859375
2009-08-19,1629.9200439453125
2009-08-20,1647.8499755859375
2009-08-21,1678.8399658203125
2009-08-24,1677.93994140625
2009-08-25,1681.9200439453125
2009-08-26,1682.2900390625
2009-08-27,1687.1600341796875
2009-08-28,1684.050048828125
2009-08-31,1670.52001953125
2009-09-01,1633.6300048828125
2009-09-02,1628.6600341796875
2009-09-03,1642.6800537109375
2009-09-04,1664.3399658203125
2009-09-08,1679.3199462890625
2009-09-09,1692.47998046875
2009-09-10,1710.1400146484375
2009-09-11,1708.1800537109375
2009-09-14,1719.0400390625
2009-09-15,1724.449951171875
2009-09-16,1750.9100341796875
2009-09-17,1745.800048828125
2009-09-18,1750.4300537109375
2009-09-21,1744.469970703125
2009-09-22,1755.989990234375
2009-09-23,1738.3199462890625
2009-09-24,1722.02001953125
2009-09-25,1711.530029296875
2009-09-28,1742.3199462890625
2009-09-29,1738.47998046875
2009-09-30,1732.8599853515625
2009-10-01,1688.239990234375
2009-10-02,1680.699951171875
2009-10-05,1705.72998046875
2009-10-06,1729.1400146484375
2009-10-07,1734.739990234375
2009-10-08,1747.699951171875
2009-10-09,1757.5999755859375
2009-10-12,1765.31005859375
2009-10-13,1760.510009765625
2009-10-14,1791.469970703125
2009-10-15,1798.9100341796875
2009-10-16,1784.3499755859375
2009-10-19,1801.1199951171875
2009-10-20,1789.9300537109375
2009-10-21,1774.3299560546875
2009-10-22,1793.3399658203125
2009-10-23,1771.5
2009-10-26,1750.75
2009-10-27,1744.949951171875
2009-10-28,1711.0899658203125
2009-10-29,1749.760009765625
2009-10-30,1700.6700439453125
2009-11-02,1711.6500244140625
2009-11-03,1715.81005859375
2009-11-04,1718.2099609375
2009-11-05,1751.449951171875
2009-11-06,1756.0699462890625
2009-11-09,1795.56005859375
2009-11-10,1795.9000244140625
2009-11-11,1804.9300537109373
2009-11-12,1786.6600341796875
2009-11-13,1796.9300537109375
2009-11-16,1823.2900390625
2009-11-17,1825.1800537109373
2009-11-18,1824.6099853515625
2009-11-19,1800.1199951171875
2009-11-20,1794.6500244140625
2009-11-23,1819.1700439453125
2009-11-24,1818.31005859375
2009-11-25,1826.739990234375
2009-11-27,1795.699951171875
2009-11-30,1802.6800537109373
2009-12-01,1824.5400390625
2009-12-02,1825.4000244140625
2009-12-03,1810.1300048828125
2009-12-04,1820.1099853515625
2009-12-07,1815.699951171875
2009-12-08,1797.31005859375
2009-12-09,1804.0999755859373
2009-12-10,1814.81005859375
2009-12-11,1821.5
2009-12-14,1834.550048828125
2009-12-15,1824.3699951171875
2009-12-16,1826.449951171875
2009-12-17,1804.9599609375
2009-12-18,1815.3499755859373
2009-12-21,1834.5899658203125
2009-12-22,1841.1700439453125
2009-12-23,1845.800048828125
2009-12-24,1855.5
2009-12-28,1857.8900146484373
2009-12-29,1855.6099853515625
2009-12-30,1856.1400146484373
2009-12-31,1837.5
2010-01-04,1867.06005859375
2010-01-05,1872.9000244140625
2010-01-06,1874.72998046875
2010-01-07,1882.3399658203125
2010-01-08,1887.77001953125
2010-01-11,1891.06005859375
2010-01-12,1873.3199462890625
2010-01-13,1889.0999755859373
2010-01-14,1893.719970703125
2010-01-15,1873.300048828125
2010-01-19,1896.719970703125
2010-01-20,1876.9000244140625
2010-01-21,1841.3900146484373
2010-01-22,1800.6099853515625
2010-01-25,1808.9300537109373
2010-01-26,1801.3399658203125
2010-01-27,1810.2099609375
2010-01-28,1788.969970703125
2010-01-29,1771.4000244140625
2010-02-01,1796.6700439453125
2010-02-02,1819.989990234375
2010-02-03,1810.6400146484373
2010-02-04,1754.300048828125
2010-02-05,1759.3800048828125
2010-02-08,1744.3699951171875
2010-02-09,1767.1800537109375
2010-02-10,1763.68994140625
2010-02-11,1781.010009765625
2010-02-12,1776.5
2010-02-16,1808.719970703125
2010-02-17,1816.699951171875
2010-02-18,1828.81005859375
2010-02-19,1833.0899658203125
2010-02-22,1831.2099609375
2010-02-23,1809.050048828125
2010-02-24,1826.989990234375
2010-02-25,1823.6400146484373
2010-02-26,1826.27001953125
2010-03-01,1844.8699951171875
2010-03-02,1849.1700439453125
2010-03-03,1850.239990234375
2010-03-04,1857.199951171875
2010-03-05,1883.280029296875
2010-03-08,1883.2900390625
2010-03-09,1886.5999755859373
2010-03-10,1895.3800048828125
2010-03-11,1903.6800537109373
2010-03-12,1903.2900390625
2010-03-15,1904.18994140625
2010-03-16,1919.02001953125
2010-03-17,1930.219970703125
2010-03-18,1929.6300048828125
2010-03-19,1919.800048828125
2010-03-22,1929.6400146484373
2010-03-23,1943.699951171875
2010-03-24,1933.0400390625
2010-03-25,1929.75
2010-03-26,1931.1800537109373
2010-03-29,1942.510009765625
2010-03-30,1942.81005859375
2010-03-31,1936.47998046875
2010-04-01,1950.9100341796875
2010-04-05,1966.43994140625
2010-04-06,1969.760009765625
2010-04-07,1959.0400390625
2010-04-08,1965.719970703125
2010-04-09,1978.8599853515625
2010-04-12,1982.4000244140625
2010-04-13,1983.9100341796875
2010-04-14,2006.06005859375
2010-04-15,2007.739990234375
2010-04-16,1975.3599853515625
2010-04-19,1984.3199462890625
2010-04-20,2000.3299560546875
2010-04-21,1998.31005859375
2010-04-22,2002.9300537109373
2010-04-23,2017.18994140625
2010-04-26,2008.550048828125
2010-04-27,1961.5999755859373
2010-04-28,1974.6300048828125
2010-04-29,2000.3399658203125
2010-04-30,1967.050048828125
2010-05-03,1992.8699951171875
2010-05-04,1945.3699951171875
2010-05-05,1933.25
2010-05-06,1870.949951171875
2010-05-07,1842.3199462890625
2010-05-10,1923.3900146484373
2010-05-11,1917.25
2010-05-12,1944.25
2010-05-13,1920.760009765625
2010-05-14,1884.6700439453125
2010-05-17,1887.1099853515625
2010-05-18,1860.6500244140625
2010-05-19,1851.280029296875
2010-05-20,1779.300048828125
2010-05-21,1806.050048828125
2010-05-24,1782.77001953125
2010-05-25,1783.4000244140625
2010-05-26,1773.6500244140625
2010-05-27,1832.6099853515625
2010-05-28,1809.97998046875
2010-06-01,1778.989990234375
2010-06-02,1825.25
2010-06-03,1832.719970703125
2010-06-04,1769.719970703125
2010-06-07,1745.8699951171875
2010-06-08,1765.2900390625
2010-06-09,1754.9100341796875
2010-06-10,1806.68994140625
2010-06-11,1815.260009765625
2010-06-14,1812.02001953125
2010-06-15,1854.6099853515625
2010-06-16,1853.6199951171875
2010-06-17,1856.25
2010-06-18,1858.699951171875
2010-06-21,1851.550048828125
2010-06-22,1822.050048828125
2010-06-23,1816.6500244140625
2010-06-24,1786.1300048828125
2010-06-25,1791.239990234375
2010-06-28,1787.93994140625
2010-06-29,1732.550048828125
2010-06-30,1715.22998046875
2010-07-01,1709.77001953125
2010-07-02,1701.8599853515625
2010-07-06,1710.969970703125
2010-07-07,1765.4200439453125
2010-07-08,1782.0999755859375
2010-07-09,1794.93994140625
2010-07-12,1796.300048828125
2010-07-13,1824.0699462890625
2010-07-14,1823.8199462890625
2010-07-15,1826.0
2010-07-16,1773.4300537109375
2010-07-19,1784.06005859375
2010-07-20,1804.47998046875
2010-07-21,1781.5999755859375
2010-07-22,1821.760009765625
2010-07-23,1836.75
2010-07-26,1857.3299560546875
2010-07-27,1855.3900146484373
2010-07-28,1842.6600341796875
2010-07-29,1835.2900390625
2010-07-30,1835.4000244140625
2010-08-02,1875.8499755859373
2010-08-03,1866.8699951171875
2010-08-04,1878.81005859375
2010-08-05,1876.510009765625
2010-08-06,1869.77001953125
2010-08-09,1880.06005859375
2010-08-10,1868.8800048828125
2010-08-11,1817.1300048828125
2010-08-12,1807.6099853515625
2010-08-13,1800.3900146484375
2010-08-16,1800.699951171875
2010-08-17,1823.1800537109373
2010-08-18,1826.1400146484373
2010-08-19,1795.239990234375
2010-08-20,1788.6700439453125
2010-08-23,1781.469970703125
2010-08-24,1755.6500244140625
2010-08-25,1761.6199951171875
2010-08-26,1748.1400146484375
2010-08-27,1777.5999755859375
2010-08-30,1751.7900390625
2010-08-31,1752.550048828125
2010-09-01,1804.4599609375
2010-09-02,1820.97998046875
2010-09-03,1845.0999755859373
2010-09-07,1824.050048828125
2010-09-08,1836.2099609375
2010-09-09,1845.0899658203125
2010-09-10,1854.0999755859373
2010-09-13,1875.4100341796875
2010-09-14,1874.0699462890625
2010-09-15,1880.739990234375
2010-09-16,1880.3699951171875
2010-09-17,1881.9300537109373
2010-09-20,1910.5999755859373
2010-09-21,1905.739990234375
2010-09-22,1896.77001953125
2010-09-23,1880.969970703125
2010-09-24,1920.8399658203125
2010-09-27,1909.97998046875
2010-09-28,1919.5899658203125
2010-09-29,1914.8399658203125
2010-09-30,1908.949951171875
2010-10-01,1917.4200439453125
2010-10-04,1902.1500244140625
2010-10-05,1941.8199462890625
2010-10-06,1941.5
2010-10-07,1938.31005859375
2010-10-08,1950.1800537109373
2010-10-11,1950.469970703125
2010-10-12,1957.9200439453125
2010-10-13,1972.0799560546875
2010-10-14,1964.9000244140625
2010-10-15,1968.8699951171875
2010-10-18,1983.1700439453125
2010-10-19,1951.6700439453125
2010-10-20,1972.510009765625
2010-10-21,1976.1199951171875
2010-10-22,1980.8299560546875
2010-10-25,1985.1099853515625
2010-10-26,1985.1300048828125
2010-10-27,1980.050048828125
2010-10-28,1982.449951171875
2010-10-29,1981.5899658203125
2010-11-01,1983.469970703125
2010-11-02,1998.8599853515625
2010-11-03,2006.5799560546875
2010-11-04,2045.6199951171875
2010-11-05,2053.77001953125
2010-11-08,2049.68994140625
2010-11-09,2033.8499755859373
2010-11-10,2043.1600341796875
2010-11-11,2034.47998046875
2010-11-12,2010.5699462890625
2010-11-15,2008.25
2010-11-16,1976.260009765625
2010-11-17,1977.0
2010-11-18,2007.3800048828125
2010-11-19,2012.5899658203125
2010-11-22,2009.52001953125
2010-11-23,1980.8900146484373
2010-11-24,2010.56005859375
2010-11-26,1996.030029296875
2010-11-29,1993.8299560546875
2010-11-30,1981.8399658203125
2010-12-01,2024.969970703125
2010-12-02,2050.9599609375
2010-12-03,2056.39990234375
2010-12-06,2053.800048828125
2010-12-07,2054.889892578125
2010-12-08,2063.030029296875
2010-12-09,2071.1201171875
2010-12-10,2083.570068359375
2010-12-13,2084.0
2010-12-14,2085.929931640625
2010-12-15,2075.2900390625
2010-12-16,2088.18994140625
2010-12-17,2089.949951171875
2010-12-20,2095.320068359375
2010-12-21,2108.260009765625
2010-12-22,2115.68994140625
2010-12-23,2112.3701171875
2010-12-27,2113.669921875
2010-12-28,2115.320068359375
2010-12-29,2117.830078125
2010-12-30,2114.699951171875
2010-12-31,2114.2900390625
2011-01-03,2138.300048828125
2011-01-04,2135.530029296875
2011-01-05,2146.5
2011-01-06,2142.760009765625
2011-01-07,2138.81005859375
2011-01-10,2135.860107421875
2011-01-11,2143.820068359375
2011-01-12,2163.360107421875
2011-01-13,2159.659912109375
2011-01-14,2175.679931640625
2011-01-18,2178.719970703125
2011-01-19,2156.969970703125
2011-01-20,2154.179931640625
2011-01-21,2159.429931640625
2011-01-24,2172.030029296875
2011-01-25,2172.669921875
2011-01-26,2181.919921875
2011-01-27,2186.929931640625
2011-01-28,2147.949951171875
2011-01-31,2164.39990234375
2011-02-01,2200.5400390625
2011-02-02,2194.93994140625
2011-02-03,2200.419921875
2011-02-04,2206.800048828125
2011-02-07,2220.60009765625
2011-02-08,2230.590087890625
2011-02-09,2224.639892578125
2011-02-10,2226.510009765625
2011-02-11,2239.080078125
2011-02-14,2244.889892578125
2011-02-15,2237.89990234375
2011-02-16,2252.300048828125
2011-02-17,2259.419921875
2011-02-18,2263.7900390625
2011-02-22,2217.35009765625
2011-02-23,2203.889892578125
2011-02-24,2202.22998046875
2011-02-25,2226.050048828125
2011-02-28,2238.550048828125
2011-03-01,2203.320068359375
2011-03-02,2207.239990234375
2011-03-03,2245.330078125
2011-03-04,2228.780029296875
2011-03-07,2210.260009765625
2011-03-08,2230.39990234375
2011-03-09,2227.699951171875
2011-03-10,2185.64990234375
2011-03-11,2201.81005859375
2011-03-14,2188.56005859375
2011-03-15,2164.06005859375
2011-03-16,2121.93994140625
2011-03-17,2150.429931640625
2011-03-18,2159.68994140625
2011-03-21,2192.090087890625
2011-03-22,2184.570068359375
2011-03-23,2190.9599609375
2011-03-24,2211.419921875
2011-03-25,2218.419921875
2011-03-28,2212.320068359375
2011-03-29,2228.409912109375
2011-03-30,2243.550048828125
2011-03-31,2239.43994140625
2011-04-01,2250.580078125
2011-04-04,2251.639892578125
2011-04-05,2251.260009765625
2011-04-06,2257.110107421875
2011-04-07,2253.760009765625
2011-04-08,2244.739990234375
2011-04-11,2238.510009765625
2011-04-12,2221.1201171875
2011-04-13,2221.77001953125
2011-04-14,2221.989990234375
2011-04-15,2230.699951171875
2011-04-18,2206.14990234375
2011-04-19,2218.860107421875
2011-04-20,2248.89990234375
2011-04-21,2260.840087890625
2011-04-25,2257.239990234375
2011-04-26,2277.510009765625
2011-04-27,2292.1298828125
2011-04-28,2300.4599609375
2011-04-29,2305.760009765625
2011-05-02,2301.719970703125
2011-05-03,2293.949951171875
2011-05-04,2278.6298828125
2011-05-05,2258.080078125
2011-05-06,2266.969970703125
2011-05-09,2277.300048828125
2011-05-10,2295.719970703125
2011-05-11,2271.469970703125
2011-05-12,2282.840087890625
2011-05-13,2264.52001953125
2011-05-16,2250.610107421875
2011-05-17,2250.35009765625
2011-05-18,2270.570068359375
2011-05-19,2275.7099609375
2011-05-20,2258.2099609375
2011-05-23,2231.31005859375
2011-05-24,2229.489990234375
2011-05-25,2236.75
2011-05-26,2246.1298828125
2011-05-27,2255.739990234375
2011-05-31,2279.659912109375
2011-06-01,2227.9599609375
2011-06-02,2225.360107421875
2011-06-03,2203.81005859375
2011-06-06,2180.139892578125
2011-06-07,2178.14990234375
2011-06-08,2169.5
2011-06-09,2185.52001953125
2011-06-10,2155.0
2011-06-13,2157.14990234375
2011-06-14,2184.47998046875
2011-06-15,2146.449951171875
2011-06-16,2150.580078125
2011-06-17,2157.139892578125
2011-06-20,2168.800048828125
2011-06-21,2198.14990234375
2011-06-22,2184.030029296875
2011-06-23,2177.85009765625
2011-06-24,2152.31005859375
2011-06-27,2172.080078125
2011-06-28,2200.679931640625
2011-06-29,2219.199951171875
2011-06-30,2241.659912109375
2011-07-01,2274.260009765625
2011-07-05,2271.2900390625
2011-07-06,2274.419921875
2011-07-07,2298.31005859375
2011-07-08,2282.320068359375
2011-07-11,2241.070068359375
2011-07-12,2231.14990234375
2011-07-13,2238.2900390625
2011-07-14,2223.2900390625
2011-07-15,2235.64990234375
2011-07-18,2217.550048828125
2011-07-19,2253.7099609375
2011-07-20,2252.52001953125
2011-07-21,2283.22998046875
2011-07-22,2285.340087890625
2011-07-25,2272.469970703125
2011-07-26,2263.14990234375
2011-07-27,2217.2900390625
2011-07-28,2210.330078125
2011-07-29,2196.080078125
2011-08-01,2187.0
2011-08-02,2131.10009765625
2011-08-03,2142.56005859375
2011-08-04,2040.199951171875
2011-08-05,2039.0400390625
2011-08-08,1903.469970703125
2011-08-09,1993.760009765625
2011-08-10,1906.530029296875
2011-08-11,1995.1400146484373
2011-08-12,2005.6700439453125
2011-08-15,2049.510009765625
2011-08-16,2029.9200439453125
2011-08-17,2032.4100341796875
2011-08-18,1941.9200439453125
2011-08-19,1912.77001953125
2011-08-22,1913.27001953125
2011-08-23,1978.8900146484373
2011-08-24,2005.1300048828125
2011-08-25,1973.9599609375
2011-08-26,2004.1099853515625
2011-08-29,2061.050048828125
2011-08-30,2066.3701171875
2011-08-31,2076.780029296875
2011-09-01,2052.300048828125
2011-09-02,2000.5
2011-09-06,1985.6700439453125
2011-09-07,2043.050048828125
2011-09-08,2021.4200439453125
2011-09-09,1967.469970703125
2011-09-12,1981.300048828125
2011-09-13,2000.0799560546875
2011-09-14,2027.0400390625
2011-09-15,2062.25
2011-09-16,2074.06005859375
2011-09-19,2053.739990234375
2011-09-20,2050.389892578125
2011-09-21,1990.199951171875
2011-09-22,1926.760009765625
2011-09-23,1938.72998046875
2011-09-26,1983.969970703125
2011-09-27,2005.18994140625
2011-09-28,1964.199951171875
2011-09-29,1980.22998046875
2011-09-30,1930.7900390625
2011-10-03,1875.949951171875
2011-10-04,1918.3900146484373
2011-10-05,1953.6700439453125
2011-10-06,1989.6099853515625
2011-10-07,1973.4200439453125
2011-10-10,2040.760009765625
2011-10-11,2041.9000244140625
2011-10-12,2062.219970703125
2011-10-13,2056.260009765625
2011-10-14,2091.989990234375
2011-10-17,2051.5400390625
2011-10-18,2093.429931640625
2011-10-19,2067.280029296875
2011-10-20,2076.75
2011-10-21,2115.860107421875
2011-10-24,2143.1298828125
2011-10-25,2100.169921875
2011-10-26,2122.320068359375
2011-10-27,2195.219970703125
2011-10-28,2196.1298828125
2011-10-31,2141.81005859375
2011-11-01,2081.969970703125
2011-11-02,2115.699951171875
2011-11-03,2155.8701171875
2011-11-04,2142.340087890625
2011-11-07,2156.0
2011-11-08,2182.610107421875
2011-11-09,2102.719970703125
2011-11-10,2121.139892578125
2011-11-11,2162.47998046875
2011-11-14,2142.090087890625
2011-11-15,2152.800048828125
2011-11-16,2117.639892578125
2011-11-17,2082.10009765625
2011-11-18,2081.419921875
2011-11-21,2042.7099609375
2011-11-22,2034.4100341796875
2011-11-23,1989.5400390625
2011-11-25,1984.5
2011-11-28,2042.800048828125
2011-11-29,2048.06005859375
2011-11-30,2137.080078125
2011-12-01,2133.070068359375
2011-12-02,2132.639892578125
2011-12-05,2154.679931640625
2011-12-06,2157.10009765625
2011-12-07,2162.070068359375
2011-12-08,2116.409912109375
2011-12-09,2152.14990234375
2011-12-12,2120.14990234375
2011-12-13,2102.14990234375
2011-12-14,2078.510009765625
2011-12-15,2085.43994140625
2011-12-16,2092.179931640625
2011-12-19,2067.669921875
2011-12-20,2129.669921875
2011-12-21,2133.860107421875
2011-12-22,2152.0400390625
2011-12-23,2171.5
2011-12-27,2171.7099609375
2011-12-28,2145.090087890625
2011-12-29,2168.1201171875
2011-12-30,2158.93994140625
2012-01-03,2192.39990234375
2012-01-04,2193.280029296875
2012-01-05,2199.72998046875
2012-01-06,2194.97998046875
2012-01-09,2200.0
2012-01-10,2219.580078125
2012-01-11,2220.47998046875
2012-01-12,2225.739990234375
2012-01-13,2214.72998046875
2012-01-17,2222.590087890625
2012-01-18,2247.639892578125
2012-01-19,2258.800048828125
2012-01-20,2260.3701171875
2012-01-23,2261.469970703125
2012-01-24,2259.219970703125
2012-01-25,2278.830078125
2012-01-26,2265.840087890625
2012-01-27,2262.35009765625
2012-01-30,2256.719970703125
2012-01-31,2255.68994140625
2012-02-01,2276.239990234375
2012-02-02,2278.919921875
2012-02-03,2312.489990234375
2012-02-06,2311.550048828125
2012-02-07,2316.27001953125
2012-02-08,2322.110107421875
2012-02-09,2325.56005859375
2012-02-10,2309.60009765625
2012-02-13,2325.81005859375
2012-02-14,2324.0
2012-02-15,2312.280029296875
2012-02-16,2338.1201171875
2012-02-17,2343.669921875
2012-02-21,2345.409912109375
2012-02-22,2337.669921875
2012-02-23,2348.110107421875
2012-02-24,2352.340087890625
2012-02-27,2355.739990234375
2012-02-28,2364.030029296875
2012-02-29,2353.22998046875
2012-03-01,2367.8701171875
2012-03-02,2360.280029296875
2012-03-05,2351.280029296875
2012-03-06,2315.2099609375
2012-03-07,2331.889892578125
2012-03-08,2355.010009765625
2012-03-09,2363.56005859375
2012-03-12,2364.10009765625
2012-03-13,2407.7900390625
2012-03-14,2404.97998046875
2012-03-15,2419.3701171875
2012-03-16,2422.090087890625
2012-03-19,2431.72998046875
2012-03-20,2424.4599609375
2012-03-21,2420.02001953125
2012-03-22,2402.7099609375
2012-03-23,2410.159912109375
2012-03-26,2443.639892578125
2012-03-27,2437.010009765625
2012-03-28,2425.550048828125
2012-03-29,2421.699951171875
2012-03-30,2430.669921875
2012-04-02,2449.080078125
2012-04-03,2439.889892578125
2012-04-04,2415.050048828125
2012-04-05,2414.39990234375
2012-04-09,2387.030029296875
2012-04-10,2346.27001953125
2012-04-11,2364.090087890625
2012-04-12,2396.68994140625
2012-04-13,2366.840087890625
2012-04-16,2365.64990234375
2012-04-17,2402.2900390625
2012-04-18,2392.570068359375
2012-04-19,2378.47998046875
2012-04-20,2381.320068359375
2012-04-23,2361.35009765625
2012-04-24,2370.0400390625
2012-04-25,2402.7099609375
2012-04-26,2418.889892578125
2012-04-27,2424.780029296875
2012-04-30,2415.419921875
2012-05-01,2429.10009765625
2012-05-02,2423.2900390625
2012-05-03,2405.169921875
2012-05-04,2366.389892578125
2012-05-07,2367.260009765625
2012-05-08,2357.449951171875
2012-05-09,2342.31005859375
2012-05-10,2348.929931640625
2012-05-11,2341.22998046875
2012-05-14,2315.449951171875
2012-05-15,2302.56005859375
2012-05-16,2293.2099609375
2012-05-17,2258.929931640625
2012-05-18,2242.25
2012-05-21,2278.239990234375
2012-05-22,2279.39990234375
2012-05-23,2283.360107421875
2012-05-24,2286.8701171875
2012-05-25,2281.919921875
2012-05-29,2307.570068359375
2012-05-30,2275.18994140625
2012-05-31,2270.25
2012-06-01,2214.409912109375
2012-06-04,2214.699951171875
2012-06-05,2227.449951171875
2012-06-06,2279.419921875
2012-06-07,2279.280029296875
2012-06-08,2297.820068359375
2012-06-11,2268.93994140625
2012-06-12,2295.39990234375
2012-06-13,2280.1298828125
2012-06-14,2304.830078125
2012-06-15,2328.659912109375
2012-06-18,2332.070068359375
2012-06-19,2355.010009765625
2012-06-20,2351.139892578125
2012-06-21,2299.159912109375
2012-06-22,2315.64990234375
2012-06-25,2278.97998046875
2012-06-26,2289.860107421875
2012-06-27,2310.97998046875
2012-06-28,2306.219970703125
2012-06-29,2363.7900390625
2012-07-02,2369.75
2012-07-03,2385.06005859375
2012-07-05,2373.909912109375
2012-07-06,2352.340087890625
2012-07-09,2348.52001953125
2012-07-10,2329.4599609375
2012-07-11,2329.7099609375
2012-07-12,2318.090087890625
2012-07-13,2356.39990234375
2012-07-16,2350.93994140625
2012-07-17,2368.360107421875
2012-07-18,2384.5400390625
2012-07-19,2391.27001953125
2012-07-20,2367.260009765625
2012-07-23,2346.219970703125
2012-07-24,2325.02001953125
2012-07-25,2324.330078125
2012-07-26,2362.85009765625
2012-07-27,2408.070068359375
2012-07-30,2406.989990234375
2012-07-31,2396.6201171875
2012-08-01,2389.72998046875
2012-08-02,2372.31005859375
2012-08-03,2417.77001953125
2012-08-06,2423.4599609375
2012-08-07,2435.8798828125
2012-08-08,2438.159912109375
2012-08-09,2440.22998046875
2012-08-10,2445.639892578125
2012-08-13,2443.050048828125
2012-08-14,2443.159912109375
2012-08-15,2446.820068359375
2012-08-16,2464.3798828125
2012-08-17,2469.0
2012-08-20,2468.989990234375
2012-08-21,2460.409912109375
2012-08-22,2461.1201171875
2012-08-23,2441.2900390625
2012-08-24,2457.39990234375
2012-08-27,2456.219970703125
2012-08-28,2454.389892578125
2012-08-29,2457.050048828125
2012-08-30,2438.199951171875
2012-08-31,2450.60009765625
2012-09-04,2447.800048828125
2012-09-05,2445.81005859375
2012-09-06,2496.1201171875
2012-09-07,2506.3701171875
2012-09-10,2491.110107421875
2012-09-11,2498.949951171875
2012-09-12,2504.840087890625
2012-09-13,2546.030029296875
2012-09-14,2556.1298828125
2012-09-17,2548.260009765625
2012-09-18,2545.050048828125
2012-09-19,2548.110107421875
2012-09-20,2547.110107421875
2012-09-21,2546.919921875
2012-09-24,2541.22998046875
2012-09-25,2514.830078125
2012-09-26,2500.919921875
2012-09-27,2525.22998046875
2012-09-28,2513.929931640625
2012-10-01,2520.7099609375
2012-10-02,2523.080078125
2012-10-03,2532.7900390625
2012-10-04,2550.97998046875
2012-10-05,2551.030029296875
2012-10-08,2542.2099609375
2012-10-09,2517.139892578125
2012-10-10,2501.75
2012-10-11,2502.659912109375
2012-10-12,2495.280029296875
2012-10-15,2515.43994140625
2012-10-16,2541.280029296875
2012-10-17,2552.050048828125
2012-10-18,2545.949951171875
2012-10-19,2503.800048828125
2012-10-22,2504.9599609375
2012-10-23,2468.780029296875
2012-10-24,2461.179931640625
2012-10-25,2468.60009765625
2012-10-26,2466.800048828125
2012-10-31,2467.510009765625
2012-11-01,2494.669921875
2012-11-02,2471.300048828125
2012-11-05,2476.93994140625
2012-11-06,2496.4599609375
2012-11-07,2439.47998046875
2012-11-08,2409.719970703125
2012-11-09,2413.919921875
2012-11-12,2414.239990234375
2012-11-13,2405.3798828125
2012-11-14,2372.93994140625
2012-11-15,2369.320068359375
2012-11-16,2381.02001953125
2012-11-19,2428.469970703125
2012-11-20,2430.2900390625
2012-11-21,2435.969970703125
2012-11-23,2468.06005859375
2012-11-26,2463.1201171875
2012-11-27,2450.47998046875
2012-11-28,2470.469970703125
2012-11-29,2481.419921875
2012-11-30,2481.820068359375
2012-12-03,2470.070068359375
2012-12-04,2465.89990234375
2012-12-05,2470.590087890625
2012-12-06,2479.39990234375
2012-12-07,2486.840087890625
2012-12-10,2487.780029296875
2012-12-11,2504.080078125
2012-12-12,2505.760009765625
2012-12-13,2490.56005859375
2012-12-14,2480.360107421875
2012-12-17,2509.840087890625
2012-12-18,2538.719970703125
2012-12-19,2519.5400390625
2012-12-20,2533.909912109375
2012-12-21,2510.320068359375
2012-12-24,2504.510009765625
2012-12-26,2492.5400390625
2012-12-27,2489.969970703125
2012-12-28,2462.7099609375
2012-12-31,2504.43994140625
2013-01-02,2568.550048828125
2013-01-03,2563.18994140625
2013-01-04,2575.659912109375
2013-01-07,2567.6298828125
2013-01-08,2560.169921875
2013-01-09,2567.02001953125
2013-01-10,2586.52001953125
2013-01-11,2586.68994140625
2013-01-14,2584.27001953125
2013-01-15,2587.199951171875
2013-01-16,2588.02001953125
2013-01-17,2602.639892578125
2013-01-18,2611.5400390625
2013-01-22,2623.219970703125
2013-01-23,2627.22998046875
2013-01-24,2627.330078125
2013-01-25,2641.639892578125
2013-01-28,2636.830078125
2013-01-29,2650.429931640625
2013-01-30,2640.77001953125
2013-01-31,2634.159912109375
2013-02-01,2660.699951171875
2013-02-04,2630.050048828125
2013-02-05,2657.760009765625
2013-02-06,2659.550048828125
2013-02-07,2655.840087890625
2013-02-08,2670.85009765625
2013-02-11,2669.3701171875
2013-02-12,2673.77001953125
2013-02-13,2676.60009765625
2013-02-14,2678.77001953125
2013-02-15,2676.2099609375
2013-02-19,2696.260009765625
2013-02-20,2662.93994140625
2013-02-21,2646.75
2013-02-22,2670.360107421875
2013-02-25,2621.4599609375
2013-02-26,2637.889892578125
2013-02-27,2672.110107421875
2013-02-28,2669.919921875
2013-03-01,2676.179931640625
2013-03-04,2688.5400390625
2013-03-05,2714.35009765625
2013-03-06,2718.070068359375
2013-03-07,2723.27001953125
2013-03-08,2735.669921875
2013-03-11,2744.81005859375
2013-03-12,2738.35009765625
2013-03-13,2742.8701171875
2013-03-14,2758.300048828125
2013-03-15,2753.820068359375
2013-03-18,2738.679931640625
2013-03-19,2732.090087890625
2013-03-20,2750.419921875
2013-03-21,2727.68994140625
2013-03-22,2747.25
2013-03-25,2738.080078125
2013-03-26,2760.320068359375
2013-03-27,2758.85009765625
2013-03-28,2770.050048828125
2013-04-01,2757.830078125
2013-04-02,2772.110107421875
2013-04-03,2743.3798828125
2013-04-04,2754.669921875
2013-04-05,2742.860107421875
2013-04-08,2761.050048828125
2013-04-09,2770.840087890625
2013-04-10,2804.81005859375
2013-04-11,2815.02001953125
2013-04-12,2807.10009765625
2013-04-15,2742.6298828125
2013-04-16,2781.860107421875
2013-04-17,2742.010009765625
2013-04-18,2723.719970703125
2013-04-19,2747.93994140625
2013-04-22,2760.800048828125
2013-04-23,2789.56005859375
2013-04-24,2789.929931640625
2013-04-25,2801.280029296875
2013-04-26,2796.239990234375
2013-04-29,2816.389892578125
2013-04-30,2823.419921875
2013-05-01,2797.280029296875
2013-05-02,2823.820068359375
2013-05-03,2853.8798828125
2013-05-06,2859.340087890625
2013-05-07,2874.4599609375
2013-05-08,2887.610107421875
2013-05-09,2878.300048828125
2013-05-10,2890.77001953125
2013-05-13,2891.169921875
2013-05-14,2921.1201171875
2013-05-15,2936.97998046875
2013-05-16,2922.39990234375
2013-05-17,2952.56005859375
2013-05-20,2950.530029296875
2013-05-21,2955.68994140625
2013-05-22,2931.580078125
2013-05-23,2923.429931640625
2013-05-24,2921.8798828125
2013-05-28,2940.449951171875
2013-05-29,2920.179931640625
2013-05-30,2931.389892578125
2013-05-31,2889.4599609375
2013-06-03,2906.909912109375
2013-06-04,2891.02001953125
2013-06-05,2851.889892578125
2013-06-06,2876.5
2013-06-07,2913.4599609375
2013-06-10,2912.6298828125
2013-06-11,2883.070068359375
2013-06-12,2859.6201171875
2013-06-13,2902.320068359375
2013-06-14,2885.239990234375
2013-06-17,2907.1201171875
2013-06-18,2929.81005859375
2013-06-19,2889.25
2013-06-20,2817.43994140625
2013-06-21,2824.969970703125
2013-06-24,2790.659912109375
2013-06-25,2817.43994140625
2013-06-26,2845.0400390625
2013-06-27,2862.919921875
2013-06-28,2850.659912109375
2013-07-01,2866.409912109375
2013-07-02,2865.47998046875
2013-07-03,2867.85009765625
2013-07-05,2897.1201171875
2013-07-08,2913.199951171875
2013-07-09,2934.31005859375
2013-07-10,2934.969970703125
2013-07-11,2975.06005859375
2013-07-12,2984.239990234375
2013-07-15,2988.35009765625
2013-07-16,2977.260009765625
2013-07-17,2985.85009765625
2013-07-18,3001.2099609375
2013-07-19,3006.1298828125
2013-07-22,3012.300048828125
2013-07-23,3006.719970703125
2013-07-24,2995.300048828125
2013-07-25,3003.010009765625
2013-07-26,3005.510009765625
2013-07-29,2994.449951171875
2013-07-30,2995.679931640625
2013-07-31,2995.719970703125
2013-08-01,3033.590087890625
2013-08-02,3038.6298828125
2013-08-05,3034.429931640625
2013-08-06,3017.159912109375
2013-08-07,3006.6298828125
2013-08-08,3019.0
2013-08-09,3008.7900390625
2013-08-12,3005.419921875
2013-08-13,3014.429931640625
2013-08-14,2999.419921875
2013-08-15,2957.080078125
2013-08-16,2947.4599609375
2013-08-19,2930.27001953125
2013-08-20,2941.580078125
2013-08-21,2924.72998046875
2013-08-22,2949.9599609375
2013-08-23,2962.06005859375
2013-08-26,2950.1298828125
2013-08-27,2903.2900390625
2013-08-28,2911.830078125
2013-08-29,2917.9599609375
2013-08-30,2908.9599609375
2013-09-03,2921.22998046875
2013-09-04,2945.6201171875
2013-09-05,2949.27001953125
2013-09-06,2949.800048828125
2013-09-09,2979.449951171875
2013-09-10,3001.360107421875
2013-09-11,3010.93994140625
2013-09-12,3001.6201171875
2013-09-13,3009.7900390625
2013-09-16,3026.93994140625
2013-09-17,3039.75
2013-09-18,3076.81005859375
2013-09-19,3071.610107421875
2013-09-20,3049.469970703125
2013-09-23,3035.090087890625
2013-09-24,3027.52001953125
2013-09-25,3019.31005859375
2013-09-26,3030.409912109375
2013-09-27,3018.239990234375
2013-09-30,3000.179931640625
2013-10-01,3024.3798828125
2013-10-02,3022.949951171875
2013-10-03,2995.81005859375
2013-10-04,3017.050048828125
2013-10-07,2991.389892578125
2013-10-08,2955.409912109375
2013-10-09,2957.39990234375
2013-10-10,3022.429931640625
2013-10-11,3041.429931640625
2013-10-14,3053.840087890625
2013-10-15,3032.27001953125
2013-10-16,3074.5400390625
2013-10-17,3095.419921875
2013-10-18,3115.77001953125
2013-10-21,3116.090087890625
2013-10-22,3133.97998046875
2013-10-23,3119.199951171875
2013-10-24,3129.409912109375
2013-10-25,3143.159912109375
2013-10-28,3147.360107421875
2013-10-29,3165.110107421875
2013-10-30,3149.929931640625
2013-10-31,3138.090087890625
2013-11-01,3147.2099609375
2013-11-04,3158.469970703125
2013-11-05,3149.9599609375
2013-11-06,3165.1298828125
2013-11-07,3124.1201171875
2013-11-08,3166.110107421875
2013-11-11,3168.409912109375
2013-11-12,3161.10009765625
2013-11-13,3187.639892578125
2013-11-14,3203.64990234375
2013-11-15,3217.199951171875
2013-11-18,3205.4599609375
2013-11-19,3199.52001953125
2013-11-20,3188.0400390625
2013-11-21,3214.159912109375
2013-11-22,3230.5400390625
2013-11-25,3226.530029296875
2013-11-26,3227.360107421875
2013-11-27,3236.139892578125
2013-11-29,3233.719970703125
2013-12-02,3225.06005859375
2013-12-03,3214.949951171875
2013-12-04,3211.590087890625
2013-12-05,3197.760009765625
2013-12-06,3233.989990234375
2013-12-09,3239.989990234375
2013-12-10,3229.719970703125
2013-12-11,3193.52001953125
2013-12-12,3182.330078125
2013-12-13,3182.070068359375
2013-12-16,3202.219970703125
2013-12-17,3192.330078125
2013-12-18,3245.590087890625
2013-12-19,3244.14990234375
2013-12-20,3259.7900390625
2013-12-23,3277.6201171875
2013-12-24,3287.550048828125
2013-12-26,3303.14990234375
2013-12-27,3302.659912109375
2013-12-30,3302.300048828125
2013-12-31,3315.590087890625
2014-01-02,3286.68994140625
2014-01-03,3285.679931640625
2014-01-06,3277.47998046875
2014-01-07,3297.449951171875
2014-01-08,3297.739990234375
2014-01-09,3298.8701171875
2014-01-10,3306.489990234375
2014-01-13,3265.27001953125
2014-01-14,3300.610107421875
2014-01-15,3317.75
2014-01-16,3313.360107421875
2014-01-17,3300.510009765625
2014-01-21,3309.739990234375
2014-01-22,3312.0400390625
2014-01-23,3282.639892578125
2014-01-24,3214.139892578125
2014-01-27,3198.570068359375
2014-01-28,3218.2099609375
2014-01-29,3185.699951171875
2014-01-30,3221.780029296875
2014-01-31,3200.949951171875
2014-02-03,3127.8701171875
2014-02-04,3151.93994140625
2014-02-05,3146.489990234375
2014-02-06,3187.25
2014-02-07,3229.64990234375
2014-02-10,3234.7900390625
2014-02-11,3270.739990234375
2014-02-12,3271.469970703125
2014-02-13,3290.820068359375
2014-02-14,3306.919921875
2014-02-18,3311.27001953125
2014-02-19,3289.830078125
2014-02-20,3310.27001953125
2014-02-21,3304.360107421875
2014-02-24,3324.840087890625
2014-02-25,3320.429931640625
2014-02-26,3321.14990234375
2014-02-27,3338.050048828125
2014-02-28,3347.3798828125
2014-03-03,3322.85009765625
2014-03-04,3373.639892578125
2014-03-05,3374.10009765625
2014-03-06,3380.489990234375
2014-03-07,3382.570068359375
2014-03-10,3381.219970703125
2014-03-11,3364.169921875
2014-03-12,3366.070068359375
2014-03-13,3327.110107421875
2014-03-14,3317.81005859375
2014-03-17,3349.7099609375
2014-03-18,3373.97998046875
2014-03-19,3353.2900390625
2014-03-20,3373.60009765625
2014-03-21,3363.719970703125
2014-03-24,3347.360107421875
2014-03-25,3362.43994140625
2014-03-26,3339.0
2014-03-27,3333.22998046875
2014-03-28,3348.830078125
2014-03-31,3375.510009765625
2014-04-01,3399.510009765625
2014-04-02,3409.800048828125
2014-04-03,3406.0
2014-04-04,3363.409912109375
2014-04-07,3327.27001953125
2014-04-08,3340.840087890625
2014-04-09,3377.610107421875
2014-04-10,3307.080078125
2014-04-11,3276.0400390625
2014-04-14,3302.97998046875
2014-04-15,3325.300048828125
2014-04-16,3360.27001953125
2014-04-17,3365.0
2014-04-21,3377.75
2014-04-22,3391.580078125
2014-04-23,3384.5
2014-04-24,3390.389892578125
2014-04-25,3362.949951171875
2014-04-28,3374.0400390625
2014-04-29,3390.159912109375
2014-04-30,3400.4599609375
2014-05-01,3400.199951171875
2014-05-02,3395.610107421875
2014-05-05,3402.22998046875
2014-05-06,3371.719970703125
2014-05-07,3392.10009765625
2014-05-08,3388.2900390625
2014-05-09,3394.050048828125
2014-05-12,3427.010009765625
2014-05-13,3429.300048828125
2014-05-14,3413.840087890625
2014-05-15,3382.52001953125
2014-05-16,3395.2099609375
2014-05-19,3408.52001953125
2014-05-20,3386.47998046875
2014-05-21,3414.449951171875
2014-05-22,3422.989990234375
2014-05-23,3437.580078125
2014-05-27,3458.18994140625
2014-05-28,3454.8798828125
2014-05-29,3473.860107421875
2014-05-30,3480.2900390625
2014-06-02,3483.139892578125
2014-06-03,3482.0
2014-06-04,3489.2099609375
2014-06-05,3512.2099609375
2014-06-06,3528.97998046875
2014-06-09,3532.469970703125
2014-06-10,3531.6201171875
2014-06-11,3519.52001953125
2014-06-12,3495.570068359375
2014-06-13,3506.580078125
2014-06-16,3509.5400390625
2014-06-17,3517.22998046875
2014-06-18,3544.419921875
2014-06-19,3549.43994140625
2014-06-20,3555.60009765625
2014-06-23,3555.139892578125
2014-06-24,3532.570068359375
2014-06-25,3549.9599609375
2014-06-26,3546.3798828125
2014-06-27,3553.35009765625
2014-06-30,3552.179931640625
2014-07-01,3576.550048828125
2014-07-02,3579.110107421875
2014-07-03,3598.72998046875
2014-07-07,3584.75
2014-07-08,3560.530029296875
2014-07-09,3577.280029296875
2014-07-10,3562.489990234375
2014-07-11,3568.080078125
2014-07-14,3585.3701171875
2014-07-15,3578.4599609375
2014-07-16,3593.909912109375
2014-07-17,3551.72998046875
2014-07-18,3588.2099609375
2014-07-21,3579.989990234375
2014-07-22,3597.949951171875
2014-07-23,3604.300048828125
2014-07-24,3606.10009765625
2014-07-25,3588.679931640625
2014-07-28,3589.72998046875
2014-07-29,3573.64990234375
2014-07-30,3574.449951171875
2014-07-31,3503.18994140625
2014-08-01,3493.179931640625
2014-08-04,3518.31005859375
2014-08-05,3484.56005859375
2014-08-06,3485.669921875
2014-08-07,3467.139892578125
2014-08-08,3507.2099609375
2014-08-11,3517.530029296875
2014-08-12,3511.9599609375
2014-08-13,3536.419921875
2014-08-14,3551.969970703125
2014-08-15,3552.169921875
2014-08-18,3582.699951171875
2014-08-19,3601.330078125
2014-08-20,3610.489990234375
2014-08-21,3621.22998046875
2014-08-22,3614.5
2014-08-25,3631.860107421875
2014-08-26,3635.7099609375
2014-08-27,3636.639892578125
2014-08-28,3630.97998046875
2014-08-29,3643.330078125
2014-09-02,3641.52001953125
2014-09-03,3639.35009765625
2014-09-04,3633.8701171875
2014-09-05,3652.260009765625
2014-09-08,3641.659912109375
2014-09-09,3617.889892578125
2014-09-10,3631.449951171875
2014-09-11,3635.659912109375
2014-09-12,3614.06005859375
2014-09-15,3611.52001953125
2014-09-16,3638.60009765625
2014-09-17,3643.39990234375
2014-09-18,3661.72998046875
2014-09-19,3660.030029296875
2014-09-22,3630.699951171875
2014-09-23,3610.10009765625
2014-09-24,3638.43994140625
2014-09-25,3579.610107421875
2014-09-26,3610.97998046875
2014-09-29,3602.090087890625
2014-09-30,3592.25
2014-10-01,3544.97998046875
2014-10-02,3545.300048828125
2014-10-03,3584.93994140625
2014-10-06,3579.419921875
2014-10-07,3525.2900390625
2014-10-08,3588.070068359375
2014-10-09,3514.1201171875
2014-10-10,3474.22998046875
2014-10-13,3417.010009765625
2014-10-14,3422.429931640625
2014-10-15,3395.030029296875
2014-10-16,3395.639892578125
2014-10-17,3439.389892578125
2014-10-20,3470.889892578125
2014-10-21,3538.89990234375
2014-10-22,3513.469970703125
2014-10-23,3556.699951171875
2014-10-24,3581.820068359375
2014-10-27,3576.469970703125
2014-10-28,3619.159912109375
2014-10-29,3614.530029296875
2014-10-30,3637.300048828125
2014-10-31,3679.989990234375
2014-11-03,3679.580078125
2014-11-04,3669.179931640625
2014-11-05,3691.3798828125
2014-11-06,3706.449951171875
2014-11-07,3708.4599609375
2014-11-10,3720.25
2014-11-11,3722.840087890625
2014-11-12,3721.300048828125
2014-11-13,3723.580078125
2014-11-14,3724.919921875
2014-11-17,3727.860107421875
2014-11-18,3747.739990234375
2014-11-19,3742.35009765625
2014-11-20,3749.8701171875
2014-11-21,3770.030029296875
2014-11-24,3780.8798828125
2014-11-25,3776.93994140625
2014-11-26,3788.419921875
2014-11-28,3778.9599609375
2014-12-01,3753.31005859375
2014-12-02,3777.469970703125
2014-12-03,3792.679931640625
2014-12-04,3788.340087890625
2014-12-05,3794.679931640625
2014-12-08,3767.699951171875
2014-12-09,3758.8701171875
2014-12-10,3705.510009765625
2014-12-11,3723.320068359375
2014-12-12,3663.10009765625
2014-12-15,3639.969970703125
2014-12-16,3609.06005859375
2014-12-17,3682.699951171875
2014-12-18,3771.719970703125
2014-12-19,3788.969970703125
2014-12-22,3803.93994140625
2014-12-23,3810.780029296875
2014-12-24,3810.389892578125
2014-12-26,3823.0
2014-12-29,3826.949951171875
2014-12-30,3808.68994140625
2014-12-31,3769.43994140625
2015-01-02,3768.679931640625
2015-01-05,3700.030029296875
2015-01-06,3667.139892578125
2015-01-07,3710.93994140625
2015-01-08,3777.39990234375
2015-01-09,3745.669921875
2015-01-12,3715.360107421875
2015-01-13,3706.14990234375
2015-01-14,3684.719970703125
2015-01-15,3650.739990234375
2015-01-16,3699.7900390625
2015-01-20,3705.639892578125
2015-01-21,3723.6201171875
2015-01-22,3780.510009765625
2015-01-23,3759.760009765625
2015-01-26,3769.449951171875
2015-01-27,3718.989990234375
2015-01-28,3669.10009765625
2015-01-29,3704.35009765625
2015-01-30,3656.280029296875
2015-02-02,3703.77001953125
2015-02-03,3757.340087890625
2015-02-04,3742.840087890625
2015-02-05,3782.110107421875
2015-02-06,3770.199951171875
2015-02-09,3754.360107421875
2015-02-10,3794.6201171875
2015-02-11,3795.820068359375
2015-02-12,3833.35009765625
2015-02-13,3849.2900390625
2015-02-17,3856.0400390625
2015-02-18,3855.0
2015-02-19,3851.530029296875
2015-02-20,3875.60009765625
2015-02-23,3874.4599609375
2015-02-24,3885.27001953125
2015-02-25,3882.949951171875
2015-02-26,3877.85009765625
2015-02-27,3866.419921875
2015-03-02,3890.320068359375
2015-03-03,3872.7099609375
2015-03-04,3856.510009765625
2015-03-05,3861.2900390625
2015-03-06,3807.0400390625
2015-03-09,3822.419921875
2015-03-10,3757.830078125
2015-03-11,3751.199951171875
2015-03-12,3799.429931640625
2015-03-13,3776.43994140625
2015-03-16,3827.6201171875
2015-03-17,3814.909912109375
2015-03-18,3861.389892578125
2015-03-19,3842.6201171875
2015-03-20,3877.260009765625
2015-03-23,3870.489990234375
2015-03-24,3847.050048828125
2015-03-25,3791.1298828125
2015-03-26,3782.2099609375
2015-03-27,3791.89990234375
2015-03-30,3838.64990234375
2015-03-31,3805.27001953125
2015-04-01,3790.659912109375
2015-04-02,3804.139892578125
2015-04-06,3829.31005859375
2015-04-07,3821.489990234375
2015-04-08,3833.199951171875
2015-04-09,3850.2900390625
2015-04-10,3870.31005859375
2015-04-13,3852.929931640625
2015-04-14,3859.219970703125
2015-04-15,3879.10009765625
2015-04-16,3876.169921875
2015-04-17,3832.330078125
2015-04-20,3867.820068359375
2015-04-21,3862.14990234375
2015-04-22,3881.929931640625
2015-04-23,3891.4599609375
2015-04-24,3900.239990234375
2015-04-27,3884.10009765625
2015-04-28,3895.2099609375
2015-04-29,3880.89990234375
2015-04-30,3841.780029296875
2015-05-01,3883.75
2015-05-04,3895.159912109375
2015-05-05,3849.409912109375
2015-05-06,3833.699951171875
2015-05-07,3849.1298828125
2015-05-08,3901.010009765625
2015-05-11,3881.929931640625
2015-05-12,3870.68994140625
2015-05-13,3870.360107421875
2015-05-14,3912.52001953125
2015-05-15,3915.989990234375
2015-05-18,3928.14990234375
2015-05-19,3926.409912109375
2015-05-20,3923.179931640625
2015-05-21,3932.89990234375
2015-05-22,3924.159912109375
2015-05-26,3883.8798828125
2015-05-27,3920.110107421875
2015-05-28,3915.820068359375
2015-05-29,3891.179931640625
2015-06-01,3899.590087890625
2015-06-02,3895.85009765625
2015-06-03,3904.830078125
2015-06-04,3871.22998046875
2015-06-05,3865.830078125
2015-06-08,3841.449951171875
2015-06-09,3843.159912109375
2015-06-10,3889.699951171875
2015-06-11,3897.590087890625
2015-06-12,3870.56005859375
2015-06-15,3852.75
2015-06-16,3874.72998046875
2015-06-17,3882.489990234375
2015-06-18,3921.429931640625
2015-06-19,3900.639892578125
2015-06-22,3924.409912109375
2015-06-23,3927.22998046875
2015-06-24,3898.469970703125
2015-06-25,3887.0400390625
2015-06-26,3886.2099609375
2015-06-29,3805.5
2015-06-30,3815.85009765625
2015-07-01,3843.260009765625
2015-07-02,3842.06005859375
2015-07-06,3827.35009765625
2015-07-07,3850.659912109375
2015-07-08,3787.669921875
2015-07-09,3796.260009765625
2015-07-10,3843.10009765625
2015-07-13,3885.969970703125
2015-07-14,3903.31005859375
2015-07-15,3900.5
2015-07-16,3931.85009765625
2015-07-17,3936.219970703125
2015-07-20,3939.35009765625
2015-07-21,3922.699951171875
2015-07-22,3913.75
2015-07-23,3891.7900390625
2015-07-24,3850.14990234375
2015-07-27,3827.929931640625
2015-07-28,3875.3701171875
2015-07-29,3904.2099609375
2015-07-30,3904.639892578125
2015-07-31,3895.800048828125
2015-08-03,3885.070068359375
2015-08-04,3876.43994140625
2015-08-05,3889.989990234375
2015-08-06,3860.919921875
2015-08-07,3849.9599609375
2015-08-10,3899.360107421875
2015-08-11,3862.81005859375
2015-08-12,3867.3701171875
2015-08-13,3863.030029296875
2015-08-14,3878.159912109375
2015-08-17,3899.10009765625
2015-08-18,3889.60009765625
2015-08-19,3857.739990234375
2015-08-20,3776.360107421875
2015-08-21,3656.669921875
2015-08-24,3512.64990234375
2015-08-25,3465.18994140625
2015-08-26,3600.72998046875
2015-08-27,3688.60009765625
2015-08-28,3691.300048828125
2015-08-31,3660.75
2015-09-01,3552.64990234375
2015-09-02,3618.25
2015-09-03,3622.659912109375
2015-09-04,3567.409912109375
2015-09-08,3657.320068359375
2015-09-09,3606.800048828125
2015-09-10,3626.139892578125
2015-09-11,3643.5400390625
2015-09-14,3628.8701171875
2015-09-15,3675.47998046875
2015-09-16,3707.6201171875
2015-09-17,3698.739990234375
2015-09-18,3638.989990234375
2015-09-21,3655.639892578125
2015-09-22,3610.699951171875
2015-09-23,3603.489990234375
2015-09-24,3591.3701171875
2015-09-25,3589.7099609375
2015-09-28,3498.610107421875
2015-09-29,3503.1298828125
2015-09-30,3570.169921875
2015-10-01,3577.469970703125
2015-10-02,3629.0400390625
2015-10-05,3695.610107421875
2015-10-06,3682.330078125
2015-10-07,3713.360107421875
2015-10-08,3746.1201171875
2015-10-09,3748.9599609375
2015-10-12,3753.72998046875
2015-10-13,3728.47998046875
2015-10-14,3711.110107421875
2015-10-15,3766.429931640625
2015-10-16,3783.639892578125
2015-10-19,3784.719970703125
2015-10-20,3779.43994140625
2015-10-21,3757.909912109375
2015-10-22,3820.489990234375
2015-10-23,3862.64990234375
2015-10-26,3855.2900390625
2015-10-27,3845.449951171875
2015-10-28,3891.340087890625
2015-10-29,3890.0400390625
2015-10-30,3871.330078125
2015-11-02,3917.300048828125
2015-11-03,3928.050048828125
2015-11-04,3915.52001953125
2015-11-05,3911.889892578125
2015-11-06,3910.97998046875
2015-11-09,3873.3701171875
2015-11-10,3880.22998046875
2015-11-11,3867.7099609375
2015-11-12,3814.2900390625
2015-11-13,3771.590087890625
2015-11-16,3828.4599609375
2015-11-17,3824.139892578125
2015-11-18,3886.260009765625
2015-11-19,3882.06005859375
2015-11-20,3897.449951171875
2015-11-23,3892.800048828125
2015-11-24,3897.669921875
2015-11-25,3897.570068359375
2015-11-27,3900.739990234375
2015-11-30,3882.840087890625
2015-12-01,3924.6298828125
2015-12-02,3882.3798828125
2015-12-03,3826.739990234375
2015-12-04,3905.31005859375
2015-12-07,3878.31005859375
2015-12-08,3853.47998046875
2015-12-09,3823.89990234375
2015-12-10,3832.929931640625
2015-12-11,3759.090087890625
2015-12-14,3777.219970703125
2015-12-15,3817.360107421875
2015-12-16,3873.1201171875
2015-12-17,3815.4599609375
2015-12-18,3747.56005859375
2015-12-21,3777.14990234375
2015-12-22,3810.85009765625
2015-12-23,3858.469970703125
2015-12-24,3852.31005859375
2015-12-28,3843.93994140625
2015-12-29,3885.550048828125
2015-12-30,3857.89990234375
2015-12-31,3821.60009765625
2016-01-04,3763.989990234375
2016-01-05,3771.570068359375
2016-01-06,3723.43994140625
2016-01-07,3635.2900390625
2016-01-08,3595.909912109375
2016-01-11,3598.969970703125
2016-01-12,3627.06005859375
2016-01-13,3536.919921875
2016-01-14,3596.030029296875
2016-01-15,3518.510009765625
2016-01-19,3520.39990234375
2016-01-20,3479.75
2016-01-21,3497.93994140625
2016-01-22,3568.89990234375
2016-01-25,3513.110107421875
2016-01-26,3562.81005859375
2016-01-27,3524.330078125
2016-01-28,3544.1298828125
2016-01-29,3631.9599609375
2016-02-01,3630.4599609375
2016-02-02,3562.52001953125
2016-02-03,3581.530029296875
2016-02-04,3587.7099609375
2016-02-05,3521.60009765625
2016-02-08,3472.080078125
2016-02-09,3470.5
2016-02-10,3471.0400390625
2016-02-11,3428.989990234375
2016-02-12,3496.280029296875
2016-02-16,3555.199951171875
2016-02-17,3614.159912109375
2016-02-18,3597.489990234375
2016-02-19,3597.919921875
2016-02-22,3649.919921875
2016-02-23,3604.679931640625
2016-02-24,3620.8701171875
2016-02-25,3662.840087890625
2016-02-26,3656.419921875
2016-02-29,3627.06005859375
2016-03-01,3713.699951171875
2016-03-02,3729.590087890625
2016-03-03,3743.02001953125
2016-03-04,3755.469970703125
2016-03-07,3759.050048828125
2016-03-08,3717.489990234375
2016-03-09,3736.919921875
2016-03-10,3737.739990234375
2016-03-11,3800.070068359375
2016-03-14,3795.530029296875
2016-03-15,3788.6201171875
2016-03-16,3810.090087890625
2016-03-17,3835.260009765625
2016-03-18,3852.14990234375
2016-03-21,3855.969970703125
2016-03-22,3853.179931640625
2016-03-23,3828.580078125
2016-03-24,3827.139892578125
2016-03-28,3829.260009765625
2016-03-29,3863.800048828125
2016-03-30,3881.010009765625
2016-03-31,3873.110107421875
2016-04-01,3897.659912109375
2016-04-04,3886.0
2016-04-05,3846.590087890625
2016-04-06,3888.409912109375
2016-04-07,3841.97998046875
2016-04-08,3852.719970703125
2016-04-11,3842.169921875
2016-04-12,3879.419921875
2016-04-13,3918.949951171875
2016-04-14,3920.030029296875
2016-04-15,3916.169921875
2016-04-18,3941.860107421875
2016-04-19,3954.010009765625
2016-04-20,3957.25
2016-04-21,3936.800048828125
2016-04-22,3937.0
2016-04-25,3929.8798828125
2016-04-26,3937.22998046875
2016-04-27,3944.02001953125
2016-04-28,3907.8798828125
2016-04-29,3888.1298828125
2016-05-02,3918.530029296875
2016-05-03,3884.6298828125
2016-05-04,3862.39990234375
2016-05-05,3862.39990234375
2016-05-06,3875.179931640625
2016-05-09,3878.139892578125
2016-05-10,3926.6298828125
2016-05-11,3891.1298828125
2016-05-12,3890.85009765625
2016-05-13,3858.169921875
2016-05-16,3896.360107421875
2016-05-17,3860.8798828125
2016-05-18,3862.25
2016-05-19,3847.969970703125
2016-05-20,3871.75
2016-05-23,3863.820068359375
2016-05-24,3916.77001953125
2016-05-25,3944.330078125
2016-05-26,3944.050048828125
2016-05-27,3961.669921875
2016-05-31,3957.949951171875
2016-06-01,3963.10009765625
2016-06-02,3974.760009765625
2016-06-03,3963.22998046875
2016-06-06,3982.739990234375
2016-06-07,3987.9599609375
2016-06-08,4001.97998046875
2016-06-09,3995.280029296875
2016-06-10,3958.679931640625
2016-06-13,3927.72998046875
2016-06-14,3920.929931640625
2016-06-15,3914.02001953125
2016-06-16,3926.929931640625
2016-06-17,3914.14990234375
2016-06-20,3936.909912109375
2016-06-21,3947.93994140625
2016-06-22,3941.449951171875
2016-06-23,3994.179931640625
2016-06-24,3850.699951171875
2016-06-27,3781.02001953125
2016-06-28,3849.050048828125
2016-06-29,3915.10009765625
2016-06-30,3968.2099609375
2016-07-01,3976.679931640625
2016-07-05,3949.719970703125
2016-07-06,3972.260009765625
2016-07-07,3969.18994140625
2016-07-08,4029.75
2016-07-11,4043.489990234375
2016-07-12,4071.85009765625
2016-07-13,4072.77001953125
2016-07-14,4094.280029296875
2016-07-15,4090.489990234375
2016-07-18,4100.39990234375
2016-07-19,4094.610107421875
2016-07-20,4112.60986328125
2016-07-21,4097.81982421875
2016-07-22,4116.5
2016-07-25,4104.1298828125
2016-07-26,4105.56982421875
2016-07-27,4100.81005859375
2016-07-28,4107.75
2016-07-29,4114.509765625
2016-08-01,4109.27978515625
2016-08-02,4083.25
2016-08-03,4097.2998046875
2016-08-04,4099.2099609375
2016-08-05,4134.56005859375
2016-08-08,4131.18994140625
2016-08-09,4132.9599609375
2016-08-10,4122.64990234375
2016-08-11,4142.72021484375
2016-08-12,4139.6298828125
2016-08-15,4151.68994140625
2016-08-16,4129.68017578125
2016-08-17,4138.419921875
2016-08-18,4147.64013671875
2016-08-19,4142.22998046875
2016-08-22,4139.97021484375
2016-08-23,4148.16015625
2016-08-24,4126.64990234375
2016-08-25,4121.08984375
2016-08-26,4114.68017578125
2016-08-29,4136.75
2016-08-30,4129.33984375
2016-08-31,4120.2900390625
2016-09-01,4120.169921875
2016-09-02,4137.7001953125
2016-09-06,4150.10986328125
2016-09-07,4150.509765625
2016-09-08,4141.4599609375
2016-09-09,4039.949951171875
2016-09-12,4099.47021484375
2016-09-13,4039.919921875
2016-09-14,4037.830078125
2016-09-15,4079.320068359375
2016-09-16,4063.969970703125
2016-09-19,4063.93994140625
2016-09-20,4065.199951171875
2016-09-21,4109.6298828125
2016-09-22,4136.41015625
2016-09-23,4112.68994140625
2016-09-26,4077.7099609375
2016-09-27,4104.18017578125
2016-09-28,4126.830078125
2016-09-29,4088.469970703125
2016-09-30,4121.06005859375
2016-10-03,4108.1298828125
2016-10-04,4088.169921875
2016-10-05,4107.39990234375
2016-10-06,4109.490234375
2016-10-07,4096.25
2016-10-10,4115.1201171875
2016-10-11,4063.919921875
2016-10-12,4068.919921875
2016-10-13,4056.449951171875
2016-10-14,4057.280029296875
2016-10-17,4045.070068359375
2016-10-18,4069.989990234375
2016-10-19,4079.5
2016-10-20,4074.179931640625
2016-10-21,4073.85009765625
2016-10-24,4093.219970703125
2016-10-25,4077.800048828125
2016-10-26,4070.760009765625
2016-10-27,4058.75
2016-10-28,4046.360107421875
2016-10-31,4045.889892578125
2016-11-01,4018.469970703125
2016-11-02,3992.760009765625
2016-11-03,3976.56005859375
2016-11-04,3970.02001953125
2016-11-07,4058.300048828125
2016-11-08,4075.610107421875
2016-11-09,4121.02978515625
2016-11-10,4129.4599609375
2016-11-11,4123.68994140625
2016-11-14,4123.81005859375
2016-11-15,4155.6201171875
2016-11-16,4150.2099609375
2016-11-17,4169.8701171875
2016-11-18,4160.580078125
2016-11-21,4191.68017578125
2016-11-22,4200.9501953125
2016-11-23,4204.490234375
2016-11-25,4221.02001953125
2016-11-28,4199.39013671875
2016-11-29,4205.990234375
2016-11-30,4195.72998046875
2016-12-01,4181.14990234375
2016-12-02,4182.81005859375
2016-12-05,4207.56982421875
2016-12-06,4222.0400390625
2016-12-07,4278.43994140625
2016-12-08,4288.10009765625
2016-12-09,4313.60986328125
2016-12-12,4308.93994140625
2016-12-13,4337.85986328125
2016-12-14,4302.93017578125
2016-12-15,4319.83984375
2016-12-16,4312.39990234375
2016-12-19,4321.02001953125
2016-12-20,4337.35986328125
2016-12-21,4326.85009765625
2016-12-22,4319.330078125
2016-12-23,4325.169921875
2016-12-27,4334.93017578125
2016-12-28,4299.4501953125
2016-12-29,4298.39013671875
2016-12-30,4278.66015625
2017-01-03,4315.080078125
2017-01-04,4340.75
2017-01-05,4337.4501953125
2017-01-06,4354.0498046875
2017-01-09,4338.6201171875
2017-01-10,4338.64013671875
2017-01-11,4351.31982421875
2017-01-12,4342.08984375
2017-01-13,4350.10986328125
2017-01-17,4337.2001953125
2017-01-18,4345.56982421875
2017-01-19,4329.9599609375
2017-01-20,4344.669921875
2017-01-23,4333.10009765625
2017-01-24,4361.56005859375
2017-01-25,4396.56982421875
2017-01-26,4393.43017578125
2017-01-27,4389.85009765625
2017-01-30,4363.669921875
2017-01-31,4359.81005859375
2017-02-01,4362.10009765625
2017-02-02,4364.85009765625
2017-02-03,4396.9501953125
2017-02-06,4387.669921875
2017-02-07,4388.8701171875
2017-02-08,4393.31005859375
2017-02-09,4419.39990234375
2017-02-10,4435.419921875
2017-02-13,4459.830078125
2017-02-14,4478.97998046875
2017-02-15,4501.990234375
2017-02-16,4498.56005859375
2017-02-17,4506.2001953125
2017-02-21,4533.4599609375
2017-02-22,4528.97021484375
2017-02-23,4531.39013671875
2017-02-24,4539.25
2017-02-27,4544.509765625
2017-02-28,4532.93017578125
2017-03-01,4595.72998046875
2017-03-02,4569.169921875
2017-03-03,4571.60009765625
2017-03-06,4556.72021484375
2017-03-07,4543.75
2017-03-08,4534.68017578125
2017-03-09,4538.35986328125
2017-03-10,4553.27978515625
2017-03-13,4556.43994140625
2017-03-14,4541.259765625
2017-03-15,4579.43994140625
2017-03-16,4572.16015625
2017-03-17,4566.169921875
2017-03-20,4557.1201171875
2017-03-21,4500.97998046875
2017-03-22,4509.64990234375
2017-03-23,4504.919921875
2017-03-24,4501.10986328125
2017-03-27,4496.52978515625
2017-03-28,4529.169921875
2017-03-29,4535.009765625
2017-03-30,4548.4599609375
2017-03-31,4538.2099609375
2017-04-03,4530.97998046875
2017-04-04,4534.25
2017-04-05,4520.85986328125
2017-04-06,4530.93017578125
2017-04-07,4527.2001953125
2017-04-10,4530.56982421875
2017-04-11,4524.7099609375
2017-04-12,4507.759765625
2017-04-13,4477.06982421875
2017-04-17,4515.64990234375
2017-04-18,4502.66015625
2017-04-19,4495.56005859375
2017-04-20,4529.64990234375
2017-04-21,4515.89990234375
2017-04-24,4564.93017578125
2017-04-25,4592.740234375
2017-04-26,4590.56005859375
2017-04-27,4593.56982421875
2017-04-28,4584.81982421875
2017-05-01,4592.77978515625
2017-05-02,4598.240234375
2017-05-03,4593.31982421875
2017-05-04,4596.240234375
2017-05-05,4615.08984375
2017-05-08,4615.72998046875
2017-05-09,4611.2099609375
2017-05-10,4618.18994140625
2017-05-11,4609.68994140625
2017-05-12,4602.9599609375
2017-05-15,4625.509765625
2017-05-16,4623.259765625
2017-05-17,4540.580078125
2017-05-18,4557.41015625
2017-05-19,4588.35009765625
2017-05-22,4612.1201171875
2017-05-23,4620.7001953125
2017-05-24,4632.3701171875
2017-05-25,4653.58984375
2017-05-26,4655.64990234375
2017-05-30,4650.759765625
2017-05-31,4649.33984375
2017-06-01,4685.10986328125
2017-06-02,4702.56005859375
2017-06-05,4697.0
2017-06-06,4683.9599609375
2017-06-07,4692.2900390625
2017-06-08,4693.669921875
2017-06-09,4689.7900390625
2017-06-12,4685.5400390625
2017-06-13,4707.8798828125
2017-06-14,4703.52978515625
2017-06-15,4693.85986328125
2017-06-16,4695.22998046875
2017-06-19,4734.47998046875
2017-06-20,4702.81982421875
2017-06-21,4700.5
2017-06-22,4698.39990234375
2017-06-23,4705.72998046875
2017-06-26,4707.27001953125
2017-06-27,4669.27001953125
2017-06-28,4711.330078125
2017-06-29,4670.9599609375
2017-06-30,4678.35986328125
2017-07-03,4689.60986328125
2017-07-05,4697.33984375
2017-07-06,4655.02001953125
2017-07-07,4684.8798828125
2017-07-10,4689.25
2017-07-11,4685.64013671875
2017-07-12,4720.27978515625
2017-07-13,4729.25
2017-07-14,4751.43017578125
2017-07-17,4751.330078125
2017-07-18,4754.27001953125
2017-07-19,4780.25
2017-07-20,4779.83984375
2017-07-21,4778.06982421875
2017-07-24,4773.10009765625
2017-07-25,4787.0400390625
2017-07-26,4788.41015625
2017-07-27,4784.259765625
2017-07-28,4778.02001953125
2017-07-31,4774.56005859375
2017-08-01,4786.27001953125
2017-08-02,4789.5400390625
2017-08-03,4779.990234375
2017-08-04,4789.10986328125
2017-08-07,4797.1298828125
2017-08-08,4786.1201171875
2017-08-09,4784.93994140625
2017-08-10,4717.39990234375
2017-08-11,4723.72998046875
2017-08-14,4771.43017578125
2017-08-15,4770.14990234375
2017-08-16,4778.27978515625
2017-08-17,4704.72998046875
2017-08-18,4696.22021484375
2017-08-21,4701.81982421875
2017-08-22,4748.72998046875
2017-08-23,4732.759765625
2017-08-24,4723.02978515625
2017-08-25,4731.4599609375
2017-08-28,4733.97021484375
2017-08-29,4738.6201171875
2017-08-30,4761.72021484375
2017-08-31,4789.18017578125
2017-09-01,4798.990234375
2017-09-05,4762.75
2017-09-06,4777.68994140625
2017-09-07,4777.93017578125
2017-09-08,4771.02001953125
2017-09-11,4822.7998046875
2017-09-12,4839.31005859375
2017-09-13,4843.0400390625
2017-09-14,4839.2900390625
2017-09-15,4848.83984375
2017-09-18,4856.080078125
2017-09-19,4861.52001953125
2017-09-20,4864.60986328125
2017-09-21,4849.9501953125
2017-09-22,4853.2001953125
2017-09-25,4842.41015625
2017-09-26,4843.14013671875
2017-09-27,4862.93017578125
2017-09-28,4869.81005859375
2017-09-29,4887.97021484375
2017-10-02,4906.919921875
2017-10-03,4917.72998046875
2017-10-04,4924.18994140625
2017-10-05,4952.85009765625
2017-10-06,4949.08984375
2017-10-09,4940.16015625
2017-10-10,4951.77001953125
2017-10-11,4960.7900390625
2017-10-12,4952.85009765625
2017-10-13,4957.27001953125
2017-10-16,4966.0498046875
2017-10-17,4969.3798828125
2017-10-18,4973.27978515625
2017-10-19,4975.31982421875
2017-10-20,5001.10986328125
2017-10-23,4981.3701171875
2017-10-24,4989.56005859375
2017-10-25,4966.2900390625
2017-10-26,4972.60009765625
2017-10-27,5012.75
2017-10-30,4997.14990234375
2017-10-31,5002.02978515625
2017-11-01,5009.990234375
2017-11-02,5011.47998046875
2017-11-03,5027.490234375
2017-11-06,5034.2998046875
2017-11-07,5033.3798828125
2017-11-08,5040.740234375
2017-11-09,5023.009765625
2017-11-10,5020.31005859375
2017-11-13,5025.35986328125
2017-11-14,5014.52978515625
2017-11-15,4987.9599609375
2017-11-16,5030.47998046875
2017-11-17,5017.4501953125
2017-11-20,5024.009765625
2017-11-21,5056.9501953125
2017-11-22,5053.60009765625
2017-11-24,5064.22998046875
2017-11-27,5062.85009765625
2017-11-28,5112.91015625
2017-11-29,5111.68017578125
2017-11-30,5155.43994140625
2017-12-01,5145.2099609375
2017-12-04,5139.91015625
2017-12-05,5120.919921875
2017-12-06,5120.4599609375
2017-12-07,5136.3701171875
2017-12-08,5165.18994140625
2017-12-11,5181.75
2017-12-12,5189.9599609375
2017-12-13,5187.68017578125
2017-12-14,5167.4501953125
2017-12-15,5214.10009765625
2017-12-18,5242.27978515625
2017-12-19,5225.43017578125
2017-12-20,5221.7900390625
2017-12-21,5232.16015625
2017-12-22,5229.7900390625
2017-12-26,5224.509765625
2017-12-27,5229.009765625
2017-12-28,5239.58984375
2017-12-29,5212.759765625
2018-01-02,5256.27978515625
2018-01-03,5289.919921875
2018-01-04,5312.330078125
2018-01-05,5349.68994140625
2018-01-08,5358.68017578125
2018-01-09,5367.259765625
2018-01-10,5361.330078125
2018-01-11,5399.4599609375
2018-01-12,5435.919921875
2018-01-16,5416.85986328125
2018-01-17,5467.85009765625
2018-01-18,5459.5
2018-01-19,5483.56982421875
2018-01-22,5527.89013671875
2018-01-23,5540.1298828125
2018-01-24,5537.02978515625
2018-01-25,5540.3798828125
2018-01-26,5606.080078125
2018-01-29,5568.669921875
2018-01-30,5508.35986328125
2018-01-31,5511.2099609375
2018-02-01,5508.7001953125
2018-02-02,5392.2099609375
2018-02-05,5171.259765625
2018-02-06,5262.02001953125
2018-02-07,5235.83984375
2018-02-08,5040.06005859375
2018-02-09,5116.990234375
2018-02-12,5188.3701171875
2018-02-13,5202.22021484375
2018-02-14,5273.43017578125
2018-02-15,5338.35009765625
2018-02-16,5340.81982421875
2018-02-20,5309.990234375
2018-02-21,5280.91015625
2018-02-22,5286.490234375
2018-02-23,5371.56005859375
2018-02-26,5435.3798828125
2018-02-27,5367.08984375
2018-02-28,5308.08984375
2018-03-01,5238.18017578125
2018-03-02,5265.240234375
2018-03-05,5323.35986328125
2018-03-06,5337.68994140625
2018-03-07,5335.47021484375
2018-03-08,5360.72998046875
2018-03-09,5454.02978515625
2018-03-12,5447.10009765625
2018-03-13,5412.75
2018-03-14,5383.27001953125
2018-03-15,5379.39013671875
2018-03-16,5388.740234375
2018-03-19,5312.22998046875
2018-03-20,5320.2001953125
2018-03-21,5310.9599609375
2018-03-22,5177.52001953125
2018-03-23,5069.02978515625
2018-03-26,5206.68994140625
2018-03-27,5116.75
2018-03-28,5102.68994140625
2018-03-29,5173.18994140625
2018-04-02,5057.68994140625
2018-04-03,5121.7001953125
2018-04-04,5181.31005859375
2018-04-05,5217.6201171875
2018-04-06,5103.35009765625
2018-04-09,5121.89990234375
2018-04-10,5207.72998046875
2018-04-11,5179.18994140625
2018-04-12,5222.5498046875
2018-04-13,5207.56982421875
2018-04-16,5249.93994140625
2018-04-17,5305.89990234375
2018-04-18,5310.31982421875
2018-04-19,5280.56982421875
2018-04-20,5235.75
2018-04-23,5236.0400390625
2018-04-24,5166.10009765625
2018-04-25,5175.58984375
2018-04-26,5229.60986328125
2018-04-27,5235.72998046875
2018-04-30,5193.0400390625
2018-05-01,5206.31005859375
2018-05-02,5168.7900390625
2018-05-03,5157.7001953125
2018-05-04,5224.7099609375
2018-05-07,5242.8701171875
2018-05-08,5241.52978515625
2018-05-09,5292.89990234375
2018-05-10,5343.7001953125
2018-05-11,5354.68994140625
2018-05-14,5359.66015625
2018-05-15,5323.22998046875
2018-05-16,5346.330078125
2018-05-17,5343.2900390625
2018-05-18,5329.66015625
2018-05-21,5369.18994140625
2018-05-22,5352.4501953125
2018-05-23,5369.990234375
2018-05-24,5359.31982421875
2018-05-25,5347.31005859375
2018-05-29,5285.7001953125
2018-05-30,5353.759765625
2018-05-31,5318.10009765625
2018-06-01,5376.2900390625
2018-06-04,5400.5
2018-06-05,5404.6201171875
2018-06-06,5451.08984375
2018-06-07,5448.18017578125
2018-06-08,5465.419921875
2018-06-11,5471.2900390625
2018-06-12,5481.06982421875
2018-06-13,5459.2099609375
2018-06-14,5474.3701171875
2018-06-15,5469.3701171875
2018-06-18,5457.830078125
2018-06-19,5436.1298828125
2018-06-20,5445.43017578125
2018-06-21,5411.39990234375
2018-06-22,5421.6298828125
2018-06-25,5347.22998046875
2018-06-26,5359.009765625
2018-06-27,5312.89013671875
2018-06-28,5346.43994140625
2018-06-29,5350.830078125
2018-07-02,5367.490234375
2018-07-03,5340.93017578125
2018-07-05,5388.27978515625
2018-07-06,5434.35986328125
2018-07-09,5483.89013671875
2018-07-10,5503.0498046875
2018-07-11,5464.009765625
2018-07-12,5512.35986328125
2018-07-13,5518.330078125
2018-07-16,5512.919921875
2018-07-17,5534.91015625
2018-07-18,5546.85986328125
2018-07-19,5525.509765625
2018-07-20,5520.5
2018-07-23,5530.66015625
2018-07-24,5557.3701171875
2018-07-25,5607.990234375
2018-07-26,5590.990234375
2018-07-27,5554.31005859375
2018-07-30,5522.81005859375
2018-07-31,5549.9599609375
2018-08-01,5544.18994140625
2018-08-02,5572.080078125
2018-08-03,5598.7099609375
2018-08-06,5619.0498046875
2018-08-07,5634.97998046875
2018-08-08,5633.669921875
2018-08-09,5627.0
2018-08-10,5588.66015625
2018-08-13,5566.35986328125
2018-08-14,5602.41015625
2018-08-15,5560.85009765625
2018-08-16,5606.56005859375
2018-08-17,5625.66015625
2018-08-20,5639.52978515625
2018-08-21,5651.39013671875
2018-08-22,5649.31005859375
2018-08-23,5640.10009765625
2018-08-24,5675.1201171875
2018-08-27,5719.2998046875
2018-08-28,5720.89013671875
2018-08-29,5754.0
2018-08-30,5729.4501953125
2018-08-31,5730.7998046875
2018-09-04,5721.85986328125
2018-09-05,5705.85986328125
2018-09-06,5686.7001953125
2018-09-07,5674.580078125
2018-09-10,5685.33984375
2018-09-11,5706.990234375
2018-09-12,5709.080078125
2018-09-13,5740.75
2018-09-14,5743.18994140625
2018-09-17,5711.2900390625
2018-09-18,5742.18017578125
2018-09-19,5749.39013671875
2018-09-20,5794.72021484375
2018-09-21,5792.72021484375
2018-09-24,5772.35986328125
2018-09-25,5765.25
2018-09-26,5746.27001953125
2018-09-27,5763.22021484375
2018-09-28,5763.419921875
2018-10-01,5784.4501953125
2018-10-02,5782.3701171875
2018-10-03,5786.47998046875
2018-10-04,5740.56005859375
2018-10-05,5708.89990234375
2018-10-08,5706.66015625
2018-10-09,5700.22998046875
2018-10-10,5512.93994140625
2018-10-11,5399.5400390625
2018-10-12,5476.830078125
2018-10-15,5444.60986328125
2018-10-16,5561.7998046875
2018-10-17,5560.6201171875
2018-10-18,5481.1298828125
2018-10-19,5479.2998046875
2018-10-22,5455.8798828125
2018-10-23,5426.080078125
2018-10-24,5258.60986328125
2018-10-25,5356.5400390625
2018-10-26,5263.740234375
2018-10-29,5229.27978515625
2018-10-30,5311.669921875
2018-10-31,5369.490234375
2018-11-01,5426.330078125
2018-11-02,5392.52978515625
2018-11-05,5422.8798828125
2018-11-06,5457.25
2018-11-07,5573.06005859375
2018-11-08,5562.0
2018-11-09,5511.7900390625
2018-11-12,5403.18994140625
2018-11-13,5395.3701171875
2018-11-14,5355.93994140625
2018-11-15,5414.43017578125
2018-11-16,5426.85986328125
2018-11-19,5336.7001953125
2018-11-20,5240.22998046875
2018-11-21,5256.60986328125
2018-11-23,5222.43017578125
2018-11-26,5304.169921875
2018-11-27,5321.52001953125
2018-11-28,5444.1201171875
2018-11-29,5433.490234375
2018-11-30,5478.91015625
2018-12-03,5538.85986328125
2018-12-04,5359.91015625
2018-12-06,5353.43017578125
2018-12-07,5229.43994140625
2018-12-10,5238.7001953125
2018-12-11,5237.10009765625
2018-12-12,5265.52978515625
2018-12-13,5265.4599609375
2018-12-14,5165.60009765625
2018-12-17,5058.580078125
2018-12-18,5059.33984375
2018-12-19,4981.919921875
2018-12-20,4903.4599609375
2018-12-21,4802.509765625
2018-12-24,4672.66015625
2018-12-26,4904.490234375
2018-12-27,4946.93994140625
2018-12-28,4941.60986328125
2018-12-31,4984.22021484375
2019-01-02,4990.56005859375
2019-01-03,4868.2998046875
2019-01-04,5035.4501953125
2019-01-07,5070.759765625
2019-01-08,5120.0400390625
2019-01-09,5142.66015625
2019-01-10,5165.89013671875
2019-01-11,5165.14990234375
2019-01-14,5138.580078125
2019-01-15,5193.77978515625
2019-01-16,5205.4501953125
2019-01-17,5245.47998046875
2019-01-18,5314.77978515625
2019-01-22,5239.75
2019-01-23,5251.2900390625
2019-01-24,5258.68994140625
2019-01-25,5303.509765625
2019-01-28,5261.8798828125
2019-01-29,5254.31005859375
2019-01-30,5336.60009765625
2019-01-31,5383.6298828125
2019-02-01,5389.18994140625
2019-02-04,5425.7998046875
2019-02-05,5451.39990234375
2019-02-06,5439.7998046875
2019-02-07,5389.68994140625
2019-02-08,5395.1201171875
2019-02-11,5399.0
2019-02-12,5468.97998046875
2019-02-13,5485.97021484375
2019-02-14,5473.330078125
2019-02-15,5533.27001953125
2019-02-19,5541.97998046875
2019-02-20,5552.89990234375
2019-02-21,5533.7998046875
2019-02-22,5569.4501953125
2019-02-25,5577.08984375
2019-02-26,5572.740234375
2019-02-27,5570.56982421875
2019-02-28,5556.490234375
2019-03-01,5595.10986328125
2019-03-04,5573.52978515625
2019-03-05,5567.39990234375
2019-03-06,5531.33984375
2019-03-07,5487.56005859375
2019-03-08,5476.39013671875
2019-03-11,5556.77001953125
2019-03-12,5556.77001953125
2019-03-13,5612.56005859375
2019-03-14,5609.58984375
2019-03-15,5637.77001953125
2019-03-18,5658.72998046875
2019-03-19,5658.14990234375
2019-03-20,5641.740234375
2019-03-21,5703.27978515625
2019-03-22,5595.5
2019-03-25,5591.22998046875
2019-03-26,5631.39013671875
2019-03-27,5605.31982421875
2019-03-28,5626.31982421875
2019-03-29,5664.4599609375
2019-04-01,5730.0400390625
2019-04-02,5730.35009765625
2019-04-03,5742.669921875
2019-04-04,5755.9599609375
2019-04-05,5782.7001953125
2019-04-08,5788.85986328125
2019-04-09,5755.490234375
2019-04-10,5775.990234375
2019-04-11,5776.27978515625
2019-04-12,5815.0400390625
2019-04-15,5811.509765625
2019-04-16,5814.4599609375
2019-04-17,5801.830078125
2019-04-18,5811.1298828125
2019-04-22,5817.16015625
2019-04-23,5868.8798828125
2019-04-24,5856.02978515625
2019-04-25,5853.8701171875
2019-04-26,5881.47998046875
2019-04-29,5888.0498046875
2019-04-30,5893.81005859375
2019-05-01,5849.64990234375
2019-05-02,5837.4599609375
2019-05-03,5894.2998046875
2019-05-06,5868.4501953125
2019-05-07,5771.58984375
2019-05-08,5762.47998046875
2019-05-09,5747.080078125
2019-05-10,5770.43994140625
2019-05-13,5631.41015625
2019-05-14,5677.2001953125
2019-05-15,5711.490234375
2019-05-16,5763.9501953125
2019-05-17,5730.89013671875
2019-05-20,5692.2998046875
2019-05-21,5740.81005859375
2019-05-22,5724.7099609375
2019-05-23,5657.10009765625
2019-05-24,5665.60009765625
2019-05-28,5618.18017578125
2019-05-29,5579.509765625
2019-05-30,5591.97021484375
2019-05-31,5519.27001953125
2019-06-03,5504.0498046875
2019-06-04,5622.31005859375
2019-06-05,5668.89013671875
2019-06-06,5705.22021484375
2019-06-07,5765.66015625
2019-06-10,5792.56005859375
2019-06-11,5790.830078125
2019-06-12,5779.1201171875
2019-06-13,5804.52978515625
2019-06-14,5795.9599609375
2019-06-17,5801.39990234375
2019-06-18,5857.9501953125
2019-06-19,5875.4501953125
2019-06-20,5931.66015625
2019-06-21,5924.5400390625
2019-06-24,5914.2900390625
2019-06-25,5858.1298828125
2019-06-26,5850.89990234375
2019-06-27,5874.14990234375
2019-06-28,5908.25
2019-07-01,5953.6298828125
2019-07-02,5971.2900390625
2019-07-03,5982.89990234375
2019-07-05,6008.31005859375
2019-07-08,5979.33984375
2019-07-09,5988.47998046875
2019-07-10,6015.56005859375
2019-07-11,6029.330078125
2019-07-12,6057.77001953125
2019-07-15,6058.830078125
2019-07-16,6038.39990234375
2019-07-17,5999.0498046875
2019-07-18,6021.14990234375
2019-07-19,5984.2001953125
2019-07-22,6001.27978515625
2019-07-23,6042.47998046875
2019-07-24,6071.0498046875
2019-07-25,6039.1298828125
2019-07-26,6083.81982421875
2019-07-29,6074.009765625
2019-07-30,6058.9599609375
2019-07-31,5993.169921875
2019-08-01,5939.830078125
2019-08-02,5897.10009765625
2019-08-05,5721.7998046875
2019-08-06,5796.72021484375
2019-08-07,5801.31982421875
2019-08-08,5911.66015625
2019-08-09,5873.47021484375
2019-08-12,5802.14013671875
2019-08-13,5890.16015625
2019-08-14,5719.2998046875
2019-08-15,5734.490234375
2019-08-16,5818.169921875
2019-08-19,5888.93017578125
2019-08-20,5842.759765625
2019-08-21,5891.18994140625
2019-08-22,5888.3701171875
2019-08-23,5735.6298828125
2019-08-26,5799.33984375
2019-08-27,5780.7900390625
2019-08-28,5818.83984375
2019-08-29,5893.64990234375
2019-08-30,5898.22998046875
2019-09-03,5857.9501953125
2019-09-04,5921.9599609375
2019-09-05,6000.3798828125
2019-09-06,6006.06982421875
2019-09-09,6005.990234375
2019-09-10,6008.1201171875
2019-09-11,6051.8701171875
2019-09-12,6070.22998046875
2019-09-13,6067.5
2019-09-16,6048.669921875
2019-09-17,6064.31005859375
2019-09-18,6066.419921875
2019-09-19,6066.89990234375
2019-09-20,6037.5
2019-09-23,6036.89990234375
2019-09-24,5986.580078125
2019-09-25,6023.4599609375
2019-09-26,6009.18994140625
2019-09-27,5978.10986328125
2019-09-30,6008.58984375
2019-10-01,5935.2001953125
2019-10-02,5828.93017578125
2019-10-03,5876.85986328125
2019-10-04,5960.43017578125
2019-10-07,5933.759765625
2019-10-08,5841.56982421875
2019-10-09,5896.60009765625
2019-10-10,5934.56005859375
2019-10-11,6000.0400390625
2019-10-14,5991.72021484375
2019-10-15,6051.39013671875
2019-10-16,6039.68994140625
2019-10-17,6056.83984375
2019-10-18,6033.259765625
2019-10-21,6074.89990234375
2019-10-22,6053.419921875
2019-10-23,6070.8701171875
2019-10-24,6082.5400390625
2019-10-25,6107.419921875
2019-10-28,6141.509765625
2019-10-29,6136.47021484375
2019-10-30,6156.93017578125
2019-10-31,6138.72998046875
2019-11-01,6198.58984375
2019-11-04,6221.6298828125
2019-11-05,6214.27978515625
2019-11-06,6219.10009765625
2019-11-07,6238.990234375
2019-11-08,6256.10986328125
2019-11-11,6243.81005859375
2019-11-12,6253.91015625
2019-11-13,6258.580078125
2019-11-14,6265.419921875
2019-11-15,6314.740234375
2019-11-18,6318.02001953125
2019-11-19,6314.66015625
2019-11-20,6292.169921875
2019-11-21,6282.58984375
2019-11-22,6296.33984375
2019-11-25,6344.35986328125
2019-11-26,6358.4599609375
2019-11-27,6385.759765625
2019-11-29,6361.56005859375
2019-12-02,6306.8798828125
2019-12-03,6265.22021484375
2019-12-04,6305.490234375
2019-12-05,6316.68994140625
2019-12-06,6374.7001953125
2019-12-09,6355.06982421875
2019-12-10,6348.31005859375
2019-12-11,6366.83984375
2019-12-12,6422.35009765625
2019-12-13,6423.93017578125
2019-12-16,6470.02978515625
2019-12-17,6472.240234375
2019-12-18,6470.0
2019-12-19,6499.259765625
2019-12-20,6531.75
2019-12-23,6537.39990234375
2019-12-24,6536.580078125
2019-12-26,6570.7099609375
2019-12-27,6571.02978515625
2019-12-30,6533.91015625
2019-12-31,6553.56982421875
2020-01-02,6609.2900390625
2020-01-03,6563.31982421875
2020-01-06,6586.5400390625
2020-01-07,6568.740234375
2020-01-08,6601.14990234375
2020-01-09,6646.83984375
2020-01-10,6627.8701171875
2020-01-13,6674.1298828125
2020-01-14,6664.66015625
2020-01-15,6677.25
2020-01-16,6733.35009765625
2020-01-17,6759.509765625
2020-01-21,6741.7099609375
2020-01-22,6743.89990234375
2020-01-23,6752.08984375
2020-01-24,6691.22021484375
2020-01-27,6585.9501953125
2020-01-28,6652.2998046875
2020-01-29,6646.68994140625
2020-01-30,6668.52001953125
2020-01-31,6551.0
2020-02-03,6598.6298828125
2020-02-04,6697.490234375
2020-02-05,6772.97998046875
2020-02-06,6796.64013671875
2020-02-07,6761.259765625
2020-02-10,6811.830078125
2020-02-11,6823.58984375
2020-02-12,6867.919921875
2020-02-13,6858.919921875
2020-02-14,6872.68017578125
2020-02-18,6853.0400390625
2020-02-19,6886.47021484375
2020-02-20,6860.52001953125
2020-02-21,6788.60009765625
2020-02-24,6561.93994140625
2020-02-25,6363.3701171875
2020-02-26,6339.3798828125
2020-02-27,6060.669921875
2020-02-28,6011.72998046875
2020-03-02,6288.64013671875
2020-03-03,6112.06982421875
2020-03-04,6370.35009765625
2020-03-05,6155.580078125
2020-03-06,6050.7998046875
2020-03-09,5591.740234375
2020-03-10,5868.10986328125
2020-03-11,5581.759765625
2020-03-12,5051.97021484375
2020-03-13,5522.85009765625
2020-03-16,4861.22021484375
2020-03-17,5152.830078125
2020-03-18,4885.77978515625
2020-03-19,4909.1298828125
2020-03-20,4697.08984375
2020-03-23,4559.5
2020-03-24,4987.7998046875
2020-03-25,5045.35009765625
2020-03-26,5360.490234375
2020-03-27,5179.919921875
2020-03-30,5354.39013671875
2020-03-31,5269.2001953125
2020-04-01,5036.64013671875
2020-04-02,5152.47021484375
2020-04-03,5075.16015625
2020-04-06,5432.169921875
2020-04-07,5423.52001953125
2020-04-08,5609.5498046875
2020-04-09,5691.5400390625
2020-04-13,5634.14990234375
2020-04-14,5807.10009765625
2020-04-15,5679.52978515625
2020-04-16,5712.60009765625
2020-04-17,5865.89990234375
2020-04-20,5761.0
2020-04-21,5584.43994140625
2020-04-22,5712.64990234375
2020-04-23,5710.0400390625
2020-04-24,5789.64990234375
2020-04-27,5874.93994140625
2020-04-28,5844.18017578125
2020-04-29,5999.740234375
2020-04-30,5944.68017578125
2020-05-01,5778.52978515625
2020-05-04,5803.1201171875
2020-05-05,5855.580078125
2020-05-06,5815.169921875
2020-05-07,5884.14013671875
2020-05-08,5984.5498046875
2020-05-11,5985.66015625
2020-05-12,5863.68017578125
2020-05-13,5761.7001953125
2020-05-14,5829.330078125
2020-05-15,5852.83984375
2020-05-18,6037.89990234375
2020-05-19,5975.14990234375
2020-05-20,6075.759765625
2020-05-21,6028.93017578125
2020-05-22,6044.16015625
2020-05-26,6118.5400390625
2020-05-27,6209.3798828125
2020-05-28,6197.02001953125
2020-05-29,6227.81005859375
2020-06-01,6251.47998046875
2020-06-02,6303.0
2020-06-03,6389.669921875
2020-06-04,6369.5400390625
2020-06-05,6536.580078125
2020-06-08,6615.39990234375
2020-06-09,6564.27001953125
2020-06-10,6529.419921875
2020-06-11,6145.2998046875
2020-06-12,6227.419921875
2020-06-15,6279.39990234375
2020-06-16,6398.580078125
2020-06-17,6375.5400390625
2020-06-18,6379.56005859375
2020-06-19,6344.7001953125
2020-06-22,6385.91015625
2020-06-23,6413.43994140625
2020-06-24,6247.66015625
2020-06-25,6316.4501953125
2020-06-26,6163.5
2020-06-29,6254.77978515625
2020-06-30,6351.669921875
2020-07-01,6383.759765625
2020-07-02,6414.16015625
2020-07-06,6516.0498046875
2020-07-07,6445.58984375
2020-07-08,6496.14013671875
2020-07-09,6461.31005859375
2020-07-10,6528.9599609375
2020-07-13,6467.83984375
2020-07-14,6555.39990234375
2020-07-15,6615.06982421875
2020-07-16,6592.75
2020-07-17,6611.85986328125
2020-07-20,6667.4501953125
2020-07-21,6678.740234375
2020-07-22,6717.2900390625
2020-07-23,6635.0400390625
2020-07-24,6594.10009765625
2020-07-27,6642.89013671875
2020-07-28,6599.97021484375
2020-07-29,6682.009765625
2020-07-30,6658.02001953125
2020-07-31,6709.81005859375
2020-08-03,6758.2001953125
2020-08-04,6782.60009765625
2020-08-05,6826.22021484375
2020-08-06,6870.85986328125
2020-08-07,6876.64990234375
2020-08-10,6895.58984375
2020-08-11,6840.669921875
2020-08-12,6937.43994140625
2020-08-13,6924.9599609375
2020-08-14,6924.27978515625
2020-08-17,6943.22021484375
2020-08-18,6960.2998046875
2020-08-19,6930.7998046875
2020-08-20,6952.919921875
2020-08-21,6977.27001953125
2020-08-24,7048.169921875
2020-08-25,7073.60009765625
2020-08-26,7145.77001953125
2020-08-27,7158.18017578125
2020-08-28,7207.10009765625
2020-08-31,7192.10986328125
2020-09-01,7246.3701171875
2020-09-02,7358.490234375
2020-09-03,7101.3798828125
2020-09-04,7043.6201171875
2020-09-08,6848.419921875
2020-09-09,6986.759765625
2020-09-10,6864.22998046875
2020-09-11,6868.22021484375
2020-09-14,6957.91015625
2020-09-15,6994.330078125
2020-09-16,6962.2900390625
2020-09-17,6903.81982421875
2020-09-18,6826.72021484375
2020-09-21,6748.080078125
2020-09-22,6819.080078125
2020-09-23,6657.81982421875
2020-09-24,6678.0400390625
2020-09-25,6784.9501953125
2020-09-28,6894.27001953125
2020-09-29,6861.9599609375
2020-09-30,6918.830078125
2020-10-01,6956.2001953125
2020-10-02,6889.60009765625
2020-10-05,7014.169921875
2020-10-06,6916.43017578125
2020-10-07,7036.89013671875
2020-10-08,7095.39990234375
2020-10-09,7157.93994140625
2020-10-12,7275.43017578125
2020-10-13,7229.5498046875
2020-10-14,7182.3798828125
2020-10-15,7171.60986328125
2020-10-16,7172.7001953125
2020-10-19,7055.580078125
2020-10-20,7089.06005859375
2020-10-21,7073.64990234375
2020-10-22,7111.169921875
2020-10-23,7135.81005859375
2020-10-26,7003.2099609375
2020-10-27,6982.14013671875
2020-10-28,6735.75
2020-10-29,6816.7900390625
2020-10-30,6734.83984375
2020-11-02,6817.89013671875
2020-11-03,6939.2998046875
2020-11-04,7092.2998046875
2020-11-05,7231.669921875
2020-11-06,7230.509765625
2020-11-09,7315.77001953125
2020-11-10,7306.75
2020-11-11,7362.64990234375
2020-11-12,7290.68994140625
2020-11-13,7390.60986328125
2020-11-16,7476.7900390625
2020-11-17,7442.0400390625
2020-11-18,7357.33984375
2020-11-19,7386.85986328125
2020-11-20,7336.759765625
2020-11-23,7378.93994140625
2020-11-24,7498.2900390625
2020-11-25,7486.68017578125
2020-11-27,7505.3798828125
2020-11-30,7472.06005859375
2020-12-01,7556.509765625
2020-12-02,7570.759765625
2020-12-03,7567.43994140625
2020-12-04,7634.77001953125
2020-12-07,7620.0
2020-12-08,7641.43017578125
2020-12-09,7581.06005859375
2020-12-10,7571.8701171875
2020-12-11,7562.4599609375
2020-12-14,7530.8701171875
2020-12-15,7628.27978515625
2020-12-16,7641.81982421875
2020-12-17,7686.18017578125
2020-12-18,7659.75
2020-12-21,7630.06982421875
2020-12-22,7614.830078125
2020-12-23,7620.6298828125
2020-12-24,7648.39013671875
2020-12-28,7715.10009765625
2020-12-29,7697.93017578125
2020-12-30,7709.10009765625
2020-12-31,7759.35009765625
2021-01-04,7645.27001953125
2021-01-05,7700.33984375
2021-01-06,7744.43017578125
2021-01-07,7861.10009765625
2021-01-08,7905.27978515625
2021-01-11,7853.4501953125
2021-01-12,7856.72021484375
2021-01-13,7874.75
2021-01-14,7846.10009765625
2021-01-15,7789.7900390625
2021-01-19,7853.47021484375
2021-01-20,7962.919921875
2021-01-21,7966.10986328125
2021-01-22,7942.2001953125
2021-01-25,7970.919921875
2021-01-26,7959.10009765625
2021-01-27,7754.740234375
2021-01-28,7831.22021484375
2021-01-29,7681.009765625
2021-02-01,7804.31005859375
2021-02-02,7912.8701171875
2021-02-03,7920.85009765625
2021-02-04,8007.6201171875
2021-02-05,8039.669921875
2021-02-08,8099.330078125
2021-02-09,8091.7001953125
2021-02-10,8089.10986328125
2021-02-11,8104.18994140625
2021-02-12,8142.7900390625
2021-02-16,8139.16015625
2021-02-17,8137.8798828125
2021-02-18,8102.240234375
2021-02-19,8087.68017578125
2021-02-22,8025.81005859375
2021-02-23,8036.06005859375
2021-02-24,8127.3798828125
2021-02-25,7929.56005859375
2021-02-26,7892.81005859375
2021-03-01,8080.77978515625
2021-03-02,8015.5400390625
2021-03-03,7911.2099609375
2021-03-04,7806.4501953125
2021-03-05,7958.97998046875
2021-03-08,7916.41015625
2021-03-09,8029.2001953125
2021-03-10,8078.0498046875
2021-03-11,8162.580078125
2021-03-12,8172.89990234375
2021-03-15,8226.3203125
2021-03-16,8213.6298828125
2021-03-17,8237.349609375
2021-03-18,8116.169921875
2021-03-19,8112.1298828125
2021-03-22,8169.14013671875
2021-03-23,8106.830078125
2021-03-24,8063.0
2021-03-25,8105.509765625
2021-03-26,8240.3798828125
2021-03-29,8233.240234375
2021-03-30,8208.099609375
2021-03-31,8238.48046875
2021-04-01,8335.91015625
2021-04-05,8457.400390625
2021-04-06,8449.5400390625
2021-04-07,8462.1796875
2021-04-08,8499.849609375
2021-04-09,8565.5703125
2021-04-12,8564.0302734375
2021-04-13,8592.25
2021-04-14,8558.16015625
2021-04-15,8653.2900390625
2021-04-16,8684.509765625
2021-04-19,8638.419921875
2021-04-20,8579.9501953125
2021-04-21,8659.7998046875
2021-04-22,8580.73046875
2021-04-23,8674.7998046875
2021-04-26,8690.259765625
2021-04-27,8688.4501953125
2021-04-28,8681.169921875
2021-04-29,8740.349609375
2021-04-30,8678.16015625
2021-05-03,8702.01953125
2021-05-04,8643.91015625
2021-05-05,8650.0400390625
2021-05-06,8722.0400390625
2021-05-07,8787.8203125
2021-05-10,8696.2900390625
2021-05-11,8620.98046875
2021-05-12,8437.240234375
2021-05-13,8541.3896484375
2021-05-14,8669.490234375
2021-05-17,8647.5703125
2021-05-18,8574.98046875
2021-05-19,8550.9501953125
2021-05-20,8641.98046875
2021-05-21,8635.5498046875
2021-05-24,8722.0
2021-05-25,8703.58984375
2021-05-26,8720.0400390625
2021-05-27,8730.9697265625
2021-05-28,8738.76953125
2021-06-01,8734.740234375
2021-06-02,8748.2998046875
2021-06-03,8717.9697265625
2021-06-04,8795.080078125
2021-06-07,8788.2802734375
2021-06-08,8790.0
2021-06-09,8774.3095703125
2021-06-10,8815.5595703125
2021-06-11,8832.9404296875
2021-06-14,8851.169921875
2021-06-15,8833.6796875
2021-06-16,8786.1796875
2021-06-17,8782.580078125
2021-06-18,8667.759765625
2021-06-21,8789.51953125
2021-06-22,8834.5595703125
2021-06-23,8825.009765625
2021-06-24,8877.0595703125
2021-06-25,8906.7900390625
2021-06-28,8927.400390625
2021-06-29,8930.669921875
2021-06-30,8942.7802734375
2021-07-01,8990.080078125
2021-07-02,9058.66015625
2021-07-06,9040.759765625
2021-07-07,9071.1396484375
2021-07-08,8995.259765625
2021-07-09,9096.83984375
2021-07-12,9128.2197265625
2021-07-13,9096.150390625
2021-07-14,9107.849609375
2021-07-15,9078.330078125
2021-07-16,9009.8896484375
2021-07-19,8867.0703125
2021-07-20,9001.76953125
2021-07-21,9075.9697265625
2021-07-22,9094.9501953125
2021-07-23,9187.6396484375
2021-07-26,9209.6298828125
2021-07-27,9166.26953125
2021-07-28,9164.6201171875
2021-07-29,9204.25
2021-07-30,9155.2099609375
2021-08-02,9138.3603515625
2021-08-03,9213.349609375
2021-08-04,9170.759765625
2021-08-05,9226.490234375
2021-08-06,9243.0302734375
2021-08-09,9235.0498046875
2021-08-10,9244.2197265625
2021-08-11,9267.400390625
2021-08-12,9297.2001953125
2021-08-13,9312.509765625
2021-08-16,9337.1796875
2021-08-17,9271.830078125
2021-08-18,9173.9296875
2021-08-19,9186.0703125
2021-08-20,9261.3095703125
2021-08-23,9341.08984375
2021-08-24,9355.1103515625
2021-08-25,9376.0
2021-08-26,9321.740234375
2021-08-27,9404.150390625
2021-08-30,9445.240234375
2021-08-31,9433.580078125
2021-09-01,9437.150390625
2021-09-02,9465.4697265625
2021-09-03,9462.5400390625
2021-09-07,9430.6796875
2021-09-08,9418.5703125
2021-09-09,9375.990234375
2021-09-10,9304.0302734375
2021-09-13,9325.2900390625
2021-09-14,9273.990234375
2021-09-15,9352.830078125
2021-09-16,9338.6103515625
2021-09-17,9253.5703125
2021-09-20,9096.51953125
2021-09-21,9089.5498046875
2021-09-22,9176.080078125
2021-09-23,9287.7998046875
2021-09-24,9301.490234375
2021-09-27,9275.8701171875
2021-09-28,9087.4697265625
2021-09-29,9102.6201171875
2021-09-30,8994.830078125
2021-10-01,9098.25
2021-10-04,8980.6396484375
2021-10-05,9076.1904296875
2021-10-06,9113.4501953125
2021-10-07,9191.1904296875
2021-10-08,9173.740234375
2021-10-11,9110.759765625
2021-10-12,9088.73046875
2021-10-13,9116.3896484375
2021-10-14,9272.9697265625
2021-10-15,9342.150390625
2021-10-18,9373.6796875
2021-10-19,9443.1201171875
2021-10-20,9477.8203125
2021-10-21,9506.91015625
2021-10-22,9496.8603515625
2021-10-25,9541.990234375
2021-10-26,9559.3896484375
2021-10-27,9511.26953125
2021-10-28,9605.23046875
2021-10-29,9625.01953125
2021-11-01,9642.4404296875
2021-11-02,9677.9501953125
2021-11-03,9740.4697265625
2021-11-04,9782.48046875
2021-11-05,9819.98046875
2021-11-08,9828.8095703125
2021-11-09,9795.1201171875
2021-11-10,9716.7197265625
2021-11-11,9722.080078125
2021-11-12,9793.2197265625
2021-11-15,9793.5302734375
2021-11-16,9831.91015625
2021-11-17,9808.26953125
2021-11-18,9842.349609375
2021-11-19,9828.7998046875
2021-11-22,9798.2900390625
2021-11-23,9814.650390625
2021-11-24,9837.599609375
2021-11-26,9614.25
2021-11-29,9741.7802734375
2021-11-30,9558.330078125
2021-12-01,9446.2099609375
2021-12-02,9581.7900390625
2021-12-03,9501.2802734375
2021-12-06,9613.01953125
2021-12-07,9812.2001953125
2021-12-08,9842.6796875
2021-12-09,9773.1904296875
2021-12-10,9866.6201171875
2021-12-13,9776.6904296875
2021-12-14,9705.0595703125
2021-12-15,9863.919921875
2021-12-16,9778.08984375
2021-12-17,9678.0302734375
2021-12-20,9567.91015625
2021-12-21,9738.73046875
2021-12-22,9838.900390625
2021-12-23,9900.2998046875
2021-12-27,10037.669921875
2021-12-28,10027.5302734375
2021-12-29,10041.6103515625
2021-12-30,10012.509765625
2021-12-31,9986.7001953125
2022-01-03,10050.41015625
2022-01-04,10044.75
2022-01-05,9850.7001953125
2022-01-06,9841.919921875
2022-01-07,9803.849609375
2022-01-10,9789.7197265625
2022-01-11,9879.3896484375
2022-01-12,9907.3798828125
2022-01-13,9767.349609375
2022-01-14,9775.5302734375
2022-01-18,9595.9296875
2022-01-19,9503.1396484375
2022-01-20,9398.9599609375
2022-01-21,9221.2802734375
2022-01-24,9246.83984375
2022-01-25,9134.330078125
2022-01-26,9120.75
2022-01-27,9072.240234375
2022-01-28,9294.2099609375
2022-01-31,9469.919921875
2022-02-01,9534.9501953125
2022-02-02,9624.8896484375
2022-02-03,9390.5703125
2022-02-04,9440.580078125
2022-02-07,9405.83984375
2022-02-08,9484.9501953125
2022-02-09,9623.83984375
2022-02-10,9450.7197265625
2022-02-11,9271.7998046875
2022-02-14,9236.8603515625
2022-02-15,9383.5703125
2022-02-16,9393.08984375
2022-02-17,9195.349609375
2022-02-18,9130.8095703125
2022-02-22,9038.3203125
2022-02-23,8871.9501953125
2022-02-24,9005.3701171875
2022-02-25,9207.849609375
2022-02-28,9186.3701171875
2022-03-01,9044.4697265625
2022-03-02,9213.3896484375
2022-03-03,9166.1298828125
2022-03-04,9094.0400390625
2022-03-07,8825.7197265625
2022-03-08,8762.1103515625
2022-03-09,8988.650390625
2022-03-10,8950.900390625
2022-03-11,8835.400390625
2022-03-14,8771.75
2022-03-15,8959.740234375
2022-03-16,9160.509765625
2022-03-17,9274.169921875
2022-03-18,9382.4296875
2022-03-21,9378.83984375
2022-03-22,9484.8603515625
2022-03-23,9368.98046875
2022-03-24,9504.1904296875
2022-03-25,9552.400390625
2022-03-28,9620.66015625
2022-03-29,9738.599609375
2022-03-30,9678.2998046875
2022-03-31,9527.4599609375
2022-04-01,9559.9501953125
2022-04-04,9637.3701171875
2022-04-05,9517.9404296875
2022-04-06,9425.490234375
2022-04-07,9466.759765625
2022-04-08,9441.83984375
2022-04-11,9282.48046875
2022-04-12,9251.0703125
2022-04-13,9356.2099609375
2022-04-14,9242.580078125
2022-04-18,9240.6904296875
2022-04-19,9389.2099609375
2022-04-20,9383.5400390625
2022-04-21,9245.8603515625
2022-04-22,8989.509765625
2022-04-25,9040.8603515625
2022-04-26,8786.4697265625
2022-04-27,8805.0
2022-04-28,9023.419921875
2022-04-29,8696.650390625
2022-05-02,8746.0498046875
2022-05-03,8788.3603515625
2022-05-04,9050.900390625
2022-05-05,8729.2099609375
2022-05-06,8680.9697265625
2022-05-09,8403.5
2022-05-10,8424.2001953125
2022-05-11,8285.8203125
2022-05-12,8278.0400390625
2022-05-13,8476.5703125
2022-05-16,8443.5498046875
2022-05-17,8614.3095703125
2022-05-18,8268.3203125
2022-05-19,8220.9697265625
2022-05-20,8222.3095703125
2022-05-23,8375.8701171875
2022-05-24,8307.9697265625
2022-05-25,8386.6201171875
2022-05-26,8553.6796875
2022-05-27,8766.830078125
2022-05-31,8712.599609375
2022-06-01,8648.2802734375
2022-06-02,8809.1796875
2022-06-03,8665.7998046875
2022-06-06,8693.0595703125
2022-06-07,8776.08984375
2022-06-08,8681.6796875
2022-06-09,8475.91015625
2022-06-10,8229.4296875
2022-06-13,7910.43017578125
2022-06-14,7883.33984375
2022-06-15,7998.6201171875
2022-06-16,7739.39013671875
2022-06-17,7756.58984375
2022-06-21,7946.89013671875
2022-06-22,7936.669921875
2022-06-23,8012.68017578125
2022-06-24,8257.7197265625
2022-06-27,8233.419921875
2022-06-28,8067.56005859375
2022-06-29,8062.72021484375
2022-06-30,7993.43017578125
2022-07-01,8077.89013671875
2022-07-05,8092.14990234375
2022-07-06,8121.2099609375
2022-07-07,8243.6904296875
2022-07-08,8237.5
2022-07-11,8142.68017578125
2022-07-12,8067.56005859375
2022-07-13,8031.759765625
2022-07-14,8008.7099609375
2022-07-15,8162.5
2022-07-18,8094.22998046875
2022-07-19,8318.2001953125
2022-07-20,8367.3701171875
2022-07-21,8450.6396484375
2022-07-22,8371.8701171875
2022-07-25,8382.8798828125
2022-07-26,8286.1904296875
2022-07-27,8503.01953125
2022-07-28,8607.240234375
2022-07-29,8730.4599609375
2022-08-01,8705.8701171875
2022-08-02,8647.91015625
2022-08-03,8783.2802734375
2022-08-04,8777.23046875
2022-08-05,8764.080078125
2022-08-08,8753.3896484375
2022-08-09,8716.75
2022-08-10,8902.7197265625
2022-08-11,8898.83984375
2022-08-12,9054.1396484375
2022-08-15,9090.3603515625
2022-08-16,9107.8701171875
2022-08-17,9043.58984375
2022-08-18,9065.490234375
2022-08-19,8948.8203125
2022-08-22,8758.240234375
2022-08-23,8738.759765625
2022-08-24,8764.419921875
2022-08-25,8888.1298828125
2022-08-26,8588.9501953125
2022-08-29,8532.099609375
2022-08-30,8438.6904296875
2022-08-31,8374.419921875
2022-09-01,8400.9599609375
2022-09-02,8311.419921875
2022-09-06,8277.8095703125
2022-09-07,8429.8701171875
2022-09-08,8486.6298828125
2022-09-09,8616.98046875
2022-09-12,8708.169921875
2022-09-13,8331.900390625
2022-09-14,8362.400390625
2022-09-15,8268.599609375
2022-09-16,8209.349609375
2022-09-19,8265.73046875
2022-09-20,8172.64013671875
2022-09-21,8033.2900390625
2022-09-22,7965.9599609375
2022-09-23,7828.8701171875
2022-09-26,7747.93017578125
2022-09-27,7731.990234375
2022-09-28,7884.5498046875
2022-09-29,7719.08984375
2022-09-30,7603.14013671875
2022-10-03,7800.0
2022-10-04,8039.25
2022-10-05,8023.81005859375
2022-10-06,7943.6298828125
2022-10-07,7721.43994140625
2022-10-10,7663.580078125
2022-10-11,7613.75
2022-10-12,7588.89990234375
2022-10-13,7786.9599609375
2022-10-14,7602.990234375
2022-10-17,7804.330078125
2022-10-18,7893.68017578125
2022-10-19,7840.990234375
2022-10-20,7779.52978515625
2022-10-21,7964.25
2022-10-24,8058.8798828125
2022-10-25,8190.02001953125
2022-10-26,8129.6201171875
2022-10-27,8080.31982421875
2022-10-28,8280.1103515625
2022-10-31,8218.7001953125
2022-11-01,8185.06982421875
2022-11-02,7980.47021484375
2022-11-03,7897.009765625
2022-11-04,8006.240234375
2022-11-07,8083.3798828125
2022-11-08,8128.7001953125
2022-11-09,7961.52001953125
2022-11-10,8403.48046875
2022-11-11,8481.1298828125
2022-11-14,8407.25
2022-11-15,8481.1396484375
2022-11-16,8413.08984375
2022-11-17,8388.83984375
2022-11-18,8429.009765625
2022-11-21,8397.23046875
2022-11-22,8511.48046875
2022-11-23,8562.26953125
2022-11-25,8560.08984375
2022-11-28,8427.9501953125
2022-11-29,8415.26953125
2022-11-30,8678.0
2022-12-01,8671.900390625
2022-12-02,8662.23046875
2022-12-05,8507.33984375
2022-12-06,8385.16015625
2022-12-07,8369.740234375
2022-12-08,8433.900390625
2022-12-09,8372.259765625
2022-12-12,8491.8603515625
2022-12-13,8554.099609375
2022-12-14,8503.9697265625
2022-12-15,8292.6396484375
2022-12-16,8200.900390625
2022-12-19,8127.56982421875
2022-12-20,8136.2998046875
2022-12-21,8258.4296875
2022-12-22,8139.06982421875
2022-12-23,8187.06005859375
2022-12-27,8154.56982421875
2022-12-28,8056.6201171875
2022-12-29,8198.3603515625
2022-12-30,8178.02001953125
2023-01-03,8145.60009765625
2023-01-04,8207.419921875
2023-01-05,8113.14990234375
2023-01-06,8298.6103515625
2023-01-09,8293.7998046875
2023-01-10,8351.6796875
2023-01-11,8459.1796875
2023-01-12,8489.080078125
2023-01-13,8523.3203125
2023-01-17,8506.0302734375
2023-01-18,8373.66015625
2023-01-19,8310.75
2023-01-20,8468.150390625
2023-01-23,8568.76953125
2023-01-24,8562.8701171875
2023-01-25,8561.400390625
2023-01-26,8656.259765625
2023-01-27,8678.009765625
2023-01-30,8566.2802734375
2023-01-31,8691.8798828125
2023-02-01,8782.76953125
2023-02-02,8912.349609375
2023-02-03,8820.4697265625
2023-02-06,8766.900390625
2023-02-07,8879.91015625
2023-02-08,8781.7900390625
2023-02-09,8705.580078125
2023-02-10,8726.4697265625
2023-02-13,8827.7197265625
2023-02-14,8826.3203125
2023-02-15,8853.01953125
2023-02-16,8731.75
2023-02-17,8709.2099609375
2023-02-21,8534.73046875
2023-02-22,8521.4501953125
2023-02-23,8567.5703125
2023-02-24,8477.66015625
2023-02-27,8504.759765625
2023-02-28,8479.7998046875
2023-03-01,8440.25
2023-03-02,8505.5498046875
2023-03-03,8643.6103515625
2023-03-06,8649.8798828125
2023-03-07,8517.5400390625
2023-03-08,8530.330078125
2023-03-09,8374.25
2023-03-10,8253.650390625
2023-03-13,8241.3896484375
2023-03-14,8379.16015625
2023-03-15,8320.9599609375
2023-03-16,8468.330078125
2023-03-17,8375.2099609375
2023-03-20,8449.98046875
2023-03-21,8560.3095703125
2023-03-22,8420.01953125
2023-03-23,8445.8701171875
2023-03-24,8493.5498046875
2023-03-27,8507.5400390625
2023-03-28,8494.349609375
2023-03-29,8615.2900390625
2023-03-30,8665.7001953125
2023-03-31,8791.1298828125
2023-04-03,8823.66015625
2023-04-04,8773.3095703125
2023-04-05,8752.5400390625
2023-04-06,8785.7001953125
2023-04-10,8794.650390625
2023-04-11,8794.2900390625
2023-04-12,8758.1103515625
2023-04-13,8875.650390625
2023-04-14,8857.3095703125
2023-04-17,8886.759765625
2023-04-18,8894.349609375
2023-04-19,8893.599609375
2023-04-20,8841.6201171875
2023-04-21,8849.759765625
2023-04-24,8857.2998046875
2023-04-25,8717.6298828125
2023-04-26,8684.1904296875
2023-04-27,8854.3203125
2023-04-28,8928.349609375
2023-05-01,8924.919921875
2023-05-02,8821.58984375
2023-05-03,8759.9501953125
2023-05-04,8697.6796875
2023-05-05,8858.8603515625
2023-05-08,8863.009765625
2023-05-09,8823.0498046875
2023-05-10,8862.849609375
2023-05-11,8849.6904296875
2023-05-12,8837.6796875
2023-05-15,8865.0302734375
2023-05-16,8808.9501953125
2023-05-17,8915.4296875
2023-05-18,9001.25
2023-05-19,8988.4599609375
2023-05-22,8990.8896484375
2023-05-23,8890.16015625
2023-05-24,8825.259765625
2023-05-25,8902.83984375
2023-05-26,9019.6396484375
2023-05-30,9020.3896484375
2023-05-31,8967.16015625
2023-06-01,9057.169921875
2023-06-02,9189.33984375
2023-06-05,9171.08984375
2023-06-06,9192.91015625
2023-06-07,9158.1396484375
2023-06-08,9215.8603515625
2023-06-09,9226.7001953125
2023-06-12,9312.7197265625
2023-06-13,9377.650390625
2023-06-14,9387.5400390625
2023-06-15,9503.5302734375
2023-06-16,9468.8095703125
2023-06-20,9424.01953125
2023-06-21,9375.2099609375
2023-06-22,9410.830078125
2023-06-23,9338.83984375
2023-06-26,9297.1201171875
2023-06-27,9403.6201171875
2023-06-28,9400.2998046875
2023-06-29,9443.4599609375
2023-06-30,9559.669921875
2023-07-03,9571.349609375
2023-07-05,9553.6904296875
2023-07-06,9478.73046875
2023-07-07,9453.099609375
2023-07-10,9475.900390625
2023-07-11,9539.9501953125
2023-07-12,9610.8701171875
2023-07-13,9693.2998046875
2023-07-14,9683.6904296875
2023-07-17,9721.0302734375
2023-07-18,9790.2001953125
2023-07-19,9813.4599609375
2023-07-20,9748.099609375
2023-07-21,9751.259765625
2023-07-24,9790.759765625
2023-07-25,9818.490234375
2023-07-26,9817.1103515625
2023-07-27,9754.7197265625
2023-07-28,9852.009765625
2023-07-31,9866.76953125
2023-08-01,9840.7099609375
2023-08-02,9704.6298828125
2023-08-03,9680.3603515625
2023-08-04,9629.76953125
2023-08-07,9716.91015625
2023-08-08,9676.0
2023-08-09,9608.73046875
2023-08-10,9612.3603515625
2023-08-11,9603.4501953125
2023-08-14,9659.259765625
2023-08-15,9549.169921875
2023-08-16,9478.5400390625
2023-08-17,9407.26953125
2023-08-18,9406.5
2023-08-21,9471.3896484375
2023-08-22,9445.2197265625
2023-08-23,9549.73046875
2023-08-24,9421.4697265625
2023-08-25,9485.8896484375
2023-08-28,9545.4404296875
2023-08-29,9684.2197265625
2023-08-30,9722.9599609375
2023-08-31,9709.6796875
2023-09-01,9727.6396484375
2023-09-05,9687.259765625
2023-09-06,9619.98046875
2023-09-07,9590.400390625
2023-09-08,9604.76953125
2023-09-11,9669.3603515625
2023-09-12,9614.66015625
2023-09-13,9626.6796875
2023-09-14,9710.5400390625
2023-09-15,9592.8603515625
2023-09-18,9599.9296875
2023-09-19,9579.26953125
2023-09-20,9489.919921875
2023-09-21,9334.58984375
2023-09-22,9313.2998046875
2023-09-25,9350.900390625
2023-09-26,9213.7197265625
2023-09-27,9216.01953125
2023-09-28,9271.5498046875
2023-09-29,9246.740234375
2023-10-02,9247.509765625
2023-10-03,9121.1396484375
2023-10-04,9195.1396484375
2023-10-05,9184.8095703125
2023-10-06,9294.8203125
2023-10-09,9353.41015625
2023-10-10,9402.3095703125
2023-10-11,9443.1298828125
2023-10-12,9385.16015625
2023-10-13,9338.08984375
2023-10-16,9437.3095703125
2023-10-17,9436.3603515625
2023-10-18,9309.919921875
2023-10-19,9231.73046875
2023-10-20,9115.83984375
2023-10-23,9100.490234375
2023-10-24,9166.7998046875
2023-10-25,9035.400390625
2023-10-26,8928.6298828125
2023-10-27,8885.9404296875
2023-10-30,8993.4599609375
2023-10-31,9052.3095703125
2023-11-01,9147.4501953125
2023-11-02,9320.5595703125
2023-11-03,9408.5595703125
2023-11-06,9425.33984375
2023-11-07,9452.2802734375
2023-11-08,9462.25
2023-11-09,9387.58984375
2023-11-10,9535.6298828125
2023-11-13,9528.25
2023-11-14,9712.009765625
2023-11-15,9729.3095703125
2023-11-16,9743.2197265625
2023-11-17,9755.919921875
2023-11-20,9829.01953125
2023-11-21,9809.3896484375
2023-11-22,9849.740234375
2023-11-24,9855.83984375
2023-11-27,9836.75
2023-11-28,9846.4296875
2023-11-29,9838.8203125
2023-11-30,9879.01953125
2023-12-01,9937.8896484375
2023-12-04,9884.169921875
2023-12-05,9878.9697265625
2023-12-06,9840.650390625
2023-12-07,9920.6396484375
2023-12-08,9961.5
2023-12-11,10000.6396484375
2023-12-12,10047.0400390625
2023-12-13,10184.3798828125
2023-12-14,10213.6904296875
2023-12-15,10213.48046875
2023-12-18,10259.849609375
2023-12-19,10320.8603515625
2023-12-20,10170.509765625
2023-12-21,10275.2998046875
2023-12-22,10292.3701171875
2023-12-26,10335.98046875
2023-12-27,10351.599609375
2023-12-28,10356.58984375
2023-12-29,10327.830078125
